/usr/lib/python3/dist-packages/scipy/__init__.py:146: UserWarning: A NumPy version >=1.17.3 and <1.25.0 is required for this version of SciPy (detected version 1.26.4
  warnings.warn(f"A NumPy version >={np_minversion} and <{np_maxversion}"
TRIAL=000 PHASE=CHECK_INTERFACES
DAY4_RESET_GRIPPER=OPEN ANGLE_RAD=1.570000 EFFORT_NM=1.200000
DAY4_RESET_GRIPPER=AFTER_INITIAL_MOVE ANGLE_RAD=1.570000 EFFORT_NM=1.200000
TRIAL=001 VISUAL_CENTER=[0.29667605459690094, -0.019689162261784077, 0.02895330871525969] SURFACE=[0.29667605459690094, -0.019689162261784077, 0.05395330871525969] CONTOUR_DEG=-0.09 AXIS_STD_DEG=0.11 FOOTPRINT=[0.050670076161623, 0.050670076161623] CONFIDENCE=0.9627
TRIAL=001 SELECTED_CONTOUR_ORIENTATION=+89.91deg TILT=16.0 LEAN=+1 SYMMETRY=1 IK_FK_POS_ERROR=0.000007m IK_FK_ORIENTATION_ERROR=0.000000rad FINGER_FK_LIFT=0.080000m FINGER_FK_DRIFT=0.000000m JOINT_MOTION=2.992622rad
DAY4_MOTION_DONE=1 ELAPSED_SIM=1.200 INITIAL_ERR=0.01698 FINAL_ERR=0.00035 ARM_V=0.00388
DAY4_STEP=1 EPISODE=001 STEP=01 DIST=0.020279 YAW_ERR_DEG=0.010 REQUESTED_MOVE=0.005007 EXECUTED_MOVE=0.004897 ATTEMPT=0 SUCCESS=0 TERMINATED=0 TRUNCATED=0
DAY4_MOTION_DONE=1 ELAPSED_SIM=1.202 INITIAL_ERR=0.01736 FINAL_ERR=0.00036 ARM_V=0.00394
DAY4_STEP=1 EPISODE=001 STEP=02 DIST=0.015417 YAW_ERR_DEG=0.018 REQUESTED_MOVE=0.004969 EXECUTED_MOVE=0.004864 ATTEMPT=0 SUCCESS=0 TERMINATED=0 TRUNCATED=0
DAY4_MOTION_DONE=1 ELAPSED_SIM=1.200 INITIAL_ERR=0.01745 FINAL_ERR=0.00044 ARM_V=0.00490
DAY4_STEP=1 EPISODE=001 STEP=03 DIST=0.010577 YAW_ERR_DEG=0.024 REQUESTED_MOVE=0.004956 EXECUTED_MOVE=0.004829 ATTEMPT=0 SUCCESS=0 TERMINATED=0 TRUNCATED=0
DAY4_MOTION_DONE=1 ELAPSED_SIM=1.202 INITIAL_ERR=0.01754 FINAL_ERR=0.00036 ARM_V=0.00398
DAY4_GRASP_ATTEMPT=1
TRIAL=001 PHASE=CLOSE_SEARCH
TRIAL=001 LEFT_CONTACT=0 RIGHT_CONTACT=0 STALL=0
TRIAL=001 LEFT_CONTACT=1 RIGHT_CONTACT=0 STALL=0
TRIAL=001 PHASE=WAIT_DUAL_CONTACT
TRIAL=001 PHASE=WAIT_STALL
TRIAL=001 LEFT_CONTACT=1 RIGHT_CONTACT=1 STALL=0 GRIPPER_ERROR=0.05635 VELOCITY=0.03516 CLOSURE_M=0.00070
TRIAL=001 LEFT_CONTACT=1 RIGHT_CONTACT=1 STALL=0 GRIPPER_ERROR=0.04359 VELOCITY=0.01258 CLOSURE_M=0.00109
TRIAL=001 LEFT_CONTACT=1 RIGHT_CONTACT=1 STALL=0 GRIPPER_ERROR=0.03906 VELOCITY=0.00469 CLOSURE_M=0.00123
TRIAL=001 LEFT_CONTACT=1 RIGHT_CONTACT=1 STALL=0 GRIPPER_ERROR=0.03487 VELOCITY=0.00438 CLOSURE_M=0.00136
TRIAL=001 LEFT_CONTACT=1 RIGHT_CONTACT=1 STALL=0 GRIPPER_ERROR=0.03080 VELOCITY=0.00434 CLOSURE_M=0.00148
TRIAL=001 PHASE=LIFT_80_MM
TRIAL=001 ACTUAL_LIFT_M=-0.00002 LEFT_CONTACT=1 RIGHT_CONTACT=1
TRIAL=001 ACTUAL_LIFT_M=0.02628 LEFT_CONTACT=1 RIGHT_CONTACT=1
TRIAL=001 ACTUAL_LIFT_M=0.05905 LEFT_CONTACT=1 RIGHT_CONTACT=1
TRIAL=001 PHASE=HOLD
TRIAL=001 HOLD_SIM_SEC=0.000 HOLD_WALL_SEC=0.000 ACTUAL_LIFT_M=0.07212 RELATIVE_SLIP_M=0.00000 LEFT_CONTACT=1 RIGHT_CONTACT=1
TRIAL=001 HOLD_SIM_SEC=0.880 HOLD_WALL_SEC=1.000 ACTUAL_LIFT_M=0.07497 RELATIVE_SLIP_M=0.00028 LEFT_CONTACT=1 RIGHT_CONTACT=1
TRIAL=001 HOLD_SIM_SEC=1.826 HOLD_WALL_SEC=2.001 ACTUAL_LIFT_M=0.07488 RELATIVE_SLIP_M=0.00028 LEFT_CONTACT=1 RIGHT_CONTACT=1
TRIAL=001 HOLD_SIM_SEC=2.754 HOLD_WALL_SEC=3.001 ACTUAL_LIFT_M=0.07479 RELATIVE_SLIP_M=0.00028 LEFT_CONTACT=1 RIGHT_CONTACT=1
TRIAL=001 HOLD_SIM_SEC=3.692 HOLD_WALL_SEC=4.001 ACTUAL_LIFT_M=0.07470 RELATIVE_SLIP_M=0.00028 LEFT_CONTACT=1 RIGHT_CONTACT=1
TRIAL=001 HOLD_SIM_SEC=4.636 HOLD_WALL_SEC=5.001 ACTUAL_LIFT_M=0.07463 RELATIVE_SLIP_M=0.00029 LEFT_CONTACT=1 RIGHT_CONTACT=1
TRIAL=001 PHASE=PLACE_DOWN
TRIAL=001 PHASE=OPEN_GRIPPER
TRIAL=001 PHASE=RETREAT_PREGRASP
TRIAL=001 PHASE=GRASP_SUCCESS
TRIAL=001 DAY5_PLACE_RELEASE=PASS
DAY4_GRASP_RESULT=SUCCESS
DAY4_STEP=1 EPISODE=001 STEP=04 DIST=0.005736 YAW_ERR_DEG=0.029 REQUESTED_MOVE=0.004948 EXECUTED_MOVE=0.004844 ATTEMPT=1 SUCCESS=1 TERMINATED=1 TRUNCATED=0
DAY7_EPISODE=1 LEVEL=L2 VALID=1/50 TECHNICAL=False SUCCESS=True REASON=
DAY4_RESET_GRIPPER=OPEN ANGLE_RAD=1.570000 EFFORT_NM=1.200000
DAY4_RESET_GRIPPER=AFTER_INITIAL_MOVE ANGLE_RAD=1.570000 EFFORT_NM=1.200000
TRIAL=002 VISUAL_CENTER=[0.2891789674758911, -0.021690568886697292, 0.019137044900152313] SURFACE=[0.2891789674758911, -0.021690568886697292, 0.044137044900152314] CONTOUR_DEG=-0.36 AXIS_STD_DEG=0.07 FOOTPRINT=[0.04975680634379387, 0.04975680634379387] CONFIDENCE=0.9566
TRIAL=002 SELECTED_CONTOUR_ORIENTATION=+89.64deg TILT=11.6 LEAN=+1 SYMMETRY=1 IK_FK_POS_ERROR=0.000005m IK_FK_ORIENTATION_ERROR=0.000000rad FINGER_FK_LIFT=0.080000m FINGER_FK_DRIFT=0.000000m JOINT_MOTION=3.028065rad
DAY4_MOTION_DONE=1 ELAPSED_SIM=1.202 INITIAL_ERR=0.01759 FINAL_ERR=0.00036 ARM_V=0.00402
DAY4_STEP=1 EPISODE=002 STEP=01 DIST=0.020205 YAW_ERR_DEG=0.009 REQUESTED_MOVE=0.005000 EXECUTED_MOVE=0.004894 ATTEMPT=0 SUCCESS=0 TERMINATED=0 TRUNCATED=0
DAY4_MOTION_DONE=1 ELAPSED_SIM=1.200 INITIAL_ERR=0.01776 FINAL_ERR=0.00045 ARM_V=0.00499
DAY4_STEP=1 EPISODE=002 STEP=02 DIST=0.015365 YAW_ERR_DEG=0.017 REQUESTED_MOVE=0.004967 EXECUTED_MOVE=0.004841 ATTEMPT=0 SUCCESS=0 TERMINATED=0 TRUNCATED=0
DAY4_MOTION_DONE=1 ELAPSED_SIM=1.200 INITIAL_ERR=0.01782 FINAL_ERR=0.00036 ARM_V=0.00405
DAY4_STEP=1 EPISODE=002 STEP=03 DIST=0.010514 YAW_ERR_DEG=0.023 REQUESTED_MOVE=0.004955 EXECUTED_MOVE=0.004853 ATTEMPT=0 SUCCESS=0 TERMINATED=0 TRUNCATED=0
DAY4_MOTION_DONE=1 ELAPSED_SIM=1.200 INITIAL_ERR=0.01786 FINAL_ERR=0.00037 ARM_V=0.00407
DAY4_GRASP_ATTEMPT=1
TRIAL=002 PHASE=CLOSE_SEARCH
TRIAL=002 LEFT_CONTACT=0 RIGHT_CONTACT=0 STALL=0
TRIAL=002 LEFT_CONTACT=0 RIGHT_CONTACT=1 STALL=0
TRIAL=002 PHASE=WAIT_DUAL_CONTACT
TRIAL=002 PHASE=WAIT_STALL
TRIAL=002 LEFT_CONTACT=1 RIGHT_CONTACT=1 STALL=0 GRIPPER_ERROR=0.05582 VELOCITY=0.01931 CLOSURE_M=0.00072
TRIAL=002 LEFT_CONTACT=1 RIGHT_CONTACT=1 STALL=0 GRIPPER_ERROR=0.04279 VELOCITY=0.00601 CLOSURE_M=0.00112
TRIAL=002 LEFT_CONTACT=1 RIGHT_CONTACT=1 STALL=0 GRIPPER_ERROR=0.03756 VELOCITY=0.00497 CLOSURE_M=0.00128
TRIAL=002 LEFT_CONTACT=1 RIGHT_CONTACT=1 STALL=0 GRIPPER_ERROR=0.03322 VELOCITY=0.00444 CLOSURE_M=0.00142
TRIAL=002 PHASE=LIFT_80_MM
TRIAL=002 ACTUAL_LIFT_M=-0.00003 LEFT_CONTACT=1 RIGHT_CONTACT=1
TRIAL=002 ACTUAL_LIFT_M=0.02706 LEFT_CONTACT=1 RIGHT_CONTACT=1
TRIAL=002 ACTUAL_LIFT_M=0.05956 LEFT_CONTACT=1 RIGHT_CONTACT=1
TRIAL=002 PHASE=HOLD
TRIAL=002 HOLD_SIM_SEC=0.000 HOLD_WALL_SEC=0.000 ACTUAL_LIFT_M=0.07281 RELATIVE_SLIP_M=0.00000 LEFT_CONTACT=1 RIGHT_CONTACT=1
TRIAL=002 HOLD_SIM_SEC=0.876 HOLD_WALL_SEC=1.001 ACTUAL_LIFT_M=0.07586 RELATIVE_SLIP_M=0.00000 LEFT_CONTACT=1 RIGHT_CONTACT=1
TRIAL=002 HOLD_SIM_SEC=1.812 HOLD_WALL_SEC=2.001 ACTUAL_LIFT_M=0.07578 RELATIVE_SLIP_M=0.00000 LEFT_CONTACT=1 RIGHT_CONTACT=1
TRIAL=002 HOLD_SIM_SEC=2.754 HOLD_WALL_SEC=3.001 ACTUAL_LIFT_M=0.07568 RELATIVE_SLIP_M=0.00000 LEFT_CONTACT=1 RIGHT_CONTACT=1
TRIAL=002 HOLD_SIM_SEC=3.672 HOLD_WALL_SEC=4.002 ACTUAL_LIFT_M=0.07560 RELATIVE_SLIP_M=0.00000 LEFT_CONTACT=1 RIGHT_CONTACT=1
TRIAL=002 HOLD_SIM_SEC=4.628 HOLD_WALL_SEC=5.002 ACTUAL_LIFT_M=0.07555 RELATIVE_SLIP_M=0.00000 LEFT_CONTACT=1 RIGHT_CONTACT=1
TRIAL=002 PHASE=PLACE_DOWN
TRIAL=002 PHASE=OPEN_GRIPPER
TRIAL=002 PHASE=RETREAT_PREGRASP
TRIAL=002 PHASE=GRASP_SUCCESS
TRIAL=002 DAY5_PLACE_RELEASE=PASS
DAY4_GRASP_RESULT=SUCCESS
DAY4_STEP=1 EPISODE=002 STEP=04 DIST=0.005673 YAW_ERR_DEG=0.027 REQUESTED_MOVE=0.004946 EXECUTED_MOVE=0.004844 ATTEMPT=1 SUCCESS=1 TERMINATED=1 TRUNCATED=0
DAY7_EPISODE=2 LEVEL=L2 VALID=2/50 TECHNICAL=False SUCCESS=True REASON=
DAY4_RESET_GRIPPER=OPEN ANGLE_RAD=1.570000 EFFORT_NM=1.200000
DAY4_RESET_GRIPPER=AFTER_INITIAL_MOVE ANGLE_RAD=1.570000 EFFORT_NM=1.200000
TRIAL=003 VISUAL_CENTER=[0.303915336728096, -0.007861300371587276, 0.02852965904987214] SURFACE=[0.303915336728096, -0.007861300371587276, 0.05352965904987214] CONTOUR_DEG=-0.34 AXIS_STD_DEG=0.11 FOOTPRINT=[0.050157396122813225, 0.050157396122813225] CONFIDENCE=0.9696
TRIAL=003 SELECTED_CONTOUR_ORIENTATION=+89.66deg TILT=19.0 LEAN=+1 SYMMETRY=1 IK_FK_POS_ERROR=0.000003m IK_FK_ORIENTATION_ERROR=0.000000rad FINGER_FK_LIFT=0.080000m FINGER_FK_DRIFT=0.000000m JOINT_MOTION=2.993506rad
DAY4_MOTION_DONE=1 ELAPSED_SIM=1.200 INITIAL_ERR=0.01667 FINAL_ERR=0.00028 ARM_V=0.00309
DAY4_STEP=1 EPISODE=003 STEP=01 DIST=0.020276 YAW_ERR_DEG=0.009 REQUESTED_MOVE=0.005004 EXECUTED_MOVE=0.004914 ATTEMPT=0 SUCCESS=0 TERMINATED=0 TRUNCATED=0
DAY4_MOTION_DONE=1 ELAPSED_SIM=1.200 INITIAL_ERR=0.01713 FINAL_ERR=0.00032 ARM_V=0.00351
DAY4_STEP=1 EPISODE=003 STEP=02 DIST=0.015394 YAW_ERR_DEG=0.016 REQUESTED_MOVE=0.004970 EXECUTED_MOVE=0.004874 ATTEMPT=0 SUCCESS=0 TERMINATED=0 TRUNCATED=0
DAY4_MOTION_DONE=1 ELAPSED_SIM=1.200 INITIAL_ERR=0.01731 FINAL_ERR=0.00029 ARM_V=0.00320
DAY4_STEP=1 EPISODE=003 STEP=03 DIST=0.010523 YAW_ERR_DEG=0.021 REQUESTED_MOVE=0.004958 EXECUTED_MOVE=0.004872 ATTEMPT=0 SUCCESS=0 TERMINATED=0 TRUNCATED=0
DAY4_MOTION_DONE=1 ELAPSED_SIM=1.200 INITIAL_ERR=0.01735 FINAL_ERR=0.00029 ARM_V=0.00320
DAY4_GRASP_ATTEMPT=1
TRIAL=003 PHASE=CLOSE_SEARCH
TRIAL=003 LEFT_CONTACT=0 RIGHT_CONTACT=0 STALL=0
TRIAL=003 LEFT_CONTACT=1 RIGHT_CONTACT=0 STALL=0
TRIAL=003 PHASE=WAIT_DUAL_CONTACT
TRIAL=003 PHASE=WAIT_STALL
TRIAL=003 LEFT_CONTACT=1 RIGHT_CONTACT=1 STALL=0 GRIPPER_ERROR=0.06525 VELOCITY=0.03990 CLOSURE_M=0.00044
TRIAL=003 LEFT_CONTACT=1 RIGHT_CONTACT=1 STALL=0 GRIPPER_ERROR=0.04455 VELOCITY=0.01289 CLOSURE_M=0.00107
TRIAL=003 LEFT_CONTACT=1 RIGHT_CONTACT=1 STALL=0 GRIPPER_ERROR=0.03723 VELOCITY=0.00597 CLOSURE_M=0.00130
TRIAL=003 LEFT_CONTACT=1 RIGHT_CONTACT=1 STALL=0 GRIPPER_ERROR=0.03229 VELOCITY=0.00478 CLOSURE_M=0.00146
TRIAL=003 PHASE=LIFT_80_MM
TRIAL=003 ACTUAL_LIFT_M=-0.00030 LEFT_CONTACT=1 RIGHT_CONTACT=1
TRIAL=003 ACTUAL_LIFT_M=0.02725 LEFT_CONTACT=1 RIGHT_CONTACT=1
TRIAL=003 ACTUAL_LIFT_M=0.05915 LEFT_CONTACT=1 RIGHT_CONTACT=1
TRIAL=003 PHASE=HOLD
TRIAL=003 HOLD_SIM_SEC=0.000 HOLD_WALL_SEC=0.000 ACTUAL_LIFT_M=0.07144 RELATIVE_SLIP_M=0.00000 LEFT_CONTACT=1 RIGHT_CONTACT=1
TRIAL=003 HOLD_SIM_SEC=0.868 HOLD_WALL_SEC=1.001 ACTUAL_LIFT_M=0.07428 RELATIVE_SLIP_M=0.00053 LEFT_CONTACT=1 RIGHT_CONTACT=1
TRIAL=003 HOLD_SIM_SEC=1.810 HOLD_WALL_SEC=2.001 ACTUAL_LIFT_M=0.07421 RELATIVE_SLIP_M=0.00053 LEFT_CONTACT=1 RIGHT_CONTACT=1
TRIAL=003 HOLD_SIM_SEC=2.730 HOLD_WALL_SEC=3.002 ACTUAL_LIFT_M=0.07413 RELATIVE_SLIP_M=0.00053 LEFT_CONTACT=1 RIGHT_CONTACT=1
TRIAL=003 HOLD_SIM_SEC=3.648 HOLD_WALL_SEC=4.002 ACTUAL_LIFT_M=0.07404 RELATIVE_SLIP_M=0.00053 LEFT_CONTACT=1 RIGHT_CONTACT=1
TRIAL=003 HOLD_SIM_SEC=4.582 HOLD_WALL_SEC=5.002 ACTUAL_LIFT_M=0.07396 RELATIVE_SLIP_M=0.00053 LEFT_CONTACT=1 RIGHT_CONTACT=1
TRIAL=003 PHASE=PLACE_DOWN
TRIAL=003 PHASE=OPEN_GRIPPER
TRIAL=003 PHASE=RETREAT_PREGRASP
TRIAL=003 PHASE=GRASP_SUCCESS
TRIAL=003 DAY5_PLACE_RELEASE=PASS
DAY4_GRASP_RESULT=SUCCESS
DAY4_STEP=1 EPISODE=003 STEP=04 DIST=0.005662 YAW_ERR_DEG=0.025 REQUESTED_MOVE=0.004949 EXECUTED_MOVE=0.004864 ATTEMPT=1 SUCCESS=1 TERMINATED=1 TRUNCATED=0
DAY7_EPISODE=3 LEVEL=L2 VALID=3/50 TECHNICAL=False SUCCESS=True REASON=
DAY4_RESET_GRIPPER=OPEN ANGLE_RAD=1.570000 EFFORT_NM=1.200000
DAY4_RESET_GRIPPER=AFTER_INITIAL_MOVE ANGLE_RAD=1.570000 EFFORT_NM=1.200000
TRIAL=004 VISUAL_CENTER=[0.31173209846019745, -0.02579822593543213, 0.021851412937751204] SURFACE=[0.31173209846019745, -0.02579822593543213, 0.046851412937751205] CONTOUR_DEG=0.02 AXIS_STD_DEG=0.08 FOOTPRINT=[0.050324447453022, 0.050324447453022] CONFIDENCE=0.9719
TRIAL=004 SELECTED_CONTOUR_ORIENTATION=+90.02deg TILT=22.5 LEAN=+1 SYMMETRY=1 IK_FK_POS_ERROR=0.000013m IK_FK_ORIENTATION_ERROR=0.000000rad FINGER_FK_LIFT=0.080000m FINGER_FK_DRIFT=0.000000m JOINT_MOTION=3.034638rad
DAY4_MOTION_DONE=1 ELAPSED_SIM=1.202 INITIAL_ERR=0.01644 FINAL_ERR=0.00025 ARM_V=0.00274
DAY4_STEP=1 EPISODE=004 STEP=01 DIST=0.020280 YAW_ERR_DEG=0.013 REQUESTED_MOVE=0.005001 EXECUTED_MOVE=0.004919 ATTEMPT=0 SUCCESS=0 TERMINATED=0 TRUNCATED=0
DAY4_MOTION_DONE=1 ELAPSED_SIM=1.200 INITIAL_ERR=0.01697 FINAL_ERR=0.00028 ARM_V=0.00314
DAY4_STEP=1 EPISODE=004 STEP=02 DIST=0.015390 YAW_ERR_DEG=0.020 REQUESTED_MOVE=0.004970 EXECUTED_MOVE=0.004883 ATTEMPT=0 SUCCESS=0 TERMINATED=0 TRUNCATED=0
DAY4_MOTION_DONE=1 ELAPSED_SIM=1.202 INITIAL_ERR=0.01716 FINAL_ERR=0.00026 ARM_V=0.00285
DAY4_STEP=1 EPISODE=004 STEP=03 DIST=0.010503 YAW_ERR_DEG=0.025 REQUESTED_MOVE=0.004959 EXECUTED_MOVE=0.004881 ATTEMPT=0 SUCCESS=0 TERMINATED=0 TRUNCATED=0
DAY4_MOTION_DONE=1 ELAPSED_SIM=1.202 INITIAL_ERR=0.01725 FINAL_ERR=0.00026 ARM_V=0.00287
DAY4_GRASP_ATTEMPT=1
TRIAL=004 PHASE=CLOSE_SEARCH
TRIAL=004 LEFT_CONTACT=0 RIGHT_CONTACT=0 STALL=0
TRIAL=004 PHASE=WAIT_DUAL_CONTACT
TRIAL=004 LEFT_CONTACT=1 RIGHT_CONTACT=1 STALL=0
TRIAL=004 PHASE=WAIT_STALL
TRIAL=004 LEFT_CONTACT=1 RIGHT_CONTACT=1 STALL=0 GRIPPER_ERROR=0.06890 VELOCITY=0.04201 CLOSURE_M=0.00029
TRIAL=004 LEFT_CONTACT=1 RIGHT_CONTACT=1 STALL=0 GRIPPER_ERROR=0.04221 VELOCITY=0.01561 CLOSURE_M=0.00102
TRIAL=004 LEFT_CONTACT=1 RIGHT_CONTACT=1 STALL=0 GRIPPER_ERROR=0.03378 VELOCITY=0.00653 CLOSURE_M=0.00126
TRIAL=004 LEFT_CONTACT=1 RIGHT_CONTACT=1 STALL=0 GRIPPER_ERROR=0.02847 VELOCITY=0.00502 CLOSURE_M=0.00141
TRIAL=004 LEFT_CONTACT=1 RIGHT_CONTACT=1 STALL=1 GRIPPER_ERROR=0.02400 VELOCITY=0.00460 CLOSURE_M=0.00154
TRIAL=004 PHASE=LIFT_80_MM
TRIAL=004 ACTUAL_LIFT_M=-0.00002 LEFT_CONTACT=1 RIGHT_CONTACT=1
TRIAL=004 ACTUAL_LIFT_M=0.02783 LEFT_CONTACT=1 RIGHT_CONTACT=1
TRIAL=004 ACTUAL_LIFT_M=0.06050 LEFT_CONTACT=1 RIGHT_CONTACT=1
TRIAL=004 PHASE=HOLD
TRIAL=004 HOLD_SIM_SEC=0.000 HOLD_WALL_SEC=0.000 ACTUAL_LIFT_M=0.07146 RELATIVE_SLIP_M=0.00000 LEFT_CONTACT=1 RIGHT_CONTACT=1
TRIAL=004 HOLD_SIM_SEC=0.874 HOLD_WALL_SEC=1.001 ACTUAL_LIFT_M=0.07473 RELATIVE_SLIP_M=0.00000 LEFT_CONTACT=1 RIGHT_CONTACT=1
TRIAL=004 HOLD_SIM_SEC=1.810 HOLD_WALL_SEC=2.001 ACTUAL_LIFT_M=0.07464 RELATIVE_SLIP_M=0.00000 LEFT_CONTACT=1 RIGHT_CONTACT=1
TRIAL=004 HOLD_SIM_SEC=2.752 HOLD_WALL_SEC=3.001 ACTUAL_LIFT_M=0.07456 RELATIVE_SLIP_M=0.00000 LEFT_CONTACT=1 RIGHT_CONTACT=1
TRIAL=004 HOLD_SIM_SEC=3.684 HOLD_WALL_SEC=4.001 ACTUAL_LIFT_M=0.07450 RELATIVE_SLIP_M=0.00000 LEFT_CONTACT=1 RIGHT_CONTACT=1
TRIAL=004 HOLD_SIM_SEC=4.618 HOLD_WALL_SEC=5.001 ACTUAL_LIFT_M=0.07446 RELATIVE_SLIP_M=0.00000 LEFT_CONTACT=1 RIGHT_CONTACT=1
TRIAL=004 PHASE=PLACE_DOWN
TRIAL=004 PHASE=OPEN_GRIPPER
TRIAL=004 PHASE=RETREAT_PREGRASP
TRIAL=004 PHASE=GRASP_SUCCESS
TRIAL=004 DAY5_PLACE_RELEASE=PASS
DAY4_GRASP_RESULT=SUCCESS
DAY4_STEP=1 EPISODE=004 STEP=04 DIST=0.005625 YAW_ERR_DEG=0.029 REQUESTED_MOVE=0.004951 EXECUTED_MOVE=0.004874 ATTEMPT=1 SUCCESS=1 TERMINATED=1 TRUNCATED=0
DAY7_EPISODE=4 LEVEL=L2 VALID=4/50 TECHNICAL=False SUCCESS=True REASON=
DAY4_RESET_GRIPPER=OPEN ANGLE_RAD=1.570000 EFFORT_NM=1.200000
DAY4_RESET_GRIPPER=AFTER_INITIAL_MOVE ANGLE_RAD=1.570000 EFFORT_NM=1.200000
TRIAL=005 VISUAL_CENTER=[0.30024251341819763, 0.025262700677558314, 0.02247532622212787] SURFACE=[0.30024251341819763, 0.025262700677558314, 0.04747532622212787] CONTOUR_DEG=0.41 AXIS_STD_DEG=0.17 FOOTPRINT=[0.05016472935676575, 0.05016472935676575] CONFIDENCE=0.9705
TRIAL=005 SELECTED_CONTOUR_ORIENTATION=+90.41deg TILT=17.2 LEAN=+1 SYMMETRY=1 IK_FK_POS_ERROR=0.000009m IK_FK_ORIENTATION_ERROR=0.000000rad FINGER_FK_LIFT=0.080000m FINGER_FK_DRIFT=0.000000m JOINT_MOTION=3.019139rad
DAY4_MOTION_DONE=1 ELAPSED_SIM=1.202 INITIAL_ERR=0.01695 FINAL_ERR=0.00035 ARM_V=0.00388
DAY4_STEP=1 EPISODE=005 STEP=01 DIST=0.020255 YAW_ERR_DEG=0.003 REQUESTED_MOVE=0.005002 EXECUTED_MOVE=0.004893 ATTEMPT=0 SUCCESS=0 TERMINATED=0 TRUNCATED=0
DAY4_MOTION_DONE=1 ELAPSED_SIM=1.202 INITIAL_ERR=0.01736 FINAL_ERR=0.00036 ARM_V=0.00395
DAY4_STEP=1 EPISODE=005 STEP=02 DIST=0.015393 YAW_ERR_DEG=0.009 REQUESTED_MOVE=0.004968 EXECUTED_MOVE=0.004863 ATTEMPT=0 SUCCESS=0 TERMINATED=0 TRUNCATED=0
DAY4_MOTION_DONE=1 ELAPSED_SIM=1.200 INITIAL_ERR=0.01746 FINAL_ERR=0.00040 ARM_V=0.00441
DAY4_STEP=1 EPISODE=005 STEP=03 DIST=0.010542 YAW_ERR_DEG=0.014 REQUESTED_MOVE=0.004956 EXECUTED_MOVE=0.004841 ATTEMPT=0 SUCCESS=0 TERMINATED=0 TRUNCATED=0
DAY4_MOTION_DONE=1 ELAPSED_SIM=1.200 INITIAL_ERR=0.01751 FINAL_ERR=0.00040 ARM_V=0.00442
DAY4_GRASP_ATTEMPT=1
TRIAL=005 PHASE=CLOSE_SEARCH
TRIAL=005 LEFT_CONTACT=0 RIGHT_CONTACT=0 STALL=0
TRIAL=005 LEFT_CONTACT=0 RIGHT_CONTACT=1 STALL=0
TRIAL=005 PHASE=WAIT_DUAL_CONTACT
TRIAL=005 PHASE=WAIT_STALL
TRIAL=005 LEFT_CONTACT=1 RIGHT_CONTACT=1 STALL=0 GRIPPER_ERROR=0.05656 VELOCITY=0.03587 CLOSURE_M=0.00064
TRIAL=005 LEFT_CONTACT=1 RIGHT_CONTACT=1 STALL=0 GRIPPER_ERROR=0.04399 VELOCITY=0.00767 CLOSURE_M=0.00099
TRIAL=005 LEFT_CONTACT=1 RIGHT_CONTACT=1 STALL=0 GRIPPER_ERROR=0.03832 VELOCITY=0.00521 CLOSURE_M=0.00116
TRIAL=005 LEFT_CONTACT=1 RIGHT_CONTACT=1 STALL=0 GRIPPER_ERROR=0.03387 VELOCITY=0.00454 CLOSURE_M=0.00128
TRIAL=005 LEFT_CONTACT=1 RIGHT_CONTACT=1 STALL=0 GRIPPER_ERROR=0.02971 VELOCITY=0.00437 CLOSURE_M=0.00140
TRIAL=005 LEFT_CONTACT=1 RIGHT_CONTACT=1 STALL=1 GRIPPER_ERROR=0.02563 VELOCITY=0.00433 CLOSURE_M=0.00152
TRIAL=005 PHASE=LIFT_80_MM
TRIAL=005 ACTUAL_LIFT_M=-0.00002 LEFT_CONTACT=1 RIGHT_CONTACT=1
TRIAL=005 ACTUAL_LIFT_M=0.02688 LEFT_CONTACT=1 RIGHT_CONTACT=1
TRIAL=005 ACTUAL_LIFT_M=0.05764 LEFT_CONTACT=1 RIGHT_CONTACT=1
TRIAL=005 PHASE=HOLD
TRIAL=005 HOLD_SIM_SEC=0.000 HOLD_WALL_SEC=0.000 ACTUAL_LIFT_M=0.07209 RELATIVE_SLIP_M=0.00000 LEFT_CONTACT=1 RIGHT_CONTACT=1
TRIAL=005 HOLD_SIM_SEC=0.860 HOLD_WALL_SEC=1.001 ACTUAL_LIFT_M=0.07510 RELATIVE_SLIP_M=0.00028 LEFT_CONTACT=1 RIGHT_CONTACT=1
TRIAL=005 HOLD_SIM_SEC=1.782 HOLD_WALL_SEC=2.001 ACTUAL_LIFT_M=0.07503 RELATIVE_SLIP_M=0.00028 LEFT_CONTACT=1 RIGHT_CONTACT=1
TRIAL=005 HOLD_SIM_SEC=2.708 HOLD_WALL_SEC=3.001 ACTUAL_LIFT_M=0.07494 RELATIVE_SLIP_M=0.00028 LEFT_CONTACT=1 RIGHT_CONTACT=1
TRIAL=005 HOLD_SIM_SEC=3.642 HOLD_WALL_SEC=4.001 ACTUAL_LIFT_M=0.07484 RELATIVE_SLIP_M=0.00028 LEFT_CONTACT=1 RIGHT_CONTACT=1
TRIAL=005 HOLD_SIM_SEC=4.572 HOLD_WALL_SEC=5.001 ACTUAL_LIFT_M=0.07474 RELATIVE_SLIP_M=0.00028 LEFT_CONTACT=1 RIGHT_CONTACT=1
TRIAL=005 PHASE=PLACE_DOWN
TRIAL=005 PHASE=OPEN_GRIPPER
TRIAL=005 PHASE=RETREAT_PREGRASP
TRIAL=005 PHASE=GRASP_SUCCESS
TRIAL=005 DAY5_PLACE_RELEASE=PASS
DAY4_GRASP_RESULT=SUCCESS
DAY4_STEP=1 EPISODE=005 STEP=04 DIST=0.005700 YAW_ERR_DEG=0.017 REQUESTED_MOVE=0.004948 EXECUTED_MOVE=0.004833 ATTEMPT=1 SUCCESS=1 TERMINATED=1 TRUNCATED=0
DAY7_EPISODE=5 LEVEL=L2 VALID=5/50 TECHNICAL=False SUCCESS=True REASON=
DAY4_RESET_GRIPPER=OPEN ANGLE_RAD=1.570000 EFFORT_NM=1.200000
DAY4_RESET_GRIPPER=AFTER_INITIAL_MOVE ANGLE_RAD=1.570000 EFFORT_NM=1.200000
TRIAL=006 VISUAL_CENTER=[0.32012978196144104, 0.005793321877717972, 0.02569247859733259] SURFACE=[0.32012978196144104, 0.005793321877717972, 0.05069247859733259] CONTOUR_DEG=-0.48 AXIS_STD_DEG=0.20 FOOTPRINT=[0.04997207224369049, 0.04997207224369049] CONFIDENCE=0.9718
TRIAL=006 SELECTED_CONTOUR_ORIENTATION=+89.52deg TILT=26.3 LEAN=+1 SYMMETRY=1 IK_FK_POS_ERROR=0.000005m IK_FK_ORIENTATION_ERROR=0.000000rad FINGER_FK_LIFT=0.080000m FINGER_FK_DRIFT=0.000000m JOINT_MOTION=3.025812rad
DAY4_MOTION_DONE=1 ELAPSED_SIM=1.202 INITIAL_ERR=0.01603 FINAL_ERR=0.00033 ARM_V=0.00366
DAY4_STEP=1 EPISODE=006 STEP=01 DIST=0.020350 YAW_ERR_DEG=0.004 REQUESTED_MOVE=0.005000 EXECUTED_MOVE=0.004889 ATTEMPT=0 SUCCESS=0 TERMINATED=0 TRUNCATED=0
DAY4_MOTION_DONE=1 ELAPSED_SIM=1.202 INITIAL_ERR=0.01661 FINAL_ERR=0.00034 ARM_V=0.00378
DAY4_STEP=1 EPISODE=006 STEP=02 DIST=0.015476 YAW_ERR_DEG=0.010 REQUESTED_MOVE=0.004971 EXECUTED_MOVE=0.004865 ATTEMPT=0 SUCCESS=0 TERMINATED=0 TRUNCATED=0
DAY4_MOTION_DONE=1 ELAPSED_SIM=1.202 INITIAL_ERR=0.01683 FINAL_ERR=0.00034 ARM_V=0.00383
DAY4_STEP=1 EPISODE=006 STEP=03 DIST=0.010623 YAW_ERR_DEG=0.014 REQUESTED_MOVE=0.004960 EXECUTED_MOVE=0.004854 ATTEMPT=0 SUCCESS=0 TERMINATED=0 TRUNCATED=0
DAY4_MOTION_DONE=1 ELAPSED_SIM=1.202 INITIAL_ERR=0.01694 FINAL_ERR=0.00031 ARM_V=0.00347
DAY4_GRASP_ATTEMPT=1
TRIAL=006 PHASE=CLOSE_SEARCH
TRIAL=006 LEFT_CONTACT=0 RIGHT_CONTACT=0 STALL=0
TRIAL=006 LEFT_CONTACT=1 RIGHT_CONTACT=0 STALL=0
TRIAL=006 PHASE=WAIT_DUAL_CONTACT
TRIAL=006 PHASE=WAIT_STALL
TRIAL=006 LEFT_CONTACT=1 RIGHT_CONTACT=1 STALL=0 GRIPPER_ERROR=0.06130 VELOCITY=0.03857 CLOSURE_M=0.00060
TRIAL=006 LEFT_CONTACT=1 RIGHT_CONTACT=1 STALL=0 GRIPPER_ERROR=0.04633 VELOCITY=0.00939 CLOSURE_M=0.00109
TRIAL=006 LEFT_CONTACT=1 RIGHT_CONTACT=1 STALL=0 GRIPPER_ERROR=0.04023 VELOCITY=0.00536 CLOSURE_M=0.00129
TRIAL=006 LEFT_CONTACT=1 RIGHT_CONTACT=1 STALL=0 GRIPPER_ERROR=0.03554 VELOCITY=0.00460 CLOSURE_M=0.00145
TRIAL=006 PHASE=LIFT_80_MM
TRIAL=006 ACTUAL_LIFT_M=-0.00002 LEFT_CONTACT=1 RIGHT_CONTACT=1
TRIAL=006 ACTUAL_LIFT_M=0.02762 LEFT_CONTACT=1 RIGHT_CONTACT=1
TRIAL=006 ACTUAL_LIFT_M=0.05928 LEFT_CONTACT=1 RIGHT_CONTACT=1
TRIAL=006 PHASE=HOLD
TRIAL=006 HOLD_SIM_SEC=0.000 HOLD_WALL_SEC=0.000 ACTUAL_LIFT_M=0.07246 RELATIVE_SLIP_M=0.00000 LEFT_CONTACT=1 RIGHT_CONTACT=1
TRIAL=006 HOLD_SIM_SEC=0.892 HOLD_WALL_SEC=1.000 ACTUAL_LIFT_M=0.07555 RELATIVE_SLIP_M=0.00028 LEFT_CONTACT=1 RIGHT_CONTACT=1
TRIAL=006 HOLD_SIM_SEC=1.836 HOLD_WALL_SEC=2.001 ACTUAL_LIFT_M=0.07549 RELATIVE_SLIP_M=0.00028 LEFT_CONTACT=1 RIGHT_CONTACT=1
TRIAL=006 HOLD_SIM_SEC=2.756 HOLD_WALL_SEC=3.001 ACTUAL_LIFT_M=0.07541 RELATIVE_SLIP_M=0.00028 LEFT_CONTACT=1 RIGHT_CONTACT=1
TRIAL=006 HOLD_SIM_SEC=3.684 HOLD_WALL_SEC=4.001 ACTUAL_LIFT_M=0.07533 RELATIVE_SLIP_M=0.00028 LEFT_CONTACT=1 RIGHT_CONTACT=1
TRIAL=006 HOLD_SIM_SEC=4.624 HOLD_WALL_SEC=5.001 ACTUAL_LIFT_M=0.07525 RELATIVE_SLIP_M=0.00028 LEFT_CONTACT=1 RIGHT_CONTACT=1
TRIAL=006 PHASE=PLACE_DOWN
TRIAL=006 PHASE=OPEN_GRIPPER
TRIAL=006 PHASE=RETREAT_PREGRASP
TRIAL=006 PHASE=GRASP_SUCCESS
TRIAL=006 DAY5_PLACE_RELEASE=PASS
DAY4_GRASP_RESULT=SUCCESS
DAY4_STEP=1 EPISODE=006 STEP=04 DIST=0.005769 YAW_ERR_DEG=0.017 REQUESTED_MOVE=0.004952 EXECUTED_MOVE=0.004857 ATTEMPT=1 SUCCESS=1 TERMINATED=1 TRUNCATED=0
DAY7_EPISODE=6 LEVEL=L2 VALID=6/50 TECHNICAL=False SUCCESS=True REASON=
DAY4_RESET_GRIPPER=OPEN ANGLE_RAD=1.570000 EFFORT_NM=1.200000
DAY4_RESET_GRIPPER=AFTER_INITIAL_MOVE ANGLE_RAD=1.570000 EFFORT_NM=1.200000
TRIAL=007 VISUAL_CENTER=[0.32352113723754883, 0.0022620074450969696, 0.0225666806758028] SURFACE=[0.32352113723754883, 0.0022620074450969696, 0.0475666806758028] CONTOUR_DEG=-0.93 AXIS_STD_DEG=0.11 FOOTPRINT=[0.05043906904757023, 0.05043906904757023] CONFIDENCE=0.9748
TRIAL=007 SELECTED_CONTOUR_ORIENTATION=+89.07deg TILT=27.8 LEAN=+1 SYMMETRY=1 IK_FK_POS_ERROR=0.000005m IK_FK_ORIENTATION_ERROR=0.000000rad FINGER_FK_LIFT=0.080000m FINGER_FK_DRIFT=0.000000m JOINT_MOTION=3.049010rad
DAY4_MOTION_DONE=1 ELAPSED_SIM=1.200 INITIAL_ERR=0.01603 FINAL_ERR=0.00033 ARM_V=0.00367
DAY4_STEP=1 EPISODE=007 STEP=01 DIST=0.020347 YAW_ERR_DEG=0.004 REQUESTED_MOVE=0.004998 EXECUTED_MOVE=0.004887 ATTEMPT=0 SUCCESS=0 TERMINATED=0 TRUNCATED=0
DAY4_MOTION_DONE=1 ELAPSED_SIM=1.202 INITIAL_ERR=0.01651 FINAL_ERR=0.00052 ARM_V=0.00573
DAY4_STEP=1 EPISODE=007 STEP=02 DIST=0.015536 YAW_ERR_DEG=0.009 REQUESTED_MOVE=0.004971 EXECUTED_MOVE=0.004812 ATTEMPT=0 SUCCESS=0 TERMINATED=0 TRUNCATED=0
DAY4_MOTION_DONE=1 ELAPSED_SIM=1.202 INITIAL_ERR=0.01678 FINAL_ERR=0.00031 ARM_V=0.00342
DAY4_STEP=1 EPISODE=007 STEP=03 DIST=0.010673 YAW_ERR_DEG=0.014 REQUESTED_MOVE=0.004960 EXECUTED_MOVE=0.004865 ATTEMPT=0 SUCCESS=0 TERMINATED=0 TRUNCATED=0
DAY4_MOTION_DONE=1 ELAPSED_SIM=1.200 INITIAL_ERR=0.01692 FINAL_ERR=0.00035 ARM_V=0.00385
DAY4_GRASP_ATTEMPT=1
TRIAL=007 PHASE=CLOSE_SEARCH
TRIAL=007 LEFT_CONTACT=0 RIGHT_CONTACT=0 STALL=0
TRIAL=007 LEFT_CONTACT=1 RIGHT_CONTACT=0 STALL=0
TRIAL=007 PHASE=WAIT_DUAL_CONTACT
TRIAL=007 PHASE=WAIT_STALL
TRIAL=007 LEFT_CONTACT=1 RIGHT_CONTACT=1 STALL=0 GRIPPER_ERROR=0.05783 VELOCITY=0.03669 CLOSURE_M=0.00062
TRIAL=007 LEFT_CONTACT=1 RIGHT_CONTACT=1 STALL=0 GRIPPER_ERROR=0.04423 VELOCITY=0.00714 CLOSURE_M=0.00101
TRIAL=007 LEFT_CONTACT=1 RIGHT_CONTACT=1 STALL=0 GRIPPER_ERROR=0.03860 VELOCITY=0.00520 CLOSURE_M=0.00118
TRIAL=007 LEFT_CONTACT=1 RIGHT_CONTACT=1 STALL=0 GRIPPER_ERROR=0.03434 VELOCITY=0.00459 CLOSURE_M=0.00130
TRIAL=007 LEFT_CONTACT=1 RIGHT_CONTACT=1 STALL=0 GRIPPER_ERROR=0.03015 VELOCITY=0.00444 CLOSURE_M=0.00143
TRIAL=007 PHASE=LIFT_80_MM
TRIAL=007 ACTUAL_LIFT_M=-0.00002 LEFT_CONTACT=1 RIGHT_CONTACT=1
TRIAL=007 ACTUAL_LIFT_M=0.02626 LEFT_CONTACT=1 RIGHT_CONTACT=1
TRIAL=007 ACTUAL_LIFT_M=0.05768 LEFT_CONTACT=1 RIGHT_CONTACT=1
TRIAL=007 PHASE=HOLD
TRIAL=007 HOLD_SIM_SEC=0.000 HOLD_WALL_SEC=0.000 ACTUAL_LIFT_M=0.07211 RELATIVE_SLIP_M=0.00000 LEFT_CONTACT=1 RIGHT_CONTACT=1
TRIAL=007 HOLD_SIM_SEC=0.890 HOLD_WALL_SEC=1.000 ACTUAL_LIFT_M=0.07504 RELATIVE_SLIP_M=0.00028 LEFT_CONTACT=1 RIGHT_CONTACT=1
TRIAL=007 HOLD_SIM_SEC=1.840 HOLD_WALL_SEC=2.000 ACTUAL_LIFT_M=0.07498 RELATIVE_SLIP_M=0.00028 LEFT_CONTACT=1 RIGHT_CONTACT=1
TRIAL=007 HOLD_SIM_SEC=2.754 HOLD_WALL_SEC=3.001 ACTUAL_LIFT_M=0.07490 RELATIVE_SLIP_M=0.00028 LEFT_CONTACT=1 RIGHT_CONTACT=1
TRIAL=007 HOLD_SIM_SEC=3.702 HOLD_WALL_SEC=4.001 ACTUAL_LIFT_M=0.07481 RELATIVE_SLIP_M=0.00028 LEFT_CONTACT=1 RIGHT_CONTACT=1
TRIAL=007 HOLD_SIM_SEC=4.648 HOLD_WALL_SEC=5.001 ACTUAL_LIFT_M=0.07474 RELATIVE_SLIP_M=0.00028 LEFT_CONTACT=1 RIGHT_CONTACT=1
TRIAL=007 PHASE=PLACE_DOWN
TRIAL=007 PHASE=OPEN_GRIPPER
TRIAL=007 PHASE=RETREAT_PREGRASP
TRIAL=007 PHASE=GRASP_SUCCESS
TRIAL=007 DAY5_PLACE_RELEASE=PASS
DAY4_GRASP_RESULT=SUCCESS
DAY4_STEP=1 EPISODE=007 STEP=04 DIST=0.005828 YAW_ERR_DEG=0.017 REQUESTED_MOVE=0.004952 EXECUTED_MOVE=0.004847 ATTEMPT=1 SUCCESS=1 TERMINATED=1 TRUNCATED=0
DAY7_EPISODE=7 LEVEL=L2 VALID=7/50 TECHNICAL=False SUCCESS=True REASON=
DAY4_RESET_GRIPPER=OPEN ANGLE_RAD=1.570000 EFFORT_NM=1.200000
DAY4_RESET_GRIPPER=AFTER_INITIAL_MOVE ANGLE_RAD=1.570000 EFFORT_NM=1.200000
TRIAL=008 VISUAL_CENTER=[0.2882510870695114, -0.006617763079702854, 0.02337352825192482] SURFACE=[0.2882510870695114, -0.006617763079702854, 0.04837352825192482] CONTOUR_DEG=0.17 AXIS_STD_DEG=0.21 FOOTPRINT=[0.049637334421277046, 0.049637334421277046] CONFIDENCE=0.9367
TRIAL=008 SELECTED_CONTOUR_ORIENTATION=+90.17deg TILT=11.3 LEAN=+1 SYMMETRY=1 IK_FK_POS_ERROR=0.000002m IK_FK_ORIENTATION_ERROR=0.000000rad FINGER_FK_LIFT=0.080000m FINGER_FK_DRIFT=0.000000m JOINT_MOTION=3.008565rad
DAY4_MOTION_DONE=1 ELAPSED_SIM=1.202 INITIAL_ERR=0.01759 FINAL_ERR=0.00036 ARM_V=0.00402
DAY4_STEP=1 EPISODE=008 STEP=01 DIST=0.020205 YAW_ERR_DEG=0.008 REQUESTED_MOVE=0.005004 EXECUTED_MOVE=0.004897 ATTEMPT=0 SUCCESS=0 TERMINATED=0 TRUNCATED=0
DAY4_MOTION_DONE=1 ELAPSED_SIM=1.202 INITIAL_ERR=0.01785 FINAL_ERR=0.00041 ARM_V=0.00450
DAY4_STEP=1 EPISODE=008 STEP=02 DIST=0.015354 YAW_ERR_DEG=0.016 REQUESTED_MOVE=0.004967 EXECUTED_MOVE=0.004853 ATTEMPT=0 SUCCESS=0 TERMINATED=0 TRUNCATED=0
DAY4_MOTION_DONE=1 ELAPSED_SIM=1.202 INITIAL_ERR=0.01789 FINAL_ERR=0.00037 ARM_V=0.00406
DAY4_STEP=1 EPISODE=008 STEP=03 DIST=0.010503 YAW_ERR_DEG=0.021 REQUESTED_MOVE=0.004954 EXECUTED_MOVE=0.004852 ATTEMPT=0 SUCCESS=0 TERMINATED=0 TRUNCATED=0
DAY4_MOTION_DONE=1 ELAPSED_SIM=1.202 INITIAL_ERR=0.01789 FINAL_ERR=0.00041 ARM_V=0.00452
DAY4_GRASP_ATTEMPT=1
TRIAL=008 PHASE=CLOSE_SEARCH
TRIAL=008 LEFT_CONTACT=0 RIGHT_CONTACT=0 STALL=0
TRIAL=008 LEFT_CONTACT=0 RIGHT_CONTACT=0 STALL=0
TRIAL=008 PHASE=WAIT_DUAL_CONTACT
TRIAL=008 PHASE=WAIT_STALL
TRIAL=008 LEFT_CONTACT=1 RIGHT_CONTACT=1 STALL=0 GRIPPER_ERROR=0.05406 VELOCITY=0.13416 CLOSURE_M=0.00080
TRIAL=008 LEFT_CONTACT=1 RIGHT_CONTACT=1 STALL=0 GRIPPER_ERROR=0.04065 VELOCITY=0.01365 CLOSURE_M=0.00123
TRIAL=008 LEFT_CONTACT=1 RIGHT_CONTACT=1 STALL=0 GRIPPER_ERROR=0.03779 VELOCITY=0.00496 CLOSURE_M=0.00133
TRIAL=008 LEFT_CONTACT=1 RIGHT_CONTACT=1 STALL=0 GRIPPER_ERROR=0.03361 VELOCITY=0.00440 CLOSURE_M=0.00146
TRIAL=008 PHASE=LIFT_80_MM
TRIAL=008 ACTUAL_LIFT_M=-0.00003 LEFT_CONTACT=1 RIGHT_CONTACT=1
TRIAL=008 ACTUAL_LIFT_M=0.02627 LEFT_CONTACT=1 RIGHT_CONTACT=1
TRIAL=008 ACTUAL_LIFT_M=0.05819 LEFT_CONTACT=1 RIGHT_CONTACT=1
TRIAL=008 PHASE=HOLD
TRIAL=008 HOLD_SIM_SEC=0.000 HOLD_WALL_SEC=0.000 ACTUAL_LIFT_M=0.07183 RELATIVE_SLIP_M=0.00000 LEFT_CONTACT=1 RIGHT_CONTACT=1
TRIAL=008 HOLD_SIM_SEC=0.878 HOLD_WALL_SEC=1.001 ACTUAL_LIFT_M=0.07460 RELATIVE_SLIP_M=0.00025 LEFT_CONTACT=1 RIGHT_CONTACT=1
TRIAL=008 HOLD_SIM_SEC=1.820 HOLD_WALL_SEC=2.001 ACTUAL_LIFT_M=0.07452 RELATIVE_SLIP_M=0.00025 LEFT_CONTACT=1 RIGHT_CONTACT=1
TRIAL=008 HOLD_SIM_SEC=2.764 HOLD_WALL_SEC=3.001 ACTUAL_LIFT_M=0.07443 RELATIVE_SLIP_M=0.00025 LEFT_CONTACT=1 RIGHT_CONTACT=1
TRIAL=008 HOLD_SIM_SEC=3.698 HOLD_WALL_SEC=4.001 ACTUAL_LIFT_M=0.07434 RELATIVE_SLIP_M=0.00025 LEFT_CONTACT=1 RIGHT_CONTACT=1
TRIAL=008 HOLD_SIM_SEC=4.636 HOLD_WALL_SEC=5.001 ACTUAL_LIFT_M=0.07426 RELATIVE_SLIP_M=0.00025 LEFT_CONTACT=1 RIGHT_CONTACT=1
TRIAL=008 PHASE=PLACE_DOWN
TRIAL=008 PHASE=OPEN_GRIPPER
TRIAL=008 PHASE=RETREAT_PREGRASP
TRIAL=008 PHASE=GRASP_SUCCESS
TRIAL=008 DAY5_PLACE_RELEASE=PASS
DAY4_GRASP_RESULT=SUCCESS
DAY4_STEP=1 EPISODE=008 STEP=04 DIST=0.005673 YAW_ERR_DEG=0.025 REQUESTED_MOVE=0.004946 EXECUTED_MOVE=0.004833 ATTEMPT=1 SUCCESS=1 TERMINATED=1 TRUNCATED=0
DAY7_EPISODE=8 LEVEL=L2 VALID=8/50 TECHNICAL=False SUCCESS=True REASON=
DAY4_RESET_GRIPPER=OPEN ANGLE_RAD=1.570000 EFFORT_NM=1.200000
DAY4_RESET_GRIPPER=AFTER_INITIAL_MOVE ANGLE_RAD=1.570000 EFFORT_NM=1.200000
TRIAL=009 VISUAL_CENTER=[0.29238586127758026, -0.018683448433876038, 0.026618510793589255] SURFACE=[0.29238586127758026, -0.018683448433876038, 0.051618510793589256] CONTOUR_DEG=-0.02 AXIS_STD_DEG=0.09 FOOTPRINT=[0.04954381659626961, 0.04954381659626961] CONFIDENCE=0.9526
TRIAL=009 SELECTED_CONTOUR_ORIENTATION=+89.98deg TILT=13.7 LEAN=+1 SYMMETRY=1 IK_FK_POS_ERROR=0.000006m IK_FK_ORIENTATION_ERROR=0.000000rad FINGER_FK_LIFT=0.080000m FINGER_FK_DRIFT=0.000000m JOINT_MOTION=2.996250rad
DAY4_MOTION_DONE=1 ELAPSED_SIM=1.202 INITIAL_ERR=0.01730 FINAL_ERR=0.00032 ARM_V=0.00356
DAY4_STEP=1 EPISODE=009 STEP=01 DIST=0.020221 YAW_ERR_DEG=0.010 REQUESTED_MOVE=0.005003 EXECUTED_MOVE=0.004906 ATTEMPT=0 SUCCESS=0 TERMINATED=0 TRUNCATED=0
DAY4_MOTION_DONE=1 ELAPSED_SIM=1.202 INITIAL_ERR=0.01761 FINAL_ERR=0.00032 ARM_V=0.00361
DAY4_STEP=1 EPISODE=009 STEP=02 DIST=0.015349 YAW_ERR_DEG=0.018 REQUESTED_MOVE=0.004968 EXECUTED_MOVE=0.004874 ATTEMPT=0 SUCCESS=0 TERMINATED=0 TRUNCATED=0
DAY4_MOTION_DONE=1 ELAPSED_SIM=1.200 INITIAL_ERR=0.01771 FINAL_ERR=0.00033 ARM_V=0.00363
DAY4_STEP=1 EPISODE=009 STEP=03 DIST=0.010488 YAW_ERR_DEG=0.024 REQUESTED_MOVE=0.004955 EXECUTED_MOVE=0.004862 ATTEMPT=0 SUCCESS=0 TERMINATED=0 TRUNCATED=0
DAY4_MOTION_DONE=1 ELAPSED_SIM=1.202 INITIAL_ERR=0.01773 FINAL_ERR=0.00029 ARM_V=0.00327
DAY4_GRASP_ATTEMPT=1
TRIAL=009 PHASE=CLOSE_SEARCH
TRIAL=009 LEFT_CONTACT=0 RIGHT_CONTACT=0 STALL=0
TRIAL=009 LEFT_CONTACT=1 RIGHT_CONTACT=0 STALL=0
TRIAL=009 PHASE=WAIT_DUAL_CONTACT
TRIAL=009 PHASE=WAIT_STALL
TRIAL=009 LEFT_CONTACT=1 RIGHT_CONTACT=1 STALL=0 GRIPPER_ERROR=0.06247 VELOCITY=0.04182 CLOSURE_M=0.00052
TRIAL=009 LEFT_CONTACT=1 RIGHT_CONTACT=1 STALL=0 GRIPPER_ERROR=0.04381 VELOCITY=0.00873 CLOSURE_M=0.00109
TRIAL=009 LEFT_CONTACT=1 RIGHT_CONTACT=1 STALL=0 GRIPPER_ERROR=0.03748 VELOCITY=0.00545 CLOSURE_M=0.00129
TRIAL=009 LEFT_CONTACT=1 RIGHT_CONTACT=1 STALL=0 GRIPPER_ERROR=0.03288 VELOCITY=0.00464 CLOSURE_M=0.00144
TRIAL=009 PHASE=LIFT_80_MM
TRIAL=009 ACTUAL_LIFT_M=-0.00002 LEFT_CONTACT=1 RIGHT_CONTACT=1
TRIAL=009 ACTUAL_LIFT_M=0.02661 LEFT_CONTACT=1 RIGHT_CONTACT=1
TRIAL=009 ACTUAL_LIFT_M=0.05955 LEFT_CONTACT=1 RIGHT_CONTACT=1
TRIAL=009 PHASE=HOLD
TRIAL=009 HOLD_SIM_SEC=0.000 HOLD_WALL_SEC=0.002 ACTUAL_LIFT_M=0.07266 RELATIVE_SLIP_M=0.00000 LEFT_CONTACT=1 RIGHT_CONTACT=1
TRIAL=009 HOLD_SIM_SEC=0.882 HOLD_WALL_SEC=1.002 ACTUAL_LIFT_M=0.07534 RELATIVE_SLIP_M=0.00025 LEFT_CONTACT=1 RIGHT_CONTACT=1
TRIAL=009 HOLD_SIM_SEC=1.824 HOLD_WALL_SEC=2.002 ACTUAL_LIFT_M=0.07526 RELATIVE_SLIP_M=0.00025 LEFT_CONTACT=1 RIGHT_CONTACT=1
TRIAL=009 HOLD_SIM_SEC=2.762 HOLD_WALL_SEC=3.002 ACTUAL_LIFT_M=0.07516 RELATIVE_SLIP_M=0.00025 LEFT_CONTACT=1 RIGHT_CONTACT=1
TRIAL=009 HOLD_SIM_SEC=3.698 HOLD_WALL_SEC=4.003 ACTUAL_LIFT_M=0.07508 RELATIVE_SLIP_M=0.00025 LEFT_CONTACT=1 RIGHT_CONTACT=1
TRIAL=009 HOLD_SIM_SEC=4.642 HOLD_WALL_SEC=5.003 ACTUAL_LIFT_M=0.07500 RELATIVE_SLIP_M=0.00025 LEFT_CONTACT=1 RIGHT_CONTACT=1
TRIAL=009 PHASE=PLACE_DOWN
TRIAL=009 PHASE=OPEN_GRIPPER
TRIAL=009 PHASE=RETREAT_PREGRASP
TRIAL=009 PHASE=GRASP_SUCCESS
TRIAL=009 DAY5_PLACE_RELEASE=PASS
DAY4_GRASP_RESULT=SUCCESS
DAY4_STEP=1 EPISODE=009 STEP=04 DIST=0.005627 YAW_ERR_DEG=0.028 REQUESTED_MOVE=0.004947 EXECUTED_MOVE=0.004863 ATTEMPT=1 SUCCESS=1 TERMINATED=1 TRUNCATED=0
DAY7_EPISODE=9 LEVEL=L2 VALID=9/50 TECHNICAL=False SUCCESS=True REASON=
DAY4_RESET_GRIPPER=OPEN ANGLE_RAD=1.570000 EFFORT_NM=1.200000
DAY4_RESET_GRIPPER=AFTER_INITIAL_MOVE ANGLE_RAD=1.570000 EFFORT_NM=1.200000
TRIAL=010 VISUAL_CENTER=[0.3138328939676285, 0.017932617105543613, 0.025205996235798486] SURFACE=[0.3138328939676285, 0.017932617105543613, 0.05020599623579849] CONTOUR_DEG=-0.25 AXIS_STD_DEG=0.13 FOOTPRINT=[0.04984709247946739, 0.04984709247946739] CONFIDENCE=0.9695
TRIAL=010 SELECTED_CONTOUR_ORIENTATION=+89.75deg TILT=23.5 LEAN=+1 SYMMETRY=1 IK_FK_POS_ERROR=0.000010m IK_FK_ORIENTATION_ERROR=0.000000rad FINGER_FK_LIFT=0.080000m FINGER_FK_DRIFT=0.000000m JOINT_MOTION=3.018699rad
DAY4_MOTION_DONE=1 ELAPSED_SIM=1.202 INITIAL_ERR=0.01631 FINAL_ERR=0.00030 ARM_V=0.00336
DAY4_STEP=1 EPISODE=010 STEP=01 DIST=0.020304 YAW_ERR_DEG=0.002 REQUESTED_MOVE=0.005000 EXECUTED_MOVE=0.004901 ATTEMPT=0 SUCCESS=0 TERMINATED=0 TRUNCATED=0
DAY4_MOTION_DONE=1 ELAPSED_SIM=1.202 INITIAL_ERR=0.01685 FINAL_ERR=0.00031 ARM_V=0.00345
DAY4_STEP=1 EPISODE=010 STEP=02 DIST=0.015431 YAW_ERR_DEG=0.008 REQUESTED_MOVE=0.004970 EXECUTED_MOVE=0.004874 ATTEMPT=0 SUCCESS=0 TERMINATED=0 TRUNCATED=0
DAY4_MOTION_DONE=1 ELAPSED_SIM=1.202 INITIAL_ERR=0.01698 FINAL_ERR=0.00035 ARM_V=0.00387
DAY4_STEP=1 EPISODE=010 STEP=03 DIST=0.010579 YAW_ERR_DEG=0.012 REQUESTED_MOVE=0.004958 EXECUTED_MOVE=0.004854 ATTEMPT=0 SUCCESS=0 TERMINATED=0 TRUNCATED=0
DAY4_MOTION_DONE=1 ELAPSED_SIM=1.202 INITIAL_ERR=0.01710 FINAL_ERR=0.00032 ARM_V=0.00350
DAY4_GRASP_ATTEMPT=1
TRIAL=010 PHASE=CLOSE_SEARCH
TRIAL=010 LEFT_CONTACT=0 RIGHT_CONTACT=0 STALL=0
TRIAL=010 LEFT_CONTACT=1 RIGHT_CONTACT=0 STALL=0
TRIAL=010 PHASE=WAIT_DUAL_CONTACT
TRIAL=010 PHASE=WAIT_STALL
TRIAL=010 LEFT_CONTACT=1 RIGHT_CONTACT=1 STALL=0 GRIPPER_ERROR=0.05987 VELOCITY=0.03860 CLOSURE_M=0.00054
TRIAL=010 LEFT_CONTACT=1 RIGHT_CONTACT=1 STALL=0 GRIPPER_ERROR=0.04310 VELOCITY=0.00859 CLOSURE_M=0.00100
TRIAL=010 LEFT_CONTACT=1 RIGHT_CONTACT=1 STALL=0 GRIPPER_ERROR=0.03697 VELOCITY=0.00545 CLOSURE_M=0.00118
TRIAL=010 LEFT_CONTACT=1 RIGHT_CONTACT=1 STALL=0 GRIPPER_ERROR=0.03235 VELOCITY=0.00468 CLOSURE_M=0.00131
TRIAL=010 LEFT_CONTACT=1 RIGHT_CONTACT=1 STALL=0 GRIPPER_ERROR=0.02810 VELOCITY=0.00448 CLOSURE_M=0.00143
TRIAL=010 PHASE=LIFT_80_MM
TRIAL=010 ACTUAL_LIFT_M=-0.00002 LEFT_CONTACT=1 RIGHT_CONTACT=1
TRIAL=010 ACTUAL_LIFT_M=0.02712 LEFT_CONTACT=1 RIGHT_CONTACT=1
TRIAL=010 ACTUAL_LIFT_M=0.05935 LEFT_CONTACT=1 RIGHT_CONTACT=1
TRIAL=010 PHASE=HOLD
TRIAL=010 HOLD_SIM_SEC=0.000 HOLD_WALL_SEC=0.000 ACTUAL_LIFT_M=0.07179 RELATIVE_SLIP_M=0.00000 LEFT_CONTACT=1 RIGHT_CONTACT=1
TRIAL=010 HOLD_SIM_SEC=0.886 HOLD_WALL_SEC=1.001 ACTUAL_LIFT_M=0.07528 RELATIVE_SLIP_M=0.00000 LEFT_CONTACT=1 RIGHT_CONTACT=1
TRIAL=010 HOLD_SIM_SEC=1.830 HOLD_WALL_SEC=2.001 ACTUAL_LIFT_M=0.07521 RELATIVE_SLIP_M=0.00000 LEFT_CONTACT=1 RIGHT_CONTACT=1
TRIAL=010 HOLD_SIM_SEC=2.772 HOLD_WALL_SEC=3.001 ACTUAL_LIFT_M=0.07512 RELATIVE_SLIP_M=0.00000 LEFT_CONTACT=1 RIGHT_CONTACT=1
TRIAL=010 HOLD_SIM_SEC=3.714 HOLD_WALL_SEC=4.001 ACTUAL_LIFT_M=0.07502 RELATIVE_SLIP_M=0.00000 LEFT_CONTACT=1 RIGHT_CONTACT=1
TRIAL=010 HOLD_SIM_SEC=4.662 HOLD_WALL_SEC=5.001 ACTUAL_LIFT_M=0.07493 RELATIVE_SLIP_M=0.00000 LEFT_CONTACT=1 RIGHT_CONTACT=1
TRIAL=010 PHASE=PLACE_DOWN
TRIAL=010 PHASE=OPEN_GRIPPER
TRIAL=010 PHASE=RETREAT_PREGRASP
TRIAL=010 PHASE=GRASP_SUCCESS
TRIAL=010 DAY5_PLACE_RELEASE=PASS
DAY4_GRASP_RESULT=SUCCESS
DAY4_STEP=1 EPISODE=010 STEP=04 DIST=0.005716 YAW_ERR_DEG=0.015 REQUESTED_MOVE=0.004950 EXECUTED_MOVE=0.004856 ATTEMPT=1 SUCCESS=1 TERMINATED=1 TRUNCATED=0
DAY7_EPISODE=10 LEVEL=L2 VALID=10/50 TECHNICAL=False SUCCESS=True REASON=
DAY4_RESET_GRIPPER=OPEN ANGLE_RAD=1.570000 EFFORT_NM=1.200000
DAY4_RESET_GRIPPER=AFTER_INITIAL_MOVE ANGLE_RAD=1.570000 EFFORT_NM=1.200000
TRIAL=011 VISUAL_CENTER=[0.3175533413887024, -0.0022549759596586227, 0.025163250667159437] SURFACE=[0.3175533413887024, -0.0022549759596586227, 0.05016325066715944] CONTOUR_DEG=-0.00 AXIS_STD_DEG=0.09 FOOTPRINT=[0.050690941512584686, 0.050690941512584686] CONFIDENCE=0.9733
TRIAL=011 SELECTED_CONTOUR_ORIENTATION=+90.00deg TILT=25.1 LEAN=+1 SYMMETRY=1 IK_FK_POS_ERROR=0.000001m IK_FK_ORIENTATION_ERROR=0.000000rad FINGER_FK_LIFT=0.080000m FINGER_FK_DRIFT=0.000000m JOINT_MOTION=3.026726rad
DAY4_MOTION_DONE=1 ELAPSED_SIM=1.202 INITIAL_ERR=0.01616 FINAL_ERR=0.00030 ARM_V=0.00333
DAY4_STEP=1 EPISODE=011 STEP=01 DIST=0.020337 YAW_ERR_DEG=0.007 REQUESTED_MOVE=0.005000 EXECUTED_MOVE=0.004899 ATTEMPT=0 SUCCESS=0 TERMINATED=0 TRUNCATED=0
DAY4_MOTION_DONE=1 ELAPSED_SIM=1.202 INITIAL_ERR=0.01668 FINAL_ERR=0.00028 ARM_V=0.00308
DAY4_STEP=1 EPISODE=011 STEP=02 DIST=0.015447 YAW_ERR_DEG=0.014 REQUESTED_MOVE=0.004971 EXECUTED_MOVE=0.004883 ATTEMPT=0 SUCCESS=0 TERMINATED=0 TRUNCATED=0
DAY4_MOTION_DONE=1 ELAPSED_SIM=1.202 INITIAL_ERR=0.01692 FINAL_ERR=0.00028 ARM_V=0.00313
DAY4_STEP=1 EPISODE=011 STEP=03 DIST=0.010576 YAW_ERR_DEG=0.019 REQUESTED_MOVE=0.004960 EXECUTED_MOVE=0.004873 ATTEMPT=0 SUCCESS=0 TERMINATED=0 TRUNCATED=0
DAY4_MOTION_DONE=1 ELAPSED_SIM=1.202 INITIAL_ERR=0.01703 FINAL_ERR=0.00028 ARM_V=0.00314
DAY4_GRASP_ATTEMPT=1
TRIAL=011 PHASE=CLOSE_SEARCH
TRIAL=011 LEFT_CONTACT=0 RIGHT_CONTACT=0 STALL=0
TRIAL=011 LEFT_CONTACT=1 RIGHT_CONTACT=0 STALL=0
TRIAL=011 PHASE=WAIT_DUAL_CONTACT
TRIAL=011 PHASE=WAIT_STALL
TRIAL=011 LEFT_CONTACT=1 RIGHT_CONTACT=1 STALL=0 GRIPPER_ERROR=0.07071 VELOCITY=0.03842 CLOSURE_M=0.00027
TRIAL=011 LEFT_CONTACT=1 RIGHT_CONTACT=1 STALL=0 GRIPPER_ERROR=0.04851 VELOCITY=0.01255 CLOSURE_M=0.00094
TRIAL=011 LEFT_CONTACT=1 RIGHT_CONTACT=1 STALL=0 GRIPPER_ERROR=0.04063 VELOCITY=0.00621 CLOSURE_M=0.00119
TRIAL=011 LEFT_CONTACT=1 RIGHT_CONTACT=1 STALL=0 GRIPPER_ERROR=0.03556 VELOCITY=0.00488 CLOSURE_M=0.00135
TRIAL=011 LEFT_CONTACT=1 RIGHT_CONTACT=1 STALL=0 GRIPPER_ERROR=0.03138 VELOCITY=0.00452 CLOSURE_M=0.00148
TRIAL=011 PHASE=LIFT_80_MM
TRIAL=011 ACTUAL_LIFT_M=-0.00002 LEFT_CONTACT=1 RIGHT_CONTACT=1
TRIAL=011 ACTUAL_LIFT_M=0.02854 LEFT_CONTACT=1 RIGHT_CONTACT=1
TRIAL=011 ACTUAL_LIFT_M=0.06083 LEFT_CONTACT=1 RIGHT_CONTACT=1
TRIAL=011 PHASE=HOLD
TRIAL=011 HOLD_SIM_SEC=0.000 HOLD_WALL_SEC=0.000 ACTUAL_LIFT_M=0.07192 RELATIVE_SLIP_M=0.00000 LEFT_CONTACT=1 RIGHT_CONTACT=1
TRIAL=011 HOLD_SIM_SEC=0.880 HOLD_WALL_SEC=1.001 ACTUAL_LIFT_M=0.07540 RELATIVE_SLIP_M=0.00000 LEFT_CONTACT=1 RIGHT_CONTACT=1
TRIAL=011 HOLD_SIM_SEC=1.824 HOLD_WALL_SEC=2.001 ACTUAL_LIFT_M=0.07534 RELATIVE_SLIP_M=0.00000 LEFT_CONTACT=1 RIGHT_CONTACT=1
TRIAL=011 HOLD_SIM_SEC=2.766 HOLD_WALL_SEC=3.001 ACTUAL_LIFT_M=0.07526 RELATIVE_SLIP_M=0.00000 LEFT_CONTACT=1 RIGHT_CONTACT=1
TRIAL=011 HOLD_SIM_SEC=3.706 HOLD_WALL_SEC=4.001 ACTUAL_LIFT_M=0.07518 RELATIVE_SLIP_M=0.00000 LEFT_CONTACT=1 RIGHT_CONTACT=1
TRIAL=011 HOLD_SIM_SEC=4.632 HOLD_WALL_SEC=5.001 ACTUAL_LIFT_M=0.07511 RELATIVE_SLIP_M=0.00000 LEFT_CONTACT=1 RIGHT_CONTACT=1
TRIAL=011 PHASE=PLACE_DOWN
TRIAL=011 PHASE=OPEN_GRIPPER
TRIAL=011 PHASE=RETREAT_PREGRASP
TRIAL=011 PHASE=GRASP_SUCCESS
TRIAL=011 DAY5_PLACE_RELEASE=PASS
DAY4_GRASP_RESULT=SUCCESS
DAY4_STEP=1 EPISODE=011 STEP=04 DIST=0.005714 YAW_ERR_DEG=0.022 REQUESTED_MOVE=0.004952 EXECUTED_MOVE=0.004866 ATTEMPT=1 SUCCESS=1 TERMINATED=1 TRUNCATED=0
DAY7_EPISODE=11 LEVEL=L2 VALID=11/50 TECHNICAL=False SUCCESS=True REASON=
DAY4_RESET_GRIPPER=OPEN ANGLE_RAD=1.570000 EFFORT_NM=1.200000
DAY4_RESET_GRIPPER=AFTER_INITIAL_MOVE ANGLE_RAD=1.570000 EFFORT_NM=1.200000
TRIAL=012 VISUAL_CENTER=[0.3133171647787094, 0.010797569993883371, 0.023750525325695715] SURFACE=[0.3133171647787094, 0.010797569993883371, 0.048750525325695716] CONTOUR_DEG=-0.21 AXIS_STD_DEG=0.16 FOOTPRINT=[0.050703270360827446, 0.050703270360827446] CONFIDENCE=0.9723
TRIAL=012 SELECTED_CONTOUR_ORIENTATION=+89.79deg TILT=23.1 LEAN=+1 SYMMETRY=1 IK_FK_POS_ERROR=0.000006m IK_FK_ORIENTATION_ERROR=0.000000rad FINGER_FK_LIFT=0.080000m FINGER_FK_DRIFT=0.000000m JOINT_MOTION=3.026733rad
DAY4_MOTION_DONE=1 ELAPSED_SIM=1.202 INITIAL_ERR=0.01632 FINAL_ERR=0.00027 ARM_V=0.00302
DAY4_STEP=1 EPISODE=012 STEP=01 DIST=0.020308 YAW_ERR_DEG=0.004 REQUESTED_MOVE=0.005003 EXECUTED_MOVE=0.004912 ATTEMPT=0 SUCCESS=0 TERMINATED=0 TRUNCATED=0
DAY4_MOTION_DONE=1 ELAPSED_SIM=1.200 INITIAL_ERR=0.01692 FINAL_ERR=0.00028 ARM_V=0.00312
DAY4_STEP=1 EPISODE=012 STEP=02 DIST=0.015427 YAW_ERR_DEG=0.010 REQUESTED_MOVE=0.004970 EXECUTED_MOVE=0.004883 ATTEMPT=0 SUCCESS=0 TERMINATED=0 TRUNCATED=0
DAY4_MOTION_DONE=1 ELAPSED_SIM=1.202 INITIAL_ERR=0.01708 FINAL_ERR=0.00028 ARM_V=0.00315
DAY4_STEP=1 EPISODE=012 STEP=03 DIST=0.010556 YAW_ERR_DEG=0.014 REQUESTED_MOVE=0.004959 EXECUTED_MOVE=0.004872 ATTEMPT=0 SUCCESS=0 TERMINATED=0 TRUNCATED=0
DAY4_MOTION_DONE=1 ELAPSED_SIM=1.202 INITIAL_ERR=0.01715 FINAL_ERR=0.00032 ARM_V=0.00352
DAY4_GRASP_ATTEMPT=1
TRIAL=012 PHASE=CLOSE_SEARCH
TRIAL=012 LEFT_CONTACT=0 RIGHT_CONTACT=0 STALL=0
TRIAL=012 LEFT_CONTACT=1 RIGHT_CONTACT=0 STALL=0
TRIAL=012 PHASE=WAIT_DUAL_CONTACT
TRIAL=012 PHASE=WAIT_STALL
TRIAL=012 LEFT_CONTACT=1 RIGHT_CONTACT=1 STALL=0 GRIPPER_ERROR=0.07055 VELOCITY=0.04007 CLOSURE_M=0.00026
TRIAL=012 LEFT_CONTACT=1 RIGHT_CONTACT=1 STALL=0 GRIPPER_ERROR=0.04770 VELOCITY=0.01184 CLOSURE_M=0.00091
TRIAL=012 LEFT_CONTACT=1 RIGHT_CONTACT=1 STALL=0 GRIPPER_ERROR=0.04028 VELOCITY=0.00610 CLOSURE_M=0.00113
TRIAL=012 LEFT_CONTACT=1 RIGHT_CONTACT=1 STALL=0 GRIPPER_ERROR=0.03522 VELOCITY=0.00483 CLOSURE_M=0.00128
TRIAL=012 LEFT_CONTACT=1 RIGHT_CONTACT=1 STALL=0 GRIPPER_ERROR=0.03088 VELOCITY=0.00450 CLOSURE_M=0.00140
TRIAL=012 LEFT_CONTACT=1 RIGHT_CONTACT=1 STALL=1 GRIPPER_ERROR=0.02681 VELOCITY=0.00442 CLOSURE_M=0.00153
TRIAL=012 PHASE=LIFT_80_MM
TRIAL=012 ACTUAL_LIFT_M=-0.00002 LEFT_CONTACT=1 RIGHT_CONTACT=1
TRIAL=012 ACTUAL_LIFT_M=0.02780 LEFT_CONTACT=1 RIGHT_CONTACT=1
TRIAL=012 ACTUAL_LIFT_M=0.06009 LEFT_CONTACT=1 RIGHT_CONTACT=1
TRIAL=012 PHASE=HOLD
TRIAL=012 HOLD_SIM_SEC=0.000 HOLD_WALL_SEC=0.000 ACTUAL_LIFT_M=0.07254 RELATIVE_SLIP_M=0.00000 LEFT_CONTACT=1 RIGHT_CONTACT=1
TRIAL=012 HOLD_SIM_SEC=0.914 HOLD_WALL_SEC=1.001 ACTUAL_LIFT_M=0.07543 RELATIVE_SLIP_M=0.00031 LEFT_CONTACT=1 RIGHT_CONTACT=1
TRIAL=012 HOLD_SIM_SEC=1.864 HOLD_WALL_SEC=2.001 ACTUAL_LIFT_M=0.07537 RELATIVE_SLIP_M=0.00031 LEFT_CONTACT=1 RIGHT_CONTACT=1
TRIAL=012 HOLD_SIM_SEC=2.808 HOLD_WALL_SEC=3.001 ACTUAL_LIFT_M=0.07528 RELATIVE_SLIP_M=0.00031 LEFT_CONTACT=1 RIGHT_CONTACT=1
TRIAL=012 HOLD_SIM_SEC=3.752 HOLD_WALL_SEC=4.001 ACTUAL_LIFT_M=0.07519 RELATIVE_SLIP_M=0.00031 LEFT_CONTACT=1 RIGHT_CONTACT=1
TRIAL=012 HOLD_SIM_SEC=4.680 HOLD_WALL_SEC=5.001 ACTUAL_LIFT_M=0.07511 RELATIVE_SLIP_M=0.00031 LEFT_CONTACT=1 RIGHT_CONTACT=1
TRIAL=012 PHASE=PLACE_DOWN
TRIAL=012 PHASE=OPEN_GRIPPER
TRIAL=012 PHASE=RETREAT_PREGRASP
TRIAL=012 PHASE=GRASP_SUCCESS
TRIAL=012 DAY5_PLACE_RELEASE=PASS
DAY4_GRASP_RESULT=SUCCESS
DAY4_STEP=1 EPISODE=012 STEP=04 DIST=0.005703 YAW_ERR_DEG=0.017 REQUESTED_MOVE=0.004951 EXECUTED_MOVE=0.004856 ATTEMPT=1 SUCCESS=1 TERMINATED=1 TRUNCATED=0
DAY7_EPISODE=12 LEVEL=L2 VALID=12/50 TECHNICAL=False SUCCESS=True REASON=
DAY4_RESET_GRIPPER=OPEN ANGLE_RAD=1.570000 EFFORT_NM=1.200000
DAY4_RESET_GRIPPER=AFTER_INITIAL_MOVE ANGLE_RAD=1.570000 EFFORT_NM=1.200000
TRIAL=013 VISUAL_CENTER=[0.30948497354984283, 0.012115982244722545, 0.024976699567661367] SURFACE=[0.30948497354984283, 0.012115982244722545, 0.04997669956766137] CONTOUR_DEG=-0.05 AXIS_STD_DEG=0.16 FOOTPRINT=[0.04990374483168125, 0.04990374483168125] CONFIDENCE=0.9664
TRIAL=013 SELECTED_CONTOUR_ORIENTATION=+89.95deg TILT=21.3 LEAN=+1 SYMMETRY=1 IK_FK_POS_ERROR=0.000006m IK_FK_ORIENTATION_ERROR=0.000000rad FINGER_FK_LIFT=0.080000m FINGER_FK_DRIFT=0.000000m JOINT_MOTION=3.012607rad
DAY4_MOTION_DONE=1 ELAPSED_SIM=1.202 INITIAL_ERR=0.01653 FINAL_ERR=0.00025 ARM_V=0.00276
DAY4_STEP=1 EPISODE=013 STEP=01 DIST=0.020264 YAW_ERR_DEG=0.004 REQUESTED_MOVE=0.005000 EXECUTED_MOVE=0.004919 ATTEMPT=0 SUCCESS=0 TERMINATED=0 TRUNCATED=0
DAY4_MOTION_DONE=1 ELAPSED_SIM=1.202 INITIAL_ERR=0.01702 FINAL_ERR=0.00025 ARM_V=0.00283
DAY4_STEP=1 EPISODE=013 STEP=02 DIST=0.015374 YAW_ERR_DEG=0.010 REQUESTED_MOVE=0.004970 EXECUTED_MOVE=0.004891 ATTEMPT=0 SUCCESS=0 TERMINATED=0 TRUNCATED=0
DAY4_MOTION_DONE=1 ELAPSED_SIM=1.202 INITIAL_ERR=0.01716 FINAL_ERR=0.00026 ARM_V=0.00285
DAY4_STEP=1 EPISODE=013 STEP=03 DIST=0.010495 YAW_ERR_DEG=0.015 REQUESTED_MOVE=0.004958 EXECUTED_MOVE=0.004881 ATTEMPT=0 SUCCESS=0 TERMINATED=0 TRUNCATED=0
DAY4_MOTION_DONE=1 ELAPSED_SIM=1.202 INITIAL_ERR=0.01725 FINAL_ERR=0.00026 ARM_V=0.00287
DAY4_GRASP_ATTEMPT=1
TRIAL=013 PHASE=CLOSE_SEARCH
TRIAL=013 LEFT_CONTACT=0 RIGHT_CONTACT=0 STALL=0
TRIAL=013 LEFT_CONTACT=1 RIGHT_CONTACT=0 STALL=0
TRIAL=013 PHASE=WAIT_DUAL_CONTACT
TRIAL=013 PHASE=WAIT_STALL
TRIAL=013 LEFT_CONTACT=1 RIGHT_CONTACT=1 STALL=0 GRIPPER_ERROR=0.06835 VELOCITY=0.04383 CLOSURE_M=0.00032
TRIAL=013 LEFT_CONTACT=1 RIGHT_CONTACT=1 STALL=0 GRIPPER_ERROR=0.04781 VELOCITY=0.01183 CLOSURE_M=0.00091
TRIAL=013 LEFT_CONTACT=1 RIGHT_CONTACT=1 STALL=0 GRIPPER_ERROR=0.04081 VELOCITY=0.00586 CLOSURE_M=0.00112
TRIAL=013 LEFT_CONTACT=1 RIGHT_CONTACT=1 STALL=0 GRIPPER_ERROR=0.03596 VELOCITY=0.00480 CLOSURE_M=0.00126
TRIAL=013 LEFT_CONTACT=1 RIGHT_CONTACT=1 STALL=0 GRIPPER_ERROR=0.03164 VELOCITY=0.00447 CLOSURE_M=0.00139
TRIAL=013 LEFT_CONTACT=1 RIGHT_CONTACT=1 STALL=1 GRIPPER_ERROR=0.02750 VELOCITY=0.00439 CLOSURE_M=0.00152
TRIAL=013 PHASE=LIFT_80_MM
TRIAL=013 ACTUAL_LIFT_M=-0.00002 LEFT_CONTACT=1 RIGHT_CONTACT=1
TRIAL=013 ACTUAL_LIFT_M=0.02754 LEFT_CONTACT=1 RIGHT_CONTACT=1
TRIAL=013 ACTUAL_LIFT_M=0.06033 LEFT_CONTACT=1 RIGHT_CONTACT=1
TRIAL=013 PHASE=HOLD
TRIAL=013 HOLD_SIM_SEC=0.000 HOLD_WALL_SEC=0.000 ACTUAL_LIFT_M=0.07203 RELATIVE_SLIP_M=0.00000 LEFT_CONTACT=1 RIGHT_CONTACT=1
TRIAL=013 HOLD_SIM_SEC=0.888 HOLD_WALL_SEC=1.001 ACTUAL_LIFT_M=0.07503 RELATIVE_SLIP_M=0.00028 LEFT_CONTACT=1 RIGHT_CONTACT=1
TRIAL=013 HOLD_SIM_SEC=1.812 HOLD_WALL_SEC=2.001 ACTUAL_LIFT_M=0.07496 RELATIVE_SLIP_M=0.00028 LEFT_CONTACT=1 RIGHT_CONTACT=1
TRIAL=013 HOLD_SIM_SEC=2.734 HOLD_WALL_SEC=3.001 ACTUAL_LIFT_M=0.07488 RELATIVE_SLIP_M=0.00028 LEFT_CONTACT=1 RIGHT_CONTACT=1
TRIAL=013 HOLD_SIM_SEC=3.658 HOLD_WALL_SEC=4.001 ACTUAL_LIFT_M=0.07479 RELATIVE_SLIP_M=0.00028 LEFT_CONTACT=1 RIGHT_CONTACT=1
TRIAL=013 HOLD_SIM_SEC=4.586 HOLD_WALL_SEC=5.002 ACTUAL_LIFT_M=0.07470 RELATIVE_SLIP_M=0.00028 LEFT_CONTACT=1 RIGHT_CONTACT=1
TRIAL=013 PHASE=PLACE_DOWN
TRIAL=013 PHASE=OPEN_GRIPPER
TRIAL=013 PHASE=RETREAT_PREGRASP
TRIAL=013 PHASE=GRASP_SUCCESS
TRIAL=013 DAY5_PLACE_RELEASE=PASS
DAY4_GRASP_RESULT=SUCCESS
DAY4_STEP=1 EPISODE=013 STEP=04 DIST=0.005625 YAW_ERR_DEG=0.019 REQUESTED_MOVE=0.004950 EXECUTED_MOVE=0.004873 ATTEMPT=1 SUCCESS=1 TERMINATED=1 TRUNCATED=0
DAY7_EPISODE=13 LEVEL=L2 VALID=13/50 TECHNICAL=False SUCCESS=True REASON=
DAY4_RESET_GRIPPER=OPEN ANGLE_RAD=1.570000 EFFORT_NM=1.200000
DAY4_RESET_GRIPPER=AFTER_INITIAL_MOVE ANGLE_RAD=1.570000 EFFORT_NM=1.200000
TRIAL=014 VISUAL_CENTER=[0.32093219459056854, 0.00084702018648386, 0.026418035763464104] SURFACE=[0.32093219459056854, 0.00084702018648386, 0.051418035763464105] CONTOUR_DEG=0.07 AXIS_STD_DEG=0.22 FOOTPRINT=[0.05028346925973892, 0.05028346925973892] CONFIDENCE=0.9774
TRIAL=014 SELECTED_CONTOUR_ORIENTATION=+90.07deg TILT=26.8 LEAN=+1 SYMMETRY=1 IK_FK_POS_ERROR=0.000000m IK_FK_ORIENTATION_ERROR=0.000000rad FINGER_FK_LIFT=0.080000m FINGER_FK_DRIFT=0.000000m JOINT_MOTION=3.072137rad
DAY4_MOTION_DONE=1 ELAPSED_SIM=1.202 INITIAL_ERR=0.01598 FINAL_ERR=0.00030 ARM_V=0.00329
DAY4_STEP=1 EPISODE=014 STEP=01 DIST=0.020342 YAW_ERR_DEG=0.006 REQUESTED_MOVE=0.005000 EXECUTED_MOVE=0.004900 ATTEMPT=0 SUCCESS=0 TERMINATED=0 TRUNCATED=0
DAY4_MOTION_DONE=1 ELAPSED_SIM=1.202 INITIAL_ERR=0.01656 FINAL_ERR=0.00034 ARM_V=0.00378
DAY4_STEP=1 EPISODE=014 STEP=02 DIST=0.015479 YAW_ERR_DEG=0.012 REQUESTED_MOVE=0.004971 EXECUTED_MOVE=0.004864 ATTEMPT=0 SUCCESS=0 TERMINATED=0 TRUNCATED=0
DAY4_MOTION_DONE=1 ELAPSED_SIM=1.202 INITIAL_ERR=0.01676 FINAL_ERR=0.00031 ARM_V=0.00344
DAY4_STEP=1 EPISODE=014 STEP=03 DIST=0.010616 YAW_ERR_DEG=0.017 REQUESTED_MOVE=0.004960 EXECUTED_MOVE=0.004864 ATTEMPT=0 SUCCESS=0 TERMINATED=0 TRUNCATED=0
DAY4_MOTION_DONE=1 ELAPSED_SIM=1.202 INITIAL_ERR=0.01687 FINAL_ERR=0.00038 ARM_V=0.00427
DAY4_GRASP_ATTEMPT=1
TRIAL=014 PHASE=CLOSE_SEARCH
TRIAL=014 LEFT_CONTACT=0 RIGHT_CONTACT=0 STALL=0
TRIAL=014 LEFT_CONTACT=0 RIGHT_CONTACT=1 STALL=0
TRIAL=014 PHASE=WAIT_DUAL_CONTACT
TRIAL=014 PHASE=WAIT_STALL
TRIAL=014 LEFT_CONTACT=1 RIGHT_CONTACT=1 STALL=0 GRIPPER_ERROR=0.06672 VELOCITY=0.03912 CLOSURE_M=0.00039
TRIAL=014 LEFT_CONTACT=1 RIGHT_CONTACT=1 STALL=0 GRIPPER_ERROR=0.04569 VELOCITY=0.01282 CLOSURE_M=0.00102
TRIAL=014 LEFT_CONTACT=1 RIGHT_CONTACT=1 STALL=0 GRIPPER_ERROR=0.03749 VELOCITY=0.00629 CLOSURE_M=0.00127
TRIAL=014 LEFT_CONTACT=1 RIGHT_CONTACT=1 STALL=0 GRIPPER_ERROR=0.03252 VELOCITY=0.00490 CLOSURE_M=0.00143
TRIAL=014 PHASE=LIFT_80_MM
TRIAL=014 ACTUAL_LIFT_M=-0.00009 LEFT_CONTACT=1 RIGHT_CONTACT=1
TRIAL=014 ACTUAL_LIFT_M=0.02681 LEFT_CONTACT=1 RIGHT_CONTACT=1
TRIAL=014 ACTUAL_LIFT_M=0.05815 LEFT_CONTACT=1 RIGHT_CONTACT=1
TRIAL=014 PHASE=HOLD
TRIAL=014 HOLD_SIM_SEC=0.000 HOLD_WALL_SEC=0.000 ACTUAL_LIFT_M=0.07186 RELATIVE_SLIP_M=0.00000 LEFT_CONTACT=1 RIGHT_CONTACT=1
TRIAL=014 HOLD_SIM_SEC=0.892 HOLD_WALL_SEC=1.000 ACTUAL_LIFT_M=0.07479 RELATIVE_SLIP_M=0.00028 LEFT_CONTACT=1 RIGHT_CONTACT=1
TRIAL=014 HOLD_SIM_SEC=1.820 HOLD_WALL_SEC=2.001 ACTUAL_LIFT_M=0.07473 RELATIVE_SLIP_M=0.00028 LEFT_CONTACT=1 RIGHT_CONTACT=1
TRIAL=014 HOLD_SIM_SEC=2.740 HOLD_WALL_SEC=3.001 ACTUAL_LIFT_M=0.07466 RELATIVE_SLIP_M=0.00028 LEFT_CONTACT=1 RIGHT_CONTACT=1
TRIAL=014 HOLD_SIM_SEC=3.640 HOLD_WALL_SEC=4.001 ACTUAL_LIFT_M=0.07458 RELATIVE_SLIP_M=0.00028 LEFT_CONTACT=1 RIGHT_CONTACT=1
TRIAL=014 HOLD_SIM_SEC=4.576 HOLD_WALL_SEC=5.001 ACTUAL_LIFT_M=0.07451 RELATIVE_SLIP_M=0.00028 LEFT_CONTACT=1 RIGHT_CONTACT=1
TRIAL=014 PHASE=PLACE_DOWN
TRIAL=014 PHASE=OPEN_GRIPPER
TRIAL=014 PHASE=RETREAT_PREGRASP
TRIAL=014 PHASE=GRASP_SUCCESS
TRIAL=014 DAY5_PLACE_RELEASE=PASS
DAY4_GRASP_RESULT=SUCCESS
DAY4_STEP=1 EPISODE=014 STEP=04 DIST=0.005772 YAW_ERR_DEG=0.020 REQUESTED_MOVE=0.004952 EXECUTED_MOVE=0.004836 ATTEMPT=1 SUCCESS=1 TERMINATED=1 TRUNCATED=0
DAY7_EPISODE=14 LEVEL=L2 VALID=14/50 TECHNICAL=False SUCCESS=True REASON=
DAY4_RESET_GRIPPER=OPEN ANGLE_RAD=1.570000 EFFORT_NM=1.200000
DAY4_RESET_GRIPPER=AFTER_INITIAL_MOVE ANGLE_RAD=1.570000 EFFORT_NM=1.200000
TRIAL=015 VISUAL_CENTER=[0.3006432354450226, -0.0265066334977746, 0.025211215087767656] SURFACE=[0.3006432354450226, -0.0265066334977746, 0.05021121508776766] CONTOUR_DEG=-0.30 AXIS_STD_DEG=0.18 FOOTPRINT=[0.04993661120533943, 0.04993661120533943] CONFIDENCE=0.9694
TRIAL=015 SELECTED_CONTOUR_ORIENTATION=+89.70deg TILT=17.6 LEAN=+1 SYMMETRY=1 IK_FK_POS_ERROR=0.000010m IK_FK_ORIENTATION_ERROR=0.000000rad FINGER_FK_LIFT=0.080000m FINGER_FK_DRIFT=0.000000m JOINT_MOTION=3.007692rad
DAY4_MOTION_DONE=1 ELAPSED_SIM=1.200 INITIAL_ERR=0.01684 FINAL_ERR=0.00028 ARM_V=0.00312
DAY4_STEP=1 EPISODE=015 STEP=01 DIST=0.020251 YAW_ERR_DEG=0.011 REQUESTED_MOVE=0.005004 EXECUTED_MOVE=0.004915 ATTEMPT=0 SUCCESS=0 TERMINATED=0 TRUNCATED=0
DAY4_MOTION_DONE=1 ELAPSED_SIM=1.200 INITIAL_ERR=0.01730 FINAL_ERR=0.00029 ARM_V=0.00319
DAY4_STEP=1 EPISODE=015 STEP=02 DIST=0.015369 YAW_ERR_DEG=0.019 REQUESTED_MOVE=0.004969 EXECUTED_MOVE=0.004883 ATTEMPT=0 SUCCESS=0 TERMINATED=0 TRUNCATED=0
DAY4_MOTION_DONE=1 ELAPSED_SIM=1.202 INITIAL_ERR=0.01742 FINAL_ERR=0.00029 ARM_V=0.00322
DAY4_STEP=1 EPISODE=015 STEP=03 DIST=0.010499 YAW_ERR_DEG=0.024 REQUESTED_MOVE=0.004957 EXECUTED_MOVE=0.004872 ATTEMPT=0 SUCCESS=0 TERMINATED=0 TRUNCATED=0
DAY4_MOTION_DONE=1 ELAPSED_SIM=1.202 INITIAL_ERR=0.01747 FINAL_ERR=0.00029 ARM_V=0.00323
DAY4_GRASP_ATTEMPT=1
TRIAL=015 PHASE=CLOSE_SEARCH
TRIAL=015 LEFT_CONTACT=0 RIGHT_CONTACT=0 STALL=0
TRIAL=015 LEFT_CONTACT=1 RIGHT_CONTACT=0 STALL=0
TRIAL=015 PHASE=WAIT_DUAL_CONTACT
TRIAL=015 PHASE=WAIT_STALL
TRIAL=015 LEFT_CONTACT=1 RIGHT_CONTACT=1 STALL=0 GRIPPER_ERROR=0.06134 VELOCITY=0.04039 CLOSURE_M=0.00062
TRIAL=015 LEFT_CONTACT=1 RIGHT_CONTACT=1 STALL=0 GRIPPER_ERROR=0.04423 VELOCITY=0.00849 CLOSURE_M=0.00119
TRIAL=015 LEFT_CONTACT=1 RIGHT_CONTACT=1 STALL=0 GRIPPER_ERROR=0.03796 VELOCITY=0.00535 CLOSURE_M=0.00141
TRIAL=015 PHASE=LIFT_80_MM
TRIAL=015 ACTUAL_LIFT_M=-0.00045 LEFT_CONTACT=1 RIGHT_CONTACT=1
TRIAL=015 ACTUAL_LIFT_M=0.02665 LEFT_CONTACT=1 RIGHT_CONTACT=1
TRIAL=015 ACTUAL_LIFT_M=0.05896 LEFT_CONTACT=1 RIGHT_CONTACT=1
TRIAL=015 PHASE=HOLD
TRIAL=015 HOLD_SIM_SEC=0.000 HOLD_WALL_SEC=0.000 ACTUAL_LIFT_M=0.07211 RELATIVE_SLIP_M=0.00000 LEFT_CONTACT=1 RIGHT_CONTACT=1
TRIAL=015 HOLD_SIM_SEC=0.886 HOLD_WALL_SEC=1.001 ACTUAL_LIFT_M=0.07502 RELATIVE_SLIP_M=0.00028 LEFT_CONTACT=1 RIGHT_CONTACT=1
TRIAL=015 HOLD_SIM_SEC=1.818 HOLD_WALL_SEC=2.001 ACTUAL_LIFT_M=0.07494 RELATIVE_SLIP_M=0.00028 LEFT_CONTACT=1 RIGHT_CONTACT=1
TRIAL=015 HOLD_SIM_SEC=2.752 HOLD_WALL_SEC=3.001 ACTUAL_LIFT_M=0.07485 RELATIVE_SLIP_M=0.00028 LEFT_CONTACT=1 RIGHT_CONTACT=1
TRIAL=015 HOLD_SIM_SEC=3.678 HOLD_WALL_SEC=4.002 ACTUAL_LIFT_M=0.07476 RELATIVE_SLIP_M=0.00028 LEFT_CONTACT=1 RIGHT_CONTACT=1
TRIAL=015 HOLD_SIM_SEC=4.618 HOLD_WALL_SEC=5.003 ACTUAL_LIFT_M=0.07467 RELATIVE_SLIP_M=0.00028 LEFT_CONTACT=1 RIGHT_CONTACT=1
TRIAL=015 PHASE=PLACE_DOWN
TRIAL=015 PHASE=OPEN_GRIPPER
TRIAL=015 PHASE=RETREAT_PREGRASP
TRIAL=015 PHASE=GRASP_SUCCESS
TRIAL=015 DAY5_PLACE_RELEASE=PASS
DAY4_GRASP_RESULT=SUCCESS
DAY4_STEP=1 EPISODE=015 STEP=04 DIST=0.005637 YAW_ERR_DEG=0.028 REQUESTED_MOVE=0.004949 EXECUTED_MOVE=0.004864 ATTEMPT=1 SUCCESS=1 TERMINATED=1 TRUNCATED=0
DAY7_EPISODE=15 LEVEL=L2 VALID=15/50 TECHNICAL=False SUCCESS=True REASON=
DAY4_RESET_GRIPPER=OPEN ANGLE_RAD=1.570000 EFFORT_NM=1.200000
DAY4_RESET_GRIPPER=AFTER_INITIAL_MOVE ANGLE_RAD=1.570000 EFFORT_NM=1.200000
TRIAL=016 VISUAL_CENTER=[0.31674380600452423, 0.011825083871372044, 0.026008997326487676] SURFACE=[0.31674380600452423, 0.011825083871372044, 0.05100899732648768] CONTOUR_DEG=0.07 AXIS_STD_DEG=0.14 FOOTPRINT=[0.04991328343749046, 0.04991328343749046] CONFIDENCE=0.9723
TRIAL=016 SELECTED_CONTOUR_ORIENTATION=+90.07deg TILT=24.8 LEAN=+1 SYMMETRY=1 IK_FK_POS_ERROR=0.000006m IK_FK_ORIENTATION_ERROR=0.000000rad FINGER_FK_LIFT=0.080000m FINGER_FK_DRIFT=0.000000m JOINT_MOTION=3.018682rad
DAY4_MOTION_DONE=1 ELAPSED_SIM=1.202 INITIAL_ERR=0.01618 FINAL_ERR=0.00027 ARM_V=0.00300
DAY4_STEP=1 EPISODE=016 STEP=01 DIST=0.020300 YAW_ERR_DEG=0.003 REQUESTED_MOVE=0.005000 EXECUTED_MOVE=0.004909 ATTEMPT=0 SUCCESS=0 TERMINATED=0 TRUNCATED=0
DAY4_MOTION_DONE=1 ELAPSED_SIM=1.200 INITIAL_ERR=0.01675 FINAL_ERR=0.00028 ARM_V=0.00310
DAY4_STEP=1 EPISODE=016 STEP=02 DIST=0.015418 YAW_ERR_DEG=0.009 REQUESTED_MOVE=0.004970 EXECUTED_MOVE=0.004883 ATTEMPT=0 SUCCESS=0 TERMINATED=0 TRUNCATED=0
DAY4_MOTION_DONE=1 ELAPSED_SIM=1.202 INITIAL_ERR=0.01692 FINAL_ERR=0.00025 ARM_V=0.00282
DAY4_STEP=1 EPISODE=016 STEP=03 DIST=0.010538 YAW_ERR_DEG=0.014 REQUESTED_MOVE=0.004959 EXECUTED_MOVE=0.004881 ATTEMPT=0 SUCCESS=0 TERMINATED=0 TRUNCATED=0
DAY4_MOTION_DONE=1 ELAPSED_SIM=1.202 INITIAL_ERR=0.01703 FINAL_ERR=0.00026 ARM_V=0.00283
DAY4_GRASP_ATTEMPT=1
TRIAL=016 PHASE=CLOSE_SEARCH
TRIAL=016 LEFT_CONTACT=0 RIGHT_CONTACT=0 STALL=0
TRIAL=016 LEFT_CONTACT=0 RIGHT_CONTACT=1 STALL=0
TRIAL=016 PHASE=WAIT_DUAL_CONTACT
TRIAL=016 PHASE=WAIT_STALL
TRIAL=016 LEFT_CONTACT=1 RIGHT_CONTACT=1 STALL=0 GRIPPER_ERROR=0.07029 VELOCITY=0.04084 CLOSURE_M=0.00027
TRIAL=016 LEFT_CONTACT=1 RIGHT_CONTACT=1 STALL=0 GRIPPER_ERROR=0.04514 VELOCITY=0.01370 CLOSURE_M=0.00099
TRIAL=016 LEFT_CONTACT=1 RIGHT_CONTACT=1 STALL=0 GRIPPER_ERROR=0.03682 VELOCITY=0.00652 CLOSURE_M=0.00123
TRIAL=016 LEFT_CONTACT=1 RIGHT_CONTACT=1 STALL=0 GRIPPER_ERROR=0.03158 VELOCITY=0.00496 CLOSURE_M=0.00138
TRIAL=016 LEFT_CONTACT=1 RIGHT_CONTACT=1 STALL=1 GRIPPER_ERROR=0.02726 VELOCITY=0.00454 CLOSURE_M=0.00151
TRIAL=016 PHASE=LIFT_80_MM
TRIAL=016 ACTUAL_LIFT_M=-0.00002 LEFT_CONTACT=1 RIGHT_CONTACT=1
TRIAL=016 ACTUAL_LIFT_M=0.02717 LEFT_CONTACT=1 RIGHT_CONTACT=1
TRIAL=016 ACTUAL_LIFT_M=0.05934 LEFT_CONTACT=1 RIGHT_CONTACT=1
TRIAL=016 PHASE=HOLD
TRIAL=016 HOLD_SIM_SEC=0.000 HOLD_WALL_SEC=0.000 ACTUAL_LIFT_M=0.07176 RELATIVE_SLIP_M=0.00000 LEFT_CONTACT=1 RIGHT_CONTACT=1
TRIAL=016 HOLD_SIM_SEC=0.882 HOLD_WALL_SEC=1.001 ACTUAL_LIFT_M=0.07518 RELATIVE_SLIP_M=0.00000 LEFT_CONTACT=1 RIGHT_CONTACT=1
TRIAL=016 HOLD_SIM_SEC=1.802 HOLD_WALL_SEC=2.001 ACTUAL_LIFT_M=0.07511 RELATIVE_SLIP_M=0.00000 LEFT_CONTACT=1 RIGHT_CONTACT=1
TRIAL=016 HOLD_SIM_SEC=2.734 HOLD_WALL_SEC=3.001 ACTUAL_LIFT_M=0.07503 RELATIVE_SLIP_M=0.00000 LEFT_CONTACT=1 RIGHT_CONTACT=1
TRIAL=016 HOLD_SIM_SEC=3.680 HOLD_WALL_SEC=4.001 ACTUAL_LIFT_M=0.07494 RELATIVE_SLIP_M=0.00000 LEFT_CONTACT=1 RIGHT_CONTACT=1
TRIAL=016 HOLD_SIM_SEC=4.620 HOLD_WALL_SEC=5.002 ACTUAL_LIFT_M=0.07485 RELATIVE_SLIP_M=0.00000 LEFT_CONTACT=1 RIGHT_CONTACT=1
TRIAL=016 PHASE=PLACE_DOWN
TRIAL=016 PHASE=OPEN_GRIPPER
TRIAL=016 PHASE=RETREAT_PREGRASP
TRIAL=016 PHASE=GRASP_SUCCESS
TRIAL=016 DAY5_PLACE_RELEASE=PASS
DAY4_GRASP_RESULT=SUCCESS
DAY4_STEP=1 EPISODE=016 STEP=04 DIST=0.005667 YAW_ERR_DEG=0.017 REQUESTED_MOVE=0.004951 EXECUTED_MOVE=0.004874 ATTEMPT=1 SUCCESS=1 TERMINATED=1 TRUNCATED=0
DAY7_EPISODE=16 LEVEL=L2 VALID=16/50 TECHNICAL=False SUCCESS=True REASON=
DAY4_RESET_GRIPPER=OPEN ANGLE_RAD=1.570000 EFFORT_NM=1.200000
DAY4_RESET_GRIPPER=AFTER_INITIAL_MOVE ANGLE_RAD=1.570000 EFFORT_NM=1.200000
TRIAL=017 VISUAL_CENTER=[0.31231415271759033, -0.006637556478381157, 0.025623687277257515] SURFACE=[0.31231415271759033, -0.006637556478381157, 0.050623687277257516] CONTOUR_DEG=0.03 AXIS_STD_DEG=0.15 FOOTPRINT=[0.05035961978137493, 0.05035961978137493] CONFIDENCE=0.9716
TRIAL=017 SELECTED_CONTOUR_ORIENTATION=+90.03deg TILT=22.6 LEAN=+1 SYMMETRY=1 IK_FK_POS_ERROR=0.000003m IK_FK_ORIENTATION_ERROR=0.000000rad FINGER_FK_LIFT=0.080000m FINGER_FK_DRIFT=0.000000m JOINT_MOTION=3.014979rad
DAY4_MOTION_DONE=1 ELAPSED_SIM=1.200 INITIAL_ERR=0.01632 FINAL_ERR=0.00024 ARM_V=0.00272
DAY4_STEP=1 EPISODE=017 STEP=01 DIST=0.020300 YAW_ERR_DEG=0.009 REQUESTED_MOVE=0.005004 EXECUTED_MOVE=0.004921 ATTEMPT=0 SUCCESS=0 TERMINATED=0 TRUNCATED=0
DAY4_MOTION_DONE=1 ELAPSED_SIM=1.200 INITIAL_ERR=0.01692 FINAL_ERR=0.00025 ARM_V=0.00281
DAY4_STEP=1 EPISODE=017 STEP=02 DIST=0.015410 YAW_ERR_DEG=0.015 REQUESTED_MOVE=0.004970 EXECUTED_MOVE=0.004891 ATTEMPT=0 SUCCESS=0 TERMINATED=0 TRUNCATED=0
DAY4_MOTION_DONE=1 ELAPSED_SIM=1.200 INITIAL_ERR=0.01706 FINAL_ERR=0.00026 ARM_V=0.00284
DAY4_STEP=1 EPISODE=017 STEP=03 DIST=0.010531 YAW_ERR_DEG=0.020 REQUESTED_MOVE=0.004959 EXECUTED_MOVE=0.004881 ATTEMPT=0 SUCCESS=0 TERMINATED=0 TRUNCATED=0
DAY4_MOTION_DONE=1 ELAPSED_SIM=1.202 INITIAL_ERR=0.01715 FINAL_ERR=0.00026 ARM_V=0.00286
DAY4_GRASP_ATTEMPT=1
TRIAL=017 PHASE=CLOSE_SEARCH
TRIAL=017 LEFT_CONTACT=0 RIGHT_CONTACT=0 STALL=0
TRIAL=017 LEFT_CONTACT=1 RIGHT_CONTACT=0 STALL=0
TRIAL=017 PHASE=WAIT_DUAL_CONTACT
TRIAL=017 PHASE=WAIT_STALL
TRIAL=017 LEFT_CONTACT=1 RIGHT_CONTACT=1 STALL=0 GRIPPER_ERROR=0.06773 VELOCITY=0.04661 CLOSURE_M=0.00036
TRIAL=017 LEFT_CONTACT=1 RIGHT_CONTACT=1 STALL=0 GRIPPER_ERROR=0.04447 VELOCITY=0.01533 CLOSURE_M=0.00106
TRIAL=017 LEFT_CONTACT=1 RIGHT_CONTACT=1 STALL=0 GRIPPER_ERROR=0.03661 VELOCITY=0.00629 CLOSURE_M=0.00130
TRIAL=017 LEFT_CONTACT=1 RIGHT_CONTACT=1 STALL=0 GRIPPER_ERROR=0.03141 VELOCITY=0.00489 CLOSURE_M=0.00147
TRIAL=017 PHASE=LIFT_80_MM
TRIAL=017 ACTUAL_LIFT_M=-0.00029 LEFT_CONTACT=1 RIGHT_CONTACT=1
TRIAL=017 ACTUAL_LIFT_M=0.02764 LEFT_CONTACT=1 RIGHT_CONTACT=1
TRIAL=017 ACTUAL_LIFT_M=0.05959 LEFT_CONTACT=1 RIGHT_CONTACT=1
TRIAL=017 PHASE=HOLD
TRIAL=017 HOLD_SIM_SEC=0.000 HOLD_WALL_SEC=0.000 ACTUAL_LIFT_M=0.07122 RELATIVE_SLIP_M=0.00000 LEFT_CONTACT=1 RIGHT_CONTACT=1
TRIAL=017 HOLD_SIM_SEC=0.888 HOLD_WALL_SEC=1.001 ACTUAL_LIFT_M=0.07438 RELATIVE_SLIP_M=0.00000 LEFT_CONTACT=1 RIGHT_CONTACT=1
TRIAL=017 HOLD_SIM_SEC=1.810 HOLD_WALL_SEC=2.001 ACTUAL_LIFT_M=0.07432 RELATIVE_SLIP_M=0.00000 LEFT_CONTACT=1 RIGHT_CONTACT=1
TRIAL=017 HOLD_SIM_SEC=2.762 HOLD_WALL_SEC=3.001 ACTUAL_LIFT_M=0.07423 RELATIVE_SLIP_M=0.00000 LEFT_CONTACT=1 RIGHT_CONTACT=1
TRIAL=017 HOLD_SIM_SEC=3.714 HOLD_WALL_SEC=4.001 ACTUAL_LIFT_M=0.07415 RELATIVE_SLIP_M=0.00000 LEFT_CONTACT=1 RIGHT_CONTACT=1
TRIAL=017 HOLD_SIM_SEC=4.630 HOLD_WALL_SEC=5.002 ACTUAL_LIFT_M=0.07407 RELATIVE_SLIP_M=0.00000 LEFT_CONTACT=1 RIGHT_CONTACT=1
TRIAL=017 PHASE=PLACE_DOWN
TRIAL=017 PHASE=OPEN_GRIPPER
TRIAL=017 PHASE=RETREAT_PREGRASP
TRIAL=017 PHASE=GRASP_SUCCESS
TRIAL=017 DAY5_PLACE_RELEASE=PASS
DAY4_GRASP_RESULT=SUCCESS
DAY4_STEP=1 EPISODE=017 STEP=04 DIST=0.005660 YAW_ERR_DEG=0.023 REQUESTED_MOVE=0.004951 EXECUTED_MOVE=0.004873 ATTEMPT=1 SUCCESS=1 TERMINATED=1 TRUNCATED=0
DAY7_EPISODE=17 LEVEL=L2 VALID=17/50 TECHNICAL=False SUCCESS=True REASON=
DAY4_RESET_GRIPPER=OPEN ANGLE_RAD=1.570000 EFFORT_NM=1.200000
DAY4_RESET_GRIPPER=AFTER_INITIAL_MOVE ANGLE_RAD=1.570000 EFFORT_NM=1.200000
TRIAL=018 VISUAL_CENTER=[0.319348469376564, 0.011757388478145003, 0.026918878747604368] SURFACE=[0.319348469376564, 0.011757388478145003, 0.05191887874760437] CONTOUR_DEG=-0.13 AXIS_STD_DEG=0.15 FOOTPRINT=[0.04987533204257488, 0.04987533204257488] CONFIDENCE=0.9725
TRIAL=018 SELECTED_CONTOUR_ORIENTATION=+89.87deg TILT=26.1 LEAN=+1 SYMMETRY=1 IK_FK_POS_ERROR=0.000008m IK_FK_ORIENTATION_ERROR=0.000000rad FINGER_FK_LIFT=0.080000m FINGER_FK_DRIFT=0.000000m JOINT_MOTION=3.019538rad
DAY4_MOTION_DONE=1 ELAPSED_SIM=1.200 INITIAL_ERR=0.01606 FINAL_ERR=0.00027 ARM_V=0.00298
DAY4_STEP=1 EPISODE=018 STEP=01 DIST=0.020319 YAW_ERR_DEG=0.003 REQUESTED_MOVE=0.004999 EXECUTED_MOVE=0.004908 ATTEMPT=0 SUCCESS=0 TERMINATED=0 TRUNCATED=0
DAY4_MOTION_DONE=1 ELAPSED_SIM=1.202 INITIAL_ERR=0.01662 FINAL_ERR=0.00028 ARM_V=0.00307
DAY4_STEP=1 EPISODE=018 STEP=02 DIST=0.015437 YAW_ERR_DEG=0.009 REQUESTED_MOVE=0.004971 EXECUTED_MOVE=0.004883 ATTEMPT=0 SUCCESS=0 TERMINATED=0 TRUNCATED=0
DAY4_MOTION_DONE=1 ELAPSED_SIM=1.200 INITIAL_ERR=0.01682 FINAL_ERR=0.00028 ARM_V=0.00311
DAY4_STEP=1 EPISODE=018 STEP=03 DIST=0.010565 YAW_ERR_DEG=0.013 REQUESTED_MOVE=0.004959 EXECUTED_MOVE=0.004873 ATTEMPT=0 SUCCESS=0 TERMINATED=0 TRUNCATED=0
DAY4_MOTION_DONE=1 ELAPSED_SIM=1.200 INITIAL_ERR=0.01694 FINAL_ERR=0.00025 ARM_V=0.00282
DAY4_GRASP_ATTEMPT=1
TRIAL=018 PHASE=CLOSE_SEARCH
TRIAL=018 LEFT_CONTACT=0 RIGHT_CONTACT=0 STALL=0
TRIAL=018 LEFT_CONTACT=0 RIGHT_CONTACT=0 STALL=0
TRIAL=018 PHASE=WAIT_DUAL_CONTACT
TRIAL=018 PHASE=WAIT_STALL
TRIAL=018 LEFT_CONTACT=1 RIGHT_CONTACT=1 STALL=0 GRIPPER_ERROR=0.07073 VELOCITY=0.03993 CLOSURE_M=0.00025
TRIAL=018 LEFT_CONTACT=1 RIGHT_CONTACT=1 STALL=0 GRIPPER_ERROR=0.04932 VELOCITY=0.01362 CLOSURE_M=0.00086
TRIAL=018 LEFT_CONTACT=1 RIGHT_CONTACT=1 STALL=0 GRIPPER_ERROR=0.04113 VELOCITY=0.00663 CLOSURE_M=0.00109
TRIAL=018 LEFT_CONTACT=1 RIGHT_CONTACT=1 STALL=0 GRIPPER_ERROR=0.03588 VELOCITY=0.00500 CLOSURE_M=0.00125
TRIAL=018 LEFT_CONTACT=1 RIGHT_CONTACT=1 STALL=0 GRIPPER_ERROR=0.03154 VELOCITY=0.00457 CLOSURE_M=0.00138
TRIAL=018 LEFT_CONTACT=1 RIGHT_CONTACT=1 STALL=0 GRIPPER_ERROR=0.02739 VELOCITY=0.00444 CLOSURE_M=0.00150
TRIAL=018 PHASE=LIFT_80_MM
TRIAL=018 ACTUAL_LIFT_M=-0.00002 LEFT_CONTACT=1 RIGHT_CONTACT=1
TRIAL=018 ACTUAL_LIFT_M=0.02700 LEFT_CONTACT=1 RIGHT_CONTACT=1
TRIAL=018 ACTUAL_LIFT_M=0.05945 LEFT_CONTACT=1 RIGHT_CONTACT=1
TRIAL=018 PHASE=HOLD
TRIAL=018 HOLD_SIM_SEC=0.000 HOLD_WALL_SEC=0.000 ACTUAL_LIFT_M=0.07270 RELATIVE_SLIP_M=0.00000 LEFT_CONTACT=1 RIGHT_CONTACT=1
TRIAL=018 HOLD_SIM_SEC=0.890 HOLD_WALL_SEC=1.000 ACTUAL_LIFT_M=0.07581 RELATIVE_SLIP_M=0.00028 LEFT_CONTACT=1 RIGHT_CONTACT=1
TRIAL=018 HOLD_SIM_SEC=1.816 HOLD_WALL_SEC=2.000 ACTUAL_LIFT_M=0.07575 RELATIVE_SLIP_M=0.00028 LEFT_CONTACT=1 RIGHT_CONTACT=1
TRIAL=018 HOLD_SIM_SEC=2.750 HOLD_WALL_SEC=3.001 ACTUAL_LIFT_M=0.07566 RELATIVE_SLIP_M=0.00028 LEFT_CONTACT=1 RIGHT_CONTACT=1
TRIAL=018 HOLD_SIM_SEC=3.698 HOLD_WALL_SEC=4.001 ACTUAL_LIFT_M=0.07557 RELATIVE_SLIP_M=0.00028 LEFT_CONTACT=1 RIGHT_CONTACT=1
TRIAL=018 HOLD_SIM_SEC=4.634 HOLD_WALL_SEC=5.001 ACTUAL_LIFT_M=0.07549 RELATIVE_SLIP_M=0.00028 LEFT_CONTACT=1 RIGHT_CONTACT=1
TRIAL=018 PHASE=PLACE_DOWN
TRIAL=018 PHASE=OPEN_GRIPPER
TRIAL=018 PHASE=RETREAT_PREGRASP
TRIAL=018 PHASE=GRASP_SUCCESS
TRIAL=018 DAY5_PLACE_RELEASE=PASS
DAY4_GRASP_RESULT=SUCCESS
DAY4_STEP=1 EPISODE=018 STEP=04 DIST=0.005694 YAW_ERR_DEG=0.017 REQUESTED_MOVE=0.004952 EXECUTED_MOVE=0.004874 ATTEMPT=1 SUCCESS=1 TERMINATED=1 TRUNCATED=0
DAY7_EPISODE=18 LEVEL=L2 VALID=18/50 TECHNICAL=False SUCCESS=True REASON=
DAY4_RESET_GRIPPER=OPEN ANGLE_RAD=1.570000 EFFORT_NM=1.200000
DAY4_RESET_GRIPPER=AFTER_INITIAL_MOVE ANGLE_RAD=1.570000 EFFORT_NM=1.200000
TRIAL=019 VISUAL_CENTER=[0.32224951684474945, -0.00749138742685318, 0.028433966369544712] SURFACE=[0.32224951684474945, -0.00749138742685318, 0.053433966369544714] CONTOUR_DEG=-0.55 AXIS_STD_DEG=0.19 FOOTPRINT=[0.04993109591305256, 0.04993109591305256] CONFIDENCE=0.9720
TRIAL=019 SELECTED_CONTOUR_ORIENTATION=+89.45deg TILT=27.6 LEAN=+1 SYMMETRY=1 IK_FK_POS_ERROR=0.000003m IK_FK_ORIENTATION_ERROR=0.000000rad FINGER_FK_LIFT=0.080000m FINGER_FK_DRIFT=0.000000m JOINT_MOTION=3.018527rad
DAY4_MOTION_DONE=1 ELAPSED_SIM=1.202 INITIAL_ERR=0.01586 FINAL_ERR=0.00024 ARM_V=0.00264
DAY4_STEP=1 EPISODE=019 STEP=01 DIST=0.020327 YAW_ERR_DEG=0.008 REQUESTED_MOVE=0.005001 EXECUTED_MOVE=0.004918 ATTEMPT=0 SUCCESS=0 TERMINATED=0 TRUNCATED=0
DAY4_MOTION_DONE=1 ELAPSED_SIM=1.200 INITIAL_ERR=0.01651 FINAL_ERR=0.00027 ARM_V=0.00305
DAY4_STEP=1 EPISODE=019 STEP=02 DIST=0.015436 YAW_ERR_DEG=0.014 REQUESTED_MOVE=0.004971 EXECUTED_MOVE=0.004883 ATTEMPT=0 SUCCESS=0 TERMINATED=0 TRUNCATED=0
DAY4_MOTION_DONE=1 ELAPSED_SIM=1.200 INITIAL_ERR=0.01671 FINAL_ERR=0.00025 ARM_V=0.00278
DAY4_STEP=1 EPISODE=019 STEP=03 DIST=0.010556 YAW_ERR_DEG=0.019 REQUESTED_MOVE=0.004960 EXECUTED_MOVE=0.004882 ATTEMPT=0 SUCCESS=0 TERMINATED=0 TRUNCATED=0
DAY4_MOTION_DONE=1 ELAPSED_SIM=1.200 INITIAL_ERR=0.01686 FINAL_ERR=0.00025 ARM_V=0.00280
DAY4_GRASP_ATTEMPT=1
TRIAL=019 PHASE=CLOSE_SEARCH
TRIAL=019 LEFT_CONTACT=0 RIGHT_CONTACT=0 STALL=0
TRIAL=019 LEFT_CONTACT=1 RIGHT_CONTACT=0 STALL=0
TRIAL=019 PHASE=WAIT_DUAL_CONTACT
TRIAL=019 PHASE=WAIT_STALL
TRIAL=019 LEFT_CONTACT=1 RIGHT_CONTACT=1 STALL=0 GRIPPER_ERROR=0.07237 VELOCITY=0.04365 CLOSURE_M=0.00022
TRIAL=019 LEFT_CONTACT=1 RIGHT_CONTACT=1 STALL=0 GRIPPER_ERROR=0.04716 VELOCITY=0.01397 CLOSURE_M=0.00096
TRIAL=019 LEFT_CONTACT=1 RIGHT_CONTACT=1 STALL=0 GRIPPER_ERROR=0.03883 VELOCITY=0.00653 CLOSURE_M=0.00121
TRIAL=019 LEFT_CONTACT=1 RIGHT_CONTACT=1 STALL=0 GRIPPER_ERROR=0.03356 VELOCITY=0.00498 CLOSURE_M=0.00137
TRIAL=019 LEFT_CONTACT=1 RIGHT_CONTACT=1 STALL=1 GRIPPER_ERROR=0.02918 VELOCITY=0.00456 CLOSURE_M=0.00151
TRIAL=019 PHASE=LIFT_80_MM
TRIAL=019 ACTUAL_LIFT_M=-0.00012 LEFT_CONTACT=1 RIGHT_CONTACT=1
TRIAL=019 ACTUAL_LIFT_M=0.02811 LEFT_CONTACT=1 RIGHT_CONTACT=1
TRIAL=019 ACTUAL_LIFT_M=0.06022 LEFT_CONTACT=1 RIGHT_CONTACT=1
TRIAL=019 PHASE=HOLD
TRIAL=019 HOLD_SIM_SEC=0.000 HOLD_WALL_SEC=0.000 ACTUAL_LIFT_M=0.07191 RELATIVE_SLIP_M=0.00000 LEFT_CONTACT=1 RIGHT_CONTACT=1
TRIAL=019 HOLD_SIM_SEC=0.888 HOLD_WALL_SEC=1.001 ACTUAL_LIFT_M=0.07490 RELATIVE_SLIP_M=0.00028 LEFT_CONTACT=1 RIGHT_CONTACT=1
TRIAL=019 HOLD_SIM_SEC=1.826 HOLD_WALL_SEC=2.001 ACTUAL_LIFT_M=0.07484 RELATIVE_SLIP_M=0.00028 LEFT_CONTACT=1 RIGHT_CONTACT=1
TRIAL=019 HOLD_SIM_SEC=2.758 HOLD_WALL_SEC=3.001 ACTUAL_LIFT_M=0.07477 RELATIVE_SLIP_M=0.00028 LEFT_CONTACT=1 RIGHT_CONTACT=1
TRIAL=019 HOLD_SIM_SEC=3.692 HOLD_WALL_SEC=4.001 ACTUAL_LIFT_M=0.07469 RELATIVE_SLIP_M=0.00028 LEFT_CONTACT=1 RIGHT_CONTACT=1
TRIAL=019 HOLD_SIM_SEC=4.624 HOLD_WALL_SEC=5.002 ACTUAL_LIFT_M=0.07461 RELATIVE_SLIP_M=0.00028 LEFT_CONTACT=1 RIGHT_CONTACT=1
TRIAL=019 PHASE=PLACE_DOWN
TRIAL=019 PHASE=OPEN_GRIPPER
TRIAL=019 PHASE=RETREAT_PREGRASP
TRIAL=019 PHASE=GRASP_SUCCESS
TRIAL=019 DAY5_PLACE_RELEASE=PASS
DAY4_GRASP_RESULT=SUCCESS
DAY4_STEP=1 EPISODE=019 STEP=04 DIST=0.005684 YAW_ERR_DEG=0.022 REQUESTED_MOVE=0.004953 EXECUTED_MOVE=0.004875 ATTEMPT=1 SUCCESS=1 TERMINATED=1 TRUNCATED=0
DAY7_EPISODE=19 LEVEL=L2 VALID=19/50 TECHNICAL=False SUCCESS=True REASON=
DAY4_RESET_GRIPPER=OPEN ANGLE_RAD=1.570000 EFFORT_NM=1.200000
DAY4_RESET_GRIPPER=AFTER_INITIAL_MOVE ANGLE_RAD=1.570000 EFFORT_NM=1.200000
TRIAL=020 VISUAL_CENTER=[0.2973940521478653, 0.021656452678143978, 0.030455999353452307] SURFACE=[0.2973940521478653, 0.021656452678143978, 0.05545599935345231] CONTOUR_DEG=-0.47 AXIS_STD_DEG=0.11 FOOTPRINT=[0.0493528638035059, 0.0493528638035059] CONFIDENCE=0.9650
TRIAL=020 SELECTED_CONTOUR_ORIENTATION=+89.53deg TILT=16.5 LEAN=+1 SYMMETRY=1 IK_FK_POS_ERROR=0.000010m IK_FK_ORIENTATION_ERROR=0.000000rad FINGER_FK_LIFT=0.080000m FINGER_FK_DRIFT=0.000000m JOINT_MOTION=2.982476rad
DAY4_MOTION_DONE=1 ELAPSED_SIM=1.202 INITIAL_ERR=0.01697 FINAL_ERR=0.00025 ARM_V=0.00283
DAY4_STEP=1 EPISODE=020 STEP=01 DIST=0.020225 YAW_ERR_DEG=0.004 REQUESTED_MOVE=0.005001 EXECUTED_MOVE=0.004921 ATTEMPT=0 SUCCESS=0 TERMINATED=0 TRUNCATED=0
DAY4_MOTION_DONE=1 ELAPSED_SIM=1.200 INITIAL_ERR=0.01738 FINAL_ERR=0.00029 ARM_V=0.00321
DAY4_STEP=1 EPISODE=020 STEP=02 DIST=0.015344 YAW_ERR_DEG=0.010 REQUESTED_MOVE=0.004968 EXECUTED_MOVE=0.004883 ATTEMPT=0 SUCCESS=0 TERMINATED=0 TRUNCATED=0
DAY4_MOTION_DONE=1 ELAPSED_SIM=1.200 INITIAL_ERR=0.01747 FINAL_ERR=0.00029 ARM_V=0.00323
DAY4_STEP=1 EPISODE=020 STEP=03 DIST=0.010466 YAW_ERR_DEG=0.015 REQUESTED_MOVE=0.004956 EXECUTED_MOVE=0.004871 ATTEMPT=0 SUCCESS=0 TERMINATED=0 TRUNCATED=0
DAY4_MOTION_DONE=1 ELAPSED_SIM=1.200 INITIAL_ERR=0.01753 FINAL_ERR=0.00026 ARM_V=0.00292
DAY4_GRASP_ATTEMPT=1
TRIAL=020 PHASE=CLOSE_SEARCH
TRIAL=020 LEFT_CONTACT=0 RIGHT_CONTACT=0 STALL=0
TRIAL=020 LEFT_CONTACT=1 RIGHT_CONTACT=0 STALL=0
TRIAL=020 PHASE=WAIT_DUAL_CONTACT
TRIAL=020 PHASE=WAIT_STALL
TRIAL=020 LEFT_CONTACT=1 RIGHT_CONTACT=1 STALL=0 GRIPPER_ERROR=0.06985 VELOCITY=0.03806 CLOSURE_M=0.00028
TRIAL=020 LEFT_CONTACT=1 RIGHT_CONTACT=1 STALL=0 GRIPPER_ERROR=0.04512 VELOCITY=0.01494 CLOSURE_M=0.00099
TRIAL=020 LEFT_CONTACT=1 RIGHT_CONTACT=1 STALL=0 GRIPPER_ERROR=0.03681 VELOCITY=0.00634 CLOSURE_M=0.00124
TRIAL=020 LEFT_CONTACT=1 RIGHT_CONTACT=1 STALL=0 GRIPPER_ERROR=0.03166 VELOCITY=0.00488 CLOSURE_M=0.00139
TRIAL=020 LEFT_CONTACT=1 RIGHT_CONTACT=1 STALL=1 GRIPPER_ERROR=0.02735 VELOCITY=0.00450 CLOSURE_M=0.00152
TRIAL=020 PHASE=LIFT_80_MM
TRIAL=020 ACTUAL_LIFT_M=-0.00002 LEFT_CONTACT=1 RIGHT_CONTACT=1
TRIAL=020 ACTUAL_LIFT_M=0.02748 LEFT_CONTACT=1 RIGHT_CONTACT=1
TRIAL=020 ACTUAL_LIFT_M=0.05979 LEFT_CONTACT=1 RIGHT_CONTACT=1
TRIAL=020 PHASE=HOLD
TRIAL=020 HOLD_SIM_SEC=0.000 HOLD_WALL_SEC=0.000 ACTUAL_LIFT_M=0.07230 RELATIVE_SLIP_M=0.00000 LEFT_CONTACT=1 RIGHT_CONTACT=1
TRIAL=020 HOLD_SIM_SEC=0.890 HOLD_WALL_SEC=1.000 ACTUAL_LIFT_M=0.07547 RELATIVE_SLIP_M=0.00028 LEFT_CONTACT=1 RIGHT_CONTACT=1
TRIAL=020 HOLD_SIM_SEC=1.836 HOLD_WALL_SEC=2.000 ACTUAL_LIFT_M=0.07540 RELATIVE_SLIP_M=0.00028 LEFT_CONTACT=1 RIGHT_CONTACT=1
TRIAL=020 HOLD_SIM_SEC=2.788 HOLD_WALL_SEC=3.001 ACTUAL_LIFT_M=0.07530 RELATIVE_SLIP_M=0.00028 LEFT_CONTACT=1 RIGHT_CONTACT=1
TRIAL=020 HOLD_SIM_SEC=3.734 HOLD_WALL_SEC=4.001 ACTUAL_LIFT_M=0.07520 RELATIVE_SLIP_M=0.00028 LEFT_CONTACT=1 RIGHT_CONTACT=1
TRIAL=020 HOLD_SIM_SEC=4.680 HOLD_WALL_SEC=5.001 ACTUAL_LIFT_M=0.07510 RELATIVE_SLIP_M=0.00028 LEFT_CONTACT=1 RIGHT_CONTACT=1
TRIAL=020 PHASE=PLACE_DOWN
TRIAL=020 PHASE=OPEN_GRIPPER
TRIAL=020 PHASE=RETREAT_PREGRASP
TRIAL=020 PHASE=GRASP_SUCCESS
TRIAL=020 DAY5_PLACE_RELEASE=PASS
DAY4_GRASP_RESULT=SUCCESS
DAY4_STEP=1 EPISODE=020 STEP=04 DIST=0.005598 YAW_ERR_DEG=0.019 REQUESTED_MOVE=0.004947 EXECUTED_MOVE=0.004871 ATTEMPT=1 SUCCESS=1 TERMINATED=1 TRUNCATED=0
DAY7_EPISODE=20 LEVEL=L2 VALID=20/50 TECHNICAL=False SUCCESS=True REASON=
DAY4_RESET_GRIPPER=OPEN ANGLE_RAD=1.570000 EFFORT_NM=1.200000
DAY4_RESET_GRIPPER=AFTER_INITIAL_MOVE ANGLE_RAD=1.570000 EFFORT_NM=1.200000
TRIAL=021 VISUAL_CENTER=[0.30158376693725586, 0.02487506461329758, 0.02572653465505642] SURFACE=[0.30158376693725586, 0.02487506461329758, 0.05072653465505642] CONTOUR_DEG=0.36 AXIS_STD_DEG=0.08 FOOTPRINT=[0.05046406574547291, 0.05046406574547291] CONFIDENCE=0.9605
TRIAL=021 SELECTED_CONTOUR_ORIENTATION=+90.36deg TILT=18.1 LEAN=+1 SYMMETRY=1 IK_FK_POS_ERROR=0.000009m IK_FK_ORIENTATION_ERROR=0.000000rad FINGER_FK_LIFT=0.080000m FINGER_FK_DRIFT=0.000000m JOINT_MOTION=3.008008rad
DAY4_MOTION_DONE=1 ELAPSED_SIM=1.202 INITIAL_ERR=0.01680 FINAL_ERR=0.00028 ARM_V=0.00311
DAY4_STEP=1 EPISODE=021 STEP=01 DIST=0.020259 YAW_ERR_DEG=0.003 REQUESTED_MOVE=0.005003 EXECUTED_MOVE=0.004913 ATTEMPT=0 SUCCESS=0 TERMINATED=0 TRUNCATED=0
DAY4_MOTION_DONE=1 ELAPSED_SIM=1.202 INITIAL_ERR=0.01727 FINAL_ERR=0.00026 ARM_V=0.00287
DAY4_STEP=1 EPISODE=021 STEP=02 DIST=0.015363 YAW_ERR_DEG=0.009 REQUESTED_MOVE=0.004969 EXECUTED_MOVE=0.004890 ATTEMPT=0 SUCCESS=0 TERMINATED=0 TRUNCATED=0
DAY4_MOTION_DONE=1 ELAPSED_SIM=1.202 INITIAL_ERR=0.01741 FINAL_ERR=0.00026 ARM_V=0.00290
DAY4_STEP=1 EPISODE=021 STEP=03 DIST=0.010485 YAW_ERR_DEG=0.014 REQUESTED_MOVE=0.004957 EXECUTED_MOVE=0.004879 ATTEMPT=0 SUCCESS=0 TERMINATED=0 TRUNCATED=0
DAY4_MOTION_DONE=1 ELAPSED_SIM=1.200 INITIAL_ERR=0.01745 FINAL_ERR=0.00026 ARM_V=0.00290
DAY4_GRASP_ATTEMPT=1
TRIAL=021 PHASE=CLOSE_SEARCH
TRIAL=021 LEFT_CONTACT=0 RIGHT_CONTACT=0 STALL=0
TRIAL=021 PHASE=WAIT_DUAL_CONTACT
TRIAL=021 LEFT_CONTACT=1 RIGHT_CONTACT=1 STALL=0
TRIAL=021 PHASE=WAIT_STALL
TRIAL=021 LEFT_CONTACT=1 RIGHT_CONTACT=1 STALL=0 GRIPPER_ERROR=0.06977 VELOCITY=0.04329 CLOSURE_M=0.00027
TRIAL=021 LEFT_CONTACT=1 RIGHT_CONTACT=1 STALL=0 GRIPPER_ERROR=0.04409 VELOCITY=0.01472 CLOSURE_M=0.00099
TRIAL=021 LEFT_CONTACT=1 RIGHT_CONTACT=1 STALL=0 GRIPPER_ERROR=0.03553 VELOCITY=0.00666 CLOSURE_M=0.00123
TRIAL=021 LEFT_CONTACT=1 RIGHT_CONTACT=1 STALL=0 GRIPPER_ERROR=0.03018 VELOCITY=0.00496 CLOSURE_M=0.00139
TRIAL=021 LEFT_CONTACT=1 RIGHT_CONTACT=1 STALL=1 GRIPPER_ERROR=0.02581 VELOCITY=0.00452 CLOSURE_M=0.00151
TRIAL=021 PHASE=LIFT_80_MM
TRIAL=021 ACTUAL_LIFT_M=-0.00002 LEFT_CONTACT=1 RIGHT_CONTACT=1
TRIAL=021 ACTUAL_LIFT_M=0.02725 LEFT_CONTACT=1 RIGHT_CONTACT=1
TRIAL=021 ACTUAL_LIFT_M=0.05847 LEFT_CONTACT=1 RIGHT_CONTACT=1
TRIAL=021 PHASE=HOLD
TRIAL=021 HOLD_SIM_SEC=0.000 HOLD_WALL_SEC=0.001 ACTUAL_LIFT_M=0.07145 RELATIVE_SLIP_M=0.00000 LEFT_CONTACT=1 RIGHT_CONTACT=1
TRIAL=021 HOLD_SIM_SEC=0.910 HOLD_WALL_SEC=1.001 ACTUAL_LIFT_M=0.07457 RELATIVE_SLIP_M=0.00028 LEFT_CONTACT=1 RIGHT_CONTACT=1
TRIAL=021 HOLD_SIM_SEC=1.812 HOLD_WALL_SEC=2.001 ACTUAL_LIFT_M=0.07450 RELATIVE_SLIP_M=0.00028 LEFT_CONTACT=1 RIGHT_CONTACT=1
TRIAL=021 HOLD_SIM_SEC=2.696 HOLD_WALL_SEC=3.001 ACTUAL_LIFT_M=0.07441 RELATIVE_SLIP_M=0.00028 LEFT_CONTACT=1 RIGHT_CONTACT=1
TRIAL=021 HOLD_SIM_SEC=3.612 HOLD_WALL_SEC=4.001 ACTUAL_LIFT_M=0.07432 RELATIVE_SLIP_M=0.00028 LEFT_CONTACT=1 RIGHT_CONTACT=1
TRIAL=021 HOLD_SIM_SEC=4.528 HOLD_WALL_SEC=5.001 ACTUAL_LIFT_M=0.07422 RELATIVE_SLIP_M=0.00028 LEFT_CONTACT=1 RIGHT_CONTACT=1
TRIAL=021 PHASE=PLACE_DOWN
TRIAL=021 PHASE=OPEN_GRIPPER
TRIAL=021 PHASE=RETREAT_PREGRASP
TRIAL=021 PHASE=GRASP_SUCCESS
TRIAL=021 DAY5_PLACE_RELEASE=PASS
DAY4_GRASP_RESULT=SUCCESS
DAY4_STEP=1 EPISODE=021 STEP=04 DIST=0.005609 YAW_ERR_DEG=0.017 REQUESTED_MOVE=0.004948 EXECUTED_MOVE=0.004871 ATTEMPT=1 SUCCESS=1 TERMINATED=1 TRUNCATED=0
DAY7_EPISODE=21 LEVEL=L2 VALID=21/50 TECHNICAL=False SUCCESS=True REASON=
DAY4_RESET_GRIPPER=OPEN ANGLE_RAD=1.570000 EFFORT_NM=1.200000
DAY4_RESET_GRIPPER=AFTER_INITIAL_MOVE ANGLE_RAD=1.570000 EFFORT_NM=1.200000
TRIAL=022 VISUAL_CENTER=[0.2898171991109848, 0.0063944789581000805, 0.022532202733199398] SURFACE=[0.2898171991109848, 0.0063944789581000805, 0.0475322027331994] CONTOUR_DEG=-0.12 AXIS_STD_DEG=0.23 FOOTPRINT=[0.05001099407672882, 0.05001099407672882] CONFIDENCE=0.9469
TRIAL=022 SELECTED_CONTOUR_ORIENTATION=+89.88deg TILT=11.9 LEAN=+1 SYMMETRY=1 IK_FK_POS_ERROR=0.000002m IK_FK_ORIENTATION_ERROR=0.000000rad FINGER_FK_LIFT=0.080000m FINGER_FK_DRIFT=0.000000m JOINT_MOTION=3.013060rad
DAY4_MOTION_DONE=1 ELAPSED_SIM=1.202 INITIAL_ERR=0.01704 FINAL_ERR=0.00028 ARM_V=0.00312
DAY4_STEP=1 EPISODE=022 STEP=01 DIST=0.020639 YAW_ERR_DEG=0.007 REQUESTED_MOVE=0.005009 EXECUTED_MOVE=0.004925 ATTEMPT=0 SUCCESS=0 TERMINATED=0 TRUNCATED=0
DAY4_MOTION_DONE=1 ELAPSED_SIM=1.202 INITIAL_ERR=0.01776 FINAL_ERR=0.00027 ARM_V=0.00296
DAY4_STEP=1 EPISODE=022 STEP=02 DIST=0.015750 YAW_ERR_DEG=0.014 REQUESTED_MOVE=0.004967 EXECUTED_MOVE=0.004891 ATTEMPT=0 SUCCESS=0 TERMINATED=0 TRUNCATED=0
DAY4_MOTION_DONE=1 ELAPSED_SIM=1.200 INITIAL_ERR=0.01786 FINAL_ERR=0.00030 ARM_V=0.00330
DAY4_STEP=1 EPISODE=022 STEP=03 DIST=0.010872 YAW_ERR_DEG=0.019 REQUESTED_MOVE=0.004955 EXECUTED_MOVE=0.004871 ATTEMPT=0 SUCCESS=0 TERMINATED=0 TRUNCATED=0
DAY4_MOTION_DONE=1 ELAPSED_SIM=1.200 INITIAL_ERR=0.01789 FINAL_ERR=0.00027 ARM_V=0.00298
DAY4_STEP=1 EPISODE=022 STEP=04 DIST=0.006004 YAW_ERR_DEG=0.022 REQUESTED_MOVE=0.004946 EXECUTED_MOVE=0.004871 ATTEMPT=0 SUCCESS=0 TERMINATED=0 TRUNCATED=0
DAY4_MOTION_DONE=1 ELAPSED_SIM=1.202 INITIAL_ERR=0.01731 FINAL_ERR=0.00026 ARM_V=0.00288
DAY4_GRASP_ATTEMPT=1
TRIAL=022 PHASE=CLOSE_SEARCH
TRIAL=022 LEFT_CONTACT=0 RIGHT_CONTACT=0 STALL=0
TRIAL=022 LEFT_CONTACT=1 RIGHT_CONTACT=0 STALL=0
TRIAL=022 PHASE=WAIT_DUAL_CONTACT
TRIAL=022 PHASE=WAIT_STALL
TRIAL=022 LEFT_CONTACT=1 RIGHT_CONTACT=1 STALL=0 GRIPPER_ERROR=0.06981 VELOCITY=0.04129 CLOSURE_M=0.00031
TRIAL=022 LEFT_CONTACT=1 RIGHT_CONTACT=1 STALL=0 GRIPPER_ERROR=0.04593 VELOCITY=0.01346 CLOSURE_M=0.00105
TRIAL=022 LEFT_CONTACT=1 RIGHT_CONTACT=1 STALL=0 GRIPPER_ERROR=0.03744 VELOCITY=0.00650 CLOSURE_M=0.00132
TRIAL=022 LEFT_CONTACT=1 RIGHT_CONTACT=1 STALL=0 GRIPPER_ERROR=0.03230 VELOCITY=0.00490 CLOSURE_M=0.00148
TRIAL=022 PHASE=LIFT_80_MM
TRIAL=022 ACTUAL_LIFT_M=-0.00025 LEFT_CONTACT=1 RIGHT_CONTACT=1
TRIAL=022 ACTUAL_LIFT_M=0.02974 LEFT_CONTACT=1 RIGHT_CONTACT=1
TRIAL=022 ACTUAL_LIFT_M=0.06382 LEFT_CONTACT=1 RIGHT_CONTACT=1
TRIAL=022 PHASE=HOLD
TRIAL=022 HOLD_SIM_SEC=0.000 HOLD_WALL_SEC=0.001 ACTUAL_LIFT_M=0.07622 RELATIVE_SLIP_M=0.00000 LEFT_CONTACT=1 RIGHT_CONTACT=1
TRIAL=022 HOLD_SIM_SEC=0.884 HOLD_WALL_SEC=1.001 ACTUAL_LIFT_M=0.07940 RELATIVE_SLIP_M=0.00000 LEFT_CONTACT=1 RIGHT_CONTACT=1
TRIAL=022 HOLD_SIM_SEC=1.836 HOLD_WALL_SEC=2.001 ACTUAL_LIFT_M=0.07933 RELATIVE_SLIP_M=0.00000 LEFT_CONTACT=1 RIGHT_CONTACT=1
TRIAL=022 HOLD_SIM_SEC=2.782 HOLD_WALL_SEC=3.001 ACTUAL_LIFT_M=0.07924 RELATIVE_SLIP_M=0.00000 LEFT_CONTACT=1 RIGHT_CONTACT=1
TRIAL=022 HOLD_SIM_SEC=3.706 HOLD_WALL_SEC=4.001 ACTUAL_LIFT_M=0.07915 RELATIVE_SLIP_M=0.00000 LEFT_CONTACT=1 RIGHT_CONTACT=1
TRIAL=022 HOLD_SIM_SEC=4.642 HOLD_WALL_SEC=5.002 ACTUAL_LIFT_M=0.07906 RELATIVE_SLIP_M=0.00000 LEFT_CONTACT=1 RIGHT_CONTACT=1
TRIAL=022 PHASE=PLACE_DOWN
TRIAL=022 PHASE=OPEN_GRIPPER
TRIAL=022 PHASE=RETREAT_PREGRASP
TRIAL=022 PHASE=GRASP_SUCCESS
TRIAL=022 DAY5_PLACE_RELEASE=PASS
DAY4_GRASP_RESULT=SUCCESS
DAY4_STEP=1 EPISODE=022 STEP=05 DIST=0.001318 YAW_ERR_DEG=0.025 REQUESTED_MOVE=0.004780 EXECUTED_MOVE=0.004707 ATTEMPT=1 SUCCESS=1 TERMINATED=1 TRUNCATED=0
DAY7_EPISODE=22 LEVEL=L2 VALID=22/50 TECHNICAL=False SUCCESS=True REASON=
DAY4_RESET_GRIPPER=OPEN ANGLE_RAD=1.570000 EFFORT_NM=1.200000
DAY4_RESET_GRIPPER=AFTER_INITIAL_MOVE ANGLE_RAD=1.570000 EFFORT_NM=1.200000
TRIAL=023 VISUAL_CENTER=[0.30111995339393616, 0.012095974176190794, 0.0248944126010266] SURFACE=[0.30111995339393616, 0.012095974176190794, 0.0498944126010266] CONTOUR_DEG=0.06 AXIS_STD_DEG=0.17 FOOTPRINT=[0.04988201893866062, 0.04988201893866062] CONFIDENCE=0.9591
TRIAL=023 SELECTED_CONTOUR_ORIENTATION=+90.06deg TILT=17.4 LEAN=+1 SYMMETRY=1 IK_FK_POS_ERROR=0.000004m IK_FK_ORIENTATION_ERROR=0.000000rad FINGER_FK_LIFT=0.080000m FINGER_FK_DRIFT=0.000000m JOINT_MOTION=3.005634rad
DAY4_MOTION_DONE=1 ELAPSED_SIM=1.200 INITIAL_ERR=0.01688 FINAL_ERR=0.00025 ARM_V=0.00282
DAY4_STEP=1 EPISODE=023 STEP=01 DIST=0.020238 YAW_ERR_DEG=0.005 REQUESTED_MOVE=0.005003 EXECUTED_MOVE=0.004923 ATTEMPT=0 SUCCESS=0 TERMINATED=0 TRUNCATED=0
DAY4_MOTION_DONE=1 ELAPSED_SIM=1.200 INITIAL_ERR=0.01734 FINAL_ERR=0.00026 ARM_V=0.00289
DAY4_STEP=1 EPISODE=023 STEP=02 DIST=0.015349 YAW_ERR_DEG=0.012 REQUESTED_MOVE=0.004968 EXECUTED_MOVE=0.004891 ATTEMPT=0 SUCCESS=0 TERMINATED=0 TRUNCATED=0
DAY4_MOTION_DONE=1 ELAPSED_SIM=1.200 INITIAL_ERR=0.01745 FINAL_ERR=0.00029 ARM_V=0.00323
DAY4_STEP=1 EPISODE=023 STEP=03 DIST=0.010470 YAW_ERR_DEG=0.016 REQUESTED_MOVE=0.004956 EXECUTED_MOVE=0.004872 ATTEMPT=0 SUCCESS=0 TERMINATED=0 TRUNCATED=0
DAY4_MOTION_DONE=1 ELAPSED_SIM=1.200 INITIAL_ERR=0.01750 FINAL_ERR=0.00026 ARM_V=0.00292
DAY4_GRASP_ATTEMPT=1
TRIAL=023 PHASE=CLOSE_SEARCH
TRIAL=023 LEFT_CONTACT=0 RIGHT_CONTACT=0 STALL=0
TRIAL=023 LEFT_CONTACT=0 RIGHT_CONTACT=1 STALL=0
TRIAL=023 PHASE=WAIT_DUAL_CONTACT
TRIAL=023 PHASE=WAIT_STALL
TRIAL=023 LEFT_CONTACT=1 RIGHT_CONTACT=1 STALL=0 GRIPPER_ERROR=0.07004 VELOCITY=0.04005 CLOSURE_M=0.00029
TRIAL=023 LEFT_CONTACT=1 RIGHT_CONTACT=1 STALL=0 GRIPPER_ERROR=0.04617 VELOCITY=0.01457 CLOSURE_M=0.00100
TRIAL=023 LEFT_CONTACT=1 RIGHT_CONTACT=1 STALL=0 GRIPPER_ERROR=0.03828 VELOCITY=0.00624 CLOSURE_M=0.00124
TRIAL=023 LEFT_CONTACT=1 RIGHT_CONTACT=1 STALL=0 GRIPPER_ERROR=0.03318 VELOCITY=0.00485 CLOSURE_M=0.00140
TRIAL=023 LEFT_CONTACT=1 RIGHT_CONTACT=1 STALL=1 GRIPPER_ERROR=0.02889 VELOCITY=0.00446 CLOSURE_M=0.00153
TRIAL=023 PHASE=LIFT_80_MM
TRIAL=023 ACTUAL_LIFT_M=-0.00002 LEFT_CONTACT=1 RIGHT_CONTACT=1
TRIAL=023 ACTUAL_LIFT_M=0.02784 LEFT_CONTACT=1 RIGHT_CONTACT=1
TRIAL=023 ACTUAL_LIFT_M=0.06011 LEFT_CONTACT=1 RIGHT_CONTACT=1
TRIAL=023 PHASE=HOLD
TRIAL=023 HOLD_SIM_SEC=0.000 HOLD_WALL_SEC=0.000 ACTUAL_LIFT_M=0.07189 RELATIVE_SLIP_M=0.00000 LEFT_CONTACT=1 RIGHT_CONTACT=1
TRIAL=023 HOLD_SIM_SEC=0.888 HOLD_WALL_SEC=1.001 ACTUAL_LIFT_M=0.07538 RELATIVE_SLIP_M=0.00000 LEFT_CONTACT=1 RIGHT_CONTACT=1
TRIAL=023 HOLD_SIM_SEC=1.838 HOLD_WALL_SEC=2.001 ACTUAL_LIFT_M=0.07531 RELATIVE_SLIP_M=0.00000 LEFT_CONTACT=1 RIGHT_CONTACT=1
TRIAL=023 HOLD_SIM_SEC=2.776 HOLD_WALL_SEC=3.001 ACTUAL_LIFT_M=0.07522 RELATIVE_SLIP_M=0.00000 LEFT_CONTACT=1 RIGHT_CONTACT=1
TRIAL=023 HOLD_SIM_SEC=3.744 HOLD_WALL_SEC=4.001 ACTUAL_LIFT_M=0.07513 RELATIVE_SLIP_M=0.00000 LEFT_CONTACT=1 RIGHT_CONTACT=1
TRIAL=023 HOLD_SIM_SEC=4.694 HOLD_WALL_SEC=5.001 ACTUAL_LIFT_M=0.07504 RELATIVE_SLIP_M=0.00000 LEFT_CONTACT=1 RIGHT_CONTACT=1
TRIAL=023 PHASE=PLACE_DOWN
TRIAL=023 PHASE=OPEN_GRIPPER
TRIAL=023 PHASE=RETREAT_PREGRASP
TRIAL=023 PHASE=GRASP_SUCCESS
TRIAL=023 DAY5_PLACE_RELEASE=PASS
DAY4_GRASP_RESULT=SUCCESS
DAY4_STEP=1 EPISODE=023 STEP=04 DIST=0.005601 YAW_ERR_DEG=0.019 REQUESTED_MOVE=0.004948 EXECUTED_MOVE=0.004872 ATTEMPT=1 SUCCESS=1 TERMINATED=1 TRUNCATED=0
DAY7_EPISODE=23 LEVEL=L2 VALID=23/50 TECHNICAL=False SUCCESS=True REASON=
DAY4_RESET_GRIPPER=OPEN ANGLE_RAD=1.570000 EFFORT_NM=1.200000
DAY4_RESET_GRIPPER=AFTER_INITIAL_MOVE ANGLE_RAD=1.570000 EFFORT_NM=1.200000
TRIAL=024 VISUAL_CENTER=[0.31268882751464844, -0.023171559019829147, 0.026021682298955608] SURFACE=[0.31268882751464844, -0.023171559019829147, 0.05102168229895561] CONTOUR_DEG=-0.11 AXIS_STD_DEG=0.12 FOOTPRINT=[0.04993423819541931, 0.04993423819541931] CONFIDENCE=0.9706
TRIAL=024 SELECTED_CONTOUR_ORIENTATION=+89.89deg TILT=23.2 LEAN=+1 SYMMETRY=1 IK_FK_POS_ERROR=0.000012m IK_FK_ORIENTATION_ERROR=0.000000rad FINGER_FK_LIFT=0.080000m FINGER_FK_DRIFT=0.000000m JOINT_MOTION=3.015516rad
DAY4_MOTION_DONE=1 ELAPSED_SIM=1.202 INITIAL_ERR=0.01634 FINAL_ERR=0.00037 ARM_V=0.00415
DAY4_STEP=1 EPISODE=024 STEP=01 DIST=0.020317 YAW_ERR_DEG=0.013 REQUESTED_MOVE=0.005000 EXECUTED_MOVE=0.004879 ATTEMPT=0 SUCCESS=0 TERMINATED=0 TRUNCATED=0
DAY4_MOTION_DONE=1 ELAPSED_SIM=1.200 INITIAL_ERR=0.01681 FINAL_ERR=0.00038 ARM_V=0.00424
DAY4_STEP=1 EPISODE=024 STEP=02 DIST=0.015453 YAW_ERR_DEG=0.020 REQUESTED_MOVE=0.004971 EXECUTED_MOVE=0.004854 ATTEMPT=0 SUCCESS=0 TERMINATED=0 TRUNCATED=0
DAY4_MOTION_DONE=1 ELAPSED_SIM=1.202 INITIAL_ERR=0.01703 FINAL_ERR=0.00039 ARM_V=0.00429
DAY4_STEP=1 EPISODE=024 STEP=03 DIST=0.010612 YAW_ERR_DEG=0.026 REQUESTED_MOVE=0.004959 EXECUTED_MOVE=0.004843 ATTEMPT=0 SUCCESS=0 TERMINATED=0 TRUNCATED=0
DAY4_MOTION_DONE=1 ELAPSED_SIM=1.202 INITIAL_ERR=0.01709 FINAL_ERR=0.00039 ARM_V=0.00431
DAY4_GRASP_ATTEMPT=1
TRIAL=024 PHASE=CLOSE_SEARCH
TRIAL=024 LEFT_CONTACT=0 RIGHT_CONTACT=0 STALL=0
TRIAL=024 LEFT_CONTACT=1 RIGHT_CONTACT=0 STALL=0
TRIAL=024 PHASE=WAIT_DUAL_CONTACT
TRIAL=024 PHASE=WAIT_STALL
TRIAL=024 LEFT_CONTACT=1 RIGHT_CONTACT=1 STALL=0 GRIPPER_ERROR=0.05679 VELOCITY=0.03273 CLOSURE_M=0.00064
TRIAL=024 LEFT_CONTACT=1 RIGHT_CONTACT=1 STALL=0 GRIPPER_ERROR=0.04480 VELOCITY=0.01086 CLOSURE_M=0.00098
TRIAL=024 LEFT_CONTACT=1 RIGHT_CONTACT=1 STALL=0 GRIPPER_ERROR=0.03865 VELOCITY=0.00517 CLOSURE_M=0.00116
TRIAL=024 LEFT_CONTACT=1 RIGHT_CONTACT=1 STALL=0 GRIPPER_ERROR=0.03400 VELOCITY=0.00456 CLOSURE_M=0.00129
TRIAL=024 LEFT_CONTACT=1 RIGHT_CONTACT=1 STALL=0 GRIPPER_ERROR=0.02973 VELOCITY=0.00447 CLOSURE_M=0.00142
TRIAL=024 LEFT_CONTACT=1 RIGHT_CONTACT=1 STALL=1 GRIPPER_ERROR=0.02561 VELOCITY=0.00438 CLOSURE_M=0.00154
TRIAL=024 PHASE=LIFT_80_MM
TRIAL=024 ACTUAL_LIFT_M=-0.00002 LEFT_CONTACT=1 RIGHT_CONTACT=1
TRIAL=024 ACTUAL_LIFT_M=0.02667 LEFT_CONTACT=1 RIGHT_CONTACT=1
TRIAL=024 ACTUAL_LIFT_M=0.05971 LEFT_CONTACT=1 RIGHT_CONTACT=1
TRIAL=024 PHASE=HOLD
TRIAL=024 HOLD_SIM_SEC=0.000 HOLD_WALL_SEC=0.000 ACTUAL_LIFT_M=0.07222 RELATIVE_SLIP_M=0.00000 LEFT_CONTACT=1 RIGHT_CONTACT=1
TRIAL=024 HOLD_SIM_SEC=0.876 HOLD_WALL_SEC=1.001 ACTUAL_LIFT_M=0.07555 RELATIVE_SLIP_M=0.00000 LEFT_CONTACT=1 RIGHT_CONTACT=1
TRIAL=024 HOLD_SIM_SEC=1.804 HOLD_WALL_SEC=2.001 ACTUAL_LIFT_M=0.07546 RELATIVE_SLIP_M=0.00000 LEFT_CONTACT=1 RIGHT_CONTACT=1
TRIAL=024 HOLD_SIM_SEC=2.734 HOLD_WALL_SEC=3.001 ACTUAL_LIFT_M=0.07537 RELATIVE_SLIP_M=0.00000 LEFT_CONTACT=1 RIGHT_CONTACT=1
TRIAL=024 HOLD_SIM_SEC=3.686 HOLD_WALL_SEC=4.001 ACTUAL_LIFT_M=0.07529 RELATIVE_SLIP_M=0.00000 LEFT_CONTACT=1 RIGHT_CONTACT=1
TRIAL=024 HOLD_SIM_SEC=4.618 HOLD_WALL_SEC=5.001 ACTUAL_LIFT_M=0.07524 RELATIVE_SLIP_M=0.00000 LEFT_CONTACT=1 RIGHT_CONTACT=1
TRIAL=024 PHASE=PLACE_DOWN
TRIAL=024 PHASE=OPEN_GRIPPER
TRIAL=024 PHASE=RETREAT_PREGRASP
TRIAL=024 PHASE=GRASP_SUCCESS
TRIAL=024 DAY5_PLACE_RELEASE=PASS
DAY4_GRASP_RESULT=SUCCESS
DAY4_STEP=1 EPISODE=024 STEP=04 DIST=0.005778 YAW_ERR_DEG=0.030 REQUESTED_MOVE=0.004951 EXECUTED_MOVE=0.004836 ATTEMPT=1 SUCCESS=1 TERMINATED=1 TRUNCATED=0
DAY7_EPISODE=24 LEVEL=L2 VALID=24/50 TECHNICAL=False SUCCESS=True REASON=
DAY4_RESET_GRIPPER=OPEN ANGLE_RAD=1.570000 EFFORT_NM=1.200000
DAY4_RESET_GRIPPER=AFTER_INITIAL_MOVE ANGLE_RAD=1.570000 EFFORT_NM=1.200000
TRIAL=025 VISUAL_CENTER=[0.299331933259964, 0.023737355135381222, 0.024416104460309285] SURFACE=[0.299331933259964, 0.023737355135381222, 0.049416104460309286] CONTOUR_DEG=-0.43 AXIS_STD_DEG=0.03 FOOTPRINT=[0.05011875182390213, 0.05011875182390213] CONFIDENCE=0.9644
TRIAL=025 SELECTED_CONTOUR_ORIENTATION=+89.57deg TILT=16.9 LEAN=+1 SYMMETRY=1 IK_FK_POS_ERROR=0.000010m IK_FK_ORIENTATION_ERROR=0.000000rad FINGER_FK_LIFT=0.080000m FINGER_FK_DRIFT=0.000000m JOINT_MOTION=3.010720rad
DAY4_MOTION_DONE=1 ELAPSED_SIM=1.202 INITIAL_ERR=0.01695 FINAL_ERR=0.00031 ARM_V=0.00349
DAY4_STEP=1 EPISODE=025 STEP=01 DIST=0.020255 YAW_ERR_DEG=0.003 REQUESTED_MOVE=0.005003 EXECUTED_MOVE=0.004905 ATTEMPT=0 SUCCESS=0 TERMINATED=0 TRUNCATED=0
DAY4_MOTION_DONE=1 ELAPSED_SIM=1.200 INITIAL_ERR=0.01736 FINAL_ERR=0.00032 ARM_V=0.00356
DAY4_STEP=1 EPISODE=025 STEP=02 DIST=0.015383 YAW_ERR_DEG=0.009 REQUESTED_MOVE=0.004968 EXECUTED_MOVE=0.004873 ATTEMPT=0 SUCCESS=0 TERMINATED=0 TRUNCATED=0
DAY4_MOTION_DONE=1 ELAPSED_SIM=1.202 INITIAL_ERR=0.01748 FINAL_ERR=0.00032 ARM_V=0.00358
DAY4_STEP=1 EPISODE=025 STEP=03 DIST=0.010522 YAW_ERR_DEG=0.013 REQUESTED_MOVE=0.004956 EXECUTED_MOVE=0.004862 ATTEMPT=0 SUCCESS=0 TERMINATED=0 TRUNCATED=0
DAY4_MOTION_DONE=1 ELAPSED_SIM=1.202 INITIAL_ERR=0.01753 FINAL_ERR=0.00032 ARM_V=0.00359
DAY4_GRASP_ATTEMPT=1
TRIAL=025 PHASE=CLOSE_SEARCH
TRIAL=025 LEFT_CONTACT=0 RIGHT_CONTACT=0 STALL=0
TRIAL=025 LEFT_CONTACT=0 RIGHT_CONTACT=1 STALL=0
TRIAL=025 PHASE=WAIT_DUAL_CONTACT
TRIAL=025 PHASE=WAIT_STALL
TRIAL=025 LEFT_CONTACT=1 RIGHT_CONTACT=1 STALL=0 GRIPPER_ERROR=0.06079 VELOCITY=0.03757 CLOSURE_M=0.00053
TRIAL=025 LEFT_CONTACT=1 RIGHT_CONTACT=1 STALL=0 GRIPPER_ERROR=0.04421 VELOCITY=0.00961 CLOSURE_M=0.00099
TRIAL=025 LEFT_CONTACT=1 RIGHT_CONTACT=1 STALL=0 GRIPPER_ERROR=0.03759 VELOCITY=0.00564 CLOSURE_M=0.00119
TRIAL=025 LEFT_CONTACT=1 RIGHT_CONTACT=1 STALL=0 GRIPPER_ERROR=0.03284 VELOCITY=0.00471 CLOSURE_M=0.00132
TRIAL=025 LEFT_CONTACT=1 RIGHT_CONTACT=1 STALL=0 GRIPPER_ERROR=0.02867 VELOCITY=0.00440 CLOSURE_M=0.00145
TRIAL=025 PHASE=LIFT_80_MM
TRIAL=025 ACTUAL_LIFT_M=-0.00002 LEFT_CONTACT=1 RIGHT_CONTACT=1
TRIAL=025 ACTUAL_LIFT_M=0.02687 LEFT_CONTACT=1 RIGHT_CONTACT=1
TRIAL=025 ACTUAL_LIFT_M=0.05935 LEFT_CONTACT=1 RIGHT_CONTACT=1
TRIAL=025 PHASE=HOLD
TRIAL=025 HOLD_SIM_SEC=0.000 HOLD_WALL_SEC=0.000 ACTUAL_LIFT_M=0.07261 RELATIVE_SLIP_M=0.00000 LEFT_CONTACT=1 RIGHT_CONTACT=1
TRIAL=025 HOLD_SIM_SEC=0.880 HOLD_WALL_SEC=1.000 ACTUAL_LIFT_M=0.07586 RELATIVE_SLIP_M=0.00028 LEFT_CONTACT=1 RIGHT_CONTACT=1
TRIAL=025 HOLD_SIM_SEC=1.832 HOLD_WALL_SEC=2.001 ACTUAL_LIFT_M=0.07578 RELATIVE_SLIP_M=0.00028 LEFT_CONTACT=1 RIGHT_CONTACT=1
TRIAL=025 HOLD_SIM_SEC=2.784 HOLD_WALL_SEC=3.001 ACTUAL_LIFT_M=0.07569 RELATIVE_SLIP_M=0.00028 LEFT_CONTACT=1 RIGHT_CONTACT=1
TRIAL=025 HOLD_SIM_SEC=3.726 HOLD_WALL_SEC=4.001 ACTUAL_LIFT_M=0.07559 RELATIVE_SLIP_M=0.00028 LEFT_CONTACT=1 RIGHT_CONTACT=1
TRIAL=025 HOLD_SIM_SEC=4.660 HOLD_WALL_SEC=5.001 ACTUAL_LIFT_M=0.07548 RELATIVE_SLIP_M=0.00028 LEFT_CONTACT=1 RIGHT_CONTACT=1
TRIAL=025 PHASE=PLACE_DOWN
TRIAL=025 PHASE=OPEN_GRIPPER
TRIAL=025 PHASE=RETREAT_PREGRASP
TRIAL=025 PHASE=GRASP_SUCCESS
TRIAL=025 DAY5_PLACE_RELEASE=PASS
DAY4_GRASP_RESULT=SUCCESS
DAY4_STEP=1 EPISODE=025 STEP=04 DIST=0.005671 YAW_ERR_DEG=0.017 REQUESTED_MOVE=0.004948 EXECUTED_MOVE=0.004854 ATTEMPT=1 SUCCESS=1 TERMINATED=1 TRUNCATED=0
DAY7_EPISODE=25 LEVEL=L2 VALID=25/50 TECHNICAL=False SUCCESS=True REASON=
DAY4_RESET_GRIPPER=OPEN ANGLE_RAD=1.570000 EFFORT_NM=1.200000
DAY4_RESET_GRIPPER=AFTER_INITIAL_MOVE ANGLE_RAD=1.570000 EFFORT_NM=1.200000
TRIAL=026 VISUAL_CENTER=[0.30029527842998505, 0.021667805965989828, 0.026123026139412565] SURFACE=[0.30029527842998505, 0.021667805965989828, 0.05112302613941257] CONTOUR_DEG=-0.14 AXIS_STD_DEG=0.06 FOOTPRINT=[0.050067732110619545, 0.050067732110619545] CONFIDENCE=0.9603
TRIAL=026 SELECTED_CONTOUR_ORIENTATION=+89.86deg TILT=17.4 LEAN=+1 SYMMETRY=1 IK_FK_POS_ERROR=0.000009m IK_FK_ORIENTATION_ERROR=0.000000rad FINGER_FK_LIFT=0.080000m FINGER_FK_DRIFT=0.000000m JOINT_MOTION=3.003270rad
DAY4_MOTION_DONE=1 ELAPSED_SIM=1.202 INITIAL_ERR=0.01688 FINAL_ERR=0.00039 ARM_V=0.00429
DAY4_STEP=1 EPISODE=026 STEP=01 DIST=0.020277 YAW_ERR_DEG=0.004 REQUESTED_MOVE=0.005002 EXECUTED_MOVE=0.004882 ATTEMPT=0 SUCCESS=0 TERMINATED=0 TRUNCATED=0
DAY4_MOTION_DONE=1 ELAPSED_SIM=1.202 INITIAL_ERR=0.01729 FINAL_ERR=0.00039 ARM_V=0.00436
DAY4_STEP=1 EPISODE=026 STEP=02 DIST=0.015425 YAW_ERR_DEG=0.010 REQUESTED_MOVE=0.004968 EXECUTED_MOVE=0.004853 ATTEMPT=0 SUCCESS=0 TERMINATED=0 TRUNCATED=0
DAY4_MOTION_DONE=1 ELAPSED_SIM=1.200 INITIAL_ERR=0.01738 FINAL_ERR=0.00044 ARM_V=0.00487
DAY4_STEP=1 EPISODE=026 STEP=03 DIST=0.010598 YAW_ERR_DEG=0.014 REQUESTED_MOVE=0.004956 EXECUTED_MOVE=0.004829 ATTEMPT=0 SUCCESS=0 TERMINATED=0 TRUNCATED=0
DAY4_MOTION_DONE=1 ELAPSED_SIM=1.202 INITIAL_ERR=0.01745 FINAL_ERR=0.00040 ARM_V=0.00439
DAY4_GRASP_ATTEMPT=1
TRIAL=026 PHASE=CLOSE_SEARCH
TRIAL=026 LEFT_CONTACT=0 RIGHT_CONTACT=0 STALL=0
TRIAL=026 LEFT_CONTACT=1 RIGHT_CONTACT=0 STALL=0
TRIAL=026 PHASE=WAIT_DUAL_CONTACT
TRIAL=026 PHASE=WAIT_STALL
TRIAL=026 LEFT_CONTACT=1 RIGHT_CONTACT=1 STALL=0 GRIPPER_ERROR=0.05740 VELOCITY=0.03250 CLOSURE_M=0.00063
TRIAL=026 LEFT_CONTACT=1 RIGHT_CONTACT=1 STALL=0 GRIPPER_ERROR=0.04442 VELOCITY=0.00277 CLOSURE_M=0.00100
TRIAL=026 LEFT_CONTACT=1 RIGHT_CONTACT=1 STALL=0 GRIPPER_ERROR=0.03857 VELOCITY=0.00577 CLOSURE_M=0.00117
TRIAL=026 LEFT_CONTACT=1 RIGHT_CONTACT=1 STALL=0 GRIPPER_ERROR=0.03418 VELOCITY=0.00467 CLOSURE_M=0.00130
TRIAL=026 LEFT_CONTACT=1 RIGHT_CONTACT=1 STALL=0 GRIPPER_ERROR=0.02989 VELOCITY=0.00434 CLOSURE_M=0.00142
TRIAL=026 PHASE=LIFT_80_MM
TRIAL=026 ACTUAL_LIFT_M=-0.00002 LEFT_CONTACT=1 RIGHT_CONTACT=1
TRIAL=026 ACTUAL_LIFT_M=0.02619 LEFT_CONTACT=1 RIGHT_CONTACT=1
TRIAL=026 ACTUAL_LIFT_M=0.05802 LEFT_CONTACT=1 RIGHT_CONTACT=1
TRIAL=026 PHASE=HOLD
TRIAL=026 HOLD_SIM_SEC=0.000 HOLD_WALL_SEC=0.000 ACTUAL_LIFT_M=0.07098 RELATIVE_SLIP_M=0.00000 LEFT_CONTACT=1 RIGHT_CONTACT=1
TRIAL=026 HOLD_SIM_SEC=0.876 HOLD_WALL_SEC=1.001 ACTUAL_LIFT_M=0.07442 RELATIVE_SLIP_M=0.00000 LEFT_CONTACT=1 RIGHT_CONTACT=1
TRIAL=026 HOLD_SIM_SEC=1.814 HOLD_WALL_SEC=2.001 ACTUAL_LIFT_M=0.07435 RELATIVE_SLIP_M=0.00000 LEFT_CONTACT=1 RIGHT_CONTACT=1
TRIAL=026 HOLD_SIM_SEC=2.748 HOLD_WALL_SEC=3.001 ACTUAL_LIFT_M=0.07425 RELATIVE_SLIP_M=0.00000 LEFT_CONTACT=1 RIGHT_CONTACT=1
TRIAL=026 HOLD_SIM_SEC=3.690 HOLD_WALL_SEC=4.002 ACTUAL_LIFT_M=0.07416 RELATIVE_SLIP_M=0.00000 LEFT_CONTACT=1 RIGHT_CONTACT=1
TRIAL=026 HOLD_SIM_SEC=4.624 HOLD_WALL_SEC=5.002 ACTUAL_LIFT_M=0.07406 RELATIVE_SLIP_M=0.00000 LEFT_CONTACT=1 RIGHT_CONTACT=1
TRIAL=026 PHASE=PLACE_DOWN
TRIAL=026 PHASE=OPEN_GRIPPER
TRIAL=026 PHASE=RETREAT_PREGRASP
TRIAL=026 PHASE=GRASP_SUCCESS
TRIAL=026 DAY5_PLACE_RELEASE=PASS
DAY4_GRASP_RESULT=SUCCESS
DAY4_STEP=1 EPISODE=026 STEP=04 DIST=0.005756 YAW_ERR_DEG=0.018 REQUESTED_MOVE=0.004948 EXECUTED_MOVE=0.004834 ATTEMPT=1 SUCCESS=1 TERMINATED=1 TRUNCATED=0
DAY7_EPISODE=26 LEVEL=L2 VALID=26/50 TECHNICAL=False SUCCESS=True REASON=
DAY4_RESET_GRIPPER=OPEN ANGLE_RAD=1.570000 EFFORT_NM=1.200000
DAY4_RESET_GRIPPER=AFTER_INITIAL_MOVE ANGLE_RAD=1.570000 EFFORT_NM=1.200000
TRIAL=027 VISUAL_CENTER=[0.32387079298496246, -0.028294124640524387, 0.022058717259152566] SURFACE=[0.32387079298496246, -0.028294124640524387, 0.04705871725915257] CONTOUR_DEG=-0.48 AXIS_STD_DEG=0.07 FOOTPRINT=[0.04917716421186924, 0.04917716421186924] CONFIDENCE=0.9692
DAY7_EPISODE=27 LEVEL=L2 VALID=26/50 TECHNICAL=True SUCCESS=False REASON=TestFailure: RESET_FAIL: Day4 reset failed after 1 attempts: IK_FAIL: [{"contour_yaw_deg": -0.4821109084707129, "symmetry": 0, "feasible": false, "failure_samples": ["IK_FAIL: no contour-constrained IK at center=[0.32387079298496246, -0.028294124640524387, 0.10705871725915257] axis=-0.48; samples=['geometry pos=0.00041 line=0.64382 tilt=37.65', 'geometry pos=0.00041 line=0.64382 tilt=37.65', 'geometry pos=0.00040 line=0.62633 tilt=143.41']"]}, {"contour_yaw_deg": -0.4821109084707129, "symmetry": 1, "feasible": false, "failure_samples": ["IK_FAIL: no contour-constrained IK at center=[0.32387079298496246, -0.028294124640524387, 0.10955871725915256] axis=89.52; samples=['geometry pos=0.00002 line=0.06091 tilt=37.77']"]}, {"contour_yaw_deg": -0.4821109084707129, "symmetry": 2, "feasible": true, "equivalent_to_symmetry": 0}, {"contour_yaw_deg": -0.4821109084707129, "symmetry": 3, "feasible": true, "equivalent_to_symmetry": 1}]
DAY4_RESET_GRIPPER=OPEN ANGLE_RAD=1.570000 EFFORT_NM=1.200000
DAY4_RESET_GRIPPER=AFTER_INITIAL_MOVE ANGLE_RAD=1.570000 EFFORT_NM=1.200000
TRIAL=028 VISUAL_CENTER=[0.30711156129837036, -0.01746320159872994, 0.02748088711060572] SURFACE=[0.30711156129837036, -0.01746320159872994, 0.05248088711060572] CONTOUR_DEG=0.04 AXIS_STD_DEG=0.12 FOOTPRINT=[0.049957508221268654, 0.049957508221268654] CONFIDENCE=0.9666
TRIAL=028 SELECTED_CONTOUR_ORIENTATION=+90.04deg TILT=20.5 LEAN=+1 SYMMETRY=1 IK_FK_POS_ERROR=0.000008m IK_FK_ORIENTATION_ERROR=0.000000rad FINGER_FK_LIFT=0.080000m FINGER_FK_DRIFT=0.000000m JOINT_MOTION=3.001337rad
DAY4_MOTION_DONE=1 ELAPSED_SIM=1.200 INITIAL_ERR=0.01650 FINAL_ERR=0.00038 ARM_V=0.00419
DAY4_STEP=1 EPISODE=028 STEP=01 DIST=0.020313 YAW_ERR_DEG=0.011 REQUESTED_MOVE=0.005005 EXECUTED_MOVE=0.004884 ATTEMPT=0 SUCCESS=0 TERMINATED=0 TRUNCATED=0
DAY4_MOTION_DONE=1 ELAPSED_SIM=1.202 INITIAL_ERR=0.01701 FINAL_ERR=0.00039 ARM_V=0.00429
DAY4_STEP=1 EPISODE=028 STEP=02 DIST=0.015449 YAW_ERR_DEG=0.018 REQUESTED_MOVE=0.004970 EXECUTED_MOVE=0.004853 ATTEMPT=0 SUCCESS=0 TERMINATED=0 TRUNCATED=0
DAY4_MOTION_DONE=1 ELAPSED_SIM=1.202 INITIAL_ERR=0.01721 FINAL_ERR=0.00039 ARM_V=0.00434
DAY4_STEP=1 EPISODE=028 STEP=03 DIST=0.010597 YAW_ERR_DEG=0.023 REQUESTED_MOVE=0.004958 EXECUTED_MOVE=0.004842 ATTEMPT=0 SUCCESS=0 TERMINATED=0 TRUNCATED=0
DAY4_MOTION_DONE=1 ELAPSED_SIM=1.200 INITIAL_ERR=0.01725 FINAL_ERR=0.00035 ARM_V=0.00392
DAY4_GRASP_ATTEMPT=1
TRIAL=028 PHASE=CLOSE_SEARCH
TRIAL=028 LEFT_CONTACT=0 RIGHT_CONTACT=0 STALL=0
TRIAL=028 LEFT_CONTACT=1 RIGHT_CONTACT=0 STALL=0
TRIAL=028 PHASE=WAIT_DUAL_CONTACT
TRIAL=028 PHASE=WAIT_STALL
TRIAL=028 LEFT_CONTACT=1 RIGHT_CONTACT=1 STALL=0 GRIPPER_ERROR=0.05487 VELOCITY=0.03583 CLOSURE_M=0.00073
TRIAL=028 LEFT_CONTACT=1 RIGHT_CONTACT=1 STALL=0 GRIPPER_ERROR=0.04374 VELOCITY=0.01550 CLOSURE_M=0.00106
TRIAL=028 LEFT_CONTACT=1 RIGHT_CONTACT=1 STALL=0 GRIPPER_ERROR=0.03841 VELOCITY=0.00433 CLOSURE_M=0.00122
TRIAL=028 LEFT_CONTACT=1 RIGHT_CONTACT=1 STALL=0 GRIPPER_ERROR=0.03393 VELOCITY=0.00456 CLOSURE_M=0.00136
TRIAL=028 LEFT_CONTACT=1 RIGHT_CONTACT=1 STALL=0 GRIPPER_ERROR=0.02972 VELOCITY=0.00441 CLOSURE_M=0.00149
TRIAL=028 PHASE=LIFT_80_MM
TRIAL=028 ACTUAL_LIFT_M=-0.00003 LEFT_CONTACT=1 RIGHT_CONTACT=1
TRIAL=028 ACTUAL_LIFT_M=0.02583 LEFT_CONTACT=1 RIGHT_CONTACT=1
TRIAL=028 ACTUAL_LIFT_M=0.05646 LEFT_CONTACT=1 RIGHT_CONTACT=1
TRIAL=028 PHASE=HOLD
TRIAL=028 HOLD_SIM_SEC=0.000 HOLD_WALL_SEC=0.000 ACTUAL_LIFT_M=0.07156 RELATIVE_SLIP_M=0.00000 LEFT_CONTACT=1 RIGHT_CONTACT=1
TRIAL=028 HOLD_SIM_SEC=0.886 HOLD_WALL_SEC=1.001 ACTUAL_LIFT_M=0.07479 RELATIVE_SLIP_M=0.00000 LEFT_CONTACT=1 RIGHT_CONTACT=1
TRIAL=028 HOLD_SIM_SEC=1.840 HOLD_WALL_SEC=2.001 ACTUAL_LIFT_M=0.07470 RELATIVE_SLIP_M=0.00000 LEFT_CONTACT=1 RIGHT_CONTACT=1
TRIAL=028 HOLD_SIM_SEC=2.738 HOLD_WALL_SEC=3.001 ACTUAL_LIFT_M=0.07461 RELATIVE_SLIP_M=0.00000 LEFT_CONTACT=1 RIGHT_CONTACT=1
TRIAL=028 HOLD_SIM_SEC=3.586 HOLD_WALL_SEC=4.001 ACTUAL_LIFT_M=0.07453 RELATIVE_SLIP_M=0.00000 LEFT_CONTACT=1 RIGHT_CONTACT=1
TRIAL=028 HOLD_SIM_SEC=4.506 HOLD_WALL_SEC=5.002 ACTUAL_LIFT_M=0.07446 RELATIVE_SLIP_M=0.00000 LEFT_CONTACT=1 RIGHT_CONTACT=1
TRIAL=028 PHASE=PLACE_DOWN
TRIAL=028 PHASE=OPEN_GRIPPER
TRIAL=028 PHASE=RETREAT_PREGRASP
TRIAL=028 PHASE=GRASP_SUCCESS
TRIAL=028 DAY5_PLACE_RELEASE=PASS
DAY4_GRASP_RESULT=SUCCESS
DAY4_STEP=1 EPISODE=028 STEP=04 DIST=0.005753 YAW_ERR_DEG=0.026 REQUESTED_MOVE=0.004950 EXECUTED_MOVE=0.004846 ATTEMPT=1 SUCCESS=1 TERMINATED=1 TRUNCATED=0
DAY7_EPISODE=28 LEVEL=L2 VALID=27/50 TECHNICAL=False SUCCESS=True REASON=
DAY4_RESET_GRIPPER=OPEN ANGLE_RAD=1.570000 EFFORT_NM=1.200000
DAY4_RESET_GRIPPER=AFTER_INITIAL_MOVE ANGLE_RAD=1.570000 EFFORT_NM=1.200000
TRIAL=029 VISUAL_CENTER=[0.32079972326755524, 0.026132191997021437, 0.026107164454071678] SURFACE=[0.32079972326755524, 0.026132191997021437, 0.05110716445407168] CONTOUR_DEG=-0.20 AXIS_STD_DEG=0.02 FOOTPRINT=[0.04918660596013069, 0.04918660596013069] CONFIDENCE=0.9714
DAY7_EPISODE=29 LEVEL=L2 VALID=27/50 TECHNICAL=True SUCCESS=False REASON=TestFailure: RESET_FAIL: Day4 reset failed after 1 attempts: IK_FAIL: [{"contour_yaw_deg": -0.20235527244629423, "symmetry": 0, "feasible": false, "failure_samples": ["IK_FAIL: no contour-constrained IK at center=[0.32079972326755524, 0.026132191997021437, 0.11110716445407168] axis=-0.20; samples=['geometry pos=0.00040 line=0.63145 tilt=36.90', 'geometry pos=0.00040 line=0.63145 tilt=36.90', 'geometry pos=0.00039 line=0.58983 tilt=145.61']"]}, {"contour_yaw_deg": -0.20235527244629423, "symmetry": 1, "feasible": false, "failure_samples": ["IK_FAIL: no contour-constrained IK at center=[0.32079972326755524, 0.026132191997021437, 0.11110716445407168] axis=89.80; samples=['geometry pos=0.00002 line=0.06296 tilt=36.63', 'geometry pos=0.00002 line=0.06296 tilt=36.63', 'geometry pos=0.00001 line=0.05907 tilt=144.90']"]}, {"contour_yaw_deg": -0.20235527244629423, "symmetry": 2, "feasible": true, "equivalent_to_symmetry": 0}, {"contour_yaw_deg": -0.20235527244629423, "symmetry": 3, "feasible": true, "equivalent_to_symmetry": 1}]
DAY4_RESET_GRIPPER=OPEN ANGLE_RAD=1.570000 EFFORT_NM=1.200000
DAY4_RESET_GRIPPER=AFTER_INITIAL_MOVE ANGLE_RAD=1.570000 EFFORT_NM=1.200000
DAY7_EPISODE=30 LEVEL=L2 VALID=27/50 TECHNICAL=True SUCCESS=False REASON=TechnicalFailure: Ignition create:  Service call timed out

DAY4_RESET_GRIPPER=OPEN ANGLE_RAD=1.570000 EFFORT_NM=1.200000
DAY4_RESET_GRIPPER=AFTER_INITIAL_MOVE ANGLE_RAD=1.570000 EFFORT_NM=1.200000
TRIAL=031 VISUAL_CENTER=[0.32103313505649567, -0.011359448544681072, 0.023466195590865442] SURFACE=[0.32103313505649567, -0.011359448544681072, 0.048466195590865443] CONTOUR_DEG=-0.20 AXIS_STD_DEG=0.17 FOOTPRINT=[0.049925701692700386, 0.049925701692700386] CONFIDENCE=0.9723
TRIAL=031 SELECTED_CONTOUR_ORIENTATION=+89.80deg TILT=26.6 LEAN=+1 SYMMETRY=1 IK_FK_POS_ERROR=0.000006m IK_FK_ORIENTATION_ERROR=0.000000rad FINGER_FK_LIFT=0.080000m FINGER_FK_DRIFT=0.000000m JOINT_MOTION=3.037473rad
DAY4_MOTION_DONE=1 ELAPSED_SIM=1.200 INITIAL_ERR=0.01607 FINAL_ERR=0.00033 ARM_V=0.00367
DAY4_STEP=1 EPISODE=031 STEP=01 DIST=0.020330 YAW_ERR_DEG=0.010 REQUESTED_MOVE=0.004999 EXECUTED_MOVE=0.004889 ATTEMPT=0 SUCCESS=0 TERMINATED=0 TRUNCATED=0
DAY4_MOTION_DONE=1 ELAPSED_SIM=1.200 INITIAL_ERR=0.01667 FINAL_ERR=0.00038 ARM_V=0.00421
DAY4_STEP=1 EPISODE=031 STEP=02 DIST=0.015466 YAW_ERR_DEG=0.016 REQUESTED_MOVE=0.004971 EXECUTED_MOVE=0.004854 ATTEMPT=0 SUCCESS=0 TERMINATED=0 TRUNCATED=0
DAY4_MOTION_DONE=1 ELAPSED_SIM=1.200 INITIAL_ERR=0.01685 FINAL_ERR=0.00038 ARM_V=0.00425
DAY4_STEP=1 EPISODE=031 STEP=03 DIST=0.010623 YAW_ERR_DEG=0.020 REQUESTED_MOVE=0.004960 EXECUTED_MOVE=0.004844 ATTEMPT=0 SUCCESS=0 TERMINATED=0 TRUNCATED=0
DAY4_MOTION_DONE=1 ELAPSED_SIM=1.200 INITIAL_ERR=0.01693 FINAL_ERR=0.00038 ARM_V=0.00427
DAY4_GRASP_ATTEMPT=1
TRIAL=031 PHASE=CLOSE_SEARCH
TRIAL=031 LEFT_CONTACT=0 RIGHT_CONTACT=0 STALL=0
TRIAL=031 LEFT_CONTACT=1 RIGHT_CONTACT=0 STALL=0
TRIAL=031 PHASE=WAIT_DUAL_CONTACT
TRIAL=031 PHASE=WAIT_STALL
TRIAL=031 LEFT_CONTACT=1 RIGHT_CONTACT=1 STALL=0 GRIPPER_ERROR=0.05266 VELOCITY=0.03654 CLOSURE_M=0.00077
TRIAL=031 LEFT_CONTACT=1 RIGHT_CONTACT=1 STALL=0 GRIPPER_ERROR=0.04178 VELOCITY=0.00665 CLOSURE_M=0.00108
TRIAL=031 LEFT_CONTACT=1 RIGHT_CONTACT=1 STALL=0 GRIPPER_ERROR=0.03634 VELOCITY=0.00500 CLOSURE_M=0.00124
TRIAL=031 LEFT_CONTACT=1 RIGHT_CONTACT=1 STALL=0 GRIPPER_ERROR=0.03216 VELOCITY=0.00451 CLOSURE_M=0.00136
TRIAL=031 LEFT_CONTACT=1 RIGHT_CONTACT=1 STALL=0 GRIPPER_ERROR=0.02798 VELOCITY=0.00441 CLOSURE_M=0.00149
TRIAL=031 PHASE=LIFT_80_MM
TRIAL=031 ACTUAL_LIFT_M=-0.00002 LEFT_CONTACT=1 RIGHT_CONTACT=1
TRIAL=031 ACTUAL_LIFT_M=0.02644 LEFT_CONTACT=1 RIGHT_CONTACT=1
TRIAL=031 ACTUAL_LIFT_M=0.05862 LEFT_CONTACT=1 RIGHT_CONTACT=1
TRIAL=031 PHASE=HOLD
TRIAL=031 HOLD_SIM_SEC=0.000 HOLD_WALL_SEC=0.000 ACTUAL_LIFT_M=0.07173 RELATIVE_SLIP_M=0.00000 LEFT_CONTACT=1 RIGHT_CONTACT=1
TRIAL=031 HOLD_SIM_SEC=0.848 HOLD_WALL_SEC=1.000 ACTUAL_LIFT_M=0.07519 RELATIVE_SLIP_M=0.00000 LEFT_CONTACT=1 RIGHT_CONTACT=1
TRIAL=031 HOLD_SIM_SEC=1.766 HOLD_WALL_SEC=2.000 ACTUAL_LIFT_M=0.07512 RELATIVE_SLIP_M=0.00000 LEFT_CONTACT=1 RIGHT_CONTACT=1
TRIAL=031 HOLD_SIM_SEC=2.678 HOLD_WALL_SEC=3.001 ACTUAL_LIFT_M=0.07504 RELATIVE_SLIP_M=0.00000 LEFT_CONTACT=1 RIGHT_CONTACT=1
TRIAL=031 HOLD_SIM_SEC=3.594 HOLD_WALL_SEC=4.001 ACTUAL_LIFT_M=0.07496 RELATIVE_SLIP_M=0.00000 LEFT_CONTACT=1 RIGHT_CONTACT=1
TRIAL=031 HOLD_SIM_SEC=4.524 HOLD_WALL_SEC=5.001 ACTUAL_LIFT_M=0.07490 RELATIVE_SLIP_M=0.00000 LEFT_CONTACT=1 RIGHT_CONTACT=1
TRIAL=031 PHASE=PLACE_DOWN
TRIAL=031 PHASE=OPEN_GRIPPER
TRIAL=031 PHASE=RETREAT_PREGRASP
TRIAL=031 PHASE=GRASP_SUCCESS
TRIAL=031 DAY5_PLACE_RELEASE=PASS
DAY4_GRASP_RESULT=SUCCESS
DAY4_STEP=1 EPISODE=031 STEP=04 DIST=0.005789 YAW_ERR_DEG=0.023 REQUESTED_MOVE=0.004952 EXECUTED_MOVE=0.004837 ATTEMPT=1 SUCCESS=1 TERMINATED=1 TRUNCATED=0
DAY7_EPISODE=31 LEVEL=L2 VALID=28/50 TECHNICAL=False SUCCESS=True REASON=
DAY4_RESET_GRIPPER=OPEN ANGLE_RAD=1.570000 EFFORT_NM=1.200000
DAY4_RESET_GRIPPER=AFTER_INITIAL_MOVE ANGLE_RAD=1.570000 EFFORT_NM=1.200000
TRIAL=032 VISUAL_CENTER=[0.31897179782390594, -0.019743471406400204, 0.02369772808343358] SURFACE=[0.31897179782390594, -0.019743471406400204, 0.04869772808343358] CONTOUR_DEG=-0.19 AXIS_STD_DEG=0.11 FOOTPRINT=[0.05072595924139023, 0.05072595924139023] CONFIDENCE=0.9715
TRIAL=032 SELECTED_CONTOUR_ORIENTATION=+89.81deg TILT=26.0 LEAN=+1 SYMMETRY=1 IK_FK_POS_ERROR=0.000011m IK_FK_ORIENTATION_ERROR=0.000000rad FINGER_FK_LIFT=0.080000m FINGER_FK_DRIFT=0.000000m JOINT_MOTION=3.039059rad
DAY4_MOTION_DONE=1 ELAPSED_SIM=1.200 INITIAL_ERR=0.01610 FINAL_ERR=0.00037 ARM_V=0.00409
DAY4_STEP=1 EPISODE=032 STEP=01 DIST=0.020360 YAW_ERR_DEG=0.012 REQUESTED_MOVE=0.005001 EXECUTED_MOVE=0.004878 ATTEMPT=0 SUCCESS=0 TERMINATED=0 TRUNCATED=0
DAY4_MOTION_DONE=1 ELAPSED_SIM=1.200 INITIAL_ERR=0.01668 FINAL_ERR=0.00042 ARM_V=0.00467
DAY4_STEP=1 EPISODE=032 STEP=02 DIST=0.015521 YAW_ERR_DEG=0.019 REQUESTED_MOVE=0.004971 EXECUTED_MOVE=0.004841 ATTEMPT=0 SUCCESS=0 TERMINATED=0 TRUNCATED=0
DAY4_MOTION_DONE=1 ELAPSED_SIM=1.200 INITIAL_ERR=0.01687 FINAL_ERR=0.00034 ARM_V=0.00383
DAY4_STEP=1 EPISODE=032 STEP=03 DIST=0.010668 YAW_ERR_DEG=0.024 REQUESTED_MOVE=0.004960 EXECUTED_MOVE=0.004855 ATTEMPT=0 SUCCESS=0 TERMINATED=0 TRUNCATED=0
DAY4_MOTION_DONE=1 ELAPSED_SIM=1.202 INITIAL_ERR=0.01700 FINAL_ERR=0.00039 ARM_V=0.00429
DAY4_GRASP_ATTEMPT=1
TRIAL=032 PHASE=CLOSE_SEARCH
TRIAL=032 LEFT_CONTACT=0 RIGHT_CONTACT=0 STALL=0
TRIAL=032 LEFT_CONTACT=1 RIGHT_CONTACT=0 STALL=0
TRIAL=032 PHASE=WAIT_DUAL_CONTACT
TRIAL=032 PHASE=WAIT_STALL
TRIAL=032 LEFT_CONTACT=1 RIGHT_CONTACT=1 STALL=0 GRIPPER_ERROR=0.05347 VELOCITY=0.13851 CLOSURE_M=0.00071
TRIAL=032 LEFT_CONTACT=1 RIGHT_CONTACT=1 STALL=0 GRIPPER_ERROR=0.04101 VELOCITY=0.00355 CLOSURE_M=0.00105
TRIAL=032 LEFT_CONTACT=1 RIGHT_CONTACT=1 STALL=0 GRIPPER_ERROR=0.03567 VELOCITY=0.00528 CLOSURE_M=0.00120
TRIAL=032 LEFT_CONTACT=1 RIGHT_CONTACT=1 STALL=0 GRIPPER_ERROR=0.03128 VELOCITY=0.00462 CLOSURE_M=0.00132
TRIAL=032 LEFT_CONTACT=1 RIGHT_CONTACT=1 STALL=0 GRIPPER_ERROR=0.02710 VELOCITY=0.00444 CLOSURE_M=0.00144
TRIAL=032 PHASE=LIFT_80_MM
TRIAL=032 ACTUAL_LIFT_M=-0.00002 LEFT_CONTACT=1 RIGHT_CONTACT=1
TRIAL=032 ACTUAL_LIFT_M=0.02646 LEFT_CONTACT=1 RIGHT_CONTACT=1
TRIAL=032 ACTUAL_LIFT_M=0.05779 LEFT_CONTACT=1 RIGHT_CONTACT=1
TRIAL=032 PHASE=HOLD
TRIAL=032 HOLD_SIM_SEC=0.000 HOLD_WALL_SEC=0.000 ACTUAL_LIFT_M=0.07151 RELATIVE_SLIP_M=0.00000 LEFT_CONTACT=1 RIGHT_CONTACT=1
TRIAL=032 HOLD_SIM_SEC=0.870 HOLD_WALL_SEC=1.000 ACTUAL_LIFT_M=0.07480 RELATIVE_SLIP_M=0.00000 LEFT_CONTACT=1 RIGHT_CONTACT=1
TRIAL=032 HOLD_SIM_SEC=1.820 HOLD_WALL_SEC=2.001 ACTUAL_LIFT_M=0.07471 RELATIVE_SLIP_M=0.00000 LEFT_CONTACT=1 RIGHT_CONTACT=1
TRIAL=032 HOLD_SIM_SEC=2.746 HOLD_WALL_SEC=3.001 ACTUAL_LIFT_M=0.07463 RELATIVE_SLIP_M=0.00000 LEFT_CONTACT=1 RIGHT_CONTACT=1
TRIAL=032 HOLD_SIM_SEC=3.694 HOLD_WALL_SEC=4.001 ACTUAL_LIFT_M=0.07456 RELATIVE_SLIP_M=0.00000 LEFT_CONTACT=1 RIGHT_CONTACT=1
TRIAL=032 HOLD_SIM_SEC=4.608 HOLD_WALL_SEC=5.001 ACTUAL_LIFT_M=0.07452 RELATIVE_SLIP_M=0.00000 LEFT_CONTACT=1 RIGHT_CONTACT=1
TRIAL=032 PHASE=PLACE_DOWN
TRIAL=032 PHASE=OPEN_GRIPPER
TRIAL=032 PHASE=RETREAT_PREGRASP
TRIAL=032 PHASE=GRASP_SUCCESS
TRIAL=032 DAY5_PLACE_RELEASE=PASS
DAY4_GRASP_RESULT=SUCCESS
DAY4_STEP=1 EPISODE=032 STEP=04 DIST=0.005823 YAW_ERR_DEG=0.027 REQUESTED_MOVE=0.004952 EXECUTED_MOVE=0.004836 ATTEMPT=1 SUCCESS=1 TERMINATED=1 TRUNCATED=0
DAY7_EPISODE=32 LEVEL=L2 VALID=29/50 TECHNICAL=False SUCCESS=True REASON=
DAY4_RESET_GRIPPER=OPEN ANGLE_RAD=1.570000 EFFORT_NM=1.200000
DAY4_RESET_GRIPPER=AFTER_INITIAL_MOVE ANGLE_RAD=1.570000 EFFORT_NM=1.200000
TRIAL=033 VISUAL_CENTER=[0.29159459471702576, 0.013699201866984367, 0.02509844188168052] SURFACE=[0.29159459471702576, 0.013699201866984367, 0.05009844188168052] CONTOUR_DEG=-0.34 AXIS_STD_DEG=0.21 FOOTPRINT=[0.04991766810417175, 0.04991766810417175] CONFIDENCE=0.9493
TRIAL=033 SELECTED_CONTOUR_ORIENTATION=+89.66deg TILT=13.1 LEAN=+1 SYMMETRY=1 IK_FK_POS_ERROR=0.000004m IK_FK_ORIENTATION_ERROR=0.000000rad FINGER_FK_LIFT=0.080000m FINGER_FK_DRIFT=0.000000m JOINT_MOTION=3.003058rad
DAY4_MOTION_DONE=1 ELAPSED_SIM=1.200 INITIAL_ERR=0.01735 FINAL_ERR=0.00032 ARM_V=0.00357
DAY4_STEP=1 EPISODE=033 STEP=01 DIST=0.020218 YAW_ERR_DEG=0.006 REQUESTED_MOVE=0.005005 EXECUTED_MOVE=0.004907 ATTEMPT=0 SUCCESS=0 TERMINATED=0 TRUNCATED=0
DAY4_MOTION_DONE=1 ELAPSED_SIM=1.200 INITIAL_ERR=0.01769 FINAL_ERR=0.00029 ARM_V=0.00327
DAY4_STEP=1 EPISODE=033 STEP=02 DIST=0.015337 YAW_ERR_DEG=0.012 REQUESTED_MOVE=0.004967 EXECUTED_MOVE=0.004882 ATTEMPT=0 SUCCESS=0 TERMINATED=0 TRUNCATED=0
DAY4_MOTION_DONE=1 ELAPSED_SIM=1.200 INITIAL_ERR=0.01775 FINAL_ERR=0.00033 ARM_V=0.00364
DAY4_STEP=1 EPISODE=033 STEP=03 DIST=0.010476 YAW_ERR_DEG=0.017 REQUESTED_MOVE=0.004955 EXECUTED_MOVE=0.004862 ATTEMPT=0 SUCCESS=0 TERMINATED=0 TRUNCATED=0
DAY4_MOTION_DONE=1 ELAPSED_SIM=1.200 INITIAL_ERR=0.01779 FINAL_ERR=0.00033 ARM_V=0.00365
DAY4_GRASP_ATTEMPT=1
TRIAL=033 PHASE=CLOSE_SEARCH
TRIAL=033 LEFT_CONTACT=0 RIGHT_CONTACT=0 STALL=0
TRIAL=033 LEFT_CONTACT=1 RIGHT_CONTACT=0 STALL=0
TRIAL=033 PHASE=WAIT_DUAL_CONTACT
TRIAL=033 PHASE=WAIT_STALL
TRIAL=033 LEFT_CONTACT=1 RIGHT_CONTACT=1 STALL=0 GRIPPER_ERROR=0.06537 VELOCITY=0.04059 CLOSURE_M=0.00043
TRIAL=033 LEFT_CONTACT=1 RIGHT_CONTACT=1 STALL=0 GRIPPER_ERROR=0.04605 VELOCITY=0.01252 CLOSURE_M=0.00101
TRIAL=033 LEFT_CONTACT=1 RIGHT_CONTACT=1 STALL=0 GRIPPER_ERROR=0.03897 VELOCITY=0.00597 CLOSURE_M=0.00123
TRIAL=033 LEFT_CONTACT=1 RIGHT_CONTACT=1 STALL=0 GRIPPER_ERROR=0.03404 VELOCITY=0.00477 CLOSURE_M=0.00138
TRIAL=033 LEFT_CONTACT=1 RIGHT_CONTACT=1 STALL=1 GRIPPER_ERROR=0.02979 VELOCITY=0.00445 CLOSURE_M=0.00152
TRIAL=033 PHASE=LIFT_80_MM
TRIAL=033 ACTUAL_LIFT_M=-0.00002 LEFT_CONTACT=1 RIGHT_CONTACT=1
TRIAL=033 ACTUAL_LIFT_M=0.02764 LEFT_CONTACT=1 RIGHT_CONTACT=1
TRIAL=033 ACTUAL_LIFT_M=0.06004 LEFT_CONTACT=1 RIGHT_CONTACT=1
TRIAL=033 PHASE=HOLD
TRIAL=033 HOLD_SIM_SEC=0.000 HOLD_WALL_SEC=0.000 ACTUAL_LIFT_M=0.07256 RELATIVE_SLIP_M=0.00000 LEFT_CONTACT=1 RIGHT_CONTACT=1
TRIAL=033 HOLD_SIM_SEC=0.876 HOLD_WALL_SEC=1.001 ACTUAL_LIFT_M=0.07566 RELATIVE_SLIP_M=0.00000 LEFT_CONTACT=1 RIGHT_CONTACT=1
TRIAL=033 HOLD_SIM_SEC=1.798 HOLD_WALL_SEC=2.001 ACTUAL_LIFT_M=0.07559 RELATIVE_SLIP_M=0.00000 LEFT_CONTACT=1 RIGHT_CONTACT=1
TRIAL=033 HOLD_SIM_SEC=2.740 HOLD_WALL_SEC=3.001 ACTUAL_LIFT_M=0.07550 RELATIVE_SLIP_M=0.00000 LEFT_CONTACT=1 RIGHT_CONTACT=1
TRIAL=033 HOLD_SIM_SEC=3.708 HOLD_WALL_SEC=4.001 ACTUAL_LIFT_M=0.07541 RELATIVE_SLIP_M=0.00000 LEFT_CONTACT=1 RIGHT_CONTACT=1
TRIAL=033 HOLD_SIM_SEC=4.656 HOLD_WALL_SEC=5.001 ACTUAL_LIFT_M=0.07531 RELATIVE_SLIP_M=0.00000 LEFT_CONTACT=1 RIGHT_CONTACT=1
TRIAL=033 PHASE=PLACE_DOWN
TRIAL=033 PHASE=OPEN_GRIPPER
TRIAL=033 PHASE=RETREAT_PREGRASP
TRIAL=033 PHASE=GRASP_SUCCESS
TRIAL=033 DAY5_PLACE_RELEASE=PASS
DAY4_GRASP_RESULT=SUCCESS
DAY4_STEP=1 EPISODE=033 STEP=04 DIST=0.005626 YAW_ERR_DEG=0.020 REQUESTED_MOVE=0.004946 EXECUTED_MOVE=0.004854 ATTEMPT=1 SUCCESS=1 TERMINATED=1 TRUNCATED=0
DAY7_EPISODE=33 LEVEL=L2 VALID=30/50 TECHNICAL=False SUCCESS=True REASON=
DAY4_RESET_GRIPPER=OPEN ANGLE_RAD=1.570000 EFFORT_NM=1.200000
DAY4_RESET_GRIPPER=AFTER_INITIAL_MOVE ANGLE_RAD=1.570000 EFFORT_NM=1.200000
TRIAL=034 VISUAL_CENTER=[0.2962663620710373, 0.014586113626137376, 0.025778159896486262] SURFACE=[0.2962663620710373, 0.014586113626137376, 0.050778159896486263] CONTOUR_DEG=-0.40 AXIS_STD_DEG=0.08 FOOTPRINT=[0.05051002837717533, 0.05051002837717533] CONFIDENCE=0.9596
TRIAL=034 SELECTED_CONTOUR_ORIENTATION=+89.60deg TILT=15.3 LEAN=+1 SYMMETRY=1 IK_FK_POS_ERROR=0.000006m IK_FK_ORIENTATION_ERROR=0.000000rad FINGER_FK_LIFT=0.080000m FINGER_FK_DRIFT=0.000000m JOINT_MOTION=3.003518rad
DAY4_MOTION_DONE=1 ELAPSED_SIM=1.202 INITIAL_ERR=0.01708 FINAL_ERR=0.00028 ARM_V=0.00316
DAY4_STEP=1 EPISODE=034 STEP=01 DIST=0.020243 YAW_ERR_DEG=0.005 REQUESTED_MOVE=0.005006 EXECUTED_MOVE=0.004916 ATTEMPT=0 SUCCESS=0 TERMINATED=0 TRUNCATED=0
DAY4_MOTION_DONE=1 ELAPSED_SIM=1.202 INITIAL_ERR=0.01748 FINAL_ERR=0.00029 ARM_V=0.00323
DAY4_STEP=1 EPISODE=034 STEP=02 DIST=0.015362 YAW_ERR_DEG=0.011 REQUESTED_MOVE=0.004968 EXECUTED_MOVE=0.004882 ATTEMPT=0 SUCCESS=0 TERMINATED=0 TRUNCATED=0
DAY4_MOTION_DONE=1 ELAPSED_SIM=1.200 INITIAL_ERR=0.01759 FINAL_ERR=0.00032 ARM_V=0.00361
DAY4_STEP=1 EPISODE=034 STEP=03 DIST=0.010501 YAW_ERR_DEG=0.016 REQUESTED_MOVE=0.004956 EXECUTED_MOVE=0.004862 ATTEMPT=0 SUCCESS=0 TERMINATED=0 TRUNCATED=0
DAY4_MOTION_DONE=1 ELAPSED_SIM=1.200 INITIAL_ERR=0.01760 FINAL_ERR=0.00032 ARM_V=0.00361
DAY4_GRASP_ATTEMPT=1
TRIAL=034 PHASE=CLOSE_SEARCH
TRIAL=034 LEFT_CONTACT=0 RIGHT_CONTACT=0 STALL=0
TRIAL=034 LEFT_CONTACT=1 RIGHT_CONTACT=0 STALL=0
TRIAL=034 PHASE=WAIT_DUAL_CONTACT
TRIAL=034 PHASE=WAIT_STALL
TRIAL=034 LEFT_CONTACT=1 RIGHT_CONTACT=1 STALL=0 GRIPPER_ERROR=0.06546 VELOCITY=0.03703 CLOSURE_M=0.00042
TRIAL=034 LEFT_CONTACT=1 RIGHT_CONTACT=1 STALL=0 GRIPPER_ERROR=0.04563 VELOCITY=0.01285 CLOSURE_M=0.00100
TRIAL=034 LEFT_CONTACT=1 RIGHT_CONTACT=1 STALL=0 GRIPPER_ERROR=0.03808 VELOCITY=0.00604 CLOSURE_M=0.00123
TRIAL=034 LEFT_CONTACT=1 RIGHT_CONTACT=1 STALL=0 GRIPPER_ERROR=0.03320 VELOCITY=0.00481 CLOSURE_M=0.00138
TRIAL=034 LEFT_CONTACT=1 RIGHT_CONTACT=1 STALL=1 GRIPPER_ERROR=0.02903 VELOCITY=0.00446 CLOSURE_M=0.00151
TRIAL=034 PHASE=LIFT_80_MM
TRIAL=034 ACTUAL_LIFT_M=-0.00004 LEFT_CONTACT=1 RIGHT_CONTACT=1
TRIAL=034 ACTUAL_LIFT_M=0.02776 LEFT_CONTACT=1 RIGHT_CONTACT=1
TRIAL=034 ACTUAL_LIFT_M=0.05925 LEFT_CONTACT=1 RIGHT_CONTACT=1
TRIAL=034 PHASE=HOLD
TRIAL=034 HOLD_SIM_SEC=0.000 HOLD_WALL_SEC=0.000 ACTUAL_LIFT_M=0.07235 RELATIVE_SLIP_M=0.00000 LEFT_CONTACT=1 RIGHT_CONTACT=1
TRIAL=034 HOLD_SIM_SEC=0.890 HOLD_WALL_SEC=1.000 ACTUAL_LIFT_M=0.07517 RELATIVE_SLIP_M=0.00025 LEFT_CONTACT=1 RIGHT_CONTACT=1
TRIAL=034 HOLD_SIM_SEC=1.818 HOLD_WALL_SEC=2.001 ACTUAL_LIFT_M=0.07510 RELATIVE_SLIP_M=0.00025 LEFT_CONTACT=1 RIGHT_CONTACT=1
TRIAL=034 HOLD_SIM_SEC=2.744 HOLD_WALL_SEC=3.001 ACTUAL_LIFT_M=0.07501 RELATIVE_SLIP_M=0.00025 LEFT_CONTACT=1 RIGHT_CONTACT=1
TRIAL=034 HOLD_SIM_SEC=3.674 HOLD_WALL_SEC=4.001 ACTUAL_LIFT_M=0.07492 RELATIVE_SLIP_M=0.00025 LEFT_CONTACT=1 RIGHT_CONTACT=1
TRIAL=034 HOLD_SIM_SEC=4.618 HOLD_WALL_SEC=5.001 ACTUAL_LIFT_M=0.07483 RELATIVE_SLIP_M=0.00025 LEFT_CONTACT=1 RIGHT_CONTACT=1
TRIAL=034 PHASE=PLACE_DOWN
TRIAL=034 PHASE=OPEN_GRIPPER
TRIAL=034 PHASE=RETREAT_PREGRASP
TRIAL=034 PHASE=GRASP_SUCCESS
TRIAL=034 DAY5_PLACE_RELEASE=PASS
DAY4_GRASP_RESULT=SUCCESS
DAY4_STEP=1 EPISODE=034 STEP=04 DIST=0.005650 YAW_ERR_DEG=0.020 REQUESTED_MOVE=0.004947 EXECUTED_MOVE=0.004854 ATTEMPT=1 SUCCESS=1 TERMINATED=1 TRUNCATED=0
DAY7_EPISODE=34 LEVEL=L2 VALID=31/50 TECHNICAL=False SUCCESS=True REASON=
DAY4_RESET_GRIPPER=OPEN ANGLE_RAD=1.570000 EFFORT_NM=1.200000
DAY4_RESET_GRIPPER=AFTER_INITIAL_MOVE ANGLE_RAD=1.570000 EFFORT_NM=1.200000
TRIAL=035 VISUAL_CENTER=[0.3088056743144989, -0.01036729197949171, 0.021875635432751443] SURFACE=[0.3088056743144989, -0.01036729197949171, 0.046875635432751445] CONTOUR_DEG=-0.15 AXIS_STD_DEG=0.12 FOOTPRINT=[0.049924373626708984, 0.049924373626708984] CONFIDENCE=0.9709
TRIAL=035 SELECTED_CONTOUR_ORIENTATION=+89.85deg TILT=20.7 LEAN=+1 SYMMETRY=1 IK_FK_POS_ERROR=0.000004m IK_FK_ORIENTATION_ERROR=0.000000rad FINGER_FK_LIFT=0.080000m FINGER_FK_DRIFT=0.000000m JOINT_MOTION=3.024492rad
DAY4_MOTION_DONE=1 ELAPSED_SIM=1.200 INITIAL_ERR=0.01664 FINAL_ERR=0.00028 ARM_V=0.00308
DAY4_STEP=1 EPISODE=035 STEP=01 DIST=0.020266 YAW_ERR_DEG=0.009 REQUESTED_MOVE=0.004999 EXECUTED_MOVE=0.004910 ATTEMPT=0 SUCCESS=0 TERMINATED=0 TRUNCATED=0
DAY4_MOTION_DONE=1 ELAPSED_SIM=1.200 INITIAL_ERR=0.01707 FINAL_ERR=0.00028 ARM_V=0.00316
DAY4_STEP=1 EPISODE=035 STEP=02 DIST=0.015376 YAW_ERR_DEG=0.016 REQUESTED_MOVE=0.004970 EXECUTED_MOVE=0.004884 ATTEMPT=0 SUCCESS=0 TERMINATED=0 TRUNCATED=0
DAY4_MOTION_DONE=1 ELAPSED_SIM=1.200 INITIAL_ERR=0.01724 FINAL_ERR=0.00029 ARM_V=0.00319
DAY4_STEP=1 EPISODE=035 STEP=03 DIST=0.010504 YAW_ERR_DEG=0.021 REQUESTED_MOVE=0.004958 EXECUTED_MOVE=0.004873 ATTEMPT=0 SUCCESS=0 TERMINATED=0 TRUNCATED=0
DAY4_MOTION_DONE=1 ELAPSED_SIM=1.200 INITIAL_ERR=0.01731 FINAL_ERR=0.00026 ARM_V=0.00288
DAY4_GRASP_ATTEMPT=1
TRIAL=035 PHASE=CLOSE_SEARCH
TRIAL=035 LEFT_CONTACT=0 RIGHT_CONTACT=0 STALL=0
TRIAL=035 LEFT_CONTACT=1 RIGHT_CONTACT=0 STALL=0
TRIAL=035 PHASE=WAIT_DUAL_CONTACT
TRIAL=035 PHASE=WAIT_STALL
TRIAL=035 LEFT_CONTACT=1 RIGHT_CONTACT=1 STALL=0 GRIPPER_ERROR=0.06735 VELOCITY=0.04356 CLOSURE_M=0.00036
TRIAL=035 LEFT_CONTACT=1 RIGHT_CONTACT=1 STALL=0 GRIPPER_ERROR=0.04472 VELOCITY=0.01471 CLOSURE_M=0.00104
TRIAL=035 LEFT_CONTACT=1 RIGHT_CONTACT=1 STALL=0 GRIPPER_ERROR=0.03686 VELOCITY=0.00622 CLOSURE_M=0.00128
TRIAL=035 LEFT_CONTACT=1 RIGHT_CONTACT=1 STALL=0 GRIPPER_ERROR=0.03171 VELOCITY=0.00488 CLOSURE_M=0.00144
TRIAL=035 PHASE=LIFT_80_MM
TRIAL=035 ACTUAL_LIFT_M=-0.00003 LEFT_CONTACT=1 RIGHT_CONTACT=1
TRIAL=035 ACTUAL_LIFT_M=0.02820 LEFT_CONTACT=1 RIGHT_CONTACT=1
TRIAL=035 ACTUAL_LIFT_M=0.06059 LEFT_CONTACT=1 RIGHT_CONTACT=1
TRIAL=035 PHASE=HOLD
TRIAL=035 HOLD_SIM_SEC=0.000 HOLD_WALL_SEC=0.000 ACTUAL_LIFT_M=0.07240 RELATIVE_SLIP_M=0.00000 LEFT_CONTACT=1 RIGHT_CONTACT=1
TRIAL=035 HOLD_SIM_SEC=0.886 HOLD_WALL_SEC=1.001 ACTUAL_LIFT_M=0.07559 RELATIVE_SLIP_M=0.00028 LEFT_CONTACT=1 RIGHT_CONTACT=1
TRIAL=035 HOLD_SIM_SEC=1.828 HOLD_WALL_SEC=2.001 ACTUAL_LIFT_M=0.07552 RELATIVE_SLIP_M=0.00028 LEFT_CONTACT=1 RIGHT_CONTACT=1
TRIAL=035 HOLD_SIM_SEC=2.766 HOLD_WALL_SEC=3.001 ACTUAL_LIFT_M=0.07544 RELATIVE_SLIP_M=0.00028 LEFT_CONTACT=1 RIGHT_CONTACT=1
TRIAL=035 HOLD_SIM_SEC=3.684 HOLD_WALL_SEC=4.002 ACTUAL_LIFT_M=0.07535 RELATIVE_SLIP_M=0.00028 LEFT_CONTACT=1 RIGHT_CONTACT=1
TRIAL=035 HOLD_SIM_SEC=4.624 HOLD_WALL_SEC=5.002 ACTUAL_LIFT_M=0.07528 RELATIVE_SLIP_M=0.00028 LEFT_CONTACT=1 RIGHT_CONTACT=1
TRIAL=035 PHASE=PLACE_DOWN
TRIAL=035 PHASE=OPEN_GRIPPER
TRIAL=035 PHASE=RETREAT_PREGRASP
TRIAL=035 PHASE=GRASP_SUCCESS
TRIAL=035 DAY5_PLACE_RELEASE=PASS
DAY4_GRASP_RESULT=SUCCESS
DAY4_STEP=1 EPISODE=035 STEP=04 DIST=0.005634 YAW_ERR_DEG=0.025 REQUESTED_MOVE=0.004950 EXECUTED_MOVE=0.004874 ATTEMPT=1 SUCCESS=1 TERMINATED=1 TRUNCATED=0
DAY7_EPISODE=35 LEVEL=L2 VALID=32/50 TECHNICAL=False SUCCESS=True REASON=
DAY4_RESET_GRIPPER=OPEN ANGLE_RAD=1.570000 EFFORT_NM=1.200000
DAY4_RESET_GRIPPER=AFTER_INITIAL_MOVE ANGLE_RAD=1.570000 EFFORT_NM=1.200000
TRIAL=036 VISUAL_CENTER=[0.3124125897884369, -0.004338402301073074, 0.023446108030925998] SURFACE=[0.3124125897884369, -0.004338402301073074, 0.048446108030926] CONTOUR_DEG=0.53 AXIS_STD_DEG=0.19 FOOTPRINT=[0.049885476008057594, 0.049885476008057594] CONFIDENCE=0.9715
TRIAL=036 SELECTED_CONTOUR_ORIENTATION=+90.53deg TILT=22.4 LEAN=+1 SYMMETRY=1 IK_FK_POS_ERROR=0.000003m IK_FK_ORIENTATION_ERROR=0.000000rad FINGER_FK_LIFT=0.080000m FINGER_FK_DRIFT=0.000000m JOINT_MOTION=3.021724rad
DAY4_MOTION_DONE=1 ELAPSED_SIM=1.200 INITIAL_ERR=0.01642 FINAL_ERR=0.00034 ARM_V=0.00375
DAY4_STEP=1 EPISODE=036 STEP=01 DIST=0.020302 YAW_ERR_DEG=0.009 REQUESTED_MOVE=0.005001 EXECUTED_MOVE=0.004892 ATTEMPT=0 SUCCESS=0 TERMINATED=0 TRUNCATED=0
DAY4_MOTION_DONE=1 ELAPSED_SIM=1.202 INITIAL_ERR=0.01692 FINAL_ERR=0.00035 ARM_V=0.00385
DAY4_STEP=1 EPISODE=036 STEP=02 DIST=0.015439 YAW_ERR_DEG=0.015 REQUESTED_MOVE=0.004970 EXECUTED_MOVE=0.004865 ATTEMPT=0 SUCCESS=0 TERMINATED=0 TRUNCATED=0
DAY4_MOTION_DONE=1 ELAPSED_SIM=1.200 INITIAL_ERR=0.01710 FINAL_ERR=0.00035 ARM_V=0.00389
DAY4_STEP=1 EPISODE=036 STEP=03 DIST=0.010586 YAW_ERR_DEG=0.020 REQUESTED_MOVE=0.004959 EXECUTED_MOVE=0.004854 ATTEMPT=0 SUCCESS=0 TERMINATED=0 TRUNCATED=0
DAY4_MOTION_DONE=1 ELAPSED_SIM=1.202 INITIAL_ERR=0.01718 FINAL_ERR=0.00035 ARM_V=0.00390
DAY4_GRASP_ATTEMPT=1
TRIAL=036 PHASE=CLOSE_SEARCH
TRIAL=036 LEFT_CONTACT=0 RIGHT_CONTACT=0 STALL=0
TRIAL=036 LEFT_CONTACT=0 RIGHT_CONTACT=1 STALL=0
TRIAL=036 PHASE=WAIT_DUAL_CONTACT
TRIAL=036 PHASE=WAIT_STALL
TRIAL=036 LEFT_CONTACT=1 RIGHT_CONTACT=1 STALL=0 GRIPPER_ERROR=0.06037 VELOCITY=0.03532 CLOSURE_M=0.00058
TRIAL=036 LEFT_CONTACT=1 RIGHT_CONTACT=1 STALL=0 GRIPPER_ERROR=0.04449 VELOCITY=0.00704 CLOSURE_M=0.00106
TRIAL=036 LEFT_CONTACT=1 RIGHT_CONTACT=1 STALL=0 GRIPPER_ERROR=0.03820 VELOCITY=0.00540 CLOSURE_M=0.00125
TRIAL=036 LEFT_CONTACT=1 RIGHT_CONTACT=1 STALL=0 GRIPPER_ERROR=0.03362 VELOCITY=0.00459 CLOSURE_M=0.00140
TRIAL=036 LEFT_CONTACT=1 RIGHT_CONTACT=1 STALL=1 GRIPPER_ERROR=0.02935 VELOCITY=0.00438 CLOSURE_M=0.00153
TRIAL=036 PHASE=LIFT_80_MM
TRIAL=036 ACTUAL_LIFT_M=-0.00006 LEFT_CONTACT=1 RIGHT_CONTACT=1
TRIAL=036 ACTUAL_LIFT_M=0.02644 LEFT_CONTACT=1 RIGHT_CONTACT=1
TRIAL=036 ACTUAL_LIFT_M=0.05868 LEFT_CONTACT=1 RIGHT_CONTACT=1
TRIAL=036 PHASE=HOLD
TRIAL=036 HOLD_SIM_SEC=0.000 HOLD_WALL_SEC=0.000 ACTUAL_LIFT_M=0.07182 RELATIVE_SLIP_M=0.00000 LEFT_CONTACT=1 RIGHT_CONTACT=1
TRIAL=036 HOLD_SIM_SEC=0.894 HOLD_WALL_SEC=1.001 ACTUAL_LIFT_M=0.07528 RELATIVE_SLIP_M=0.00000 LEFT_CONTACT=1 RIGHT_CONTACT=1
TRIAL=036 HOLD_SIM_SEC=1.834 HOLD_WALL_SEC=2.001 ACTUAL_LIFT_M=0.07521 RELATIVE_SLIP_M=0.00000 LEFT_CONTACT=1 RIGHT_CONTACT=1
TRIAL=036 HOLD_SIM_SEC=2.770 HOLD_WALL_SEC=3.002 ACTUAL_LIFT_M=0.07513 RELATIVE_SLIP_M=0.00000 LEFT_CONTACT=1 RIGHT_CONTACT=1
TRIAL=036 HOLD_SIM_SEC=3.708 HOLD_WALL_SEC=4.002 ACTUAL_LIFT_M=0.07504 RELATIVE_SLIP_M=0.00000 LEFT_CONTACT=1 RIGHT_CONTACT=1
TRIAL=036 HOLD_SIM_SEC=4.648 HOLD_WALL_SEC=5.002 ACTUAL_LIFT_M=0.07497 RELATIVE_SLIP_M=0.00000 LEFT_CONTACT=1 RIGHT_CONTACT=1
TRIAL=036 PHASE=PLACE_DOWN
TRIAL=036 PHASE=OPEN_GRIPPER
TRIAL=036 PHASE=RETREAT_PREGRASP
TRIAL=036 PHASE=GRASP_SUCCESS
TRIAL=036 DAY5_PLACE_RELEASE=PASS
DAY4_GRASP_RESULT=SUCCESS
DAY4_STEP=1 EPISODE=036 STEP=04 DIST=0.005742 YAW_ERR_DEG=0.023 REQUESTED_MOVE=0.004951 EXECUTED_MOVE=0.004847 ATTEMPT=1 SUCCESS=1 TERMINATED=1 TRUNCATED=0
DAY7_EPISODE=36 LEVEL=L2 VALID=33/50 TECHNICAL=False SUCCESS=True REASON=
DAY4_RESET_GRIPPER=OPEN ANGLE_RAD=1.570000 EFFORT_NM=1.200000
DAY4_RESET_GRIPPER=AFTER_INITIAL_MOVE ANGLE_RAD=1.570000 EFFORT_NM=1.200000
TRIAL=037 VISUAL_CENTER=[0.3043253421783447, 0.011131579522043467, 0.02539754614740143] SURFACE=[0.3043253421783447, 0.011131579522043467, 0.05039754614740143] CONTOUR_DEG=-0.28 AXIS_STD_DEG=0.22 FOOTPRINT=[0.050560109317302704, 0.050560109317302704] CONFIDENCE=0.9646
TRIAL=037 SELECTED_CONTOUR_ORIENTATION=+89.72deg TILT=18.9 LEAN=+1 SYMMETRY=1 IK_FK_POS_ERROR=0.000005m IK_FK_ORIENTATION_ERROR=0.000000rad FINGER_FK_LIFT=0.080000m FINGER_FK_DRIFT=0.000000m JOINT_MOTION=3.008903rad
DAY4_MOTION_DONE=1 ELAPSED_SIM=1.202 INITIAL_ERR=0.01673 FINAL_ERR=0.00042 ARM_V=0.00472
DAY4_STEP=1 EPISODE=037 STEP=01 DIST=0.020319 YAW_ERR_DEG=0.005 REQUESTED_MOVE=0.005003 EXECUTED_MOVE=0.004869 ATTEMPT=0 SUCCESS=0 TERMINATED=0 TRUNCATED=0
DAY4_MOTION_DONE=1 ELAPSED_SIM=1.202 INITIAL_ERR=0.01714 FINAL_ERR=0.00039 ARM_V=0.00432
DAY4_STEP=1 EPISODE=037 STEP=02 DIST=0.015456 YAW_ERR_DEG=0.011 REQUESTED_MOVE=0.004969 EXECUTED_MOVE=0.004853 ATTEMPT=0 SUCCESS=0 TERMINATED=0 TRUNCATED=0
DAY4_MOTION_DONE=1 ELAPSED_SIM=1.202 INITIAL_ERR=0.01730 FINAL_ERR=0.00035 ARM_V=0.00393
DAY4_STEP=1 EPISODE=037 STEP=03 DIST=0.010605 YAW_ERR_DEG=0.016 REQUESTED_MOVE=0.004957 EXECUTED_MOVE=0.004853 ATTEMPT=0 SUCCESS=0 TERMINATED=0 TRUNCATED=0
DAY4_MOTION_DONE=1 ELAPSED_SIM=1.202 INITIAL_ERR=0.01737 FINAL_ERR=0.00036 ARM_V=0.00395
DAY4_GRASP_ATTEMPT=1
TRIAL=037 PHASE=CLOSE_SEARCH
TRIAL=037 LEFT_CONTACT=0 RIGHT_CONTACT=0 STALL=0
TRIAL=037 LEFT_CONTACT=1 RIGHT_CONTACT=0 STALL=0
TRIAL=037 PHASE=WAIT_DUAL_CONTACT
TRIAL=037 PHASE=WAIT_STALL
TRIAL=037 LEFT_CONTACT=1 RIGHT_CONTACT=1 STALL=0 GRIPPER_ERROR=0.06480 VELOCITY=0.12891 CLOSURE_M=0.00044
TRIAL=037 LEFT_CONTACT=1 RIGHT_CONTACT=1 STALL=0 GRIPPER_ERROR=0.04652 VELOCITY=0.01769 CLOSURE_M=0.00098
TRIAL=037 LEFT_CONTACT=1 RIGHT_CONTACT=1 STALL=0 GRIPPER_ERROR=0.03869 VELOCITY=0.00662 CLOSURE_M=0.00121
TRIAL=037 LEFT_CONTACT=1 RIGHT_CONTACT=1 STALL=0 GRIPPER_ERROR=0.03368 VELOCITY=0.00477 CLOSURE_M=0.00137
TRIAL=037 LEFT_CONTACT=1 RIGHT_CONTACT=1 STALL=0 GRIPPER_ERROR=0.02938 VELOCITY=0.00441 CLOSURE_M=0.00150
TRIAL=037 PHASE=LIFT_80_MM
TRIAL=037 ACTUAL_LIFT_M=-0.00002 LEFT_CONTACT=1 RIGHT_CONTACT=1
TRIAL=037 ACTUAL_LIFT_M=0.02622 LEFT_CONTACT=1 RIGHT_CONTACT=1
TRIAL=037 ACTUAL_LIFT_M=0.05817 LEFT_CONTACT=1 RIGHT_CONTACT=1
TRIAL=037 PHASE=HOLD
TRIAL=037 HOLD_SIM_SEC=0.000 HOLD_WALL_SEC=0.000 ACTUAL_LIFT_M=0.07185 RELATIVE_SLIP_M=0.00000 LEFT_CONTACT=1 RIGHT_CONTACT=1
TRIAL=037 HOLD_SIM_SEC=0.894 HOLD_WALL_SEC=1.001 ACTUAL_LIFT_M=0.07471 RELATIVE_SLIP_M=0.00028 LEFT_CONTACT=1 RIGHT_CONTACT=1
TRIAL=037 HOLD_SIM_SEC=1.836 HOLD_WALL_SEC=2.001 ACTUAL_LIFT_M=0.07464 RELATIVE_SLIP_M=0.00028 LEFT_CONTACT=1 RIGHT_CONTACT=1
TRIAL=037 HOLD_SIM_SEC=2.768 HOLD_WALL_SEC=3.001 ACTUAL_LIFT_M=0.07456 RELATIVE_SLIP_M=0.00028 LEFT_CONTACT=1 RIGHT_CONTACT=1
TRIAL=037 HOLD_SIM_SEC=3.698 HOLD_WALL_SEC=4.001 ACTUAL_LIFT_M=0.07447 RELATIVE_SLIP_M=0.00028 LEFT_CONTACT=1 RIGHT_CONTACT=1
TRIAL=037 HOLD_SIM_SEC=4.634 HOLD_WALL_SEC=5.001 ACTUAL_LIFT_M=0.07437 RELATIVE_SLIP_M=0.00028 LEFT_CONTACT=1 RIGHT_CONTACT=1
TRIAL=037 PHASE=PLACE_DOWN
TRIAL=037 PHASE=OPEN_GRIPPER
TRIAL=037 PHASE=RETREAT_PREGRASP
TRIAL=037 PHASE=GRASP_SUCCESS
TRIAL=037 DAY5_PLACE_RELEASE=PASS
DAY4_GRASP_RESULT=SUCCESS
DAY4_STEP=1 EPISODE=037 STEP=04 DIST=0.005763 YAW_ERR_DEG=0.020 REQUESTED_MOVE=0.004949 EXECUTED_MOVE=0.004845 ATTEMPT=1 SUCCESS=1 TERMINATED=1 TRUNCATED=0
DAY7_EPISODE=37 LEVEL=L2 VALID=34/50 TECHNICAL=False SUCCESS=True REASON=
DAY4_RESET_GRIPPER=OPEN ANGLE_RAD=1.570000 EFFORT_NM=1.200000
DAY4_RESET_GRIPPER=AFTER_INITIAL_MOVE ANGLE_RAD=1.570000 EFFORT_NM=1.200000
TRIAL=038 VISUAL_CENTER=[0.28922489285469055, -0.011950857006013393, 0.025676518055653276] SURFACE=[0.28922489285469055, -0.011950857006013393, 0.05067651805565328] CONTOUR_DEG=-0.25 AXIS_STD_DEG=0.18 FOOTPRINT=[0.04969726875424385, 0.04969726875424385] CONFIDENCE=0.9474
TRIAL=038 SELECTED_CONTOUR_ORIENTATION=+89.75deg TILT=12.0 LEAN=+1 SYMMETRY=1 IK_FK_POS_ERROR=0.000003m IK_FK_ORIENTATION_ERROR=0.000000rad FINGER_FK_LIFT=0.080000m FINGER_FK_DRIFT=0.000000m JOINT_MOTION=2.999741rad
DAY4_MOTION_DONE=1 ELAPSED_SIM=1.200 INITIAL_ERR=0.01748 FINAL_ERR=0.00026 ARM_V=0.00292
DAY4_STEP=1 EPISODE=038 STEP=01 DIST=0.020188 YAW_ERR_DEG=0.009 REQUESTED_MOVE=0.005005 EXECUTED_MOVE=0.004926 ATTEMPT=0 SUCCESS=0 TERMINATED=0 TRUNCATED=0
DAY4_MOTION_DONE=1 ELAPSED_SIM=1.200 INITIAL_ERR=0.01779 FINAL_ERR=0.00030 ARM_V=0.00329
DAY4_STEP=1 EPISODE=038 STEP=02 DIST=0.015299 YAW_ERR_DEG=0.016 REQUESTED_MOVE=0.004967 EXECUTED_MOVE=0.004883 ATTEMPT=0 SUCCESS=0 TERMINATED=0 TRUNCATED=0
DAY4_MOTION_DONE=1 ELAPSED_SIM=1.200 INITIAL_ERR=0.01787 FINAL_ERR=0.00030 ARM_V=0.00330
DAY4_STEP=1 EPISODE=038 STEP=03 DIST=0.010421 YAW_ERR_DEG=0.022 REQUESTED_MOVE=0.004955 EXECUTED_MOVE=0.004871 ATTEMPT=0 SUCCESS=0 TERMINATED=0 TRUNCATED=0
DAY4_MOTION_DONE=1 ELAPSED_SIM=1.200 INITIAL_ERR=0.01788 FINAL_ERR=0.00027 ARM_V=0.00298
DAY4_GRASP_ATTEMPT=1
TRIAL=038 PHASE=CLOSE_SEARCH
TRIAL=038 LEFT_CONTACT=0 RIGHT_CONTACT=0 STALL=0
TRIAL=038 LEFT_CONTACT=0 RIGHT_CONTACT=1 STALL=0
TRIAL=038 PHASE=WAIT_DUAL_CONTACT
TRIAL=038 PHASE=WAIT_STALL
TRIAL=038 LEFT_CONTACT=1 RIGHT_CONTACT=1 STALL=0 GRIPPER_ERROR=0.06917 VELOCITY=0.04539 CLOSURE_M=0.00032
TRIAL=038 LEFT_CONTACT=1 RIGHT_CONTACT=1 STALL=0 GRIPPER_ERROR=0.04495 VELOCITY=0.01325 CLOSURE_M=0.00107
TRIAL=038 LEFT_CONTACT=1 RIGHT_CONTACT=1 STALL=0 GRIPPER_ERROR=0.03673 VELOCITY=0.00647 CLOSURE_M=0.00133
TRIAL=038 LEFT_CONTACT=1 RIGHT_CONTACT=1 STALL=0 GRIPPER_ERROR=0.03148 VELOCITY=0.00489 CLOSURE_M=0.00150
TRIAL=038 PHASE=LIFT_80_MM
TRIAL=038 ACTUAL_LIFT_M=-0.00005 LEFT_CONTACT=1 RIGHT_CONTACT=1
TRIAL=038 ACTUAL_LIFT_M=0.02797 LEFT_CONTACT=1 RIGHT_CONTACT=1
TRIAL=038 ACTUAL_LIFT_M=0.06007 LEFT_CONTACT=1 RIGHT_CONTACT=1
TRIAL=038 PHASE=HOLD
TRIAL=038 HOLD_SIM_SEC=0.000 HOLD_WALL_SEC=0.000 ACTUAL_LIFT_M=0.07178 RELATIVE_SLIP_M=0.00000 LEFT_CONTACT=1 RIGHT_CONTACT=1
TRIAL=038 HOLD_SIM_SEC=0.882 HOLD_WALL_SEC=1.001 ACTUAL_LIFT_M=0.07494 RELATIVE_SLIP_M=0.00000 LEFT_CONTACT=1 RIGHT_CONTACT=1
TRIAL=038 HOLD_SIM_SEC=1.816 HOLD_WALL_SEC=2.001 ACTUAL_LIFT_M=0.07486 RELATIVE_SLIP_M=0.00000 LEFT_CONTACT=1 RIGHT_CONTACT=1
TRIAL=038 HOLD_SIM_SEC=2.760 HOLD_WALL_SEC=3.001 ACTUAL_LIFT_M=0.07478 RELATIVE_SLIP_M=0.00000 LEFT_CONTACT=1 RIGHT_CONTACT=1
TRIAL=038 HOLD_SIM_SEC=3.706 HOLD_WALL_SEC=4.001 ACTUAL_LIFT_M=0.07469 RELATIVE_SLIP_M=0.00000 LEFT_CONTACT=1 RIGHT_CONTACT=1
TRIAL=038 HOLD_SIM_SEC=4.652 HOLD_WALL_SEC=5.001 ACTUAL_LIFT_M=0.07461 RELATIVE_SLIP_M=0.00000 LEFT_CONTACT=1 RIGHT_CONTACT=1
TRIAL=038 PHASE=PLACE_DOWN
TRIAL=038 PHASE=OPEN_GRIPPER
TRIAL=038 PHASE=RETREAT_PREGRASP
TRIAL=038 PHASE=GRASP_SUCCESS
TRIAL=038 DAY5_PLACE_RELEASE=PASS
DAY4_GRASP_RESULT=SUCCESS
DAY4_STEP=1 EPISODE=038 STEP=04 DIST=0.005554 YAW_ERR_DEG=0.026 REQUESTED_MOVE=0.004946 EXECUTED_MOVE=0.004871 ATTEMPT=1 SUCCESS=1 TERMINATED=1 TRUNCATED=0
DAY7_EPISODE=38 LEVEL=L2 VALID=35/50 TECHNICAL=False SUCCESS=True REASON=
DAY4_RESET_GRIPPER=OPEN ANGLE_RAD=1.570000 EFFORT_NM=1.200000
DAY4_RESET_GRIPPER=AFTER_INITIAL_MOVE ANGLE_RAD=1.570000 EFFORT_NM=1.200000
TRIAL=039 VISUAL_CENTER=[0.30715495347976685, -0.032486628741025925, 0.024284132647880208] SURFACE=[0.30715495347976685, -0.032486628741025925, 0.04928413264788021] CONTOUR_DEG=-0.36 AXIS_STD_DEG=0.07 FOOTPRINT=[0.050519270822405815, 0.050519270822405815] CONFIDENCE=0.9683
DAY7_EPISODE=39 LEVEL=L2 VALID=35/50 TECHNICAL=True SUCCESS=False REASON=TestFailure: RESET_FAIL: Day4 reset failed after 1 attempts: IK_FAIL: [{"contour_yaw_deg": -0.3622155968956595, "symmetry": 0, "feasible": false, "failure_samples": ["IK_FAIL: no contour-constrained IK at center=[0.30715495347976685, -0.032486628741025925, 0.10928413264788021] axis=-0.36; samples=['geometry pos=0.00036 line=0.53460 tilt=31.14', 'geometry pos=0.00036 line=0.53460 tilt=31.14', 'geometry pos=0.00035 line=0.50209 tilt=150.79']"]}, {"contour_yaw_deg": -0.3622155968956595, "symmetry": 1, "feasible": false, "failure_samples": ["IK_FAIL: no contour-constrained IK at center=[0.30715495347976685, -0.032486628741025925, 0.1117841326478802] axis=89.64; samples=['geometry pos=0.00001 line=0.06004 tilt=31.25']"]}, {"contour_yaw_deg": -0.3622155968956595, "symmetry": 2, "feasible": true, "equivalent_to_symmetry": 0}, {"contour_yaw_deg": -0.3622155968956595, "symmetry": 3, "feasible": true, "equivalent_to_symmetry": 1}]
DAY4_RESET_GRIPPER=OPEN ANGLE_RAD=1.570000 EFFORT_NM=1.200000
DAY4_RESET_GRIPPER=AFTER_INITIAL_MOVE ANGLE_RAD=1.570000 EFFORT_NM=1.200000
TRIAL=040 VISUAL_CENTER=[0.30362559854984283, 0.0012030508369207382, 0.026079446173452765] SURFACE=[0.30362559854984283, 0.0012030508369207382, 0.05107944617345277] CONTOUR_DEG=-0.08 AXIS_STD_DEG=0.11 FOOTPRINT=[0.04994029738008976, 0.04994029738008976] CONFIDENCE=0.9686
TRIAL=040 SELECTED_CONTOUR_ORIENTATION=+89.92deg TILT=18.5 LEAN=+1 SYMMETRY=1 IK_FK_POS_ERROR=0.000001m IK_FK_ORIENTATION_ERROR=0.000000rad FINGER_FK_LIFT=0.080000m FINGER_FK_DRIFT=0.000000m JOINT_MOTION=3.001767rad
DAY4_MOTION_DONE=1 ELAPSED_SIM=1.200 INITIAL_ERR=0.01677 FINAL_ERR=0.00038 ARM_V=0.00426
DAY4_STEP=1 EPISODE=040 STEP=01 DIST=0.020280 YAW_ERR_DEG=0.007 REQUESTED_MOVE=0.005002 EXECUTED_MOVE=0.004882 ATTEMPT=0 SUCCESS=0 TERMINATED=0 TRUNCATED=0
DAY4_MOTION_DONE=1 ELAPSED_SIM=1.200 INITIAL_ERR=0.01718 FINAL_ERR=0.00043 ARM_V=0.00482
DAY4_STEP=1 EPISODE=040 STEP=02 DIST=0.015440 YAW_ERR_DEG=0.014 REQUESTED_MOVE=0.004969 EXECUTED_MOVE=0.004841 ATTEMPT=0 SUCCESS=0 TERMINATED=0 TRUNCATED=0
DAY4_MOTION_DONE=1 ELAPSED_SIM=1.200 INITIAL_ERR=0.01728 FINAL_ERR=0.00039 ARM_V=0.00436
DAY4_STEP=1 EPISODE=040 STEP=03 DIST=0.010588 YAW_ERR_DEG=0.019 REQUESTED_MOVE=0.004957 EXECUTED_MOVE=0.004842 ATTEMPT=0 SUCCESS=0 TERMINATED=0 TRUNCATED=0
DAY4_MOTION_DONE=1 ELAPSED_SIM=1.200 INITIAL_ERR=0.01736 FINAL_ERR=0.00044 ARM_V=0.00487
DAY4_GRASP_ATTEMPT=1
TRIAL=040 PHASE=CLOSE_SEARCH
TRIAL=040 LEFT_CONTACT=0 RIGHT_CONTACT=0 STALL=0
TRIAL=040 LEFT_CONTACT=1 RIGHT_CONTACT=0 STALL=0
TRIAL=040 PHASE=WAIT_DUAL_CONTACT
TRIAL=040 PHASE=WAIT_STALL
TRIAL=040 LEFT_CONTACT=1 RIGHT_CONTACT=1 STALL=0 GRIPPER_ERROR=0.05168 VELOCITY=0.03669 CLOSURE_M=0.00086
TRIAL=040 LEFT_CONTACT=1 RIGHT_CONTACT=1 STALL=0 GRIPPER_ERROR=0.04191 VELOCITY=0.01918 CLOSURE_M=0.00117
TRIAL=040 LEFT_CONTACT=1 RIGHT_CONTACT=1 STALL=0 GRIPPER_ERROR=0.03653 VELOCITY=0.00475 CLOSURE_M=0.00134
TRIAL=040 LEFT_CONTACT=1 RIGHT_CONTACT=1 STALL=0 GRIPPER_ERROR=0.03232 VELOCITY=0.00442 CLOSURE_M=0.00147
TRIAL=040 PHASE=LIFT_80_MM
TRIAL=040 ACTUAL_LIFT_M=-0.00006 LEFT_CONTACT=1 RIGHT_CONTACT=1
TRIAL=040 ACTUAL_LIFT_M=0.02610 LEFT_CONTACT=1 RIGHT_CONTACT=1
TRIAL=040 ACTUAL_LIFT_M=0.05894 LEFT_CONTACT=1 RIGHT_CONTACT=1
TRIAL=040 PHASE=HOLD
TRIAL=040 HOLD_SIM_SEC=0.000 HOLD_WALL_SEC=0.000 ACTUAL_LIFT_M=0.07205 RELATIVE_SLIP_M=0.00000 LEFT_CONTACT=1 RIGHT_CONTACT=1
TRIAL=040 HOLD_SIM_SEC=0.888 HOLD_WALL_SEC=1.001 ACTUAL_LIFT_M=0.07511 RELATIVE_SLIP_M=0.00028 LEFT_CONTACT=1 RIGHT_CONTACT=1
TRIAL=040 HOLD_SIM_SEC=1.808 HOLD_WALL_SEC=2.001 ACTUAL_LIFT_M=0.07505 RELATIVE_SLIP_M=0.00028 LEFT_CONTACT=1 RIGHT_CONTACT=1
TRIAL=040 HOLD_SIM_SEC=2.750 HOLD_WALL_SEC=3.001 ACTUAL_LIFT_M=0.07497 RELATIVE_SLIP_M=0.00028 LEFT_CONTACT=1 RIGHT_CONTACT=1
TRIAL=040 HOLD_SIM_SEC=3.674 HOLD_WALL_SEC=4.001 ACTUAL_LIFT_M=0.07488 RELATIVE_SLIP_M=0.00028 LEFT_CONTACT=1 RIGHT_CONTACT=1
TRIAL=040 HOLD_SIM_SEC=4.590 HOLD_WALL_SEC=5.001 ACTUAL_LIFT_M=0.07480 RELATIVE_SLIP_M=0.00028 LEFT_CONTACT=1 RIGHT_CONTACT=1
TRIAL=040 PHASE=PLACE_DOWN
TRIAL=040 PHASE=OPEN_GRIPPER
TRIAL=040 PHASE=RETREAT_PREGRASP
TRIAL=040 PHASE=GRASP_SUCCESS
TRIAL=040 DAY5_PLACE_RELEASE=PASS
DAY4_GRASP_RESULT=SUCCESS
DAY4_STEP=1 EPISODE=040 STEP=04 DIST=0.005769 YAW_ERR_DEG=0.023 REQUESTED_MOVE=0.004949 EXECUTED_MOVE=0.004822 ATTEMPT=1 SUCCESS=1 TERMINATED=1 TRUNCATED=0
DAY7_EPISODE=40 LEVEL=L2 VALID=36/50 TECHNICAL=False SUCCESS=True REASON=
DAY4_RESET_GRIPPER=OPEN ANGLE_RAD=1.570000 EFFORT_NM=1.200000
DAY4_RESET_GRIPPER=AFTER_INITIAL_MOVE ANGLE_RAD=1.570000 EFFORT_NM=1.200000
TRIAL=041 VISUAL_CENTER=[0.29309961199760437, 0.012345637427642941, 0.022775686138447097] SURFACE=[0.29309961199760437, 0.012345637427642941, 0.0477756861384471] CONTOUR_DEG=0.13 AXIS_STD_DEG=0.05 FOOTPRINT=[0.050400808453559875, 0.050400808453559875] CONFIDENCE=0.9609
TRIAL=041 SELECTED_CONTOUR_ORIENTATION=+90.13deg TILT=13.5 LEAN=+1 SYMMETRY=1 IK_FK_POS_ERROR=0.000003m IK_FK_ORIENTATION_ERROR=0.000000rad FINGER_FK_LIFT=0.080000m FINGER_FK_DRIFT=0.000000m JOINT_MOTION=3.014065rad
DAY4_MOTION_DONE=1 ELAPSED_SIM=1.200 INITIAL_ERR=0.01734 FINAL_ERR=0.00029 ARM_V=0.00321
DAY4_STEP=1 EPISODE=041 STEP=01 DIST=0.020217 YAW_ERR_DEG=0.006 REQUESTED_MOVE=0.005003 EXECUTED_MOVE=0.004914 ATTEMPT=0 SUCCESS=0 TERMINATED=0 TRUNCATED=0
DAY4_MOTION_DONE=1 ELAPSED_SIM=1.200 INITIAL_ERR=0.01764 FINAL_ERR=0.00033 ARM_V=0.00362
DAY4_STEP=1 EPISODE=041 STEP=02 DIST=0.015345 YAW_ERR_DEG=0.013 REQUESTED_MOVE=0.004968 EXECUTED_MOVE=0.004874 ATTEMPT=0 SUCCESS=0 TERMINATED=0 TRUNCATED=0
DAY4_MOTION_DONE=1 ELAPSED_SIM=1.200 INITIAL_ERR=0.01773 FINAL_ERR=0.00033 ARM_V=0.00363
DAY4_STEP=1 EPISODE=041 STEP=03 DIST=0.010485 YAW_ERR_DEG=0.018 REQUESTED_MOVE=0.004955 EXECUTED_MOVE=0.004862 ATTEMPT=0 SUCCESS=0 TERMINATED=0 TRUNCATED=0
DAY4_MOTION_DONE=1 ELAPSED_SIM=1.202 INITIAL_ERR=0.01774 FINAL_ERR=0.00033 ARM_V=0.00364
DAY4_GRASP_ATTEMPT=1
TRIAL=041 PHASE=CLOSE_SEARCH
TRIAL=041 LEFT_CONTACT=0 RIGHT_CONTACT=0 STALL=0
TRIAL=041 LEFT_CONTACT=0 RIGHT_CONTACT=0 STALL=0
TRIAL=041 PHASE=WAIT_DUAL_CONTACT
TRIAL=041 PHASE=WAIT_STALL
TRIAL=041 LEFT_CONTACT=1 RIGHT_CONTACT=1 STALL=0 GRIPPER_ERROR=0.06374 VELOCITY=0.04002 CLOSURE_M=0.00048
TRIAL=041 LEFT_CONTACT=1 RIGHT_CONTACT=1 STALL=0 GRIPPER_ERROR=0.04699 VELOCITY=0.00891 CLOSURE_M=0.00099
TRIAL=041 LEFT_CONTACT=1 RIGHT_CONTACT=1 STALL=0 GRIPPER_ERROR=0.04067 VELOCITY=0.00559 CLOSURE_M=0.00119
TRIAL=041 LEFT_CONTACT=1 RIGHT_CONTACT=1 STALL=0 GRIPPER_ERROR=0.03652 VELOCITY=0.00473 CLOSURE_M=0.00132
TRIAL=041 LEFT_CONTACT=1 RIGHT_CONTACT=1 STALL=0 GRIPPER_ERROR=0.03270 VELOCITY=0.00439 CLOSURE_M=0.00144
TRIAL=041 PHASE=LIFT_80_MM
TRIAL=041 ACTUAL_LIFT_M=-0.00003 LEFT_CONTACT=1 RIGHT_CONTACT=1
TRIAL=041 ACTUAL_LIFT_M=0.02404 LEFT_CONTACT=1 RIGHT_CONTACT=1
TRIAL=041 ACTUAL_LIFT_M=0.05435 LEFT_CONTACT=1 RIGHT_CONTACT=1
TRIAL=041 PHASE=HOLD
TRIAL=041 HOLD_SIM_SEC=0.000 HOLD_WALL_SEC=0.000 ACTUAL_LIFT_M=0.07306 RELATIVE_SLIP_M=0.00000 LEFT_CONTACT=1 RIGHT_CONTACT=1
TRIAL=041 HOLD_SIM_SEC=0.812 HOLD_WALL_SEC=1.000 ACTUAL_LIFT_M=0.07573 RELATIVE_SLIP_M=0.00025 LEFT_CONTACT=1 RIGHT_CONTACT=1
TRIAL=041 HOLD_SIM_SEC=1.720 HOLD_WALL_SEC=2.001 ACTUAL_LIFT_M=0.07567 RELATIVE_SLIP_M=0.00025 LEFT_CONTACT=1 RIGHT_CONTACT=1
TRIAL=041 HOLD_SIM_SEC=2.572 HOLD_WALL_SEC=3.001 ACTUAL_LIFT_M=0.07559 RELATIVE_SLIP_M=0.00025 LEFT_CONTACT=1 RIGHT_CONTACT=1
TRIAL=041 HOLD_SIM_SEC=3.452 HOLD_WALL_SEC=4.001 ACTUAL_LIFT_M=0.07551 RELATIVE_SLIP_M=0.00025 LEFT_CONTACT=1 RIGHT_CONTACT=1
TRIAL=041 HOLD_SIM_SEC=4.300 HOLD_WALL_SEC=5.001 ACTUAL_LIFT_M=0.07542 RELATIVE_SLIP_M=0.00025 LEFT_CONTACT=1 RIGHT_CONTACT=1
TRIAL=041 PHASE=PLACE_DOWN
TRIAL=041 PHASE=OPEN_GRIPPER
TRIAL=041 PHASE=RETREAT_PREGRASP
TRIAL=041 PHASE=GRASP_SUCCESS
TRIAL=041 DAY5_PLACE_RELEASE=PASS
DAY4_GRASP_RESULT=SUCCESS
DAY4_STEP=1 EPISODE=041 STEP=04 DIST=0.005634 YAW_ERR_DEG=0.022 REQUESTED_MOVE=0.004947 EXECUTED_MOVE=0.004854 ATTEMPT=1 SUCCESS=1 TERMINATED=1 TRUNCATED=0
DAY7_EPISODE=41 LEVEL=L2 VALID=37/50 TECHNICAL=False SUCCESS=True REASON=
DAY4_RESET_GRIPPER=OPEN ANGLE_RAD=1.570000 EFFORT_NM=1.200000
DAY4_RESET_GRIPPER=AFTER_INITIAL_MOVE ANGLE_RAD=1.570000 EFFORT_NM=1.200000
TRIAL=042 VISUAL_CENTER=[0.2968270778656006, -0.014090890996158123, 0.024186798388984736] SURFACE=[0.2968270778656006, -0.014090890996158123, 0.04918679838898474] CONTOUR_DEG=-0.75 AXIS_STD_DEG=0.26 FOOTPRINT=[0.04995909333229065, 0.04995909333229065] CONFIDENCE=0.9621
TRIAL=042 SELECTED_CONTOUR_ORIENTATION=+89.25deg TILT=15.4 LEAN=+1 SYMMETRY=1 IK_FK_POS_ERROR=0.000003m IK_FK_ORIENTATION_ERROR=0.000000rad FINGER_FK_LIFT=0.080000m FINGER_FK_DRIFT=0.000000m JOINT_MOTION=3.007053rad
DAY4_MOTION_DONE=1 ELAPSED_SIM=1.200 INITIAL_ERR=0.01697 FINAL_ERR=0.00031 ARM_V=0.00347
DAY4_STEP=1 EPISODE=042 STEP=01 DIST=0.020386 YAW_ERR_DEG=0.009 REQUESTED_MOVE=0.005003 EXECUTED_MOVE=0.004907 ATTEMPT=0 SUCCESS=0 TERMINATED=0 TRUNCATED=0
DAY4_MOTION_DONE=1 ELAPSED_SIM=1.200 INITIAL_ERR=0.01739 FINAL_ERR=0.00040 ARM_V=0.00441
DAY4_STEP=1 EPISODE=042 STEP=02 DIST=0.015523 YAW_ERR_DEG=0.016 REQUESTED_MOVE=0.004969 EXECUTED_MOVE=0.004853 ATTEMPT=0 SUCCESS=0 TERMINATED=0 TRUNCATED=0
DAY4_MOTION_DONE=1 ELAPSED_SIM=1.200 INITIAL_ERR=0.01757 FINAL_ERR=0.00032 ARM_V=0.00360
DAY4_STEP=1 EPISODE=042 STEP=03 DIST=0.010662 YAW_ERR_DEG=0.022 REQUESTED_MOVE=0.004956 EXECUTED_MOVE=0.004863 ATTEMPT=0 SUCCESS=0 TERMINATED=0 TRUNCATED=0
DAY4_MOTION_DONE=1 ELAPSED_SIM=1.202 INITIAL_ERR=0.01762 FINAL_ERR=0.00032 ARM_V=0.00361
DAY4_GRASP_ATTEMPT=1
TRIAL=042 PHASE=CLOSE_SEARCH
TRIAL=042 LEFT_CONTACT=0 RIGHT_CONTACT=0 STALL=0
TRIAL=042 LEFT_CONTACT=1 RIGHT_CONTACT=0 STALL=0
TRIAL=042 PHASE=WAIT_DUAL_CONTACT
TRIAL=042 PHASE=WAIT_STALL
TRIAL=042 LEFT_CONTACT=1 RIGHT_CONTACT=1 STALL=0 GRIPPER_ERROR=0.06307 VELOCITY=0.04784 CLOSURE_M=0.00051
TRIAL=042 LEFT_CONTACT=1 RIGHT_CONTACT=1 STALL=0 GRIPPER_ERROR=0.04553 VELOCITY=0.00942 CLOSURE_M=0.00105
TRIAL=042 LEFT_CONTACT=1 RIGHT_CONTACT=1 STALL=0 GRIPPER_ERROR=0.03948 VELOCITY=0.00580 CLOSURE_M=0.00124
TRIAL=042 LEFT_CONTACT=1 RIGHT_CONTACT=1 STALL=0 GRIPPER_ERROR=0.03545 VELOCITY=0.00485 CLOSURE_M=0.00136
TRIAL=042 LEFT_CONTACT=1 RIGHT_CONTACT=1 STALL=0 GRIPPER_ERROR=0.03149 VELOCITY=0.00450 CLOSURE_M=0.00149
TRIAL=042 PHASE=LIFT_80_MM
TRIAL=042 ACTUAL_LIFT_M=-0.00004 LEFT_CONTACT=1 RIGHT_CONTACT=1
TRIAL=042 ACTUAL_LIFT_M=0.02403 LEFT_CONTACT=1 RIGHT_CONTACT=1
TRIAL=042 ACTUAL_LIFT_M=0.05322 LEFT_CONTACT=1 RIGHT_CONTACT=1
TRIAL=042 PHASE=HOLD
TRIAL=042 HOLD_SIM_SEC=0.000 HOLD_WALL_SEC=0.000 ACTUAL_LIFT_M=0.07168 RELATIVE_SLIP_M=0.00000 LEFT_CONTACT=1 RIGHT_CONTACT=1
TRIAL=042 HOLD_SIM_SEC=0.824 HOLD_WALL_SEC=1.001 ACTUAL_LIFT_M=0.07464 RELATIVE_SLIP_M=0.00000 LEFT_CONTACT=1 RIGHT_CONTACT=1
TRIAL=042 HOLD_SIM_SEC=1.620 HOLD_WALL_SEC=2.001 ACTUAL_LIFT_M=0.07458 RELATIVE_SLIP_M=0.00000 LEFT_CONTACT=1 RIGHT_CONTACT=1
TRIAL=042 HOLD_SIM_SEC=2.424 HOLD_WALL_SEC=3.001 ACTUAL_LIFT_M=0.07450 RELATIVE_SLIP_M=0.00000 LEFT_CONTACT=1 RIGHT_CONTACT=1
TRIAL=042 HOLD_SIM_SEC=3.046 HOLD_WALL_SEC=4.001 ACTUAL_LIFT_M=0.07444 RELATIVE_SLIP_M=0.00000 LEFT_CONTACT=1 RIGHT_CONTACT=1
TRIAL=042 HOLD_SIM_SEC=3.914 HOLD_WALL_SEC=5.002 ACTUAL_LIFT_M=0.07436 RELATIVE_SLIP_M=0.00000 LEFT_CONTACT=1 RIGHT_CONTACT=1
TRIAL=042 HOLD_SIM_SEC=4.756 HOLD_WALL_SEC=6.002 ACTUAL_LIFT_M=0.07430 RELATIVE_SLIP_M=0.00000 LEFT_CONTACT=1 RIGHT_CONTACT=1
TRIAL=042 PHASE=PLACE_DOWN
TRIAL=042 PHASE=OPEN_GRIPPER
TRIAL=042 PHASE=RETREAT_PREGRASP
TRIAL=042 PHASE=GRASP_SUCCESS
TRIAL=042 DAY5_PLACE_RELEASE=PASS
DAY4_GRASP_RESULT=SUCCESS
DAY4_STEP=1 EPISODE=042 STEP=04 DIST=0.005801 YAW_ERR_DEG=0.026 REQUESTED_MOVE=0.004948 EXECUTED_MOVE=0.004855 ATTEMPT=1 SUCCESS=1 TERMINATED=1 TRUNCATED=0
DAY7_EPISODE=42 LEVEL=L2 VALID=38/50 TECHNICAL=False SUCCESS=True REASON=
DAY4_RESET_GRIPPER=OPEN ANGLE_RAD=1.570000 EFFORT_NM=1.200000
DAY4_RESET_GRIPPER=AFTER_INITIAL_MOVE ANGLE_RAD=1.570000 EFFORT_NM=1.200000
TRIAL=043 VISUAL_CENTER=[0.2983018308877945, -0.003121372312307358, 0.028129758750964212] SURFACE=[0.2983018308877945, -0.003121372312307358, 0.053129758750964214] CONTOUR_DEG=0.20 AXIS_STD_DEG=0.32 FOOTPRINT=[0.049996791407465935, 0.049996791407465935] CONFIDENCE=0.9607
TRIAL=043 SELECTED_CONTOUR_ORIENTATION=+90.20deg TILT=16.3 LEAN=+1 SYMMETRY=1 IK_FK_POS_ERROR=0.000001m IK_FK_ORIENTATION_ERROR=0.000000rad FINGER_FK_LIFT=0.080000m FINGER_FK_DRIFT=0.000000m JOINT_MOTION=2.991139rad
DAY4_MOTION_DONE=1 ELAPSED_SIM=1.200 INITIAL_ERR=0.01694 FINAL_ERR=0.00039 ARM_V=0.00430
DAY4_STEP=1 EPISODE=043 STEP=01 DIST=0.020278 YAW_ERR_DEG=0.008 REQUESTED_MOVE=0.005007 EXECUTED_MOVE=0.004887 ATTEMPT=0 SUCCESS=0 TERMINATED=0 TRUNCATED=0
DAY4_MOTION_DONE=1 ELAPSED_SIM=1.200 INITIAL_ERR=0.01737 FINAL_ERR=0.00039 ARM_V=0.00438
DAY4_STEP=1 EPISODE=043 STEP=02 DIST=0.015415 YAW_ERR_DEG=0.015 REQUESTED_MOVE=0.004968 EXECUTED_MOVE=0.004853 ATTEMPT=0 SUCCESS=0 TERMINATED=0 TRUNCATED=0
DAY4_MOTION_DONE=1 ELAPSED_SIM=1.200 INITIAL_ERR=0.01749 FINAL_ERR=0.00040 ARM_V=0.00442
DAY4_STEP=1 EPISODE=043 STEP=03 DIST=0.010564 YAW_ERR_DEG=0.020 REQUESTED_MOVE=0.004956 EXECUTED_MOVE=0.004841 ATTEMPT=0 SUCCESS=0 TERMINATED=0 TRUNCATED=0
DAY4_MOTION_DONE=1 ELAPSED_SIM=1.200 INITIAL_ERR=0.01754 FINAL_ERR=0.00040 ARM_V=0.00443
DAY4_GRASP_ATTEMPT=1
TRIAL=043 PHASE=CLOSE_SEARCH
TRIAL=043 LEFT_CONTACT=0 RIGHT_CONTACT=0 STALL=0
TRIAL=043 LEFT_CONTACT=1 RIGHT_CONTACT=0 STALL=0
TRIAL=043 PHASE=WAIT_DUAL_CONTACT
TRIAL=043 PHASE=WAIT_STALL
TRIAL=043 LEFT_CONTACT=1 RIGHT_CONTACT=1 STALL=0 GRIPPER_ERROR=0.05724 VELOCITY=0.03491 CLOSURE_M=0.00070
TRIAL=043 LEFT_CONTACT=1 RIGHT_CONTACT=1 STALL=0 GRIPPER_ERROR=0.04550 VELOCITY=0.00776 CLOSURE_M=0.00107
TRIAL=043 LEFT_CONTACT=1 RIGHT_CONTACT=1 STALL=0 GRIPPER_ERROR=0.04108 VELOCITY=0.00473 CLOSURE_M=0.00121
TRIAL=043 LEFT_CONTACT=1 RIGHT_CONTACT=1 STALL=0 GRIPPER_ERROR=0.03716 VELOCITY=0.00448 CLOSURE_M=0.00134
TRIAL=043 LEFT_CONTACT=1 RIGHT_CONTACT=1 STALL=0 GRIPPER_ERROR=0.03351 VELOCITY=0.00444 CLOSURE_M=0.00146
TRIAL=043 PHASE=LIFT_80_MM
TRIAL=043 ACTUAL_LIFT_M=-0.00030 LEFT_CONTACT=1 RIGHT_CONTACT=1
TRIAL=043 ACTUAL_LIFT_M=0.02404 LEFT_CONTACT=1 RIGHT_CONTACT=1
TRIAL=043 ACTUAL_LIFT_M=0.05179 LEFT_CONTACT=1 RIGHT_CONTACT=1
TRIAL=043 PHASE=HOLD
TRIAL=043 HOLD_SIM_SEC=0.000 HOLD_WALL_SEC=0.001 ACTUAL_LIFT_M=0.07089 RELATIVE_SLIP_M=0.00000 LEFT_CONTACT=1 RIGHT_CONTACT=1
TRIAL=043 HOLD_SIM_SEC=0.786 HOLD_WALL_SEC=1.001 ACTUAL_LIFT_M=0.07419 RELATIVE_SLIP_M=0.00000 LEFT_CONTACT=1 RIGHT_CONTACT=1
TRIAL=043 HOLD_SIM_SEC=1.636 HOLD_WALL_SEC=2.001 ACTUAL_LIFT_M=0.07412 RELATIVE_SLIP_M=0.00000 LEFT_CONTACT=1 RIGHT_CONTACT=1
TRIAL=043 HOLD_SIM_SEC=2.504 HOLD_WALL_SEC=3.001 ACTUAL_LIFT_M=0.07405 RELATIVE_SLIP_M=0.00000 LEFT_CONTACT=1 RIGHT_CONTACT=1
TRIAL=043 HOLD_SIM_SEC=3.316 HOLD_WALL_SEC=4.002 ACTUAL_LIFT_M=0.07398 RELATIVE_SLIP_M=0.00000 LEFT_CONTACT=1 RIGHT_CONTACT=1
TRIAL=043 HOLD_SIM_SEC=4.180 HOLD_WALL_SEC=5.002 ACTUAL_LIFT_M=0.07389 RELATIVE_SLIP_M=0.00000 LEFT_CONTACT=1 RIGHT_CONTACT=1
TRIAL=043 PHASE=PLACE_DOWN
TRIAL=043 PHASE=OPEN_GRIPPER
TRIAL=043 PHASE=RETREAT_PREGRASP
TRIAL=043 PHASE=GRASP_SUCCESS
TRIAL=043 DAY5_PLACE_RELEASE=PASS
DAY4_GRASP_RESULT=SUCCESS
DAY4_STEP=1 EPISODE=043 STEP=04 DIST=0.005722 YAW_ERR_DEG=0.024 REQUESTED_MOVE=0.004948 EXECUTED_MOVE=0.004834 ATTEMPT=1 SUCCESS=1 TERMINATED=1 TRUNCATED=0
DAY7_EPISODE=43 LEVEL=L2 VALID=39/50 TECHNICAL=False SUCCESS=True REASON=
DAY4_RESET_GRIPPER=OPEN ANGLE_RAD=1.570000 EFFORT_NM=1.200000
DAY4_RESET_GRIPPER=AFTER_INITIAL_MOVE ANGLE_RAD=1.570000 EFFORT_NM=1.200000
TRIAL=044 VISUAL_CENTER=[0.2964729964733124, 0.01318973139859736, 0.024684294871364296] SURFACE=[0.2964729964733124, 0.01318973139859736, 0.0496842948713643] CONTOUR_DEG=-0.14 AXIS_STD_DEG=0.08 FOOTPRINT=[0.04986637644469738, 0.04986637644469738] CONFIDENCE=0.9611
TRIAL=044 SELECTED_CONTOUR_ORIENTATION=+89.86deg TILT=15.3 LEAN=+1 SYMMETRY=1 IK_FK_POS_ERROR=0.000005m IK_FK_ORIENTATION_ERROR=0.000000rad FINGER_FK_LIFT=0.080000m FINGER_FK_DRIFT=0.000000m JOINT_MOTION=3.004784rad
DAY4_MOTION_DONE=1 ELAPSED_SIM=1.200 INITIAL_ERR=0.01712 FINAL_ERR=0.00032 ARM_V=0.00352
DAY4_STEP=1 EPISODE=044 STEP=01 DIST=0.020228 YAW_ERR_DEG=0.006 REQUESTED_MOVE=0.005003 EXECUTED_MOVE=0.004906 ATTEMPT=0 SUCCESS=0 TERMINATED=0 TRUNCATED=0
DAY4_MOTION_DONE=1 ELAPSED_SIM=1.202 INITIAL_ERR=0.01751 FINAL_ERR=0.00032 ARM_V=0.00359
DAY4_STEP=1 EPISODE=044 STEP=02 DIST=0.015347 YAW_ERR_DEG=0.012 REQUESTED_MOVE=0.004968 EXECUTED_MOVE=0.004874 ATTEMPT=0 SUCCESS=0 TERMINATED=0 TRUNCATED=0
DAY4_MOTION_DONE=1 ELAPSED_SIM=1.200 INITIAL_ERR=0.01760 FINAL_ERR=0.00026 ARM_V=0.00293
DAY4_STEP=1 EPISODE=044 STEP=03 DIST=0.010468 YAW_ERR_DEG=0.017 REQUESTED_MOVE=0.004956 EXECUTED_MOVE=0.004879 ATTEMPT=0 SUCCESS=0 TERMINATED=0 TRUNCATED=0
DAY4_MOTION_DONE=1 ELAPSED_SIM=1.200 INITIAL_ERR=0.01764 FINAL_ERR=0.00029 ARM_V=0.00326
DAY4_GRASP_ATTEMPT=1
TRIAL=044 PHASE=CLOSE_SEARCH
TRIAL=044 LEFT_CONTACT=0 RIGHT_CONTACT=0 STALL=0
TRIAL=044 LEFT_CONTACT=1 RIGHT_CONTACT=0 STALL=0
TRIAL=044 PHASE=WAIT_DUAL_CONTACT
TRIAL=044 PHASE=WAIT_STALL
TRIAL=044 LEFT_CONTACT=1 RIGHT_CONTACT=1 STALL=0 GRIPPER_ERROR=0.06046 VELOCITY=0.04033 CLOSURE_M=0.00057
TRIAL=044 LEFT_CONTACT=1 RIGHT_CONTACT=1 STALL=0 GRIPPER_ERROR=0.04129 VELOCITY=0.00860 CLOSURE_M=0.00115
TRIAL=044 LEFT_CONTACT=1 RIGHT_CONTACT=1 STALL=0 GRIPPER_ERROR=0.03564 VELOCITY=0.00563 CLOSURE_M=0.00132
TRIAL=044 LEFT_CONTACT=1 RIGHT_CONTACT=1 STALL=0 GRIPPER_ERROR=0.03137 VELOCITY=0.00475 CLOSURE_M=0.00145
TRIAL=044 PHASE=LIFT_80_MM
TRIAL=044 ACTUAL_LIFT_M=-0.00013 LEFT_CONTACT=1 RIGHT_CONTACT=1
TRIAL=044 ACTUAL_LIFT_M=0.02506 LEFT_CONTACT=1 RIGHT_CONTACT=1
TRIAL=044 ACTUAL_LIFT_M=0.05314 LEFT_CONTACT=1 RIGHT_CONTACT=1
TRIAL=044 PHASE=HOLD
TRIAL=044 HOLD_SIM_SEC=0.000 HOLD_WALL_SEC=0.000 ACTUAL_LIFT_M=0.07245 RELATIVE_SLIP_M=0.00000 LEFT_CONTACT=1 RIGHT_CONTACT=1
TRIAL=044 HOLD_SIM_SEC=0.844 HOLD_WALL_SEC=1.001 ACTUAL_LIFT_M=0.07522 RELATIVE_SLIP_M=0.00025 LEFT_CONTACT=1 RIGHT_CONTACT=1
TRIAL=044 HOLD_SIM_SEC=1.690 HOLD_WALL_SEC=2.001 ACTUAL_LIFT_M=0.07516 RELATIVE_SLIP_M=0.00025 LEFT_CONTACT=1 RIGHT_CONTACT=1
TRIAL=044 HOLD_SIM_SEC=2.548 HOLD_WALL_SEC=3.001 ACTUAL_LIFT_M=0.07508 RELATIVE_SLIP_M=0.00025 LEFT_CONTACT=1 RIGHT_CONTACT=1
TRIAL=044 HOLD_SIM_SEC=3.422 HOLD_WALL_SEC=4.001 ACTUAL_LIFT_M=0.07500 RELATIVE_SLIP_M=0.00025 LEFT_CONTACT=1 RIGHT_CONTACT=1
TRIAL=044 HOLD_SIM_SEC=4.270 HOLD_WALL_SEC=5.002 ACTUAL_LIFT_M=0.07491 RELATIVE_SLIP_M=0.00025 LEFT_CONTACT=1 RIGHT_CONTACT=1
TRIAL=044 PHASE=PLACE_DOWN
TRIAL=044 PHASE=OPEN_GRIPPER
TRIAL=044 PHASE=RETREAT_PREGRASP
TRIAL=044 PHASE=GRASP_SUCCESS
TRIAL=044 DAY5_PLACE_RELEASE=PASS
DAY4_GRASP_RESULT=SUCCESS
DAY4_STEP=1 EPISODE=044 STEP=04 DIST=0.005608 YAW_ERR_DEG=0.020 REQUESTED_MOVE=0.004947 EXECUTED_MOVE=0.004863 ATTEMPT=1 SUCCESS=1 TERMINATED=1 TRUNCATED=0
DAY7_EPISODE=44 LEVEL=L2 VALID=40/50 TECHNICAL=False SUCCESS=True REASON=
DAY4_RESET_GRIPPER=OPEN ANGLE_RAD=1.570000 EFFORT_NM=1.200000
DAY4_RESET_GRIPPER=AFTER_INITIAL_MOVE ANGLE_RAD=1.570000 EFFORT_NM=1.200000
TRIAL=045 VISUAL_CENTER=[0.31288906931877136, 0.0050764139741659164, 0.026599974309524585] SURFACE=[0.31288906931877136, 0.0050764139741659164, 0.051599974309524586] CONTOUR_DEG=-0.05 AXIS_STD_DEG=0.10 FOOTPRINT=[0.05050111003220081, 0.05050111003220081] CONFIDENCE=0.9726
TRIAL=045 SELECTED_CONTOUR_ORIENTATION=+89.95deg TILT=23.0 LEAN=+1 SYMMETRY=1 IK_FK_POS_ERROR=0.000003m IK_FK_ORIENTATION_ERROR=0.000000rad FINGER_FK_LIFT=0.080000m FINGER_FK_DRIFT=0.000000m JOINT_MOTION=3.012363rad
DAY4_MOTION_DONE=1 ELAPSED_SIM=1.200 INITIAL_ERR=0.01630 FINAL_ERR=0.00037 ARM_V=0.00414
DAY4_STEP=1 EPISODE=045 STEP=01 DIST=0.020343 YAW_ERR_DEG=0.006 REQUESTED_MOVE=0.005002 EXECUTED_MOVE=0.004880 ATTEMPT=0 SUCCESS=0 TERMINATED=0 TRUNCATED=0
DAY4_MOTION_DONE=1 ELAPSED_SIM=1.200 INITIAL_ERR=0.01678 FINAL_ERR=0.00042 ARM_V=0.00470
DAY4_STEP=1 EPISODE=045 STEP=02 DIST=0.015504 YAW_ERR_DEG=0.012 REQUESTED_MOVE=0.004971 EXECUTED_MOVE=0.004841 ATTEMPT=0 SUCCESS=0 TERMINATED=0 TRUNCATED=0
DAY4_MOTION_DONE=1 ELAPSED_SIM=1.200 INITIAL_ERR=0.01700 FINAL_ERR=0.00035 ARM_V=0.00386
DAY4_STEP=1 EPISODE=045 STEP=03 DIST=0.010652 YAW_ERR_DEG=0.017 REQUESTED_MOVE=0.004959 EXECUTED_MOVE=0.004854 ATTEMPT=0 SUCCESS=0 TERMINATED=0 TRUNCATED=0
DAY4_MOTION_DONE=1 ELAPSED_SIM=1.200 INITIAL_ERR=0.01711 FINAL_ERR=0.00035 ARM_V=0.00389
DAY4_GRASP_ATTEMPT=1
TRIAL=045 PHASE=CLOSE_SEARCH
TRIAL=045 LEFT_CONTACT=0 RIGHT_CONTACT=0 STALL=0
TRIAL=045 LEFT_CONTACT=0 RIGHT_CONTACT=1 STALL=0
TRIAL=045 PHASE=WAIT_DUAL_CONTACT
TRIAL=045 PHASE=WAIT_STALL
TRIAL=045 LEFT_CONTACT=1 RIGHT_CONTACT=1 STALL=0 GRIPPER_ERROR=0.05818 VELOCITY=0.03227 CLOSURE_M=0.00064
TRIAL=045 LEFT_CONTACT=1 RIGHT_CONTACT=1 STALL=0 GRIPPER_ERROR=0.04551 VELOCITY=0.00875 CLOSURE_M=0.00103
TRIAL=045 LEFT_CONTACT=1 RIGHT_CONTACT=1 STALL=0 GRIPPER_ERROR=0.04005 VELOCITY=0.00529 CLOSURE_M=0.00119
TRIAL=045 LEFT_CONTACT=1 RIGHT_CONTACT=1 STALL=0 GRIPPER_ERROR=0.03598 VELOCITY=0.00460 CLOSURE_M=0.00132
TRIAL=045 LEFT_CONTACT=1 RIGHT_CONTACT=1 STALL=0 GRIPPER_ERROR=0.03211 VELOCITY=0.00443 CLOSURE_M=0.00144
TRIAL=045 PHASE=LIFT_80_MM
TRIAL=045 ACTUAL_LIFT_M=-0.00003 LEFT_CONTACT=1 RIGHT_CONTACT=1
TRIAL=045 ACTUAL_LIFT_M=0.02335 LEFT_CONTACT=1 RIGHT_CONTACT=1
TRIAL=045 ACTUAL_LIFT_M=0.05288 LEFT_CONTACT=1 RIGHT_CONTACT=1
TRIAL=045 PHASE=HOLD
TRIAL=045 HOLD_SIM_SEC=0.000 HOLD_WALL_SEC=0.000 ACTUAL_LIFT_M=0.07229 RELATIVE_SLIP_M=0.00000 LEFT_CONTACT=1 RIGHT_CONTACT=1
TRIAL=045 HOLD_SIM_SEC=0.806 HOLD_WALL_SEC=1.001 ACTUAL_LIFT_M=0.07552 RELATIVE_SLIP_M=0.00028 LEFT_CONTACT=1 RIGHT_CONTACT=1
TRIAL=045 HOLD_SIM_SEC=1.674 HOLD_WALL_SEC=2.001 ACTUAL_LIFT_M=0.07546 RELATIVE_SLIP_M=0.00028 LEFT_CONTACT=1 RIGHT_CONTACT=1
TRIAL=045 HOLD_SIM_SEC=2.498 HOLD_WALL_SEC=3.001 ACTUAL_LIFT_M=0.07539 RELATIVE_SLIP_M=0.00028 LEFT_CONTACT=1 RIGHT_CONTACT=1
TRIAL=045 HOLD_SIM_SEC=3.344 HOLD_WALL_SEC=4.002 ACTUAL_LIFT_M=0.07532 RELATIVE_SLIP_M=0.00028 LEFT_CONTACT=1 RIGHT_CONTACT=1
TRIAL=045 HOLD_SIM_SEC=4.210 HOLD_WALL_SEC=5.002 ACTUAL_LIFT_M=0.07524 RELATIVE_SLIP_M=0.00028 LEFT_CONTACT=1 RIGHT_CONTACT=1
TRIAL=045 PHASE=PLACE_DOWN
TRIAL=045 PHASE=OPEN_GRIPPER
TRIAL=045 PHASE=RETREAT_PREGRASP
TRIAL=045 PHASE=GRASP_SUCCESS
TRIAL=045 DAY5_PLACE_RELEASE=PASS
DAY4_GRASP_RESULT=SUCCESS
DAY4_STEP=1 EPISODE=045 STEP=04 DIST=0.005808 YAW_ERR_DEG=0.020 REQUESTED_MOVE=0.004951 EXECUTED_MOVE=0.004846 ATTEMPT=1 SUCCESS=1 TERMINATED=1 TRUNCATED=0
DAY7_EPISODE=45 LEVEL=L2 VALID=41/50 TECHNICAL=False SUCCESS=True REASON=
DAY4_RESET_GRIPPER=OPEN ANGLE_RAD=1.570000 EFFORT_NM=1.200000
DAY4_RESET_GRIPPER=AFTER_INITIAL_MOVE ANGLE_RAD=1.570000 EFFORT_NM=1.200000
DAY7_EPISODE=46 LEVEL=L2 VALID=41/50 TECHNICAL=True SUCCESS=False REASON=TechnicalFailure: Ignition remove:  Service call timed out

DAY4_RESET_GRIPPER=OPEN ANGLE_RAD=1.570000 EFFORT_NM=1.200000
DAY4_RESET_GRIPPER=AFTER_INITIAL_MOVE ANGLE_RAD=1.570000 EFFORT_NM=1.200000
TRIAL=047 VISUAL_CENTER=[0.3117954283952713, 0.009914057329297066, 0.025813434052656688] SURFACE=[0.3117954283952713, 0.009914057329297066, 0.05081343405265669] CONTOUR_DEG=0.56 AXIS_STD_DEG=0.17 FOOTPRINT=[0.04996569640934467, 0.04996569640934467] CONFIDENCE=0.9694
TRIAL=047 SELECTED_CONTOUR_ORIENTATION=+90.56deg TILT=22.4 LEAN=+1 SYMMETRY=1 IK_FK_POS_ERROR=0.000003m IK_FK_ORIENTATION_ERROR=0.000000rad FINGER_FK_LIFT=0.080000m FINGER_FK_DRIFT=0.000000m JOINT_MOTION=3.011767rad
DAY4_MOTION_DONE=1 ELAPSED_SIM=1.200 INITIAL_ERR=0.01636 FINAL_ERR=0.00027 ARM_V=0.00303
DAY4_STEP=1 EPISODE=047 STEP=01 DIST=0.020283 YAW_ERR_DEG=0.005 REQUESTED_MOVE=0.005002 EXECUTED_MOVE=0.004912 ATTEMPT=0 SUCCESS=0 TERMINATED=0 TRUNCATED=0
DAY4_MOTION_DONE=1 ELAPSED_SIM=1.200 INITIAL_ERR=0.01694 FINAL_ERR=0.00028 ARM_V=0.00313
DAY4_STEP=1 EPISODE=047 STEP=02 DIST=0.015401 YAW_ERR_DEG=0.011 REQUESTED_MOVE=0.004970 EXECUTED_MOVE=0.004883 ATTEMPT=0 SUCCESS=0 TERMINATED=0 TRUNCATED=0
DAY4_MOTION_DONE=1 ELAPSED_SIM=1.200 INITIAL_ERR=0.01708 FINAL_ERR=0.00028 ARM_V=0.00315
DAY4_STEP=1 EPISODE=047 STEP=03 DIST=0.010521 YAW_ERR_DEG=0.016 REQUESTED_MOVE=0.004958 EXECUTED_MOVE=0.004873 ATTEMPT=0 SUCCESS=0 TERMINATED=0 TRUNCATED=0
DAY4_MOTION_DONE=1 ELAPSED_SIM=1.200 INITIAL_ERR=0.01719 FINAL_ERR=0.00026 ARM_V=0.00286
DAY4_GRASP_ATTEMPT=1
TRIAL=047 PHASE=CLOSE_SEARCH
TRIAL=047 LEFT_CONTACT=0 RIGHT_CONTACT=0 STALL=0
TRIAL=047 LEFT_CONTACT=0 RIGHT_CONTACT=1 STALL=0
TRIAL=047 PHASE=WAIT_DUAL_CONTACT
TRIAL=047 PHASE=WAIT_STALL
TRIAL=047 LEFT_CONTACT=1 RIGHT_CONTACT=1 STALL=0 GRIPPER_ERROR=0.06715 VELOCITY=0.03800 CLOSURE_M=0.00037
TRIAL=047 LEFT_CONTACT=1 RIGHT_CONTACT=1 STALL=0 GRIPPER_ERROR=0.04658 VELOCITY=0.01484 CLOSURE_M=0.00097
TRIAL=047 LEFT_CONTACT=1 RIGHT_CONTACT=1 STALL=0 GRIPPER_ERROR=0.03873 VELOCITY=0.00681 CLOSURE_M=0.00121
TRIAL=047 LEFT_CONTACT=1 RIGHT_CONTACT=1 STALL=0 GRIPPER_ERROR=0.03374 VELOCITY=0.00509 CLOSURE_M=0.00136
TRIAL=047 LEFT_CONTACT=1 RIGHT_CONTACT=1 STALL=0 GRIPPER_ERROR=0.02971 VELOCITY=0.00459 CLOSURE_M=0.00148
TRIAL=047 PHASE=LIFT_80_MM
TRIAL=047 ACTUAL_LIFT_M=-0.00002 LEFT_CONTACT=1 RIGHT_CONTACT=1
TRIAL=047 ACTUAL_LIFT_M=0.02513 LEFT_CONTACT=1 RIGHT_CONTACT=1
TRIAL=047 ACTUAL_LIFT_M=0.05442 LEFT_CONTACT=1 RIGHT_CONTACT=1
TRIAL=047 PHASE=HOLD
TRIAL=047 HOLD_SIM_SEC=0.000 HOLD_WALL_SEC=0.000 ACTUAL_LIFT_M=0.07158 RELATIVE_SLIP_M=0.00000 LEFT_CONTACT=1 RIGHT_CONTACT=1
TRIAL=047 HOLD_SIM_SEC=0.828 HOLD_WALL_SEC=1.000 ACTUAL_LIFT_M=0.07491 RELATIVE_SLIP_M=0.00000 LEFT_CONTACT=1 RIGHT_CONTACT=1
TRIAL=047 HOLD_SIM_SEC=1.598 HOLD_WALL_SEC=2.001 ACTUAL_LIFT_M=0.07486 RELATIVE_SLIP_M=0.00000 LEFT_CONTACT=1 RIGHT_CONTACT=1
TRIAL=047 HOLD_SIM_SEC=2.438 HOLD_WALL_SEC=3.001 ACTUAL_LIFT_M=0.07479 RELATIVE_SLIP_M=0.00000 LEFT_CONTACT=1 RIGHT_CONTACT=1
TRIAL=047 HOLD_SIM_SEC=3.284 HOLD_WALL_SEC=4.001 ACTUAL_LIFT_M=0.07471 RELATIVE_SLIP_M=0.00000 LEFT_CONTACT=1 RIGHT_CONTACT=1
TRIAL=047 HOLD_SIM_SEC=4.110 HOLD_WALL_SEC=5.001 ACTUAL_LIFT_M=0.07463 RELATIVE_SLIP_M=0.00000 LEFT_CONTACT=1 RIGHT_CONTACT=1
TRIAL=047 HOLD_SIM_SEC=4.912 HOLD_WALL_SEC=6.001 ACTUAL_LIFT_M=0.07456 RELATIVE_SLIP_M=0.00000 LEFT_CONTACT=1 RIGHT_CONTACT=1
TRIAL=047 PHASE=PLACE_DOWN
TRIAL=047 PHASE=OPEN_GRIPPER
TRIAL=047 PHASE=RETREAT_PREGRASP
TRIAL=047 PHASE=GRASP_SUCCESS
TRIAL=047 DAY5_PLACE_RELEASE=PASS
DAY4_GRASP_RESULT=SUCCESS
DAY4_STEP=1 EPISODE=047 STEP=04 DIST=0.005651 YAW_ERR_DEG=0.019 REQUESTED_MOVE=0.004950 EXECUTED_MOVE=0.004873 ATTEMPT=1 SUCCESS=1 TERMINATED=1 TRUNCATED=0
DAY7_EPISODE=47 LEVEL=L2 VALID=42/50 TECHNICAL=False SUCCESS=True REASON=
DAY4_RESET_GRIPPER=OPEN ANGLE_RAD=1.570000 EFFORT_NM=1.200000
DAY4_RESET_GRIPPER=AFTER_INITIAL_MOVE ANGLE_RAD=1.570000 EFFORT_NM=1.200000
TRIAL=048 VISUAL_CENTER=[0.3188030868768692, -0.0018796315416693687, 0.021196823155551034] SURFACE=[0.3188030868768692, -0.0018796315416693687, 0.046196823155551035] CONTOUR_DEG=0.08 AXIS_STD_DEG=0.08 FOOTPRINT=[0.050047777593135834, 0.050047777593135834] CONFIDENCE=0.9757
TRIAL=048 SELECTED_CONTOUR_ORIENTATION=+90.08deg TILT=25.3 LEAN=+1 SYMMETRY=1 IK_FK_POS_ERROR=0.000001m IK_FK_ORIENTATION_ERROR=0.000000rad FINGER_FK_LIFT=0.080000m FINGER_FK_DRIFT=0.000000m JOINT_MOTION=3.042473rad
DAY4_MOTION_DONE=1 ELAPSED_SIM=1.200 INITIAL_ERR=0.01626 FINAL_ERR=0.00033 ARM_V=0.00372
DAY4_STEP=1 EPISODE=048 STEP=01 DIST=0.020318 YAW_ERR_DEG=0.007 REQUESTED_MOVE=0.004998 EXECUTED_MOVE=0.004889 ATTEMPT=0 SUCCESS=0 TERMINATED=0 TRUNCATED=0
DAY4_MOTION_DONE=1 ELAPSED_SIM=1.200 INITIAL_ERR=0.01676 FINAL_ERR=0.00038 ARM_V=0.00424
DAY4_STEP=1 EPISODE=048 STEP=02 DIST=0.015465 YAW_ERR_DEG=0.013 REQUESTED_MOVE=0.004971 EXECUTED_MOVE=0.004854 ATTEMPT=0 SUCCESS=0 TERMINATED=0 TRUNCATED=0
DAY4_MOTION_DONE=1 ELAPSED_SIM=1.200 INITIAL_ERR=0.01693 FINAL_ERR=0.00035 ARM_V=0.00385
DAY4_STEP=1 EPISODE=048 STEP=03 DIST=0.010612 YAW_ERR_DEG=0.018 REQUESTED_MOVE=0.004960 EXECUTED_MOVE=0.004855 ATTEMPT=0 SUCCESS=0 TERMINATED=0 TRUNCATED=0
DAY4_MOTION_DONE=1 ELAPSED_SIM=1.200 INITIAL_ERR=0.01707 FINAL_ERR=0.00039 ARM_V=0.00430
DAY4_GRASP_ATTEMPT=1
TRIAL=048 PHASE=CLOSE_SEARCH
TRIAL=048 LEFT_CONTACT=0 RIGHT_CONTACT=0 STALL=0
TRIAL=048 LEFT_CONTACT=0 RIGHT_CONTACT=0 STALL=0
TRIAL=048 PHASE=WAIT_DUAL_CONTACT
TRIAL=048 PHASE=WAIT_STALL
TRIAL=048 LEFT_CONTACT=1 RIGHT_CONTACT=1 STALL=0 GRIPPER_ERROR=0.06379 VELOCITY=0.03218 CLOSURE_M=0.00047
TRIAL=048 LEFT_CONTACT=1 RIGHT_CONTACT=1 STALL=0 GRIPPER_ERROR=0.04512 VELOCITY=0.01261 CLOSURE_M=0.00104
TRIAL=048 LEFT_CONTACT=1 RIGHT_CONTACT=1 STALL=0 GRIPPER_ERROR=0.03823 VELOCITY=0.00619 CLOSURE_M=0.00125
TRIAL=048 LEFT_CONTACT=1 RIGHT_CONTACT=1 STALL=0 GRIPPER_ERROR=0.03361 VELOCITY=0.00489 CLOSURE_M=0.00139
TRIAL=048 LEFT_CONTACT=1 RIGHT_CONTACT=1 STALL=1 GRIPPER_ERROR=0.02982 VELOCITY=0.00449 CLOSURE_M=0.00151
TRIAL=048 PHASE=LIFT_80_MM
TRIAL=048 ACTUAL_LIFT_M=-0.00002 LEFT_CONTACT=1 RIGHT_CONTACT=1
TRIAL=048 ACTUAL_LIFT_M=0.02398 LEFT_CONTACT=1 RIGHT_CONTACT=1
TRIAL=048 ACTUAL_LIFT_M=0.05267 LEFT_CONTACT=1 RIGHT_CONTACT=1
TRIAL=048 PHASE=HOLD
TRIAL=048 HOLD_SIM_SEC=0.000 HOLD_WALL_SEC=0.000 ACTUAL_LIFT_M=0.07194 RELATIVE_SLIP_M=0.00000 LEFT_CONTACT=1 RIGHT_CONTACT=1
TRIAL=048 HOLD_SIM_SEC=0.818 HOLD_WALL_SEC=1.001 ACTUAL_LIFT_M=0.07513 RELATIVE_SLIP_M=0.00015 LEFT_CONTACT=1 RIGHT_CONTACT=1
TRIAL=048 HOLD_SIM_SEC=1.678 HOLD_WALL_SEC=2.001 ACTUAL_LIFT_M=0.07507 RELATIVE_SLIP_M=0.00015 LEFT_CONTACT=1 RIGHT_CONTACT=1
TRIAL=048 HOLD_SIM_SEC=2.544 HOLD_WALL_SEC=3.001 ACTUAL_LIFT_M=0.07500 RELATIVE_SLIP_M=0.00015 LEFT_CONTACT=1 RIGHT_CONTACT=1
TRIAL=048 HOLD_SIM_SEC=3.396 HOLD_WALL_SEC=4.001 ACTUAL_LIFT_M=0.07493 RELATIVE_SLIP_M=0.00015 LEFT_CONTACT=1 RIGHT_CONTACT=1
TRIAL=048 HOLD_SIM_SEC=4.224 HOLD_WALL_SEC=5.001 ACTUAL_LIFT_M=0.07486 RELATIVE_SLIP_M=0.00015 LEFT_CONTACT=1 RIGHT_CONTACT=1
TRIAL=048 PHASE=PLACE_DOWN
TRIAL=048 PHASE=OPEN_GRIPPER
TRIAL=048 PHASE=RETREAT_PREGRASP
TRIAL=048 PHASE=GRASP_SUCCESS
TRIAL=048 DAY5_PLACE_RELEASE=PASS
DAY4_GRASP_RESULT=SUCCESS
DAY4_STEP=1 EPISODE=048 STEP=04 DIST=0.005767 YAW_ERR_DEG=0.021 REQUESTED_MOVE=0.004952 EXECUTED_MOVE=0.004836 ATTEMPT=1 SUCCESS=1 TERMINATED=1 TRUNCATED=0
DAY7_EPISODE=48 LEVEL=L2 VALID=43/50 TECHNICAL=False SUCCESS=True REASON=
DAY4_RESET_GRIPPER=OPEN ANGLE_RAD=1.570000 EFFORT_NM=1.200000
DAY4_RESET_GRIPPER=AFTER_INITIAL_MOVE ANGLE_RAD=1.570000 EFFORT_NM=1.200000
TRIAL=049 VISUAL_CENTER=[0.2904669791460037, -0.01509751845151186, 0.023985502306124888] SURFACE=[0.2904669791460037, -0.01509751845151186, 0.04898550230612489] CONTOUR_DEG=-0.43 AXIS_STD_DEG=0.20 FOOTPRINT=[0.04970138892531395, 0.04970138892531395] CONFIDENCE=0.9469
TRIAL=049 SELECTED_CONTOUR_ORIENTATION=+89.57deg TILT=12.5 LEAN=+1 SYMMETRY=1 IK_FK_POS_ERROR=0.000004m IK_FK_ORIENTATION_ERROR=0.000000rad FINGER_FK_LIFT=0.080000m FINGER_FK_DRIFT=0.000000m JOINT_MOTION=3.006621rad
DAY4_MOTION_DONE=1 ELAPSED_SIM=1.200 INITIAL_ERR=0.01746 FINAL_ERR=0.00049 ARM_V=0.00548
DAY4_STEP=1 EPISODE=049 STEP=01 DIST=0.020242 YAW_ERR_DEG=0.009 REQUESTED_MOVE=0.005002 EXECUTED_MOVE=0.004857 ATTEMPT=0 SUCCESS=0 TERMINATED=0 TRUNCATED=0
DAY4_MOTION_DONE=1 ELAPSED_SIM=1.200 INITIAL_ERR=0.01774 FINAL_ERR=0.00036 ARM_V=0.00402
DAY4_STEP=1 EPISODE=049 STEP=02 DIST=0.015379 YAW_ERR_DEG=0.017 REQUESTED_MOVE=0.004968 EXECUTED_MOVE=0.004864 ATTEMPT=0 SUCCESS=0 TERMINATED=0 TRUNCATED=0
DAY4_MOTION_DONE=1 ELAPSED_SIM=1.200 INITIAL_ERR=0.01780 FINAL_ERR=0.00036 ARM_V=0.00404
DAY4_STEP=1 EPISODE=049 STEP=03 DIST=0.010529 YAW_ERR_DEG=0.022 REQUESTED_MOVE=0.004955 EXECUTED_MOVE=0.004852 ATTEMPT=0 SUCCESS=0 TERMINATED=0 TRUNCATED=0
DAY4_MOTION_DONE=1 ELAPSED_SIM=1.200 INITIAL_ERR=0.01783 FINAL_ERR=0.00036 ARM_V=0.00406
DAY4_GRASP_ATTEMPT=1
TRIAL=049 PHASE=CLOSE_SEARCH
TRIAL=049 LEFT_CONTACT=0 RIGHT_CONTACT=0 STALL=0
TRIAL=049 LEFT_CONTACT=0 RIGHT_CONTACT=0 STALL=0
TRIAL=049 PHASE=WAIT_DUAL_CONTACT
TRIAL=049 PHASE=WAIT_STALL
TRIAL=049 LEFT_CONTACT=1 RIGHT_CONTACT=1 STALL=0 GRIPPER_ERROR=0.05042 VELOCITY=0.03810 CLOSURE_M=0.00089
TRIAL=049 LEFT_CONTACT=1 RIGHT_CONTACT=1 STALL=0 GRIPPER_ERROR=0.04063 VELOCITY=0.00860 CLOSURE_M=0.00120
TRIAL=049 LEFT_CONTACT=1 RIGHT_CONTACT=1 STALL=0 GRIPPER_ERROR=0.03733 VELOCITY=0.00471 CLOSURE_M=0.00130
TRIAL=049 LEFT_CONTACT=1 RIGHT_CONTACT=1 STALL=0 GRIPPER_ERROR=0.03385 VELOCITY=0.00420 CLOSURE_M=0.00141
TRIAL=049 LEFT_CONTACT=1 RIGHT_CONTACT=1 STALL=1 GRIPPER_ERROR=0.03036 VELOCITY=0.00429 CLOSURE_M=0.00152
TRIAL=049 PHASE=LIFT_80_MM
TRIAL=049 ACTUAL_LIFT_M=-0.00003 LEFT_CONTACT=1 RIGHT_CONTACT=1
TRIAL=049 ACTUAL_LIFT_M=0.02093 LEFT_CONTACT=1 RIGHT_CONTACT=1
TRIAL=049 ACTUAL_LIFT_M=0.04940 LEFT_CONTACT=1 RIGHT_CONTACT=1
TRIAL=049 PHASE=HOLD
TRIAL=049 HOLD_SIM_SEC=0.000 HOLD_WALL_SEC=0.000 ACTUAL_LIFT_M=0.07189 RELATIVE_SLIP_M=0.00000 LEFT_CONTACT=1 RIGHT_CONTACT=1
TRIAL=049 HOLD_SIM_SEC=0.814 HOLD_WALL_SEC=1.001 ACTUAL_LIFT_M=0.07461 RELATIVE_SLIP_M=0.00025 LEFT_CONTACT=1 RIGHT_CONTACT=1
TRIAL=049 HOLD_SIM_SEC=1.598 HOLD_WALL_SEC=2.001 ACTUAL_LIFT_M=0.07454 RELATIVE_SLIP_M=0.00025 LEFT_CONTACT=1 RIGHT_CONTACT=1
TRIAL=049 HOLD_SIM_SEC=2.412 HOLD_WALL_SEC=3.001 ACTUAL_LIFT_M=0.07446 RELATIVE_SLIP_M=0.00025 LEFT_CONTACT=1 RIGHT_CONTACT=1
TRIAL=049 HOLD_SIM_SEC=3.240 HOLD_WALL_SEC=4.002 ACTUAL_LIFT_M=0.07438 RELATIVE_SLIP_M=0.00025 LEFT_CONTACT=1 RIGHT_CONTACT=1
TRIAL=049 HOLD_SIM_SEC=4.086 HOLD_WALL_SEC=5.002 ACTUAL_LIFT_M=0.07431 RELATIVE_SLIP_M=0.00025 LEFT_CONTACT=1 RIGHT_CONTACT=1
TRIAL=049 HOLD_SIM_SEC=4.936 HOLD_WALL_SEC=6.002 ACTUAL_LIFT_M=0.07425 RELATIVE_SLIP_M=0.00025 LEFT_CONTACT=1 RIGHT_CONTACT=1
TRIAL=049 PHASE=PLACE_DOWN
TRIAL=049 PHASE=OPEN_GRIPPER
TRIAL=049 PHASE=RETREAT_PREGRASP
TRIAL=049 PHASE=GRASP_SUCCESS
TRIAL=049 DAY5_PLACE_RELEASE=PASS
DAY4_GRASP_RESULT=SUCCESS
DAY4_STEP=1 EPISODE=049 STEP=04 DIST=0.005678 YAW_ERR_DEG=0.027 REQUESTED_MOVE=0.004946 EXECUTED_MOVE=0.004844 ATTEMPT=1 SUCCESS=1 TERMINATED=1 TRUNCATED=0
DAY7_EPISODE=49 LEVEL=L2 VALID=44/50 TECHNICAL=False SUCCESS=True REASON=
DAY4_RESET_GRIPPER=OPEN ANGLE_RAD=1.570000 EFFORT_NM=1.200000
DAY4_RESET_GRIPPER=AFTER_INITIAL_MOVE ANGLE_RAD=1.570000 EFFORT_NM=1.200000
TRIAL=050 VISUAL_CENTER=[0.29261942207813263, 0.011030348716303706, 0.030557020718508583] SURFACE=[0.29261942207813263, 0.011030348716303706, 0.055557020718508585] CONTOUR_DEG=-0.07 AXIS_STD_DEG=0.45 FOOTPRINT=[0.049972882494330406, 0.049972882494330406] CONFIDENCE=0.9482
TRIAL=050 SELECTED_CONTOUR_ORIENTATION=+89.93deg TILT=14.0 LEAN=+1 SYMMETRY=1 IK_FK_POS_ERROR=0.000004m IK_FK_ORIENTATION_ERROR=0.000000rad FINGER_FK_LIFT=0.080000m FINGER_FK_DRIFT=0.000000m JOINT_MOTION=2.981443rad
DAY4_MOTION_DONE=1 ELAPSED_SIM=1.200 INITIAL_ERR=0.01720 FINAL_ERR=0.00032 ARM_V=0.00354
DAY4_STEP=1 EPISODE=050 STEP=01 DIST=0.020239 YAW_ERR_DEG=0.006 REQUESTED_MOVE=0.005007 EXECUTED_MOVE=0.004909 ATTEMPT=0 SUCCESS=0 TERMINATED=0 TRUNCATED=0
DAY4_MOTION_DONE=1 ELAPSED_SIM=1.200 INITIAL_ERR=0.01757 FINAL_ERR=0.00032 ARM_V=0.00360
DAY4_STEP=1 EPISODE=050 STEP=02 DIST=0.015367 YAW_ERR_DEG=0.013 REQUESTED_MOVE=0.004968 EXECUTED_MOVE=0.004874 ATTEMPT=0 SUCCESS=0 TERMINATED=0 TRUNCATED=0
DAY4_MOTION_DONE=1 ELAPSED_SIM=1.200 INITIAL_ERR=0.01770 FINAL_ERR=0.00033 ARM_V=0.00362
DAY4_STEP=1 EPISODE=050 STEP=03 DIST=0.010507 YAW_ERR_DEG=0.018 REQUESTED_MOVE=0.004955 EXECUTED_MOVE=0.004862 ATTEMPT=0 SUCCESS=0 TERMINATED=0 TRUNCATED=0
DAY4_MOTION_DONE=1 ELAPSED_SIM=1.200 INITIAL_ERR=0.01770 FINAL_ERR=0.00036 ARM_V=0.00403
DAY4_GRASP_ATTEMPT=1
TRIAL=050 PHASE=CLOSE_SEARCH
TRIAL=050 LEFT_CONTACT=0 RIGHT_CONTACT=0 STALL=0
TRIAL=050 LEFT_CONTACT=1 RIGHT_CONTACT=0 STALL=0
TRIAL=050 PHASE=WAIT_DUAL_CONTACT
TRIAL=050 PHASE=WAIT_STALL
TRIAL=050 LEFT_CONTACT=1 RIGHT_CONTACT=1 STALL=0 GRIPPER_ERROR=0.05821 VELOCITY=0.03722 CLOSURE_M=0.00065
TRIAL=050 LEFT_CONTACT=1 RIGHT_CONTACT=1 STALL=0 GRIPPER_ERROR=0.04361 VELOCITY=0.00843 CLOSURE_M=0.00110
TRIAL=050 LEFT_CONTACT=1 RIGHT_CONTACT=1 STALL=0 GRIPPER_ERROR=0.03763 VELOCITY=0.00556 CLOSURE_M=0.00128
TRIAL=050 LEFT_CONTACT=1 RIGHT_CONTACT=1 STALL=0 GRIPPER_ERROR=0.03331 VELOCITY=0.00465 CLOSURE_M=0.00142
TRIAL=050 LEFT_CONTACT=1 RIGHT_CONTACT=1 STALL=1 GRIPPER_ERROR=0.02942 VELOCITY=0.00438 CLOSURE_M=0.00154
TRIAL=050 PHASE=LIFT_80_MM
TRIAL=050 ACTUAL_LIFT_M=-0.00003 LEFT_CONTACT=1 RIGHT_CONTACT=1
TRIAL=050 ACTUAL_LIFT_M=0.02458 LEFT_CONTACT=1 RIGHT_CONTACT=1
TRIAL=050 ACTUAL_LIFT_M=0.05622 LEFT_CONTACT=1 RIGHT_CONTACT=1
TRIAL=050 PHASE=HOLD
TRIAL=050 HOLD_SIM_SEC=0.000 HOLD_WALL_SEC=0.000 ACTUAL_LIFT_M=0.07286 RELATIVE_SLIP_M=0.00000 LEFT_CONTACT=1 RIGHT_CONTACT=1
TRIAL=050 HOLD_SIM_SEC=0.832 HOLD_WALL_SEC=1.001 ACTUAL_LIFT_M=0.07560 RELATIVE_SLIP_M=0.00025 LEFT_CONTACT=1 RIGHT_CONTACT=1
TRIAL=050 HOLD_SIM_SEC=1.664 HOLD_WALL_SEC=2.001 ACTUAL_LIFT_M=0.07554 RELATIVE_SLIP_M=0.00025 LEFT_CONTACT=1 RIGHT_CONTACT=1
TRIAL=050 HOLD_SIM_SEC=2.518 HOLD_WALL_SEC=3.001 ACTUAL_LIFT_M=0.07546 RELATIVE_SLIP_M=0.00025 LEFT_CONTACT=1 RIGHT_CONTACT=1
TRIAL=050 HOLD_SIM_SEC=3.384 HOLD_WALL_SEC=4.001 ACTUAL_LIFT_M=0.07538 RELATIVE_SLIP_M=0.00025 LEFT_CONTACT=1 RIGHT_CONTACT=1
TRIAL=050 HOLD_SIM_SEC=4.242 HOLD_WALL_SEC=5.001 ACTUAL_LIFT_M=0.07529 RELATIVE_SLIP_M=0.00025 LEFT_CONTACT=1 RIGHT_CONTACT=1
TRIAL=050 PHASE=PLACE_DOWN
TRIAL=050 PHASE=OPEN_GRIPPER
TRIAL=050 PHASE=RETREAT_PREGRASP
TRIAL=050 PHASE=GRASP_SUCCESS
TRIAL=050 DAY5_PLACE_RELEASE=PASS
DAY4_GRASP_RESULT=SUCCESS
DAY4_STEP=1 EPISODE=050 STEP=04 DIST=0.005656 YAW_ERR_DEG=0.022 REQUESTED_MOVE=0.004946 EXECUTED_MOVE=0.004844 ATTEMPT=1 SUCCESS=1 TERMINATED=1 TRUNCATED=0
DAY7_EPISODE=50 LEVEL=L2 VALID=45/50 TECHNICAL=False SUCCESS=True REASON=
DAY4_RESET_GRIPPER=OPEN ANGLE_RAD=1.570000 EFFORT_NM=1.200000
DAY4_RESET_GRIPPER=AFTER_INITIAL_MOVE ANGLE_RAD=1.570000 EFFORT_NM=1.200000
TRIAL=051 VISUAL_CENTER=[0.3059781342744827, -0.01732109667500481, 0.024174948254660024] SURFACE=[0.3059781342744827, -0.01732109667500481, 0.049174948254660025] CONTOUR_DEG=0.87 AXIS_STD_DEG=0.07 FOOTPRINT=[0.050553400069475174, 0.050553400069475174] CONFIDENCE=0.9646
TRIAL=051 SELECTED_CONTOUR_ORIENTATION=+90.87deg TILT=19.7 LEAN=+1 SYMMETRY=1 IK_FK_POS_ERROR=0.000010m IK_FK_ORIENTATION_ERROR=0.000000rad FINGER_FK_LIFT=0.080000m FINGER_FK_DRIFT=0.000000m JOINT_MOTION=3.017054rad
DAY4_MOTION_DONE=1 ELAPSED_SIM=1.200 INITIAL_ERR=0.01660 FINAL_ERR=0.00028 ARM_V=0.00306
DAY4_STEP=1 EPISODE=051 STEP=01 DIST=0.020353 YAW_ERR_DEG=0.011 REQUESTED_MOVE=0.005004 EXECUTED_MOVE=0.004914 ATTEMPT=0 SUCCESS=0 TERMINATED=0 TRUNCATED=0
DAY4_MOTION_DONE=1 ELAPSED_SIM=1.202 INITIAL_ERR=0.01714 FINAL_ERR=0.00035 ARM_V=0.00390
DAY4_STEP=1 EPISODE=051 STEP=02 DIST=0.015491 YAW_ERR_DEG=0.019 REQUESTED_MOVE=0.004970 EXECUTED_MOVE=0.004864 ATTEMPT=0 SUCCESS=0 TERMINATED=0 TRUNCATED=0
DAY4_MOTION_DONE=1 ELAPSED_SIM=1.200 INITIAL_ERR=0.01723 FINAL_ERR=0.00029 ARM_V=0.00318
DAY4_STEP=1 EPISODE=051 STEP=03 DIST=0.010620 YAW_ERR_DEG=0.024 REQUESTED_MOVE=0.004958 EXECUTED_MOVE=0.004872 ATTEMPT=0 SUCCESS=0 TERMINATED=0 TRUNCATED=0
DAY4_MOTION_DONE=1 ELAPSED_SIM=1.200 INITIAL_ERR=0.01734 FINAL_ERR=0.00039 ARM_V=0.00438
DAY4_GRASP_ATTEMPT=1
TRIAL=051 PHASE=CLOSE_SEARCH
TRIAL=051 LEFT_CONTACT=0 RIGHT_CONTACT=0 STALL=0
TRIAL=051 LEFT_CONTACT=0 RIGHT_CONTACT=1 STALL=0
TRIAL=051 PHASE=WAIT_DUAL_CONTACT
TRIAL=051 PHASE=WAIT_STALL
TRIAL=051 LEFT_CONTACT=1 RIGHT_CONTACT=1 STALL=0 GRIPPER_ERROR=0.05554 VELOCITY=0.03501 CLOSURE_M=0.00069
TRIAL=051 LEFT_CONTACT=1 RIGHT_CONTACT=1 STALL=0 GRIPPER_ERROR=0.04096 VELOCITY=0.00746 CLOSURE_M=0.00111
TRIAL=051 LEFT_CONTACT=1 RIGHT_CONTACT=1 STALL=0 GRIPPER_ERROR=0.03578 VELOCITY=0.00541 CLOSURE_M=0.00126
TRIAL=051 LEFT_CONTACT=1 RIGHT_CONTACT=1 STALL=0 GRIPPER_ERROR=0.03183 VELOCITY=0.00473 CLOSURE_M=0.00138
TRIAL=051 LEFT_CONTACT=1 RIGHT_CONTACT=1 STALL=0 GRIPPER_ERROR=0.02804 VELOCITY=0.00445 CLOSURE_M=0.00150
TRIAL=051 PHASE=LIFT_80_MM
TRIAL=051 ACTUAL_LIFT_M=-0.00002 LEFT_CONTACT=1 RIGHT_CONTACT=1
TRIAL=051 ACTUAL_LIFT_M=0.02322 LEFT_CONTACT=1 RIGHT_CONTACT=1
TRIAL=051 ACTUAL_LIFT_M=0.05182 LEFT_CONTACT=1 RIGHT_CONTACT=1
TRIAL=051 PHASE=HOLD
TRIAL=051 HOLD_SIM_SEC=0.000 HOLD_WALL_SEC=0.001 ACTUAL_LIFT_M=0.07173 RELATIVE_SLIP_M=0.00000 LEFT_CONTACT=1 RIGHT_CONTACT=1
TRIAL=051 HOLD_SIM_SEC=0.798 HOLD_WALL_SEC=1.001 ACTUAL_LIFT_M=0.07488 RELATIVE_SLIP_M=0.00028 LEFT_CONTACT=1 RIGHT_CONTACT=1
TRIAL=051 HOLD_SIM_SEC=1.616 HOLD_WALL_SEC=2.001 ACTUAL_LIFT_M=0.07481 RELATIVE_SLIP_M=0.00028 LEFT_CONTACT=1 RIGHT_CONTACT=1
TRIAL=051 HOLD_SIM_SEC=2.434 HOLD_WALL_SEC=3.001 ACTUAL_LIFT_M=0.07473 RELATIVE_SLIP_M=0.00028 LEFT_CONTACT=1 RIGHT_CONTACT=1
TRIAL=051 HOLD_SIM_SEC=3.230 HOLD_WALL_SEC=4.001 ACTUAL_LIFT_M=0.07466 RELATIVE_SLIP_M=0.00028 LEFT_CONTACT=1 RIGHT_CONTACT=1
TRIAL=051 HOLD_SIM_SEC=4.034 HOLD_WALL_SEC=5.002 ACTUAL_LIFT_M=0.07460 RELATIVE_SLIP_M=0.00028 LEFT_CONTACT=1 RIGHT_CONTACT=1
TRIAL=051 HOLD_SIM_SEC=4.846 HOLD_WALL_SEC=6.002 ACTUAL_LIFT_M=0.07456 RELATIVE_SLIP_M=0.00028 LEFT_CONTACT=1 RIGHT_CONTACT=1
TRIAL=051 PHASE=PLACE_DOWN
TRIAL=051 PHASE=OPEN_GRIPPER
TRIAL=051 PHASE=RETREAT_PREGRASP
TRIAL=051 PHASE=GRASP_SUCCESS
TRIAL=051 DAY5_PLACE_RELEASE=PASS
DAY4_GRASP_RESULT=SUCCESS
DAY4_STEP=1 EPISODE=051 STEP=04 DIST=0.005777 YAW_ERR_DEG=0.028 REQUESTED_MOVE=0.004950 EXECUTED_MOVE=0.004834 ATTEMPT=1 SUCCESS=1 TERMINATED=1 TRUNCATED=0
DAY7_EPISODE=51 LEVEL=L2 VALID=46/50 TECHNICAL=False SUCCESS=True REASON=
DAY4_RESET_GRIPPER=OPEN ANGLE_RAD=1.570000 EFFORT_NM=1.200000
DAY4_RESET_GRIPPER=AFTER_INITIAL_MOVE ANGLE_RAD=1.570000 EFFORT_NM=1.200000
TRIAL=052 VISUAL_CENTER=[0.29664964973926544, 0.02478998645892716, 0.02518482775379085] SURFACE=[0.29664964973926544, 0.02478998645892716, 0.05018482775379085] CONTOUR_DEG=0.06 AXIS_STD_DEG=0.06 FOOTPRINT=[0.04953102581202984, 0.04953102581202984] CONFIDENCE=0.9585
TRIAL=052 SELECTED_CONTOUR_ORIENTATION=+90.06deg TILT=15.7 LEAN=+1 SYMMETRY=1 IK_FK_POS_ERROR=0.000009m IK_FK_ORIENTATION_ERROR=0.000000rad FINGER_FK_LIFT=0.080000m FINGER_FK_DRIFT=0.000000m JOINT_MOTION=3.003999rad
DAY4_MOTION_DONE=1 ELAPSED_SIM=1.202 INITIAL_ERR=0.01708 FINAL_ERR=0.00026 ARM_V=0.00285
DAY4_STEP=1 EPISODE=052 STEP=01 DIST=0.020219 YAW_ERR_DEG=0.004 REQUESTED_MOVE=0.005002 EXECUTED_MOVE=0.004922 ATTEMPT=0 SUCCESS=0 TERMINATED=0 TRUNCATED=0
DAY4_MOTION_DONE=1 ELAPSED_SIM=1.202 INITIAL_ERR=0.01747 FINAL_ERR=0.00026 ARM_V=0.00291
DAY4_STEP=1 EPISODE=052 STEP=02 DIST=0.015322 YAW_ERR_DEG=0.010 REQUESTED_MOVE=0.004967 EXECUTED_MOVE=0.004891 ATTEMPT=0 SUCCESS=0 TERMINATED=0 TRUNCATED=0
DAY4_MOTION_DONE=1 ELAPSED_SIM=1.200 INITIAL_ERR=0.01758 FINAL_ERR=0.00026 ARM_V=0.00293
DAY4_STEP=1 EPISODE=052 STEP=03 DIST=0.010444 YAW_ERR_DEG=0.014 REQUESTED_MOVE=0.004956 EXECUTED_MOVE=0.004879 ATTEMPT=0 SUCCESS=0 TERMINATED=0 TRUNCATED=0
DAY4_MOTION_DONE=1 ELAPSED_SIM=1.200 INITIAL_ERR=0.01762 FINAL_ERR=0.00029 ARM_V=0.00326
DAY4_GRASP_ATTEMPT=1
TRIAL=052 PHASE=CLOSE_SEARCH
TRIAL=052 LEFT_CONTACT=0 RIGHT_CONTACT=0 STALL=0
TRIAL=052 LEFT_CONTACT=1 RIGHT_CONTACT=0 STALL=0
TRIAL=052 PHASE=WAIT_DUAL_CONTACT
TRIAL=052 PHASE=WAIT_STALL
TRIAL=052 LEFT_CONTACT=1 RIGHT_CONTACT=1 STALL=0 GRIPPER_ERROR=0.06970 VELOCITY=0.11076 CLOSURE_M=0.00028
TRIAL=052 LEFT_CONTACT=1 RIGHT_CONTACT=1 STALL=0 GRIPPER_ERROR=0.04871 VELOCITY=0.01602 CLOSURE_M=0.00088
TRIAL=052 LEFT_CONTACT=1 RIGHT_CONTACT=1 STALL=0 GRIPPER_ERROR=0.03950 VELOCITY=0.00867 CLOSURE_M=0.00114
TRIAL=052 LEFT_CONTACT=1 RIGHT_CONTACT=1 STALL=0 GRIPPER_ERROR=0.03409 VELOCITY=0.00577 CLOSURE_M=0.00130
TRIAL=052 LEFT_CONTACT=1 RIGHT_CONTACT=1 STALL=0 GRIPPER_ERROR=0.02989 VELOCITY=0.00481 CLOSURE_M=0.00143
TRIAL=052 LEFT_CONTACT=1 RIGHT_CONTACT=1 STALL=1 GRIPPER_ERROR=0.02642 VELOCITY=0.00452 CLOSURE_M=0.00153
TRIAL=052 PHASE=LIFT_80_MM
TRIAL=052 ACTUAL_LIFT_M=-0.00002 LEFT_CONTACT=1 RIGHT_CONTACT=1
TRIAL=052 ACTUAL_LIFT_M=0.02220 LEFT_CONTACT=1 RIGHT_CONTACT=1
TRIAL=052 ACTUAL_LIFT_M=0.04807 LEFT_CONTACT=1 RIGHT_CONTACT=1
TRIAL=052 PHASE=HOLD
TRIAL=052 HOLD_SIM_SEC=0.000 HOLD_WALL_SEC=0.000 ACTUAL_LIFT_M=0.07206 RELATIVE_SLIP_M=0.00000 LEFT_CONTACT=1 RIGHT_CONTACT=1
TRIAL=052 HOLD_SIM_SEC=0.790 HOLD_WALL_SEC=1.001 ACTUAL_LIFT_M=0.07494 RELATIVE_SLIP_M=0.00025 LEFT_CONTACT=1 RIGHT_CONTACT=1
TRIAL=052 HOLD_SIM_SEC=1.630 HOLD_WALL_SEC=2.001 ACTUAL_LIFT_M=0.07489 RELATIVE_SLIP_M=0.00025 LEFT_CONTACT=1 RIGHT_CONTACT=1
TRIAL=052 HOLD_SIM_SEC=2.392 HOLD_WALL_SEC=3.002 ACTUAL_LIFT_M=0.07481 RELATIVE_SLIP_M=0.00025 LEFT_CONTACT=1 RIGHT_CONTACT=1
TRIAL=052 HOLD_SIM_SEC=3.142 HOLD_WALL_SEC=4.002 ACTUAL_LIFT_M=0.07473 RELATIVE_SLIP_M=0.00025 LEFT_CONTACT=1 RIGHT_CONTACT=1
TRIAL=052 HOLD_SIM_SEC=3.934 HOLD_WALL_SEC=5.002 ACTUAL_LIFT_M=0.07465 RELATIVE_SLIP_M=0.00025 LEFT_CONTACT=1 RIGHT_CONTACT=1
TRIAL=052 HOLD_SIM_SEC=4.730 HOLD_WALL_SEC=6.002 ACTUAL_LIFT_M=0.07457 RELATIVE_SLIP_M=0.00025 LEFT_CONTACT=1 RIGHT_CONTACT=1
TRIAL=052 PHASE=PLACE_DOWN
TRIAL=052 PHASE=OPEN_GRIPPER
TRIAL=052 PHASE=RETREAT_PREGRASP
TRIAL=052 PHASE=GRASP_SUCCESS
TRIAL=052 DAY5_PLACE_RELEASE=PASS
DAY4_GRASP_RESULT=SUCCESS
DAY4_STEP=1 EPISODE=052 STEP=04 DIST=0.005576 YAW_ERR_DEG=0.017 REQUESTED_MOVE=0.004947 EXECUTED_MOVE=0.004863 ATTEMPT=1 SUCCESS=1 TERMINATED=1 TRUNCATED=0
DAY7_EPISODE=52 LEVEL=L2 VALID=47/50 TECHNICAL=False SUCCESS=True REASON=
DAY4_RESET_GRIPPER=OPEN ANGLE_RAD=1.570000 EFFORT_NM=1.200000
DAY4_RESET_GRIPPER=AFTER_INITIAL_MOVE ANGLE_RAD=1.570000 EFFORT_NM=1.200000
DAY7_EPISODE=53 LEVEL=L2 VALID=47/50 TECHNICAL=True SUCCESS=False REASON=TestFailure: RESET_FAIL: Day4 reset failed after 1 attempts: RESET_FAIL: ign set_pose did not return true
DAY4_RESET_GRIPPER=OPEN ANGLE_RAD=1.570000 EFFORT_NM=1.200000
DAY4_RESET_GRIPPER=AFTER_INITIAL_MOVE ANGLE_RAD=1.570000 EFFORT_NM=1.200000
TRIAL=054 VISUAL_CENTER=[0.31444163620471954, 0.02552079768065596, 0.022204005484237566] SURFACE=[0.31444163620471954, 0.02552079768065596, 0.04720400548423757] CONTOUR_DEG=0.15 AXIS_STD_DEG=0.03 FOOTPRINT=[0.04983683302998543, 0.04983683302998543] CONFIDENCE=0.9707
TRIAL=054 SELECTED_CONTOUR_ORIENTATION=+90.15deg TILT=23.7 LEAN=+1 SYMMETRY=1 IK_FK_POS_ERROR=0.000013m IK_FK_ORIENTATION_ERROR=0.000000rad FINGER_FK_LIFT=0.080000m FINGER_FK_DRIFT=0.000000m JOINT_MOTION=3.034532rad
DAY4_MOTION_DONE=1 ELAPSED_SIM=1.200 INITIAL_ERR=0.01639 FINAL_ERR=0.00027 ARM_V=0.00304
DAY4_STEP=1 EPISODE=054 STEP=01 DIST=0.020279 YAW_ERR_DEG=0.000 REQUESTED_MOVE=0.004997 EXECUTED_MOVE=0.004908 ATTEMPT=0 SUCCESS=0 TERMINATED=0 TRUNCATED=0
DAY4_MOTION_DONE=1 ELAPSED_SIM=1.200 INITIAL_ERR=0.01690 FINAL_ERR=0.00025 ARM_V=0.00281
DAY4_STEP=1 EPISODE=054 STEP=02 DIST=0.015389 YAW_ERR_DEG=0.006 REQUESTED_MOVE=0.004970 EXECUTED_MOVE=0.004891 ATTEMPT=0 SUCCESS=0 TERMINATED=0 TRUNCATED=0
DAY4_MOTION_DONE=1 ELAPSED_SIM=1.200 INITIAL_ERR=0.01705 FINAL_ERR=0.00026 ARM_V=0.00284
DAY4_STEP=1 EPISODE=054 STEP=03 DIST=0.010510 YAW_ERR_DEG=0.011 REQUESTED_MOVE=0.004958 EXECUTED_MOVE=0.004881 ATTEMPT=0 SUCCESS=0 TERMINATED=0 TRUNCATED=0
DAY4_MOTION_DONE=1 ELAPSED_SIM=1.200 INITIAL_ERR=0.01715 FINAL_ERR=0.00029 ARM_V=0.00317
DAY4_GRASP_ATTEMPT=1
TRIAL=054 PHASE=CLOSE_SEARCH
TRIAL=054 LEFT_CONTACT=0 RIGHT_CONTACT=0 STALL=0
TRIAL=054 LEFT_CONTACT=0 RIGHT_CONTACT=1 STALL=0
TRIAL=054 PHASE=WAIT_DUAL_CONTACT
TRIAL=054 PHASE=WAIT_STALL
TRIAL=054 LEFT_CONTACT=1 RIGHT_CONTACT=1 STALL=0 GRIPPER_ERROR=0.07236 VELOCITY=0.11064 CLOSURE_M=0.00019
TRIAL=054 LEFT_CONTACT=1 RIGHT_CONTACT=1 STALL=0 GRIPPER_ERROR=0.04930 VELOCITY=0.01409 CLOSURE_M=0.00079
TRIAL=054 LEFT_CONTACT=1 RIGHT_CONTACT=1 STALL=0 GRIPPER_ERROR=0.04147 VELOCITY=0.00697 CLOSURE_M=0.00100
TRIAL=054 LEFT_CONTACT=1 RIGHT_CONTACT=1 STALL=0 GRIPPER_ERROR=0.03637 VELOCITY=0.00519 CLOSURE_M=0.00114
TRIAL=054 LEFT_CONTACT=1 RIGHT_CONTACT=1 STALL=0 GRIPPER_ERROR=0.03239 VELOCITY=0.00465 CLOSURE_M=0.00125
TRIAL=054 LEFT_CONTACT=1 RIGHT_CONTACT=1 STALL=0 GRIPPER_ERROR=0.02844 VELOCITY=0.00448 CLOSURE_M=0.00135
TRIAL=054 LEFT_CONTACT=1 RIGHT_CONTACT=1 STALL=0 GRIPPER_ERROR=0.02472 VELOCITY=0.00443 CLOSURE_M=0.00146
TRIAL=054 PHASE=LIFT_80_MM
TRIAL=054 ACTUAL_LIFT_M=-0.00002 LEFT_CONTACT=1 RIGHT_CONTACT=1
TRIAL=054 ACTUAL_LIFT_M=0.02517 LEFT_CONTACT=1 RIGHT_CONTACT=1
TRIAL=054 ACTUAL_LIFT_M=0.05532 LEFT_CONTACT=1 RIGHT_CONTACT=1
TRIAL=054 PHASE=HOLD
TRIAL=054 HOLD_SIM_SEC=0.000 HOLD_WALL_SEC=0.000 ACTUAL_LIFT_M=0.07190 RELATIVE_SLIP_M=0.00000 LEFT_CONTACT=1 RIGHT_CONTACT=1
TRIAL=054 HOLD_SIM_SEC=0.822 HOLD_WALL_SEC=1.001 ACTUAL_LIFT_M=0.07533 RELATIVE_SLIP_M=0.00000 LEFT_CONTACT=1 RIGHT_CONTACT=1
TRIAL=054 HOLD_SIM_SEC=1.604 HOLD_WALL_SEC=2.001 ACTUAL_LIFT_M=0.07527 RELATIVE_SLIP_M=0.00000 LEFT_CONTACT=1 RIGHT_CONTACT=1
TRIAL=054 HOLD_SIM_SEC=2.436 HOLD_WALL_SEC=3.001 ACTUAL_LIFT_M=0.07519 RELATIVE_SLIP_M=0.00000 LEFT_CONTACT=1 RIGHT_CONTACT=1
TRIAL=054 HOLD_SIM_SEC=3.254 HOLD_WALL_SEC=4.001 ACTUAL_LIFT_M=0.07511 RELATIVE_SLIP_M=0.00000 LEFT_CONTACT=1 RIGHT_CONTACT=1
TRIAL=054 HOLD_SIM_SEC=4.046 HOLD_WALL_SEC=5.001 ACTUAL_LIFT_M=0.07502 RELATIVE_SLIP_M=0.00000 LEFT_CONTACT=1 RIGHT_CONTACT=1
TRIAL=054 HOLD_SIM_SEC=4.910 HOLD_WALL_SEC=6.002 ACTUAL_LIFT_M=0.07495 RELATIVE_SLIP_M=0.00000 LEFT_CONTACT=1 RIGHT_CONTACT=1
TRIAL=054 PHASE=PLACE_DOWN
TRIAL=054 PHASE=OPEN_GRIPPER
TRIAL=054 PHASE=RETREAT_PREGRASP
TRIAL=054 PHASE=GRASP_SUCCESS
TRIAL=054 DAY5_PLACE_RELEASE=PASS
DAY4_GRASP_RESULT=SUCCESS
DAY4_STEP=1 EPISODE=054 STEP=04 DIST=0.005648 YAW_ERR_DEG=0.014 REQUESTED_MOVE=0.004950 EXECUTED_MOVE=0.004865 ATTEMPT=1 SUCCESS=1 TERMINATED=1 TRUNCATED=0
DAY7_EPISODE=54 LEVEL=L2 VALID=48/50 TECHNICAL=False SUCCESS=True REASON=
DAY4_RESET_GRIPPER=OPEN ANGLE_RAD=1.570000 EFFORT_NM=1.200000
DAY4_RESET_GRIPPER=AFTER_INITIAL_MOVE ANGLE_RAD=1.570000 EFFORT_NM=1.200000
DAY7_EPISODE=55 LEVEL=L2 VALID=48/50 TECHNICAL=True SUCCESS=False REASON=TechnicalFailure: Ignition create:  Service call timed out

DAY4_RESET_GRIPPER=OPEN ANGLE_RAD=1.570000 EFFORT_NM=1.200000
DAY4_RESET_GRIPPER=AFTER_INITIAL_MOVE ANGLE_RAD=1.570000 EFFORT_NM=1.200000
TRIAL=056 VISUAL_CENTER=[0.317777082324028, 0.018238347955048084, 0.02743344522854988] SURFACE=[0.317777082324028, 0.018238347955048084, 0.05243344522854988] CONTOUR_DEG=-0.73 AXIS_STD_DEG=0.17 FOOTPRINT=[0.049857908859848976, 0.049857908859848976] CONFIDENCE=0.9679
TRIAL=056 SELECTED_CONTOUR_ORIENTATION=+89.27deg TILT=25.5 LEAN=+1 SYMMETRY=1 IK_FK_POS_ERROR=0.000014m IK_FK_ORIENTATION_ERROR=0.000000rad FINGER_FK_LIFT=0.080000m FINGER_FK_DRIFT=0.000000m JOINT_MOTION=3.016666rad
DAY4_MOTION_DONE=1 ELAPSED_SIM=1.200 INITIAL_ERR=0.01605 FINAL_ERR=0.00027 ARM_V=0.00297
DAY4_STEP=1 EPISODE=056 STEP=01 DIST=0.020316 YAW_ERR_DEG=0.000 REQUESTED_MOVE=0.005001 EXECUTED_MOVE=0.004911 ATTEMPT=0 SUCCESS=0 TERMINATED=0 TRUNCATED=0
DAY4_MOTION_DONE=1 ELAPSED_SIM=1.202 INITIAL_ERR=0.01668 FINAL_ERR=0.00028 ARM_V=0.00308
DAY4_STEP=1 EPISODE=056 STEP=02 DIST=0.015434 YAW_ERR_DEG=0.006 REQUESTED_MOVE=0.004970 EXECUTED_MOVE=0.004883 ATTEMPT=0 SUCCESS=0 TERMINATED=0 TRUNCATED=0
DAY4_MOTION_DONE=1 ELAPSED_SIM=1.200 INITIAL_ERR=0.01689 FINAL_ERR=0.00028 ARM_V=0.00312
DAY4_STEP=1 EPISODE=056 STEP=03 DIST=0.010563 YAW_ERR_DEG=0.010 REQUESTED_MOVE=0.004959 EXECUTED_MOVE=0.004873 ATTEMPT=0 SUCCESS=0 TERMINATED=0 TRUNCATED=0
DAY4_MOTION_DONE=1 ELAPSED_SIM=1.200 INITIAL_ERR=0.01694 FINAL_ERR=0.00028 ARM_V=0.00313
DAY4_GRASP_ATTEMPT=1
TRIAL=056 PHASE=CLOSE_SEARCH
TRIAL=056 LEFT_CONTACT=0 RIGHT_CONTACT=0 STALL=0
TRIAL=056 LEFT_CONTACT=1 RIGHT_CONTACT=0 STALL=0
TRIAL=056 PHASE=WAIT_DUAL_CONTACT
TRIAL=056 PHASE=WAIT_STALL
TRIAL=056 LEFT_CONTACT=1 RIGHT_CONTACT=1 STALL=0 GRIPPER_ERROR=0.06557 VELOCITY=0.04048 CLOSURE_M=0.00038
TRIAL=056 LEFT_CONTACT=1 RIGHT_CONTACT=1 STALL=0 GRIPPER_ERROR=0.04544 VELOCITY=0.01181 CLOSURE_M=0.00092
TRIAL=056 LEFT_CONTACT=1 RIGHT_CONTACT=1 STALL=0 GRIPPER_ERROR=0.03848 VELOCITY=0.00656 CLOSURE_M=0.00111
TRIAL=056 LEFT_CONTACT=1 RIGHT_CONTACT=1 STALL=0 GRIPPER_ERROR=0.03357 VELOCITY=0.00504 CLOSURE_M=0.00125
TRIAL=056 LEFT_CONTACT=1 RIGHT_CONTACT=1 STALL=0 GRIPPER_ERROR=0.02957 VELOCITY=0.00460 CLOSURE_M=0.00136
TRIAL=056 LEFT_CONTACT=1 RIGHT_CONTACT=1 STALL=0 GRIPPER_ERROR=0.02588 VELOCITY=0.00448 CLOSURE_M=0.00146
TRIAL=056 PHASE=LIFT_80_MM
TRIAL=056 ACTUAL_LIFT_M=-0.00002 LEFT_CONTACT=1 RIGHT_CONTACT=1
TRIAL=056 ACTUAL_LIFT_M=0.02514 LEFT_CONTACT=1 RIGHT_CONTACT=1
TRIAL=056 ACTUAL_LIFT_M=0.05311 LEFT_CONTACT=1 RIGHT_CONTACT=1
TRIAL=056 PHASE=HOLD
TRIAL=056 HOLD_SIM_SEC=0.000 HOLD_WALL_SEC=0.000 ACTUAL_LIFT_M=0.07169 RELATIVE_SLIP_M=0.00000 LEFT_CONTACT=1 RIGHT_CONTACT=1
TRIAL=056 HOLD_SIM_SEC=0.824 HOLD_WALL_SEC=1.001 ACTUAL_LIFT_M=0.07503 RELATIVE_SLIP_M=0.00000 LEFT_CONTACT=1 RIGHT_CONTACT=1
TRIAL=056 HOLD_SIM_SEC=1.676 HOLD_WALL_SEC=2.001 ACTUAL_LIFT_M=0.07497 RELATIVE_SLIP_M=0.00000 LEFT_CONTACT=1 RIGHT_CONTACT=1
TRIAL=056 HOLD_SIM_SEC=2.536 HOLD_WALL_SEC=3.001 ACTUAL_LIFT_M=0.07489 RELATIVE_SLIP_M=0.00000 LEFT_CONTACT=1 RIGHT_CONTACT=1
TRIAL=056 HOLD_SIM_SEC=3.398 HOLD_WALL_SEC=4.002 ACTUAL_LIFT_M=0.07480 RELATIVE_SLIP_M=0.00000 LEFT_CONTACT=1 RIGHT_CONTACT=1
TRIAL=056 HOLD_SIM_SEC=4.258 HOLD_WALL_SEC=5.002 ACTUAL_LIFT_M=0.07470 RELATIVE_SLIP_M=0.00000 LEFT_CONTACT=1 RIGHT_CONTACT=1
TRIAL=056 PHASE=PLACE_DOWN
TRIAL=056 PHASE=OPEN_GRIPPER
TRIAL=056 PHASE=RETREAT_PREGRASP
TRIAL=056 PHASE=GRASP_SUCCESS
TRIAL=056 DAY5_PLACE_RELEASE=PASS
DAY4_GRASP_RESULT=SUCCESS
DAY4_STEP=1 EPISODE=056 STEP=04 DIST=0.005692 YAW_ERR_DEG=0.013 REQUESTED_MOVE=0.004951 EXECUTED_MOVE=0.004865 ATTEMPT=1 SUCCESS=1 TERMINATED=1 TRUNCATED=0
DAY7_EPISODE=56 LEVEL=L2 VALID=49/50 TECHNICAL=False SUCCESS=True REASON=
DAY4_RESET_GRIPPER=OPEN ANGLE_RAD=1.570000 EFFORT_NM=1.200000
DAY4_RESET_GRIPPER=AFTER_INITIAL_MOVE ANGLE_RAD=1.570000 EFFORT_NM=1.200000
TRIAL=057 VISUAL_CENTER=[0.29653461277484894, 0.025473592337220907, 0.026668795965007958] SURFACE=[0.29653461277484894, 0.025473592337220907, 0.05166879596500796] CONTOUR_DEG=-0.13 AXIS_STD_DEG=0.04 FOOTPRINT=[0.049153512343764305, 0.049153512343764305] CONFIDENCE=0.9587
TRIAL=057 SELECTED_CONTOUR_ORIENTATION=+89.87deg TILT=15.8 LEAN=+1 SYMMETRY=1 IK_FK_POS_ERROR=0.000010m IK_FK_ORIENTATION_ERROR=0.000000rad FINGER_FK_LIFT=0.080000m FINGER_FK_DRIFT=0.000000m JOINT_MOTION=2.996996rad
DAY4_MOTION_DONE=1 ELAPSED_SIM=1.200 INITIAL_ERR=0.01707 FINAL_ERR=0.00028 ARM_V=0.00316
DAY4_STEP=1 EPISODE=057 STEP=01 DIST=0.020225 YAW_ERR_DEG=0.004 REQUESTED_MOVE=0.005001 EXECUTED_MOVE=0.004913 ATTEMPT=0 SUCCESS=0 TERMINATED=0 TRUNCATED=0
DAY4_MOTION_DONE=1 ELAPSED_SIM=1.200 INITIAL_ERR=0.01745 FINAL_ERR=0.00032 ARM_V=0.00358
DAY4_STEP=1 EPISODE=057 STEP=02 DIST=0.015352 YAW_ERR_DEG=0.010 REQUESTED_MOVE=0.004967 EXECUTED_MOVE=0.004873 ATTEMPT=0 SUCCESS=0 TERMINATED=0 TRUNCATED=0
DAY4_MOTION_DONE=1 ELAPSED_SIM=1.202 INITIAL_ERR=0.01755 FINAL_ERR=0.00029 ARM_V=0.00324
DAY4_STEP=1 EPISODE=057 STEP=03 DIST=0.010482 YAW_ERR_DEG=0.014 REQUESTED_MOVE=0.004955 EXECUTED_MOVE=0.004871 ATTEMPT=0 SUCCESS=0 TERMINATED=0 TRUNCATED=0
DAY4_MOTION_DONE=1 ELAPSED_SIM=1.200 INITIAL_ERR=0.01756 FINAL_ERR=0.00032 ARM_V=0.00360
DAY4_GRASP_ATTEMPT=1
TRIAL=057 PHASE=CLOSE_SEARCH
TRIAL=057 LEFT_CONTACT=0 RIGHT_CONTACT=0 STALL=0
TRIAL=057 LEFT_CONTACT=0 RIGHT_CONTACT=0 STALL=0
TRIAL=057 PHASE=WAIT_DUAL_CONTACT
TRIAL=057 PHASE=WAIT_STALL
TRIAL=057 LEFT_CONTACT=1 RIGHT_CONTACT=1 STALL=0 GRIPPER_ERROR=0.06544 VELOCITY=0.03808 CLOSURE_M=0.00040
TRIAL=057 LEFT_CONTACT=1 RIGHT_CONTACT=1 STALL=0 GRIPPER_ERROR=0.04596 VELOCITY=0.01189 CLOSURE_M=0.00096
TRIAL=057 LEFT_CONTACT=1 RIGHT_CONTACT=1 STALL=0 GRIPPER_ERROR=0.03956 VELOCITY=0.00608 CLOSURE_M=0.00115
TRIAL=057 LEFT_CONTACT=1 RIGHT_CONTACT=1 STALL=0 GRIPPER_ERROR=0.03472 VELOCITY=0.00483 CLOSURE_M=0.00129
TRIAL=057 LEFT_CONTACT=1 RIGHT_CONTACT=1 STALL=0 GRIPPER_ERROR=0.03075 VELOCITY=0.00449 CLOSURE_M=0.00141
TRIAL=057 LEFT_CONTACT=1 RIGHT_CONTACT=1 STALL=1 GRIPPER_ERROR=0.02717 VELOCITY=0.00435 CLOSURE_M=0.00152
TRIAL=057 PHASE=LIFT_80_MM
TRIAL=057 ACTUAL_LIFT_M=-0.00002 LEFT_CONTACT=1 RIGHT_CONTACT=1
TRIAL=057 ACTUAL_LIFT_M=0.02468 LEFT_CONTACT=1 RIGHT_CONTACT=1
TRIAL=057 ACTUAL_LIFT_M=0.05337 LEFT_CONTACT=1 RIGHT_CONTACT=1
TRIAL=057 PHASE=HOLD
TRIAL=057 HOLD_SIM_SEC=0.000 HOLD_WALL_SEC=0.000 ACTUAL_LIFT_M=0.07197 RELATIVE_SLIP_M=0.00000 LEFT_CONTACT=1 RIGHT_CONTACT=1
TRIAL=057 HOLD_SIM_SEC=0.842 HOLD_WALL_SEC=1.001 ACTUAL_LIFT_M=0.07512 RELATIVE_SLIP_M=0.00028 LEFT_CONTACT=1 RIGHT_CONTACT=1
TRIAL=057 HOLD_SIM_SEC=1.692 HOLD_WALL_SEC=2.001 ACTUAL_LIFT_M=0.07505 RELATIVE_SLIP_M=0.00028 LEFT_CONTACT=1 RIGHT_CONTACT=1
TRIAL=057 HOLD_SIM_SEC=2.564 HOLD_WALL_SEC=3.001 ACTUAL_LIFT_M=0.07497 RELATIVE_SLIP_M=0.00028 LEFT_CONTACT=1 RIGHT_CONTACT=1
TRIAL=057 HOLD_SIM_SEC=3.424 HOLD_WALL_SEC=4.002 ACTUAL_LIFT_M=0.07488 RELATIVE_SLIP_M=0.00028 LEFT_CONTACT=1 RIGHT_CONTACT=1
TRIAL=057 HOLD_SIM_SEC=4.280 HOLD_WALL_SEC=5.002 ACTUAL_LIFT_M=0.07478 RELATIVE_SLIP_M=0.00028 LEFT_CONTACT=1 RIGHT_CONTACT=1
TRIAL=057 PHASE=PLACE_DOWN
TRIAL=057 PHASE=OPEN_GRIPPER
TRIAL=057 PHASE=RETREAT_PREGRASP
TRIAL=057 PHASE=GRASP_SUCCESS
TRIAL=057 DAY5_PLACE_RELEASE=PASS
DAY4_GRASP_RESULT=SUCCESS
DAY4_STEP=1 EPISODE=057 STEP=04 DIST=0.005631 YAW_ERR_DEG=0.017 REQUESTED_MOVE=0.004947 EXECUTED_MOVE=0.004854 ATTEMPT=1 SUCCESS=1 TERMINATED=1 TRUNCATED=0
DAY7_EPISODE=57 LEVEL=L2 VALID=50/50 TECHNICAL=False SUCCESS=True REASON=
