/usr/lib/python3/dist-packages/scipy/__init__.py:146: UserWarning: A NumPy version >=1.17.3 and <1.25.0 is required for this version of SciPy (detected version 1.26.4
  warnings.warn(f"A NumPy version >={np_minversion} and <{np_maxversion}"
TRIAL=000 PHASE=CHECK_INTERFACES
DAY4_RESET_GRIPPER=OPEN ANGLE_RAD=1.570000 EFFORT_NM=1.200000
DAY4_RESET_GRIPPER=AFTER_INITIAL_MOVE ANGLE_RAD=1.570000 EFFORT_NM=1.200000
TRIAL=001 VISUAL_CENTER=[0.2810819149017334, -0.020685918629169464, 0.021794904464198857] SURFACE=[0.2810819149017334, -0.020685918629169464, 0.04679490446419886] CONTOUR_DEG=-0.14 AXIS_STD_DEG=0.17 FOOTPRINT=[0.04920564033091068, 0.04920564033091068] CONFIDENCE=0.9221
TRIAL=001 SELECTED_CONTOUR_ORIENTATION=+89.86deg TILT=8.2 LEAN=+1 SYMMETRY=1 IK_FK_POS_ERROR=0.000004m IK_FK_ORIENTATION_ERROR=0.000000rad FINGER_FK_LIFT=0.080000m FINGER_FK_DRIFT=0.000000m JOINT_MOTION=3.018537rad
DAY4_MOTION_DONE=1 ELAPSED_SIM=1.200 INITIAL_ERR=0.01799 FINAL_ERR=0.00037 ARM_V=0.00411
DAY4_STEP=1 EPISODE=001 STEP=01 DIST=0.020170 YAW_ERR_DEG=0.009 REQUESTED_MOVE=0.005000 EXECUTED_MOVE=0.004894 ATTEMPT=0 SUCCESS=0 TERMINATED=0 TRUNCATED=0
DAY4_MOTION_DONE=1 ELAPSED_SIM=1.200 INITIAL_ERR=0.01813 FINAL_ERR=0.00033 ARM_V=0.00371
DAY4_STEP=1 EPISODE=001 STEP=02 DIST=0.015289 YAW_ERR_DEG=0.017 REQUESTED_MOVE=0.004966 EXECUTED_MOVE=0.004874 ATTEMPT=0 SUCCESS=0 TERMINATED=0 TRUNCATED=0
DAY4_MOTION_DONE=1 ELAPSED_SIM=1.202 INITIAL_ERR=0.01820 FINAL_ERR=0.00034 ARM_V=0.00373
DAY4_STEP=1 EPISODE=001 STEP=03 DIST=0.010420 YAW_ERR_DEG=0.023 REQUESTED_MOVE=0.004953 EXECUTED_MOVE=0.004861 ATTEMPT=0 SUCCESS=0 TERMINATED=0 TRUNCATED=0
DAY4_MOTION_DONE=1 ELAPSED_SIM=1.200 INITIAL_ERR=0.01815 FINAL_ERR=0.00037 ARM_V=0.00413
DAY4_GRASP_ATTEMPT=1
TRIAL=001 PHASE=CLOSE_SEARCH
TRIAL=001 LEFT_CONTACT=0 RIGHT_CONTACT=0 STALL=0
TRIAL=001 LEFT_CONTACT=0 RIGHT_CONTACT=1 STALL=0
TRIAL=001 PHASE=WAIT_DUAL_CONTACT
TRIAL=001 PHASE=WAIT_STALL
TRIAL=001 LEFT_CONTACT=1 RIGHT_CONTACT=1 STALL=0 GRIPPER_ERROR=0.05763 VELOCITY=0.03544 CLOSURE_M=0.00067
TRIAL=001 LEFT_CONTACT=1 RIGHT_CONTACT=1 STALL=0 GRIPPER_ERROR=0.04122 VELOCITY=0.01095 CLOSURE_M=0.00118
TRIAL=001 LEFT_CONTACT=1 RIGHT_CONTACT=1 STALL=0 GRIPPER_ERROR=0.03601 VELOCITY=0.00504 CLOSURE_M=0.00134
TRIAL=001 LEFT_CONTACT=1 RIGHT_CONTACT=1 STALL=0 GRIPPER_ERROR=0.03203 VELOCITY=0.00445 CLOSURE_M=0.00147
TRIAL=001 PHASE=LIFT_80_MM
TRIAL=001 ACTUAL_LIFT_M=-0.00003 LEFT_CONTACT=1 RIGHT_CONTACT=1
TRIAL=001 ACTUAL_LIFT_M=0.02437 LEFT_CONTACT=1 RIGHT_CONTACT=1
TRIAL=001 ACTUAL_LIFT_M=0.05372 LEFT_CONTACT=1 RIGHT_CONTACT=1
TRIAL=001 PHASE=HOLD
TRIAL=001 HOLD_SIM_SEC=0.000 HOLD_WALL_SEC=0.002 ACTUAL_LIFT_M=0.07226 RELATIVE_SLIP_M=0.00000 LEFT_CONTACT=1 RIGHT_CONTACT=1
TRIAL=001 HOLD_SIM_SEC=0.848 HOLD_WALL_SEC=1.002 ACTUAL_LIFT_M=0.07503 RELATIVE_SLIP_M=0.00025 LEFT_CONTACT=1 RIGHT_CONTACT=1
TRIAL=001 HOLD_SIM_SEC=1.710 HOLD_WALL_SEC=2.003 ACTUAL_LIFT_M=0.07495 RELATIVE_SLIP_M=0.00025 LEFT_CONTACT=1 RIGHT_CONTACT=1
TRIAL=001 HOLD_SIM_SEC=2.598 HOLD_WALL_SEC=3.003 ACTUAL_LIFT_M=0.07486 RELATIVE_SLIP_M=0.00025 LEFT_CONTACT=1 RIGHT_CONTACT=1
TRIAL=001 HOLD_SIM_SEC=3.460 HOLD_WALL_SEC=4.003 ACTUAL_LIFT_M=0.07478 RELATIVE_SLIP_M=0.00025 LEFT_CONTACT=1 RIGHT_CONTACT=1
TRIAL=001 HOLD_SIM_SEC=4.320 HOLD_WALL_SEC=5.003 ACTUAL_LIFT_M=0.07473 RELATIVE_SLIP_M=0.00025 LEFT_CONTACT=1 RIGHT_CONTACT=1
TRIAL=001 PHASE=PLACE_DOWN
TRIAL=001 PHASE=OPEN_GRIPPER
TRIAL=001 PHASE=RETREAT_PREGRASP
TRIAL=001 PHASE=GRASP_SUCCESS
TRIAL=001 DAY5_PLACE_RELEASE=PASS
DAY4_GRASP_RESULT=SUCCESS
DAY4_STEP=1 EPISODE=001 STEP=04 DIST=0.005580 YAW_ERR_DEG=0.028 REQUESTED_MOVE=0.004944 EXECUTED_MOVE=0.004843 ATTEMPT=1 SUCCESS=1 TERMINATED=1 TRUNCATED=0
DAY7_EPISODE=1 LEVEL=L3 VALID=1/50 TECHNICAL=False SUCCESS=True REASON=
DAY4_RESET_GRIPPER=OPEN ANGLE_RAD=1.570000 EFFORT_NM=1.200000
DAY4_RESET_GRIPPER=AFTER_INITIAL_MOVE ANGLE_RAD=1.570000 EFFORT_NM=1.200000
TRIAL=002 VISUAL_CENTER=[0.2794065773487091, -0.01916880893986672, 0.02250502956136214] SURFACE=[0.2794065773487091, -0.01916880893986672, 0.04750502956136214] CONTOUR_DEG=0.37 AXIS_STD_DEG=0.06 FOOTPRINT=[0.049470311030745506, 0.049470311030745506] CONFIDENCE=0.9143
TRIAL=002 SELECTED_CONTOUR_ORIENTATION=+90.37deg TILT=7.4 LEAN=+1 SYMMETRY=1 IK_FK_POS_ERROR=0.000004m IK_FK_ORIENTATION_ERROR=0.000000rad FINGER_FK_LIFT=0.080000m FINGER_FK_DRIFT=0.000000m JOINT_MOTION=3.017951rad
DAY4_MOTION_DONE=1 ELAPSED_SIM=1.202 INITIAL_ERR=0.01808 FINAL_ERR=0.00030 ARM_V=0.00335
DAY4_STEP=1 EPISODE=002 STEP=01 DIST=0.020145 YAW_ERR_DEG=0.009 REQUESTED_MOVE=0.005001 EXECUTED_MOVE=0.004915 ATTEMPT=0 SUCCESS=0 TERMINATED=0 TRUNCATED=0
DAY4_MOTION_DONE=1 ELAPSED_SIM=1.200 INITIAL_ERR=0.01821 FINAL_ERR=0.00034 ARM_V=0.00373
DAY4_STEP=1 EPISODE=002 STEP=02 DIST=0.015273 YAW_ERR_DEG=0.017 REQUESTED_MOVE=0.004966 EXECUTED_MOVE=0.004874 ATTEMPT=0 SUCCESS=0 TERMINATED=0 TRUNCATED=0
DAY4_MOTION_DONE=1 ELAPSED_SIM=1.202 INITIAL_ERR=0.01820 FINAL_ERR=0.00030 ARM_V=0.00336
DAY4_STEP=1 EPISODE=002 STEP=03 DIST=0.010404 YAW_ERR_DEG=0.024 REQUESTED_MOVE=0.004953 EXECUTED_MOVE=0.004870 ATTEMPT=0 SUCCESS=0 TERMINATED=0 TRUNCATED=0
DAY4_MOTION_DONE=1 ELAPSED_SIM=1.200 INITIAL_ERR=0.01822 FINAL_ERR=0.00034 ARM_V=0.00373
DAY4_GRASP_ATTEMPT=1
TRIAL=002 PHASE=CLOSE_SEARCH
TRIAL=002 LEFT_CONTACT=0 RIGHT_CONTACT=0 STALL=0
TRIAL=002 LEFT_CONTACT=1 RIGHT_CONTACT=0 STALL=0
TRIAL=002 PHASE=WAIT_DUAL_CONTACT
TRIAL=002 PHASE=WAIT_STALL
TRIAL=002 LEFT_CONTACT=1 RIGHT_CONTACT=1 STALL=0 GRIPPER_ERROR=0.06542 VELOCITY=0.10000 CLOSURE_M=0.00044
TRIAL=002 LEFT_CONTACT=1 RIGHT_CONTACT=1 STALL=0 GRIPPER_ERROR=0.04418 VELOCITY=0.01283 CLOSURE_M=0.00110
TRIAL=002 LEFT_CONTACT=1 RIGHT_CONTACT=1 STALL=0 GRIPPER_ERROR=0.03819 VELOCITY=0.00535 CLOSURE_M=0.00130
TRIAL=002 LEFT_CONTACT=1 RIGHT_CONTACT=1 STALL=0 GRIPPER_ERROR=0.03406 VELOCITY=0.00463 CLOSURE_M=0.00143
TRIAL=002 PHASE=LIFT_80_MM
TRIAL=002 ACTUAL_LIFT_M=-0.00003 LEFT_CONTACT=1 RIGHT_CONTACT=1
TRIAL=002 ACTUAL_LIFT_M=0.02330 LEFT_CONTACT=1 RIGHT_CONTACT=1
TRIAL=002 ACTUAL_LIFT_M=0.05268 LEFT_CONTACT=1 RIGHT_CONTACT=1
TRIAL=002 PHASE=HOLD
TRIAL=002 HOLD_SIM_SEC=0.000 HOLD_WALL_SEC=0.000 ACTUAL_LIFT_M=0.07257 RELATIVE_SLIP_M=0.00000 LEFT_CONTACT=1 RIGHT_CONTACT=1
TRIAL=002 HOLD_SIM_SEC=0.844 HOLD_WALL_SEC=1.000 ACTUAL_LIFT_M=0.07512 RELATIVE_SLIP_M=0.00027 LEFT_CONTACT=1 RIGHT_CONTACT=1
TRIAL=002 HOLD_SIM_SEC=1.666 HOLD_WALL_SEC=2.001 ACTUAL_LIFT_M=0.07504 RELATIVE_SLIP_M=0.00027 LEFT_CONTACT=1 RIGHT_CONTACT=1
TRIAL=002 HOLD_SIM_SEC=2.486 HOLD_WALL_SEC=3.001 ACTUAL_LIFT_M=0.07496 RELATIVE_SLIP_M=0.00027 LEFT_CONTACT=1 RIGHT_CONTACT=1
TRIAL=002 HOLD_SIM_SEC=3.344 HOLD_WALL_SEC=4.001 ACTUAL_LIFT_M=0.07487 RELATIVE_SLIP_M=0.00027 LEFT_CONTACT=1 RIGHT_CONTACT=1
TRIAL=002 HOLD_SIM_SEC=4.212 HOLD_WALL_SEC=5.001 ACTUAL_LIFT_M=0.07481 RELATIVE_SLIP_M=0.00027 LEFT_CONTACT=1 RIGHT_CONTACT=1
TRIAL=002 PHASE=PLACE_DOWN
TRIAL=002 PHASE=OPEN_GRIPPER
TRIAL=002 PHASE=RETREAT_PREGRASP
TRIAL=002 PHASE=GRASP_SUCCESS
TRIAL=002 DAY5_PLACE_RELEASE=PASS
DAY4_GRASP_RESULT=SUCCESS
DAY4_STEP=1 EPISODE=002 STEP=04 DIST=0.005555 YAW_ERR_DEG=0.028 REQUESTED_MOVE=0.004944 EXECUTED_MOVE=0.004853 ATTEMPT=1 SUCCESS=1 TERMINATED=1 TRUNCATED=0
DAY7_EPISODE=2 LEVEL=L3 VALID=2/50 TECHNICAL=False SUCCESS=True REASON=
DAY4_RESET_GRIPPER=OPEN ANGLE_RAD=1.570000 EFFORT_NM=1.200000
DAY4_RESET_GRIPPER=AFTER_INITIAL_MOVE ANGLE_RAD=1.570000 EFFORT_NM=1.200000
TRIAL=003 VISUAL_CENTER=[0.3189484477043152, -0.00034948717802762985, 0.029638857664984787] SURFACE=[0.3189484477043152, -0.00034948717802762985, 0.05463885766498479] CONTOUR_DEG=-0.49 AXIS_STD_DEG=0.16 FOOTPRINT=[0.0499122329056263, 0.0499122329056263] CONFIDENCE=0.9661
TRIAL=003 SELECTED_CONTOUR_ORIENTATION=+89.51deg TILT=26.0 LEAN=+1 SYMMETRY=1 IK_FK_POS_ERROR=0.000001m IK_FK_ORIENTATION_ERROR=0.000000rad FINGER_FK_LIFT=0.080000m FINGER_FK_DRIFT=0.000000m JOINT_MOTION=3.006670rad
DAY4_MOTION_DONE=1 ELAPSED_SIM=1.200 INITIAL_ERR=0.01592 FINAL_ERR=0.00033 ARM_V=0.00364
DAY4_STEP=1 EPISODE=003 STEP=01 DIST=0.020338 YAW_ERR_DEG=0.006 REQUESTED_MOVE=0.005004 EXECUTED_MOVE=0.004893 ATTEMPT=0 SUCCESS=0 TERMINATED=0 TRUNCATED=0
DAY4_MOTION_DONE=1 ELAPSED_SIM=1.200 INITIAL_ERR=0.01659 FINAL_ERR=0.00034 ARM_V=0.00377
DAY4_STEP=1 EPISODE=003 STEP=02 DIST=0.015475 YAW_ERR_DEG=0.012 REQUESTED_MOVE=0.004971 EXECUTED_MOVE=0.004864 ATTEMPT=0 SUCCESS=0 TERMINATED=0 TRUNCATED=0
DAY4_MOTION_DONE=1 ELAPSED_SIM=1.202 INITIAL_ERR=0.01679 FINAL_ERR=0.00031 ARM_V=0.00344
DAY4_STEP=1 EPISODE=003 STEP=03 DIST=0.010611 YAW_ERR_DEG=0.016 REQUESTED_MOVE=0.004960 EXECUTED_MOVE=0.004864 ATTEMPT=0 SUCCESS=0 TERMINATED=0 TRUNCATED=0
DAY4_MOTION_DONE=1 ELAPSED_SIM=1.202 INITIAL_ERR=0.01686 FINAL_ERR=0.00038 ARM_V=0.00426
DAY4_GRASP_ATTEMPT=1
TRIAL=003 PHASE=CLOSE_SEARCH
TRIAL=003 LEFT_CONTACT=0 RIGHT_CONTACT=0 STALL=0
TRIAL=003 LEFT_CONTACT=1 RIGHT_CONTACT=0 STALL=0
TRIAL=003 PHASE=WAIT_DUAL_CONTACT
TRIAL=003 PHASE=WAIT_STALL
TRIAL=003 LEFT_CONTACT=1 RIGHT_CONTACT=1 STALL=0 GRIPPER_ERROR=0.05841 VELOCITY=0.03800 CLOSURE_M=0.00067
TRIAL=003 LEFT_CONTACT=1 RIGHT_CONTACT=1 STALL=0 GRIPPER_ERROR=0.04762 VELOCITY=0.00797 CLOSURE_M=0.00101
TRIAL=003 LEFT_CONTACT=1 RIGHT_CONTACT=1 STALL=0 GRIPPER_ERROR=0.04229 VELOCITY=0.00551 CLOSURE_M=0.00118
TRIAL=003 LEFT_CONTACT=1 RIGHT_CONTACT=1 STALL=0 GRIPPER_ERROR=0.03850 VELOCITY=0.00472 CLOSURE_M=0.00130
TRIAL=003 LEFT_CONTACT=1 RIGHT_CONTACT=1 STALL=0 GRIPPER_ERROR=0.03461 VELOCITY=0.00446 CLOSURE_M=0.00142
TRIAL=003 LEFT_CONTACT=1 RIGHT_CONTACT=1 STALL=1 GRIPPER_ERROR=0.03139 VELOCITY=0.00435 CLOSURE_M=0.00153
TRIAL=003 PHASE=LIFT_80_MM
TRIAL=003 ACTUAL_LIFT_M=-0.00002 LEFT_CONTACT=1 RIGHT_CONTACT=1
TRIAL=003 ACTUAL_LIFT_M=0.02428 LEFT_CONTACT=1 RIGHT_CONTACT=1
TRIAL=003 ACTUAL_LIFT_M=0.05267 LEFT_CONTACT=1 RIGHT_CONTACT=1
TRIAL=003 PHASE=HOLD
TRIAL=003 HOLD_SIM_SEC=0.000 HOLD_WALL_SEC=0.000 ACTUAL_LIFT_M=0.07299 RELATIVE_SLIP_M=0.00000 LEFT_CONTACT=1 RIGHT_CONTACT=1
TRIAL=003 HOLD_SIM_SEC=0.830 HOLD_WALL_SEC=1.001 ACTUAL_LIFT_M=0.07618 RELATIVE_SLIP_M=0.00028 LEFT_CONTACT=1 RIGHT_CONTACT=1
TRIAL=003 HOLD_SIM_SEC=1.644 HOLD_WALL_SEC=2.001 ACTUAL_LIFT_M=0.07613 RELATIVE_SLIP_M=0.00028 LEFT_CONTACT=1 RIGHT_CONTACT=1
TRIAL=003 HOLD_SIM_SEC=2.486 HOLD_WALL_SEC=3.004 ACTUAL_LIFT_M=0.07607 RELATIVE_SLIP_M=0.00028 LEFT_CONTACT=1 RIGHT_CONTACT=1
TRIAL=003 HOLD_SIM_SEC=3.284 HOLD_WALL_SEC=4.004 ACTUAL_LIFT_M=0.07600 RELATIVE_SLIP_M=0.00028 LEFT_CONTACT=1 RIGHT_CONTACT=1
TRIAL=003 HOLD_SIM_SEC=4.150 HOLD_WALL_SEC=5.004 ACTUAL_LIFT_M=0.07594 RELATIVE_SLIP_M=0.00028 LEFT_CONTACT=1 RIGHT_CONTACT=1
TRIAL=003 HOLD_SIM_SEC=4.966 HOLD_WALL_SEC=6.004 ACTUAL_LIFT_M=0.07587 RELATIVE_SLIP_M=0.00028 LEFT_CONTACT=1 RIGHT_CONTACT=1
TRIAL=003 PHASE=PLACE_DOWN
TRIAL=003 PHASE=OPEN_GRIPPER
TRIAL=003 PHASE=RETREAT_PREGRASP
TRIAL=003 PHASE=GRASP_SUCCESS
TRIAL=003 DAY5_PLACE_RELEASE=PASS
DAY4_GRASP_RESULT=SUCCESS
DAY4_STEP=1 EPISODE=003 STEP=04 DIST=0.005778 YAW_ERR_DEG=0.019 REQUESTED_MOVE=0.004952 EXECUTED_MOVE=0.004836 ATTEMPT=1 SUCCESS=1 TERMINATED=1 TRUNCATED=0
DAY7_EPISODE=3 LEVEL=L3 VALID=3/50 TECHNICAL=False SUCCESS=True REASON=
DAY4_RESET_GRIPPER=OPEN ANGLE_RAD=1.570000 EFFORT_NM=1.200000
DAY4_RESET_GRIPPER=AFTER_INITIAL_MOVE ANGLE_RAD=1.570000 EFFORT_NM=1.200000
TRIAL=004 VISUAL_CENTER=[0.2835943251848221, -0.013669478707015514, 0.027701543988625142] SURFACE=[0.2835943251848221, -0.013669478707015514, 0.052701543988625144] CONTOUR_DEG=-3.70 AXIS_STD_DEG=0.99 FOOTPRINT=[0.04982611536979675, 0.04982611536979675] CONFIDENCE=0.9128
TRIAL=004 SELECTED_CONTOUR_ORIENTATION=+86.30deg TILT=9.7 LEAN=+1 SYMMETRY=1 IK_FK_POS_ERROR=0.000001m IK_FK_ORIENTATION_ERROR=0.000000rad FINGER_FK_LIFT=0.080000m FINGER_FK_DRIFT=0.000000m JOINT_MOTION=2.994397rad
DAY4_MOTION_DONE=1 ELAPSED_SIM=1.200 INITIAL_ERR=0.01773 FINAL_ERR=0.00069 ARM_V=0.00763
DAY4_STEP=1 EPISODE=004 STEP=01 DIST=0.020289 YAW_ERR_DEG=0.007 REQUESTED_MOVE=0.005010 EXECUTED_MOVE=0.004812 ATTEMPT=0 SUCCESS=0 TERMINATED=0 TRUNCATED=0
DAY4_MOTION_DONE=1 ELAPSED_SIM=1.202 INITIAL_ERR=0.01794 FINAL_ERR=0.00055 ARM_V=0.00614
DAY4_STEP=1 EPISODE=004 STEP=02 DIST=0.015478 YAW_ERR_DEG=0.014 REQUESTED_MOVE=0.004966 EXECUTED_MOVE=0.004813 ATTEMPT=0 SUCCESS=0 TERMINATED=0 TRUNCATED=0
DAY4_MOTION_DONE=1 ELAPSED_SIM=1.200 INITIAL_ERR=0.01797 FINAL_ERR=0.00062 ARM_V=0.00686
DAY4_STEP=1 EPISODE=004 STEP=03 DIST=0.010696 YAW_ERR_DEG=0.019 REQUESTED_MOVE=0.004953 EXECUTED_MOVE=0.004783 ATTEMPT=0 SUCCESS=0 TERMINATED=0 TRUNCATED=0
DAY4_MOTION_DONE=1 ELAPSED_SIM=1.202 INITIAL_ERR=0.01794 FINAL_ERR=0.00055 ARM_V=0.00616
DAY4_GRASP_ATTEMPT=1
TRIAL=004 PHASE=CLOSE_SEARCH
TRIAL=004 LEFT_CONTACT=0 RIGHT_CONTACT=0 STALL=0
TRIAL=004 LEFT_CONTACT=1 RIGHT_CONTACT=0 STALL=0
TRIAL=004 PHASE=WAIT_DUAL_CONTACT
TRIAL=004 PHASE=WAIT_STALL
TRIAL=004 LEFT_CONTACT=1 RIGHT_CONTACT=1 STALL=0 GRIPPER_ERROR=0.05678 VELOCITY=0.10000 CLOSURE_M=0.00075
TRIAL=004 LEFT_CONTACT=1 RIGHT_CONTACT=1 STALL=0 GRIPPER_ERROR=0.04347 VELOCITY=0.00037 CLOSURE_M=0.00120
TRIAL=004 LEFT_CONTACT=1 RIGHT_CONTACT=1 STALL=0 GRIPPER_ERROR=0.04085 VELOCITY=0.00503 CLOSURE_M=0.00129
TRIAL=004 LEFT_CONTACT=1 RIGHT_CONTACT=1 STALL=0 GRIPPER_ERROR=0.03751 VELOCITY=0.00404 CLOSURE_M=0.00140
TRIAL=004 LEFT_CONTACT=1 RIGHT_CONTACT=1 STALL=1 GRIPPER_ERROR=0.03408 VELOCITY=0.00420 CLOSURE_M=0.00152
TRIAL=004 PHASE=LIFT_80_MM
TRIAL=004 ACTUAL_LIFT_M=0.00001 LEFT_CONTACT=1 RIGHT_CONTACT=1
TRIAL=004 ACTUAL_LIFT_M=0.02193 LEFT_CONTACT=1 RIGHT_CONTACT=1
TRIAL=004 ACTUAL_LIFT_M=0.05096 LEFT_CONTACT=1 RIGHT_CONTACT=1
TRIAL=004 PHASE=HOLD
TRIAL=004 HOLD_SIM_SEC=0.000 HOLD_WALL_SEC=0.001 ACTUAL_LIFT_M=0.07137 RELATIVE_SLIP_M=0.00000 LEFT_CONTACT=1 RIGHT_CONTACT=1
TRIAL=004 HOLD_SIM_SEC=0.834 HOLD_WALL_SEC=1.001 ACTUAL_LIFT_M=0.07433 RELATIVE_SLIP_M=0.00000 LEFT_CONTACT=1 RIGHT_CONTACT=1
TRIAL=004 HOLD_SIM_SEC=1.678 HOLD_WALL_SEC=2.001 ACTUAL_LIFT_M=0.07427 RELATIVE_SLIP_M=0.00000 LEFT_CONTACT=1 RIGHT_CONTACT=1
TRIAL=004 HOLD_SIM_SEC=2.516 HOLD_WALL_SEC=3.001 ACTUAL_LIFT_M=0.07419 RELATIVE_SLIP_M=0.00000 LEFT_CONTACT=1 RIGHT_CONTACT=1
TRIAL=004 HOLD_SIM_SEC=3.364 HOLD_WALL_SEC=4.001 ACTUAL_LIFT_M=0.07412 RELATIVE_SLIP_M=0.00000 LEFT_CONTACT=1 RIGHT_CONTACT=1
TRIAL=004 HOLD_SIM_SEC=4.216 HOLD_WALL_SEC=5.001 ACTUAL_LIFT_M=0.07404 RELATIVE_SLIP_M=0.00000 LEFT_CONTACT=1 RIGHT_CONTACT=1
TRIAL=004 PHASE=PLACE_DOWN
TRIAL=004 PHASE=OPEN_GRIPPER
TRIAL=004 PHASE=RETREAT_PREGRASP
TRIAL=004 PHASE=GRASP_SUCCESS
TRIAL=004 DAY5_PLACE_RELEASE=PASS
DAY4_GRASP_RESULT=SUCCESS
DAY4_STEP=1 EPISODE=004 STEP=04 DIST=0.005906 YAW_ERR_DEG=0.023 REQUESTED_MOVE=0.004945 EXECUTED_MOVE=0.004792 ATTEMPT=1 SUCCESS=1 TERMINATED=1 TRUNCATED=0
DAY7_EPISODE=4 LEVEL=L3 VALID=4/50 TECHNICAL=False SUCCESS=True REASON=
DAY4_RESET_GRIPPER=OPEN ANGLE_RAD=1.570000 EFFORT_NM=1.200000
DAY4_RESET_GRIPPER=AFTER_INITIAL_MOVE ANGLE_RAD=1.570000 EFFORT_NM=1.200000
TRIAL=005 VISUAL_CENTER=[0.2961917221546173, -0.018733263947069645, 0.021930661655362067] SURFACE=[0.2961917221546173, -0.018733263947069645, 0.04693066165536207] CONTOUR_DEG=-0.44 AXIS_STD_DEG=0.10 FOOTPRINT=[0.049867259338498116, 0.049867259338498116] CONFIDENCE=0.9582
TRIAL=005 SELECTED_CONTOUR_ORIENTATION=+89.56deg TILT=15.0 LEAN=+1 SYMMETRY=1 IK_FK_POS_ERROR=0.000005m IK_FK_ORIENTATION_ERROR=0.000000rad FINGER_FK_LIFT=0.080000m FINGER_FK_DRIFT=0.000000m JOINT_MOTION=3.016657rad
DAY4_MOTION_DONE=1 ELAPSED_SIM=1.202 INITIAL_ERR=0.01667 FINAL_ERR=0.00035 ARM_V=0.00394
DAY4_STEP=1 EPISODE=005 STEP=01 DIST=0.021794 YAW_ERR_DEG=0.010 REQUESTED_MOVE=0.005034 EXECUTED_MOVE=0.004921 ATTEMPT=0 SUCCESS=0 TERMINATED=0 TRUNCATED=0
DAY4_MOTION_DONE=1 ELAPSED_SIM=1.200 INITIAL_ERR=0.01748 FINAL_ERR=0.00040 ARM_V=0.00441
DAY4_STEP=1 EPISODE=005 STEP=02 DIST=0.016942 YAW_ERR_DEG=0.016 REQUESTED_MOVE=0.004969 EXECUTED_MOVE=0.004853 ATTEMPT=0 SUCCESS=0 TERMINATED=0 TRUNCATED=0
DAY4_MOTION_DONE=1 ELAPSED_SIM=1.202 INITIAL_ERR=0.01760 FINAL_ERR=0.00040 ARM_V=0.00443
DAY4_STEP=1 EPISODE=005 STEP=03 DIST=0.012101 YAW_ERR_DEG=0.021 REQUESTED_MOVE=0.004956 EXECUTED_MOVE=0.004842 ATTEMPT=0 SUCCESS=0 TERMINATED=0 TRUNCATED=0
DAY4_MOTION_DONE=1 ELAPSED_SIM=1.202 INITIAL_ERR=0.01757 FINAL_ERR=0.00032 ARM_V=0.00360
DAY4_STEP=1 EPISODE=005 STEP=04 DIST=0.007248 YAW_ERR_DEG=0.025 REQUESTED_MOVE=0.004948 EXECUTED_MOVE=0.004855 ATTEMPT=0 SUCCESS=0 TERMINATED=0 TRUNCATED=0
DAY4_MOTION_DONE=1 ELAPSED_SIM=1.200 INITIAL_ERR=0.01770 FINAL_ERR=0.00040 ARM_V=0.00446
DAY4_GRASP_ATTEMPT=1
TRIAL=005 PHASE=CLOSE_SEARCH
TRIAL=005 LEFT_CONTACT=0 RIGHT_CONTACT=0 STALL=0
TRIAL=005 LEFT_CONTACT=1 RIGHT_CONTACT=0 STALL=0
TRIAL=005 PHASE=WAIT_DUAL_CONTACT
TRIAL=005 PHASE=WAIT_STALL
TRIAL=005 LEFT_CONTACT=1 RIGHT_CONTACT=1 STALL=0 GRIPPER_ERROR=0.06629 VELOCITY=0.13249 CLOSURE_M=0.00047
TRIAL=005 LEFT_CONTACT=1 RIGHT_CONTACT=1 STALL=0 GRIPPER_ERROR=0.04782 VELOCITY=0.01287 CLOSURE_M=0.00111
TRIAL=005 LEFT_CONTACT=1 RIGHT_CONTACT=1 STALL=0 GRIPPER_ERROR=0.04162 VELOCITY=0.00595 CLOSURE_M=0.00133
TRIAL=005 LEFT_CONTACT=1 RIGHT_CONTACT=1 STALL=0 GRIPPER_ERROR=0.03753 VELOCITY=0.00556 CLOSURE_M=0.00148
TRIAL=005 PHASE=LIFT_80_MM
TRIAL=005 ACTUAL_LIFT_M=0.00002 LEFT_CONTACT=1 RIGHT_CONTACT=1
TRIAL=005 ACTUAL_LIFT_M=0.02318 LEFT_CONTACT=1 RIGHT_CONTACT=1
TRIAL=005 ACTUAL_LIFT_M=0.05049 LEFT_CONTACT=1 RIGHT_CONTACT=1
TRIAL=005 PHASE=HOLD
TRIAL=005 HOLD_SIM_SEC=0.000 HOLD_WALL_SEC=0.001 ACTUAL_LIFT_M=0.07588 RELATIVE_SLIP_M=0.00000 LEFT_CONTACT=1 RIGHT_CONTACT=1
TRIAL=005 HOLD_SIM_SEC=0.828 HOLD_WALL_SEC=1.001 ACTUAL_LIFT_M=0.07915 RELATIVE_SLIP_M=0.00000 LEFT_CONTACT=1 RIGHT_CONTACT=1
TRIAL=005 HOLD_SIM_SEC=1.570 HOLD_WALL_SEC=2.001 ACTUAL_LIFT_M=0.07909 RELATIVE_SLIP_M=0.00000 LEFT_CONTACT=1 RIGHT_CONTACT=1
TRIAL=005 HOLD_SIM_SEC=2.368 HOLD_WALL_SEC=3.001 ACTUAL_LIFT_M=0.07902 RELATIVE_SLIP_M=0.00000 LEFT_CONTACT=1 RIGHT_CONTACT=1
TRIAL=005 HOLD_SIM_SEC=3.214 HOLD_WALL_SEC=4.001 ACTUAL_LIFT_M=0.07895 RELATIVE_SLIP_M=0.00000 LEFT_CONTACT=1 RIGHT_CONTACT=1
TRIAL=005 HOLD_SIM_SEC=4.100 HOLD_WALL_SEC=5.002 ACTUAL_LIFT_M=0.07888 RELATIVE_SLIP_M=0.00000 LEFT_CONTACT=1 RIGHT_CONTACT=1
TRIAL=005 HOLD_SIM_SEC=4.980 HOLD_WALL_SEC=6.002 ACTUAL_LIFT_M=0.07880 RELATIVE_SLIP_M=0.00000 LEFT_CONTACT=1 RIGHT_CONTACT=1
TRIAL=005 PHASE=PLACE_DOWN
TRIAL=005 PHASE=OPEN_GRIPPER
TRIAL=005 PHASE=RETREAT_PREGRASP
TRIAL=005 PHASE=GRASP_SUCCESS
TRIAL=005 DAY5_PLACE_RELEASE=PASS
DAY4_GRASP_RESULT=SUCCESS
DAY4_STEP=1 EPISODE=005 STEP=05 DIST=0.002429 YAW_ERR_DEG=0.027 REQUESTED_MOVE=0.004941 EXECUTED_MOVE=0.004828 ATTEMPT=1 SUCCESS=1 TERMINATED=1 TRUNCATED=0
DAY7_EPISODE=5 LEVEL=L3 VALID=5/50 TECHNICAL=False SUCCESS=True REASON=
DAY4_RESET_GRIPPER=OPEN ANGLE_RAD=1.570000 EFFORT_NM=1.200000
DAY4_RESET_GRIPPER=AFTER_INITIAL_MOVE ANGLE_RAD=1.570000 EFFORT_NM=1.200000
TRIAL=006 VISUAL_CENTER=[0.2915017008781433, 0.0030442364513874054, 0.023814512803874317] SURFACE=[0.2915017008781433, 0.0030442364513874054, 0.04881451280387432] CONTOUR_DEG=0.44 AXIS_STD_DEG=0.49 FOOTPRINT=[0.04996231943368912, 0.04996231943368912] CONFIDENCE=0.9343
TRIAL=006 SELECTED_CONTOUR_ORIENTATION=+90.44deg TILT=12.8 LEAN=+1 SYMMETRY=1 IK_FK_POS_ERROR=0.000000m IK_FK_ORIENTATION_ERROR=0.000000rad FINGER_FK_LIFT=0.080000m FINGER_FK_DRIFT=0.000000m JOINT_MOTION=3.026884rad
DAY4_MOTION_DONE=1 ELAPSED_SIM=1.202 INITIAL_ERR=0.01744 FINAL_ERR=0.00055 ARM_V=0.00608
DAY4_STEP=1 EPISODE=006 STEP=01 DIST=0.020263 YAW_ERR_DEG=0.007 REQUESTED_MOVE=0.005000 EXECUTED_MOVE=0.004839 ATTEMPT=0 SUCCESS=0 TERMINATED=0 TRUNCATED=0
DAY4_MOTION_DONE=1 ELAPSED_SIM=1.200 INITIAL_ERR=0.01762 FINAL_ERR=0.00049 ARM_V=0.00548
DAY4_STEP=1 EPISODE=006 STEP=02 DIST=0.015423 YAW_ERR_DEG=0.015 REQUESTED_MOVE=0.004968 EXECUTED_MOVE=0.004828 ATTEMPT=0 SUCCESS=0 TERMINATED=0 TRUNCATED=0
DAY4_MOTION_DONE=1 ELAPSED_SIM=1.202 INITIAL_ERR=0.01772 FINAL_ERR=0.00050 ARM_V=0.00551
DAY4_STEP=1 EPISODE=006 STEP=03 DIST=0.010609 YAW_ERR_DEG=0.021 REQUESTED_MOVE=0.004955 EXECUTED_MOVE=0.004816 ATTEMPT=0 SUCCESS=0 TERMINATED=0 TRUNCATED=0
DAY4_MOTION_DONE=1 ELAPSED_SIM=1.200 INITIAL_ERR=0.01777 FINAL_ERR=0.00040 ARM_V=0.00447
DAY4_GRASP_ATTEMPT=1
TRIAL=006 PHASE=CLOSE_SEARCH
TRIAL=006 LEFT_CONTACT=0 RIGHT_CONTACT=0 STALL=0
TRIAL=006 LEFT_CONTACT=0 RIGHT_CONTACT=0 STALL=0
TRIAL=006 PHASE=WAIT_DUAL_CONTACT
TRIAL=006 PHASE=WAIT_STALL
TRIAL=006 LEFT_CONTACT=1 RIGHT_CONTACT=1 STALL=0 GRIPPER_ERROR=0.05907 VELOCITY=0.11967 CLOSURE_M=0.00064
TRIAL=006 LEFT_CONTACT=1 RIGHT_CONTACT=1 STALL=0 GRIPPER_ERROR=0.04521 VELOCITY=0.01524 CLOSURE_M=0.00108
TRIAL=006 LEFT_CONTACT=1 RIGHT_CONTACT=1 STALL=0 GRIPPER_ERROR=0.03853 VELOCITY=0.00769 CLOSURE_M=0.00129
TRIAL=006 LEFT_CONTACT=1 RIGHT_CONTACT=1 STALL=0 GRIPPER_ERROR=0.03414 VELOCITY=0.00540 CLOSURE_M=0.00143
TRIAL=006 PHASE=LIFT_80_MM
TRIAL=006 ACTUAL_LIFT_M=-0.00005 LEFT_CONTACT=1 RIGHT_CONTACT=1
TRIAL=006 ACTUAL_LIFT_M=0.02322 LEFT_CONTACT=1 RIGHT_CONTACT=1
TRIAL=006 ACTUAL_LIFT_M=0.05219 LEFT_CONTACT=1 RIGHT_CONTACT=1
TRIAL=006 PHASE=HOLD
TRIAL=006 HOLD_SIM_SEC=0.000 HOLD_WALL_SEC=0.000 ACTUAL_LIFT_M=0.07116 RELATIVE_SLIP_M=0.00000 LEFT_CONTACT=1 RIGHT_CONTACT=1
TRIAL=006 HOLD_SIM_SEC=0.834 HOLD_WALL_SEC=1.001 ACTUAL_LIFT_M=0.07410 RELATIVE_SLIP_M=0.00000 LEFT_CONTACT=1 RIGHT_CONTACT=1
TRIAL=006 HOLD_SIM_SEC=1.672 HOLD_WALL_SEC=2.001 ACTUAL_LIFT_M=0.07404 RELATIVE_SLIP_M=0.00000 LEFT_CONTACT=1 RIGHT_CONTACT=1
TRIAL=006 HOLD_SIM_SEC=2.532 HOLD_WALL_SEC=3.001 ACTUAL_LIFT_M=0.07396 RELATIVE_SLIP_M=0.00000 LEFT_CONTACT=1 RIGHT_CONTACT=1
TRIAL=006 HOLD_SIM_SEC=3.356 HOLD_WALL_SEC=4.001 ACTUAL_LIFT_M=0.07389 RELATIVE_SLIP_M=0.00000 LEFT_CONTACT=1 RIGHT_CONTACT=1
TRIAL=006 HOLD_SIM_SEC=4.174 HOLD_WALL_SEC=5.001 ACTUAL_LIFT_M=0.07381 RELATIVE_SLIP_M=0.00000 LEFT_CONTACT=1 RIGHT_CONTACT=1
TRIAL=006 PHASE=PLACE_DOWN
TRIAL=006 PHASE=OPEN_GRIPPER
TRIAL=006 PHASE=RETREAT_PREGRASP
TRIAL=006 PHASE=GRASP_SUCCESS
TRIAL=006 DAY5_PLACE_RELEASE=PASS
DAY4_GRASP_RESULT=SUCCESS
DAY4_STEP=1 EPISODE=006 STEP=04 DIST=0.005779 YAW_ERR_DEG=0.025 REQUESTED_MOVE=0.004947 EXECUTED_MOVE=0.004834 ATTEMPT=1 SUCCESS=1 TERMINATED=1 TRUNCATED=0
DAY7_EPISODE=6 LEVEL=L3 VALID=6/50 TECHNICAL=False SUCCESS=True REASON=
DAY4_RESET_GRIPPER=OPEN ANGLE_RAD=1.570000 EFFORT_NM=1.200000
DAY4_RESET_GRIPPER=AFTER_INITIAL_MOVE ANGLE_RAD=1.570000 EFFORT_NM=1.200000
TRIAL=007 VISUAL_CENTER=[0.31317639350891113, -0.00033262185752391815, 0.026120168929310933] SURFACE=[0.31317639350891113, -0.00033262185752391815, 0.051120168929310934] CONTOUR_DEG=-0.01 AXIS_STD_DEG=0.15 FOOTPRINT=[0.050352780148386955, 0.050352780148386955] CONFIDENCE=0.9626
TRIAL=007 SELECTED_CONTOUR_ORIENTATION=+89.99deg TILT=23.0 LEAN=+1 SYMMETRY=1 IK_FK_POS_ERROR=0.000000m IK_FK_ORIENTATION_ERROR=0.000000rad FINGER_FK_LIFT=0.080000m FINGER_FK_DRIFT=0.000000m JOINT_MOTION=3.077590rad
DAY4_MOTION_DONE=1 ELAPSED_SIM=1.200 INITIAL_ERR=0.01626 FINAL_ERR=0.00046 ARM_V=0.00510
DAY4_STEP=1 EPISODE=007 STEP=01 DIST=0.020365 YAW_ERR_DEG=0.007 REQUESTED_MOVE=0.005004 EXECUTED_MOVE=0.004855 ATTEMPT=0 SUCCESS=0 TERMINATED=0 TRUNCATED=0
DAY4_MOTION_DONE=1 ELAPSED_SIM=1.200 INITIAL_ERR=0.01666 FINAL_ERR=0.00052 ARM_V=0.00578
DAY4_STEP=1 EPISODE=007 STEP=02 DIST=0.015554 YAW_ERR_DEG=0.013 REQUESTED_MOVE=0.004970 EXECUTED_MOVE=0.004813 ATTEMPT=0 SUCCESS=0 TERMINATED=0 TRUNCATED=0
DAY4_MOTION_DONE=1 ELAPSED_SIM=1.200 INITIAL_ERR=0.01678 FINAL_ERR=0.00047 ARM_V=0.00522
DAY4_STEP=1 EPISODE=007 STEP=03 DIST=0.010736 YAW_ERR_DEG=0.018 REQUESTED_MOVE=0.004959 EXECUTED_MOVE=0.004818 ATTEMPT=0 SUCCESS=0 TERMINATED=0 TRUNCATED=0
DAY4_MOTION_DONE=1 ELAPSED_SIM=1.200 INITIAL_ERR=0.01662 FINAL_ERR=0.00047 ARM_V=0.00518
DAY4_GRASP_ATTEMPT=1
TRIAL=007 PHASE=CLOSE_SEARCH
TRIAL=007 LEFT_CONTACT=0 RIGHT_CONTACT=0 STALL=0
TRIAL=007 LEFT_CONTACT=1 RIGHT_CONTACT=0 STALL=0
TRIAL=007 PHASE=WAIT_DUAL_CONTACT
TRIAL=007 PHASE=WAIT_STALL
TRIAL=007 LEFT_CONTACT=1 RIGHT_CONTACT=1 STALL=0 GRIPPER_ERROR=0.06588 VELOCITY=0.03849 CLOSURE_M=0.00042
TRIAL=007 LEFT_CONTACT=1 RIGHT_CONTACT=1 STALL=0 GRIPPER_ERROR=0.04792 VELOCITY=0.01245 CLOSURE_M=0.00098
TRIAL=007 LEFT_CONTACT=1 RIGHT_CONTACT=1 STALL=0 GRIPPER_ERROR=0.04137 VELOCITY=0.00614 CLOSURE_M=0.00118
TRIAL=007 LEFT_CONTACT=1 RIGHT_CONTACT=1 STALL=0 GRIPPER_ERROR=0.03683 VELOCITY=0.00491 CLOSURE_M=0.00133
TRIAL=007 LEFT_CONTACT=1 RIGHT_CONTACT=1 STALL=0 GRIPPER_ERROR=0.03291 VELOCITY=0.00446 CLOSURE_M=0.00145
TRIAL=007 PHASE=LIFT_80_MM
TRIAL=007 ACTUAL_LIFT_M=-0.00018 LEFT_CONTACT=1 RIGHT_CONTACT=1
TRIAL=007 ACTUAL_LIFT_M=0.02414 LEFT_CONTACT=1 RIGHT_CONTACT=1
TRIAL=007 ACTUAL_LIFT_M=0.05262 LEFT_CONTACT=1 RIGHT_CONTACT=1
TRIAL=007 PHASE=HOLD
TRIAL=007 HOLD_SIM_SEC=0.000 HOLD_WALL_SEC=0.000 ACTUAL_LIFT_M=0.07106 RELATIVE_SLIP_M=0.00000 LEFT_CONTACT=1 RIGHT_CONTACT=1
TRIAL=007 HOLD_SIM_SEC=0.846 HOLD_WALL_SEC=1.001 ACTUAL_LIFT_M=0.07444 RELATIVE_SLIP_M=0.00000 LEFT_CONTACT=1 RIGHT_CONTACT=1
TRIAL=007 HOLD_SIM_SEC=1.708 HOLD_WALL_SEC=2.001 ACTUAL_LIFT_M=0.07438 RELATIVE_SLIP_M=0.00000 LEFT_CONTACT=1 RIGHT_CONTACT=1
TRIAL=007 HOLD_SIM_SEC=2.584 HOLD_WALL_SEC=3.001 ACTUAL_LIFT_M=0.07431 RELATIVE_SLIP_M=0.00000 LEFT_CONTACT=1 RIGHT_CONTACT=1
TRIAL=007 HOLD_SIM_SEC=3.462 HOLD_WALL_SEC=4.001 ACTUAL_LIFT_M=0.07424 RELATIVE_SLIP_M=0.00000 LEFT_CONTACT=1 RIGHT_CONTACT=1
TRIAL=007 HOLD_SIM_SEC=4.312 HOLD_WALL_SEC=5.001 ACTUAL_LIFT_M=0.07416 RELATIVE_SLIP_M=0.00000 LEFT_CONTACT=1 RIGHT_CONTACT=1
TRIAL=007 PHASE=PLACE_DOWN
TRIAL=007 PHASE=OPEN_GRIPPER
TRIAL=007 PHASE=RETREAT_PREGRASP
TRIAL=007 PHASE=GRASP_SUCCESS
TRIAL=007 DAY5_PLACE_RELEASE=PASS
DAY4_GRASP_RESULT=SUCCESS
DAY4_STEP=1 EPISODE=007 STEP=04 DIST=0.005928 YAW_ERR_DEG=0.021 REQUESTED_MOVE=0.004951 EXECUTED_MOVE=0.004811 ATTEMPT=1 SUCCESS=1 TERMINATED=1 TRUNCATED=0
DAY7_EPISODE=7 LEVEL=L3 VALID=7/50 TECHNICAL=False SUCCESS=True REASON=
DAY4_RESET_GRIPPER=OPEN ANGLE_RAD=1.570000 EFFORT_NM=1.200000
DAY4_RESET_GRIPPER=AFTER_INITIAL_MOVE ANGLE_RAD=1.570000 EFFORT_NM=1.200000
TRIAL=008 VISUAL_CENTER=[0.3184928894042969, 0.020585452031809837, 0.0262477547121343] SURFACE=[0.3184928894042969, 0.020585452031809837, 0.0512477547121343] CONTOUR_DEG=0.74 AXIS_STD_DEG=0.28 FOOTPRINT=[0.051122795790433884, 0.051122795790433884] CONFIDENCE=0.9656
TRIAL=008 SELECTED_CONTOUR_ORIENTATION=+90.74deg TILT=26.1 LEAN=+1 SYMMETRY=1 IK_FK_POS_ERROR=0.000010m IK_FK_ORIENTATION_ERROR=0.000000rad FINGER_FK_LIFT=0.080000m FINGER_FK_DRIFT=0.000000m JOINT_MOTION=3.029659rad
DAY4_MOTION_DONE=1 ELAPSED_SIM=1.202 INITIAL_ERR=0.01601 FINAL_ERR=0.00030 ARM_V=0.00330
DAY4_STEP=1 EPISODE=008 STEP=01 DIST=0.020361 YAW_ERR_DEG=0.002 REQUESTED_MOVE=0.005003 EXECUTED_MOVE=0.004900 ATTEMPT=0 SUCCESS=0 TERMINATED=0 TRUNCATED=0
DAY4_MOTION_DONE=1 ELAPSED_SIM=1.200 INITIAL_ERR=0.01659 FINAL_ERR=0.00038 ARM_V=0.00420
DAY4_STEP=1 EPISODE=008 STEP=02 DIST=0.015511 YAW_ERR_DEG=0.007 REQUESTED_MOVE=0.004971 EXECUTED_MOVE=0.004852 ATTEMPT=0 SUCCESS=0 TERMINATED=0 TRUNCATED=0
DAY4_MOTION_DONE=1 ELAPSED_SIM=1.200 INITIAL_ERR=0.01681 FINAL_ERR=0.00034 ARM_V=0.00382
DAY4_STEP=1 EPISODE=008 STEP=03 DIST=0.010660 YAW_ERR_DEG=0.012 REQUESTED_MOVE=0.004959 EXECUTED_MOVE=0.004853 ATTEMPT=0 SUCCESS=0 TERMINATED=0 TRUNCATED=0
DAY4_MOTION_DONE=1 ELAPSED_SIM=1.200 INITIAL_ERR=0.01699 FINAL_ERR=0.00031 ARM_V=0.00348
DAY4_GRASP_ATTEMPT=1
TRIAL=008 PHASE=CLOSE_SEARCH
TRIAL=008 LEFT_CONTACT=0 RIGHT_CONTACT=0 STALL=0
TRIAL=008 LEFT_CONTACT=0 RIGHT_CONTACT=1 STALL=0
TRIAL=008 PHASE=WAIT_DUAL_CONTACT
TRIAL=008 PHASE=WAIT_STALL
TRIAL=008 LEFT_CONTACT=1 RIGHT_CONTACT=1 STALL=0 GRIPPER_ERROR=0.05568 VELOCITY=0.03879 CLOSURE_M=0.00063
TRIAL=008 LEFT_CONTACT=1 RIGHT_CONTACT=1 STALL=0 GRIPPER_ERROR=0.04519 VELOCITY=0.00538 CLOSURE_M=0.00092
TRIAL=008 LEFT_CONTACT=1 RIGHT_CONTACT=1 STALL=0 GRIPPER_ERROR=0.04030 VELOCITY=0.00533 CLOSURE_M=0.00105
TRIAL=008 LEFT_CONTACT=1 RIGHT_CONTACT=1 STALL=0 GRIPPER_ERROR=0.03626 VELOCITY=0.00471 CLOSURE_M=0.00116
TRIAL=008 LEFT_CONTACT=1 RIGHT_CONTACT=1 STALL=0 GRIPPER_ERROR=0.03246 VELOCITY=0.00447 CLOSURE_M=0.00127
TRIAL=008 LEFT_CONTACT=1 RIGHT_CONTACT=1 STALL=0 GRIPPER_ERROR=0.02877 VELOCITY=0.00443 CLOSURE_M=0.00137
TRIAL=008 LEFT_CONTACT=1 RIGHT_CONTACT=1 STALL=0 GRIPPER_ERROR=0.02502 VELOCITY=0.00440 CLOSURE_M=0.00148
TRIAL=008 PHASE=LIFT_80_MM
TRIAL=008 ACTUAL_LIFT_M=-0.00002 LEFT_CONTACT=1 RIGHT_CONTACT=1
TRIAL=008 ACTUAL_LIFT_M=0.02448 LEFT_CONTACT=1 RIGHT_CONTACT=1
TRIAL=008 ACTUAL_LIFT_M=0.05407 LEFT_CONTACT=1 RIGHT_CONTACT=1
TRIAL=008 PHASE=HOLD
TRIAL=008 HOLD_SIM_SEC=0.000 HOLD_WALL_SEC=0.000 ACTUAL_LIFT_M=0.07215 RELATIVE_SLIP_M=0.00000 LEFT_CONTACT=1 RIGHT_CONTACT=1
TRIAL=008 HOLD_SIM_SEC=0.804 HOLD_WALL_SEC=1.000 ACTUAL_LIFT_M=0.07567 RELATIVE_SLIP_M=0.00000 LEFT_CONTACT=1 RIGHT_CONTACT=1
TRIAL=008 HOLD_SIM_SEC=1.644 HOLD_WALL_SEC=2.001 ACTUAL_LIFT_M=0.07561 RELATIVE_SLIP_M=0.00000 LEFT_CONTACT=1 RIGHT_CONTACT=1
TRIAL=008 HOLD_SIM_SEC=2.526 HOLD_WALL_SEC=3.001 ACTUAL_LIFT_M=0.07553 RELATIVE_SLIP_M=0.00000 LEFT_CONTACT=1 RIGHT_CONTACT=1
TRIAL=008 HOLD_SIM_SEC=3.374 HOLD_WALL_SEC=4.001 ACTUAL_LIFT_M=0.07545 RELATIVE_SLIP_M=0.00000 LEFT_CONTACT=1 RIGHT_CONTACT=1
TRIAL=008 HOLD_SIM_SEC=4.252 HOLD_WALL_SEC=5.002 ACTUAL_LIFT_M=0.07536 RELATIVE_SLIP_M=0.00000 LEFT_CONTACT=1 RIGHT_CONTACT=1
TRIAL=008 PHASE=PLACE_DOWN
TRIAL=008 PHASE=OPEN_GRIPPER
TRIAL=008 PHASE=RETREAT_PREGRASP
TRIAL=008 PHASE=GRASP_SUCCESS
TRIAL=008 DAY5_PLACE_RELEASE=PASS
DAY4_GRASP_RESULT=SUCCESS
DAY4_STEP=1 EPISODE=008 STEP=04 DIST=0.005807 YAW_ERR_DEG=0.015 REQUESTED_MOVE=0.004951 EXECUTED_MOVE=0.004855 ATTEMPT=1 SUCCESS=1 TERMINATED=1 TRUNCATED=0
DAY7_EPISODE=8 LEVEL=L3 VALID=8/50 TECHNICAL=False SUCCESS=True REASON=
DAY4_RESET_GRIPPER=OPEN ANGLE_RAD=1.570000 EFFORT_NM=1.200000
DAY4_RESET_GRIPPER=AFTER_INITIAL_MOVE ANGLE_RAD=1.570000 EFFORT_NM=1.200000
TRIAL=009 VISUAL_CENTER=[0.3284441977739334, 0.025600401124393102, 0.028324066090495516] SURFACE=[0.3284441977739334, 0.025600401124393102, 0.05332406609049552] CONTOUR_DEG=0.40 AXIS_STD_DEG=0.18 FOOTPRINT=[0.04990740306675434, 0.04990740306675434] CONFIDENCE=0.9688
DAY7_EPISODE=9 LEVEL=L3 VALID=8/50 TECHNICAL=True SUCCESS=False REASON=TestFailure: RESET_FAIL: Day4 reset failed after 1 attempts: IK_FAIL: [{"contour_yaw_deg": 0.39579046486370956, "symmetry": 0, "feasible": false, "failure_samples": ["IK_FAIL: no contour-constrained IK at center=[0.3284441977739334, 0.025600401124393102, 0.11332406609049553] axis=0.40; samples=['geometry pos=0.00042 line=0.69696 tilt=40.87', 'geometry pos=0.00042 line=0.69627 tilt=40.81', 'geometry pos=0.00041 line=0.64333 tilt=142.41']"]}, {"contour_yaw_deg": 0.39579046486370956, "symmetry": 1, "feasible": false, "failure_samples": ["IK_FAIL: no contour-constrained IK at center=[0.3284441977739334, 0.025600401124393102, 0.11332406609049553] axis=90.40; samples=['geometry pos=0.00002 line=0.06052 tilt=40.54', 'geometry pos=0.00002 line=0.06052 tilt=40.54', 'geometry pos=0.00001 line=0.05550 tilt=141.68']"]}, {"contour_yaw_deg": 0.39579046486370956, "symmetry": 2, "feasible": true, "equivalent_to_symmetry": 0}, {"contour_yaw_deg": 0.39579046486370956, "symmetry": 3, "feasible": true, "equivalent_to_symmetry": 1}]
DAY4_RESET_GRIPPER=OPEN ANGLE_RAD=1.570000 EFFORT_NM=1.200000
DAY4_RESET_GRIPPER=AFTER_INITIAL_MOVE ANGLE_RAD=1.570000 EFFORT_NM=1.200000
TRIAL=010 VISUAL_CENTER=[0.3214326798915863, 0.017516816966235638, 0.028151115726146682] SURFACE=[0.3214326798915863, 0.017516816966235638, 0.05315111572614668] CONTOUR_DEG=-1.00 AXIS_STD_DEG=0.11 FOOTPRINT=[0.04966660775244236, 0.04966660775244236] CONFIDENCE=0.9637
TRIAL=010 SELECTED_CONTOUR_ORIENTATION=+89.00deg TILT=27.3 LEAN=+1 SYMMETRY=1 IK_FK_POS_ERROR=0.000016m IK_FK_ORIENTATION_ERROR=0.000000rad FINGER_FK_LIFT=0.080000m FINGER_FK_DRIFT=0.000000m JOINT_MOTION=3.019940rad
DAY4_MOTION_DONE=1 ELAPSED_SIM=1.200 INITIAL_ERR=0.01593 FINAL_ERR=0.00024 ARM_V=0.00266
DAY4_STEP=1 EPISODE=010 STEP=01 DIST=0.020317 YAW_ERR_DEG=0.001 REQUESTED_MOVE=0.004998 EXECUTED_MOVE=0.004916 ATTEMPT=0 SUCCESS=0 TERMINATED=0 TRUNCATED=0
DAY4_MOTION_DONE=1 ELAPSED_SIM=1.200 INITIAL_ERR=0.01653 FINAL_ERR=0.00031 ARM_V=0.00339
DAY4_STEP=1 EPISODE=010 STEP=02 DIST=0.015444 YAW_ERR_DEG=0.005 REQUESTED_MOVE=0.004971 EXECUTED_MOVE=0.004874 ATTEMPT=0 SUCCESS=0 TERMINATED=0 TRUNCATED=0
DAY4_MOTION_DONE=1 ELAPSED_SIM=1.202 INITIAL_ERR=0.01672 FINAL_ERR=0.00028 ARM_V=0.00309
DAY4_STEP=1 EPISODE=010 STEP=03 DIST=0.010573 YAW_ERR_DEG=0.009 REQUESTED_MOVE=0.004959 EXECUTED_MOVE=0.004873 ATTEMPT=0 SUCCESS=0 TERMINATED=0 TRUNCATED=0
DAY4_MOTION_DONE=1 ELAPSED_SIM=1.200 INITIAL_ERR=0.01682 FINAL_ERR=0.00028 ARM_V=0.00311
DAY4_GRASP_ATTEMPT=1
TRIAL=010 PHASE=CLOSE_SEARCH
TRIAL=010 LEFT_CONTACT=0 RIGHT_CONTACT=0 STALL=0
TRIAL=010 LEFT_CONTACT=1 RIGHT_CONTACT=0 STALL=0
TRIAL=010 PHASE=WAIT_DUAL_CONTACT
TRIAL=010 PHASE=WAIT_STALL
TRIAL=010 LEFT_CONTACT=1 RIGHT_CONTACT=1 STALL=0 GRIPPER_ERROR=0.06562 VELOCITY=0.03686 CLOSURE_M=0.00036
TRIAL=010 LEFT_CONTACT=1 RIGHT_CONTACT=1 STALL=0 GRIPPER_ERROR=0.04509 VELOCITY=0.01099 CLOSURE_M=0.00090
TRIAL=010 LEFT_CONTACT=1 RIGHT_CONTACT=1 STALL=0 GRIPPER_ERROR=0.03846 VELOCITY=0.00629 CLOSURE_M=0.00108
TRIAL=010 LEFT_CONTACT=1 RIGHT_CONTACT=1 STALL=0 GRIPPER_ERROR=0.03383 VELOCITY=0.00499 CLOSURE_M=0.00121
TRIAL=010 LEFT_CONTACT=1 RIGHT_CONTACT=1 STALL=0 GRIPPER_ERROR=0.02971 VELOCITY=0.00458 CLOSURE_M=0.00132
TRIAL=010 LEFT_CONTACT=1 RIGHT_CONTACT=1 STALL=0 GRIPPER_ERROR=0.02576 VELOCITY=0.00446 CLOSURE_M=0.00143
TRIAL=010 LEFT_CONTACT=1 RIGHT_CONTACT=1 STALL=1 GRIPPER_ERROR=0.02191 VELOCITY=0.00444 CLOSURE_M=0.00153
TRIAL=010 PHASE=LIFT_80_MM
TRIAL=010 ACTUAL_LIFT_M=0.00002 LEFT_CONTACT=1 RIGHT_CONTACT=1
TRIAL=010 ACTUAL_LIFT_M=0.02526 LEFT_CONTACT=1 RIGHT_CONTACT=1
TRIAL=010 ACTUAL_LIFT_M=0.00023 LEFT_CONTACT=1 RIGHT_CONTACT=1
DAY4_GRASP_EXCEPTION=BLOCK_DROPPED_DURING_LIFT: current lift=-0.000213
DAY4_STEP=1 EPISODE=010 STEP=04 DIST=0.005710 YAW_ERR_DEG=0.013 REQUESTED_MOVE=0.004951 EXECUTED_MOVE=0.004866 ATTEMPT=1 SUCCESS=0 TERMINATED=1 TRUNCATED=0
DAY7_EPISODE=10 LEVEL=L3 VALID=9/50 TECHNICAL=False SUCCESS=False REASON=
DAY4_RESET_GRIPPER=OPEN ANGLE_RAD=1.570000 EFFORT_NM=1.200000
DAY4_RESET_GRIPPER=AFTER_INITIAL_MOVE ANGLE_RAD=1.570000 EFFORT_NM=1.200000
TRIAL=011 VISUAL_CENTER=[0.3137252777814865, 0.03965340927243233, 0.03039192804138334] SURFACE=[0.3137252777814865, 0.03965340927243233, 0.05539192804138334] CONTOUR_DEG=-0.43 AXIS_STD_DEG=0.16 FOOTPRINT=[0.05092881992459297, 0.05092881992459297] CONFIDENCE=0.9607
DAY7_EPISODE=11 LEVEL=L3 VALID=9/50 TECHNICAL=True SUCCESS=False REASON=TestFailure: RESET_FAIL: Day4 reset failed after 1 attempts: IK_FAIL: [{"contour_yaw_deg": -0.4264487980664658, "symmetry": 0, "feasible": false, "failure_samples": ["IK_FAIL: no contour-constrained IK at center=[0.3137252777814865, 0.03965340927243233, 0.11539192804138335] axis=-0.43; samples=['geometry pos=0.00040 line=0.60533 tilt=35.46', 'geometry pos=0.00040 line=0.60533 tilt=35.46', 'geometry pos=0.00037 line=0.53701 tilt=148.63']"]}, {"contour_yaw_deg": -0.4264487980664658, "symmetry": 1, "feasible": false, "failure_samples": ["IK_FAIL: no contour-constrained IK at center=[0.3137252777814865, 0.03965340927243233, 0.11539192804138335] axis=89.57; samples=['geometry pos=0.00003 line=0.09349 tilt=35.20', 'geometry pos=0.00003 line=0.09349 tilt=35.20', 'geometry pos=0.00002 line=0.08259 tilt=147.90']"]}, {"contour_yaw_deg": -0.4264487980664658, "symmetry": 2, "feasible": true, "equivalent_to_symmetry": 0}, {"contour_yaw_deg": -0.4264487980664658, "symmetry": 3, "feasible": true, "equivalent_to_symmetry": 1}]
DAY4_RESET_GRIPPER=OPEN ANGLE_RAD=1.570000 EFFORT_NM=1.200000
DAY4_RESET_GRIPPER=AFTER_INITIAL_MOVE ANGLE_RAD=1.570000 EFFORT_NM=1.200000
TRIAL=012 VISUAL_CENTER=[0.2916581779718399, 0.016853559645824134, 0.033504474412953435] SURFACE=[0.2916581779718399, 0.016853559645824134, 0.058504474412953436] CONTOUR_DEG=2.81 AXIS_STD_DEG=0.45 FOOTPRINT=[0.04995109513401985, 0.04995109513401985] CONFIDENCE=0.9449
TRIAL=012 SELECTED_CONTOUR_ORIENTATION=+92.81deg TILT=14.0 LEAN=+1 SYMMETRY=1 IK_FK_POS_ERROR=0.000001m IK_FK_ORIENTATION_ERROR=0.000000rad FINGER_FK_LIFT=0.080000m FINGER_FK_DRIFT=0.000000m JOINT_MOTION=2.970292rad
DAY4_MOTION_DONE=1 ELAPSED_SIM=1.200 INITIAL_ERR=0.01712 FINAL_ERR=0.00044 ARM_V=0.00483
DAY4_STEP=1 EPISODE=012 STEP=01 DIST=0.020278 YAW_ERR_DEG=0.007 REQUESTED_MOVE=0.005013 EXECUTED_MOVE=0.004880 ATTEMPT=0 SUCCESS=0 TERMINATED=0 TRUNCATED=0
DAY4_MOTION_DONE=1 ELAPSED_SIM=1.200 INITIAL_ERR=0.01757 FINAL_ERR=0.00049 ARM_V=0.00549
DAY4_STEP=1 EPISODE=012 STEP=02 DIST=0.015441 YAW_ERR_DEG=0.014 REQUESTED_MOVE=0.004967 EXECUTED_MOVE=0.004825 ATTEMPT=0 SUCCESS=0 TERMINATED=0 TRUNCATED=0
DAY4_MOTION_DONE=1 ELAPSED_SIM=1.202 INITIAL_ERR=0.01765 FINAL_ERR=0.00049 ARM_V=0.00548
DAY4_STEP=1 EPISODE=012 STEP=03 DIST=0.010628 YAW_ERR_DEG=0.019 REQUESTED_MOVE=0.004955 EXECUTED_MOVE=0.004815 ATTEMPT=0 SUCCESS=0 TERMINATED=0 TRUNCATED=0
DAY4_MOTION_DONE=1 ELAPSED_SIM=1.202 INITIAL_ERR=0.01763 FINAL_ERR=0.00044 ARM_V=0.00493
DAY4_GRASP_ATTEMPT=1
TRIAL=012 PHASE=CLOSE_SEARCH
TRIAL=012 LEFT_CONTACT=0 RIGHT_CONTACT=0 STALL=0
TRIAL=012 LEFT_CONTACT=0 RIGHT_CONTACT=1 STALL=0
TRIAL=012 PHASE=WAIT_DUAL_CONTACT
TRIAL=012 PHASE=WAIT_STALL
TRIAL=012 LEFT_CONTACT=1 RIGHT_CONTACT=1 STALL=0 GRIPPER_ERROR=0.06336 VELOCITY=0.10000 CLOSURE_M=0.00057
TRIAL=012 LEFT_CONTACT=1 RIGHT_CONTACT=1 STALL=0 GRIPPER_ERROR=0.04317 VELOCITY=0.00758 CLOSURE_M=0.00127
TRIAL=012 LEFT_CONTACT=1 RIGHT_CONTACT=1 STALL=0 GRIPPER_ERROR=0.03889 VELOCITY=0.00828 CLOSURE_M=0.00142
TRIAL=012 PHASE=LIFT_80_MM
TRIAL=012 ACTUAL_LIFT_M=0.00053 LEFT_CONTACT=1 RIGHT_CONTACT=1
TRIAL=012 ACTUAL_LIFT_M=0.02422 LEFT_CONTACT=1 RIGHT_CONTACT=1
TRIAL=012 ACTUAL_LIFT_M=0.05366 LEFT_CONTACT=1 RIGHT_CONTACT=1
TRIAL=012 PHASE=HOLD
TRIAL=012 HOLD_SIM_SEC=0.000 HOLD_WALL_SEC=0.001 ACTUAL_LIFT_M=0.07303 RELATIVE_SLIP_M=0.00000 LEFT_CONTACT=1 RIGHT_CONTACT=1
TRIAL=012 HOLD_SIM_SEC=0.814 HOLD_WALL_SEC=1.001 ACTUAL_LIFT_M=0.07587 RELATIVE_SLIP_M=0.00025 LEFT_CONTACT=1 RIGHT_CONTACT=1
TRIAL=012 HOLD_SIM_SEC=1.662 HOLD_WALL_SEC=2.001 ACTUAL_LIFT_M=0.07581 RELATIVE_SLIP_M=0.00025 LEFT_CONTACT=1 RIGHT_CONTACT=1
TRIAL=012 HOLD_SIM_SEC=2.536 HOLD_WALL_SEC=3.002 ACTUAL_LIFT_M=0.07574 RELATIVE_SLIP_M=0.00025 LEFT_CONTACT=1 RIGHT_CONTACT=1
TRIAL=012 HOLD_SIM_SEC=3.386 HOLD_WALL_SEC=4.002 ACTUAL_LIFT_M=0.07567 RELATIVE_SLIP_M=0.00025 LEFT_CONTACT=1 RIGHT_CONTACT=1
TRIAL=012 HOLD_SIM_SEC=4.244 HOLD_WALL_SEC=5.002 ACTUAL_LIFT_M=0.07560 RELATIVE_SLIP_M=0.00025 LEFT_CONTACT=1 RIGHT_CONTACT=1
TRIAL=012 PHASE=PLACE_DOWN
TRIAL=012 PHASE=OPEN_GRIPPER
TRIAL=012 PHASE=RETREAT_PREGRASP
TRIAL=012 PHASE=GRASP_SUCCESS
TRIAL=012 DAY5_PLACE_RELEASE=PASS
DAY4_GRASP_RESULT=SUCCESS
DAY4_STEP=1 EPISODE=012 STEP=04 DIST=0.005809 YAW_ERR_DEG=0.023 REQUESTED_MOVE=0.004946 EXECUTED_MOVE=0.004821 ATTEMPT=1 SUCCESS=1 TERMINATED=1 TRUNCATED=0
DAY7_EPISODE=12 LEVEL=L3 VALID=10/50 TECHNICAL=False SUCCESS=True REASON=
DAY4_RESET_GRIPPER=OPEN ANGLE_RAD=1.570000 EFFORT_NM=1.200000
DAY4_RESET_GRIPPER=AFTER_INITIAL_MOVE ANGLE_RAD=1.570000 EFFORT_NM=1.200000
DAY7_EPISODE=13 LEVEL=L3 VALID=10/50 TECHNICAL=True SUCCESS=False REASON=TechnicalFailure: world SDF readback service failed
DAY4_RESET_GRIPPER=OPEN ANGLE_RAD=1.570000 EFFORT_NM=1.200000
DAY4_RESET_GRIPPER=AFTER_INITIAL_MOVE ANGLE_RAD=1.570000 EFFORT_NM=1.200000
TRIAL=014 VISUAL_CENTER=[0.2902306020259857, 0.004667266272008419, 0.0264589249281797] SURFACE=[0.2902306020259857, 0.004667266272008419, 0.0514589249281797] CONTOUR_DEG=0.13 AXIS_STD_DEG=0.31 FOOTPRINT=[0.04997164569795132, 0.04997164569795132] CONFIDENCE=0.9295
TRIAL=014 SELECTED_CONTOUR_ORIENTATION=+90.13deg TILT=12.5 LEAN=+1 SYMMETRY=1 IK_FK_POS_ERROR=0.000001m IK_FK_ORIENTATION_ERROR=0.000000rad FINGER_FK_LIFT=0.080000m FINGER_FK_DRIFT=0.000000m JOINT_MOTION=2.996971rad
DAY4_MOTION_DONE=1 ELAPSED_SIM=1.200 INITIAL_ERR=0.01739 FINAL_ERR=0.00044 ARM_V=0.00491
DAY4_STEP=1 EPISODE=014 STEP=01 DIST=0.020237 YAW_ERR_DEG=0.007 REQUESTED_MOVE=0.005008 EXECUTED_MOVE=0.004876 ATTEMPT=0 SUCCESS=0 TERMINATED=0 TRUNCATED=0
DAY4_MOTION_DONE=1 ELAPSED_SIM=1.200 INITIAL_ERR=0.01770 FINAL_ERR=0.00045 ARM_V=0.00496
DAY4_STEP=1 EPISODE=014 STEP=02 DIST=0.015398 YAW_ERR_DEG=0.014 REQUESTED_MOVE=0.004967 EXECUTED_MOVE=0.004840 ATTEMPT=0 SUCCESS=0 TERMINATED=0 TRUNCATED=0
DAY4_MOTION_DONE=1 ELAPSED_SIM=1.202 INITIAL_ERR=0.01776 FINAL_ERR=0.00040 ARM_V=0.00448
DAY4_STEP=1 EPISODE=014 STEP=03 DIST=0.010558 YAW_ERR_DEG=0.019 REQUESTED_MOVE=0.004955 EXECUTED_MOVE=0.004841 ATTEMPT=0 SUCCESS=0 TERMINATED=0 TRUNCATED=0
DAY4_MOTION_DONE=1 ELAPSED_SIM=1.200 INITIAL_ERR=0.01779 FINAL_ERR=0.00050 ARM_V=0.00554
DAY4_GRASP_ATTEMPT=1
TRIAL=014 PHASE=CLOSE_SEARCH
TRIAL=014 LEFT_CONTACT=0 RIGHT_CONTACT=0 STALL=0
TRIAL=014 LEFT_CONTACT=0 RIGHT_CONTACT=0 STALL=0
TRIAL=014 PHASE=WAIT_DUAL_CONTACT
TRIAL=014 PHASE=WAIT_STALL
TRIAL=014 LEFT_CONTACT=1 RIGHT_CONTACT=1 STALL=0 GRIPPER_ERROR=0.06581 VELOCITY=0.10000 CLOSURE_M=0.00043
TRIAL=014 LEFT_CONTACT=1 RIGHT_CONTACT=1 STALL=0 GRIPPER_ERROR=0.04370 VELOCITY=0.00850 CLOSURE_M=0.00113
TRIAL=014 LEFT_CONTACT=1 RIGHT_CONTACT=1 STALL=0 GRIPPER_ERROR=0.03988 VELOCITY=0.01431 CLOSURE_M=0.00125
TRIAL=014 LEFT_CONTACT=1 RIGHT_CONTACT=1 STALL=0 GRIPPER_ERROR=0.03573 VELOCITY=0.00303 CLOSURE_M=0.00138
TRIAL=014 LEFT_CONTACT=1 RIGHT_CONTACT=1 STALL=1 GRIPPER_ERROR=0.03202 VELOCITY=0.00437 CLOSURE_M=0.00150
TRIAL=014 PHASE=LIFT_80_MM
TRIAL=014 ACTUAL_LIFT_M=-0.00008 LEFT_CONTACT=1 RIGHT_CONTACT=1
TRIAL=014 ACTUAL_LIFT_M=0.02275 LEFT_CONTACT=1 RIGHT_CONTACT=1
TRIAL=014 ACTUAL_LIFT_M=0.05167 LEFT_CONTACT=1 RIGHT_CONTACT=1
TRIAL=014 PHASE=HOLD
TRIAL=014 HOLD_SIM_SEC=0.000 HOLD_WALL_SEC=0.001 ACTUAL_LIFT_M=0.07126 RELATIVE_SLIP_M=0.00000 LEFT_CONTACT=1 RIGHT_CONTACT=1
TRIAL=014 HOLD_SIM_SEC=0.828 HOLD_WALL_SEC=1.001 ACTUAL_LIFT_M=0.07397 RELATIVE_SLIP_M=0.00025 LEFT_CONTACT=1 RIGHT_CONTACT=1
TRIAL=014 HOLD_SIM_SEC=1.688 HOLD_WALL_SEC=2.001 ACTUAL_LIFT_M=0.07390 RELATIVE_SLIP_M=0.00025 LEFT_CONTACT=1 RIGHT_CONTACT=1
TRIAL=014 HOLD_SIM_SEC=2.542 HOLD_WALL_SEC=3.001 ACTUAL_LIFT_M=0.07383 RELATIVE_SLIP_M=0.00025 LEFT_CONTACT=1 RIGHT_CONTACT=1
TRIAL=014 HOLD_SIM_SEC=3.388 HOLD_WALL_SEC=4.001 ACTUAL_LIFT_M=0.07375 RELATIVE_SLIP_M=0.00025 LEFT_CONTACT=1 RIGHT_CONTACT=1
TRIAL=014 HOLD_SIM_SEC=4.246 HOLD_WALL_SEC=5.001 ACTUAL_LIFT_M=0.07366 RELATIVE_SLIP_M=0.00025 LEFT_CONTACT=1 RIGHT_CONTACT=1
TRIAL=014 PHASE=PLACE_DOWN
TRIAL=014 PHASE=OPEN_GRIPPER
TRIAL=014 PHASE=RETREAT_PREGRASP
TRIAL=014 PHASE=GRASP_SUCCESS
TRIAL=014 DAY5_PLACE_RELEASE=PASS
DAY4_GRASP_RESULT=SUCCESS
DAY4_STEP=1 EPISODE=014 STEP=04 DIST=0.005740 YAW_ERR_DEG=0.022 REQUESTED_MOVE=0.004946 EXECUTED_MOVE=0.004807 ATTEMPT=1 SUCCESS=1 TERMINATED=1 TRUNCATED=0
DAY7_EPISODE=14 LEVEL=L3 VALID=11/50 TECHNICAL=False SUCCESS=True REASON=
DAY4_RESET_GRIPPER=OPEN ANGLE_RAD=1.570000 EFFORT_NM=1.200000
DAY4_RESET_GRIPPER=AFTER_INITIAL_MOVE ANGLE_RAD=1.570000 EFFORT_NM=1.200000
TRIAL=015 VISUAL_CENTER=[0.3238406628370285, -0.023818419584131334, 0.027371827758733355] SURFACE=[0.3238406628370285, -0.023818419584131334, 0.05237182775873336] CONTOUR_DEG=0.53 AXIS_STD_DEG=0.07 FOOTPRINT=[0.04966970905661583, 0.04966970905661583] CONFIDENCE=0.9605
DAY7_EPISODE=15 LEVEL=L3 VALID=11/50 TECHNICAL=True SUCCESS=False REASON=TestFailure: RESET_FAIL: Day4 reset failed after 1 attempts: IK_FAIL: [{"contour_yaw_deg": 0.5291811317264234, "symmetry": 0, "feasible": false, "failure_samples": ["IK_FAIL: no contour-constrained IK at center=[0.3238406628370285, -0.023818419584131334, 0.11237182775873336] axis=0.53; samples=['geometry pos=0.00041 line=0.65737 tilt=38.47', 'geometry pos=0.00041 line=0.65817 tilt=38.53', 'geometry pos=0.00040 line=0.60975 tilt=144.40']"]}, {"contour_yaw_deg": 0.5291811317264234, "symmetry": 1, "feasible": false, "failure_samples": ["IK_FAIL: no contour-constrained IK at center=[0.3238406628370285, -0.023818419584131334, 0.11237182775873336] axis=90.53; samples=['geometry pos=0.00002 line=0.06491 tilt=38.19', 'geometry pos=0.00001 line=1.01089 tilt=87.43', 'geometry pos=0.00001 line=0.06004 tilt=143.75']"]}, {"contour_yaw_deg": 0.5291811317264234, "symmetry": 2, "feasible": true, "equivalent_to_symmetry": 0}, {"contour_yaw_deg": 0.5291811317264234, "symmetry": 3, "feasible": true, "equivalent_to_symmetry": 1}]
DAY4_RESET_GRIPPER=OPEN ANGLE_RAD=1.570000 EFFORT_NM=1.200000
DAY4_RESET_GRIPPER=AFTER_INITIAL_MOVE ANGLE_RAD=1.570000 EFFORT_NM=1.200000
TRIAL=016 VISUAL_CENTER=[0.3265770822763443, -0.013687635655514896, 0.032983409956442535] SURFACE=[0.3265770822763443, -0.013687635655514896, 0.057983409956442536] CONTOUR_DEG=0.51 AXIS_STD_DEG=0.14 FOOTPRINT=[0.050483040511608124, 0.050483040511608124] CONFIDENCE=0.9655
TRIAL=016 SELECTED_CONTOUR_ORIENTATION=+90.51deg TILT=30.3 LEAN=+1 SYMMETRY=1 IK_FK_POS_ERROR=0.000013m IK_FK_ORIENTATION_ERROR=0.000000rad FINGER_FK_LIFT=0.080000m FINGER_FK_DRIFT=0.000000m JOINT_MOTION=3.015373rad
DAY4_MOTION_DONE=1 ELAPSED_SIM=1.202 INITIAL_ERR=0.01544 FINAL_ERR=0.00035 ARM_V=0.00392
DAY4_STEP=1 EPISODE=016 STEP=01 DIST=0.020407 YAW_ERR_DEG=0.013 REQUESTED_MOVE=0.005004 EXECUTED_MOVE=0.004879 ATTEMPT=0 SUCCESS=0 TERMINATED=0 TRUNCATED=0
DAY4_MOTION_DONE=1 ELAPSED_SIM=1.200 INITIAL_ERR=0.01621 FINAL_ERR=0.00041 ARM_V=0.00454
DAY4_STEP=1 EPISODE=016 STEP=02 DIST=0.015556 YAW_ERR_DEG=0.020 REQUESTED_MOVE=0.004972 EXECUTED_MOVE=0.004840 ATTEMPT=0 SUCCESS=0 TERMINATED=0 TRUNCATED=0
DAY4_MOTION_DONE=1 ELAPSED_SIM=1.202 INITIAL_ERR=0.01645 FINAL_ERR=0.00034 ARM_V=0.00373
DAY4_STEP=1 EPISODE=016 STEP=03 DIST=0.010703 YAW_ERR_DEG=0.024 REQUESTED_MOVE=0.004961 EXECUTED_MOVE=0.004854 ATTEMPT=0 SUCCESS=0 TERMINATED=0 TRUNCATED=0
DAY4_MOTION_DONE=1 ELAPSED_SIM=1.200 INITIAL_ERR=0.01659 FINAL_ERR=0.00038 ARM_V=0.00418
DAY4_GRASP_ATTEMPT=1
TRIAL=016 PHASE=CLOSE_SEARCH
TRIAL=016 LEFT_CONTACT=0 RIGHT_CONTACT=0 STALL=0
TRIAL=016 LEFT_CONTACT=0 RIGHT_CONTACT=1 STALL=0
TRIAL=016 PHASE=WAIT_DUAL_CONTACT
TRIAL=016 PHASE=WAIT_STALL
TRIAL=016 LEFT_CONTACT=1 RIGHT_CONTACT=1 STALL=0 GRIPPER_ERROR=0.06975 VELOCITY=0.12373 CLOSURE_M=0.00036
TRIAL=016 LEFT_CONTACT=1 RIGHT_CONTACT=1 STALL=0 GRIPPER_ERROR=0.05283 VELOCITY=0.01585 CLOSURE_M=0.00097
TRIAL=016 LEFT_CONTACT=1 RIGHT_CONTACT=1 STALL=0 GRIPPER_ERROR=0.04622 VELOCITY=0.00543 CLOSURE_M=0.00121
TRIAL=016 LEFT_CONTACT=1 RIGHT_CONTACT=1 STALL=0 GRIPPER_ERROR=0.04213 VELOCITY=0.00559 CLOSURE_M=0.00136
TRIAL=016 LEFT_CONTACT=1 RIGHT_CONTACT=1 STALL=1 GRIPPER_ERROR=0.03813 VELOCITY=0.00424 CLOSURE_M=0.00151
TRIAL=016 PHASE=LIFT_80_MM
TRIAL=016 ACTUAL_LIFT_M=0.00000 LEFT_CONTACT=1 RIGHT_CONTACT=1
TRIAL=016 ACTUAL_LIFT_M=0.02345 LEFT_CONTACT=1 RIGHT_CONTACT=1
TRIAL=016 ACTUAL_LIFT_M=0.05286 LEFT_CONTACT=1 RIGHT_CONTACT=1
TRIAL=016 PHASE=HOLD
TRIAL=016 HOLD_SIM_SEC=0.000 HOLD_WALL_SEC=0.000 ACTUAL_LIFT_M=0.06459 RELATIVE_SLIP_M=0.00000 LEFT_CONTACT=1 RIGHT_CONTACT=1
TRIAL=016 HOLD_SIM_SEC=0.814 HOLD_WALL_SEC=1.001 ACTUAL_LIFT_M=0.07527 RELATIVE_SLIP_M=0.00035 LEFT_CONTACT=1 RIGHT_CONTACT=1
TRIAL=016 HOLD_SIM_SEC=1.678 HOLD_WALL_SEC=2.001 ACTUAL_LIFT_M=0.07522 RELATIVE_SLIP_M=0.00035 LEFT_CONTACT=1 RIGHT_CONTACT=1
TRIAL=016 HOLD_SIM_SEC=2.542 HOLD_WALL_SEC=3.001 ACTUAL_LIFT_M=0.07515 RELATIVE_SLIP_M=0.00035 LEFT_CONTACT=1 RIGHT_CONTACT=1
TRIAL=016 HOLD_SIM_SEC=3.412 HOLD_WALL_SEC=4.002 ACTUAL_LIFT_M=0.07507 RELATIVE_SLIP_M=0.00035 LEFT_CONTACT=1 RIGHT_CONTACT=1
TRIAL=016 HOLD_SIM_SEC=4.284 HOLD_WALL_SEC=5.002 ACTUAL_LIFT_M=0.07500 RELATIVE_SLIP_M=0.00035 LEFT_CONTACT=1 RIGHT_CONTACT=1
TRIAL=016 PHASE=PLACE_DOWN
TRIAL=016 PHASE=OPEN_GRIPPER
TRIAL=016 PHASE=RETREAT_PREGRASP
TRIAL=016 PHASE=GRASP_SUCCESS
TRIAL=016 DAY5_PLACE_RELEASE=PASS
DAY4_GRASP_RESULT=SUCCESS
DAY4_STEP=1 EPISODE=016 STEP=04 DIST=0.005869 YAW_ERR_DEG=0.028 REQUESTED_MOVE=0.004954 EXECUTED_MOVE=0.004836 ATTEMPT=1 SUCCESS=1 TERMINATED=1 TRUNCATED=0
DAY7_EPISODE=16 LEVEL=L3 VALID=12/50 TECHNICAL=False SUCCESS=True REASON=
DAY4_RESET_GRIPPER=OPEN ANGLE_RAD=1.570000 EFFORT_NM=1.200000
DAY4_RESET_GRIPPER=AFTER_INITIAL_MOVE ANGLE_RAD=1.570000 EFFORT_NM=1.200000
TRIAL=017 VISUAL_CENTER=[0.30672207474708557, -0.011548859998583794, 0.014118117980596749] SURFACE=[0.30672207474708557, -0.011548859998583794, 0.03911811798059675] CONTOUR_DEG=-0.28 AXIS_STD_DEG=0.19 FOOTPRINT=[0.051122384145855904, 0.051122384145855904] CONFIDENCE=0.9628
DAY7_EPISODE=17 LEVEL=L3 VALID=12/50 TECHNICAL=True SUCCESS=False REASON=TestFailure: RESET_FAIL: Day4 reset failed after 1 attempts: IK_FAIL: [{"contour_yaw_deg": -0.2823536957563608, "symmetry": 0, "feasible": false, "failure_samples": ["IK_FAIL: no contour-constrained IK at center=[0.30672207474708557, -0.011548859998583794, 0.09911811798059675] axis=-0.28; samples=['geometry pos=0.00035 line=0.49090 tilt=28.43', 'geometry pos=0.00035 line=0.49090 tilt=28.43', 'geometry pos=0.00036 line=0.52187 tilt=149.73']"]}, {"contour_yaw_deg": -0.2823536957563608, "symmetry": 1, "feasible": false, "failure_samples": ["COLLISION_PLAN_FAIL: finger/table clearance=0.002857"]}, {"contour_yaw_deg": -0.2823536957563608, "symmetry": 2, "feasible": true, "equivalent_to_symmetry": 0}, {"contour_yaw_deg": -0.2823536957563608, "symmetry": 3, "feasible": true, "equivalent_to_symmetry": 1}]
DAY4_RESET_GRIPPER=OPEN ANGLE_RAD=1.570000 EFFORT_NM=1.200000
DAY4_RESET_GRIPPER=AFTER_INITIAL_MOVE ANGLE_RAD=1.570000 EFFORT_NM=1.200000
TRIAL=018 VISUAL_CENTER=[0.3018651455640793, 0.01895575225353241, 0.025718716821760836] SURFACE=[0.3018651455640793, 0.01895575225353241, 0.05071871682176084] CONTOUR_DEG=-0.74 AXIS_STD_DEG=0.20 FOOTPRINT=[0.050897546112537384, 0.050897546112537384] CONFIDENCE=0.9551
TRIAL=018 SELECTED_CONTOUR_ORIENTATION=+89.26deg TILT=18.0 LEAN=+1 SYMMETRY=1 IK_FK_POS_ERROR=0.000009m IK_FK_ORIENTATION_ERROR=0.000000rad FINGER_FK_LIFT=0.080000m FINGER_FK_DRIFT=0.000000m JOINT_MOTION=3.009481rad
DAY4_MOTION_DONE=1 ELAPSED_SIM=1.200 INITIAL_ERR=0.01681 FINAL_ERR=0.00023 ARM_V=0.00252
DAY4_STEP=1 EPISODE=018 STEP=01 DIST=0.020261 YAW_ERR_DEG=0.003 REQUESTED_MOVE=0.005004 EXECUTED_MOVE=0.004929 ATTEMPT=0 SUCCESS=0 TERMINATED=0 TRUNCATED=0
DAY4_MOTION_DONE=1 ELAPSED_SIM=1.200 INITIAL_ERR=0.01725 FINAL_ERR=0.00029 ARM_V=0.00319
DAY4_STEP=1 EPISODE=018 STEP=02 DIST=0.015381 YAW_ERR_DEG=0.009 REQUESTED_MOVE=0.004969 EXECUTED_MOVE=0.004882 ATTEMPT=0 SUCCESS=0 TERMINATED=0 TRUNCATED=0
DAY4_MOTION_DONE=1 ELAPSED_SIM=1.202 INITIAL_ERR=0.01737 FINAL_ERR=0.00026 ARM_V=0.00289
DAY4_STEP=1 EPISODE=018 STEP=03 DIST=0.010496 YAW_ERR_DEG=0.014 REQUESTED_MOVE=0.004957 EXECUTED_MOVE=0.004879 ATTEMPT=0 SUCCESS=0 TERMINATED=0 TRUNCATED=0
DAY4_MOTION_DONE=1 ELAPSED_SIM=1.202 INITIAL_ERR=0.01745 FINAL_ERR=0.00026 ARM_V=0.00290
DAY4_GRASP_ATTEMPT=1
TRIAL=018 PHASE=CLOSE_SEARCH
TRIAL=018 LEFT_CONTACT=0 RIGHT_CONTACT=0 STALL=0
TRIAL=018 LEFT_CONTACT=0 RIGHT_CONTACT=0 STALL=0
TRIAL=018 PHASE=WAIT_DUAL_CONTACT
TRIAL=018 PHASE=WAIT_STALL
TRIAL=018 LEFT_CONTACT=1 RIGHT_CONTACT=1 STALL=0 GRIPPER_ERROR=0.06992 VELOCITY=0.00802 CLOSURE_M=0.00028
TRIAL=018 LEFT_CONTACT=1 RIGHT_CONTACT=1 STALL=0 GRIPPER_ERROR=0.05298 VELOCITY=0.01413 CLOSURE_M=0.00076
TRIAL=018 LEFT_CONTACT=1 RIGHT_CONTACT=1 STALL=0 GRIPPER_ERROR=0.04499 VELOCITY=0.00791 CLOSURE_M=0.00099
TRIAL=018 LEFT_CONTACT=1 RIGHT_CONTACT=1 STALL=0 GRIPPER_ERROR=0.03990 VELOCITY=0.00556 CLOSURE_M=0.00113
TRIAL=018 LEFT_CONTACT=1 RIGHT_CONTACT=1 STALL=0 GRIPPER_ERROR=0.03584 VELOCITY=0.00476 CLOSURE_M=0.00125
TRIAL=018 LEFT_CONTACT=1 RIGHT_CONTACT=1 STALL=0 GRIPPER_ERROR=0.03199 VELOCITY=0.00449 CLOSURE_M=0.00137
TRIAL=018 LEFT_CONTACT=1 RIGHT_CONTACT=1 STALL=0 GRIPPER_ERROR=0.02811 VELOCITY=0.00441 CLOSURE_M=0.00148
TRIAL=018 PHASE=LIFT_80_MM
TRIAL=018 ACTUAL_LIFT_M=-0.00001 LEFT_CONTACT=1 RIGHT_CONTACT=1
TRIAL=018 ACTUAL_LIFT_M=0.02478 LEFT_CONTACT=1 RIGHT_CONTACT=1
TRIAL=018 ACTUAL_LIFT_M=0.05408 LEFT_CONTACT=1 RIGHT_CONTACT=1
TRIAL=018 PHASE=HOLD
TRIAL=018 HOLD_SIM_SEC=0.000 HOLD_WALL_SEC=0.000 ACTUAL_LIFT_M=0.07192 RELATIVE_SLIP_M=0.00000 LEFT_CONTACT=1 RIGHT_CONTACT=1
TRIAL=018 HOLD_SIM_SEC=0.800 HOLD_WALL_SEC=1.001 ACTUAL_LIFT_M=0.07493 RELATIVE_SLIP_M=0.00028 LEFT_CONTACT=1 RIGHT_CONTACT=1
TRIAL=018 HOLD_SIM_SEC=1.664 HOLD_WALL_SEC=2.001 ACTUAL_LIFT_M=0.07487 RELATIVE_SLIP_M=0.00028 LEFT_CONTACT=1 RIGHT_CONTACT=1
TRIAL=018 HOLD_SIM_SEC=2.482 HOLD_WALL_SEC=3.001 ACTUAL_LIFT_M=0.07480 RELATIVE_SLIP_M=0.00028 LEFT_CONTACT=1 RIGHT_CONTACT=1
TRIAL=018 HOLD_SIM_SEC=3.332 HOLD_WALL_SEC=4.002 ACTUAL_LIFT_M=0.07471 RELATIVE_SLIP_M=0.00028 LEFT_CONTACT=1 RIGHT_CONTACT=1
TRIAL=018 HOLD_SIM_SEC=4.192 HOLD_WALL_SEC=5.002 ACTUAL_LIFT_M=0.07462 RELATIVE_SLIP_M=0.00028 LEFT_CONTACT=1 RIGHT_CONTACT=1
TRIAL=018 PHASE=PLACE_DOWN
TRIAL=018 PHASE=OPEN_GRIPPER
TRIAL=018 PHASE=RETREAT_PREGRASP
TRIAL=018 PHASE=GRASP_SUCCESS
TRIAL=018 DAY5_PLACE_RELEASE=PASS
DAY4_GRASP_RESULT=SUCCESS
DAY4_STEP=1 EPISODE=018 STEP=04 DIST=0.005620 YAW_ERR_DEG=0.018 REQUESTED_MOVE=0.004948 EXECUTED_MOVE=0.004871 ATTEMPT=1 SUCCESS=1 TERMINATED=1 TRUNCATED=0
DAY7_EPISODE=18 LEVEL=L3 VALID=13/50 TECHNICAL=False SUCCESS=True REASON=
DAY4_RESET_GRIPPER=OPEN ANGLE_RAD=1.570000 EFFORT_NM=1.200000
DAY4_RESET_GRIPPER=AFTER_INITIAL_MOVE ANGLE_RAD=1.570000 EFFORT_NM=1.200000
TRIAL=019 VISUAL_CENTER=[0.3157944977283478, 0.008995817974209785, 0.024102101573240317] SURFACE=[0.3157944977283478, 0.008995817974209785, 0.04910210157324032] CONTOUR_DEG=-0.18 AXIS_STD_DEG=0.19 FOOTPRINT=[0.05058561451733112, 0.05058561451733112] CONFIDENCE=0.9646
TRIAL=019 SELECTED_CONTOUR_ORIENTATION=+89.82deg TILT=24.2 LEAN=+1 SYMMETRY=1 IK_FK_POS_ERROR=0.000005m IK_FK_ORIENTATION_ERROR=0.000000rad FINGER_FK_LIFT=0.080000m FINGER_FK_DRIFT=0.000000m JOINT_MOTION=3.028219rad
DAY4_MOTION_DONE=1 ELAPSED_SIM=1.200 INITIAL_ERR=0.01621 FINAL_ERR=0.00027 ARM_V=0.00300
DAY4_STEP=1 EPISODE=019 STEP=01 DIST=0.020306 YAW_ERR_DEG=0.004 REQUESTED_MOVE=0.005003 EXECUTED_MOVE=0.004912 ATTEMPT=0 SUCCESS=0 TERMINATED=0 TRUNCATED=0
DAY4_MOTION_DONE=1 ELAPSED_SIM=1.202 INITIAL_ERR=0.01684 FINAL_ERR=0.00025 ARM_V=0.00280
DAY4_STEP=1 EPISODE=019 STEP=02 DIST=0.015417 YAW_ERR_DEG=0.010 REQUESTED_MOVE=0.004970 EXECUTED_MOVE=0.004891 ATTEMPT=0 SUCCESS=0 TERMINATED=0 TRUNCATED=0
DAY4_MOTION_DONE=1 ELAPSED_SIM=1.200 INITIAL_ERR=0.01701 FINAL_ERR=0.00031 ARM_V=0.00349
DAY4_STEP=1 EPISODE=019 STEP=03 DIST=0.010546 YAW_ERR_DEG=0.014 REQUESTED_MOVE=0.004959 EXECUTED_MOVE=0.004863 ATTEMPT=0 SUCCESS=0 TERMINATED=0 TRUNCATED=0
DAY4_MOTION_DONE=1 ELAPSED_SIM=1.202 INITIAL_ERR=0.01710 FINAL_ERR=0.00026 ARM_V=0.00284
DAY4_GRASP_ATTEMPT=1
TRIAL=019 PHASE=CLOSE_SEARCH
TRIAL=019 LEFT_CONTACT=0 RIGHT_CONTACT=0 STALL=0
TRIAL=019 LEFT_CONTACT=1 RIGHT_CONTACT=0 STALL=0
TRIAL=019 PHASE=WAIT_DUAL_CONTACT
TRIAL=019 PHASE=WAIT_STALL
TRIAL=019 LEFT_CONTACT=1 RIGHT_CONTACT=1 STALL=0 GRIPPER_ERROR=0.06824 VELOCITY=0.03980 CLOSURE_M=0.00033
TRIAL=019 LEFT_CONTACT=1 RIGHT_CONTACT=1 STALL=0 GRIPPER_ERROR=0.04994 VELOCITY=0.01336 CLOSURE_M=0.00086
TRIAL=019 LEFT_CONTACT=1 RIGHT_CONTACT=1 STALL=0 GRIPPER_ERROR=0.04241 VELOCITY=0.00653 CLOSURE_M=0.00108
TRIAL=019 LEFT_CONTACT=1 RIGHT_CONTACT=1 STALL=0 GRIPPER_ERROR=0.03751 VELOCITY=0.00503 CLOSURE_M=0.00122
TRIAL=019 LEFT_CONTACT=1 RIGHT_CONTACT=1 STALL=0 GRIPPER_ERROR=0.03353 VELOCITY=0.00457 CLOSURE_M=0.00134
TRIAL=019 LEFT_CONTACT=1 RIGHT_CONTACT=1 STALL=0 GRIPPER_ERROR=0.02981 VELOCITY=0.00446 CLOSURE_M=0.00145
TRIAL=019 PHASE=LIFT_80_MM
TRIAL=019 ACTUAL_LIFT_M=-0.00002 LEFT_CONTACT=1 RIGHT_CONTACT=1
TRIAL=019 ACTUAL_LIFT_M=0.02425 LEFT_CONTACT=1 RIGHT_CONTACT=1
TRIAL=019 ACTUAL_LIFT_M=0.05513 LEFT_CONTACT=1 RIGHT_CONTACT=1
TRIAL=019 PHASE=HOLD
TRIAL=019 HOLD_SIM_SEC=0.000 HOLD_WALL_SEC=0.000 ACTUAL_LIFT_M=0.07244 RELATIVE_SLIP_M=0.00000 LEFT_CONTACT=1 RIGHT_CONTACT=1
TRIAL=019 HOLD_SIM_SEC=0.848 HOLD_WALL_SEC=1.001 ACTUAL_LIFT_M=0.07546 RELATIVE_SLIP_M=0.00028 LEFT_CONTACT=1 RIGHT_CONTACT=1
TRIAL=019 HOLD_SIM_SEC=1.706 HOLD_WALL_SEC=2.001 ACTUAL_LIFT_M=0.07540 RELATIVE_SLIP_M=0.00028 LEFT_CONTACT=1 RIGHT_CONTACT=1
TRIAL=019 HOLD_SIM_SEC=2.572 HOLD_WALL_SEC=3.001 ACTUAL_LIFT_M=0.07532 RELATIVE_SLIP_M=0.00028 LEFT_CONTACT=1 RIGHT_CONTACT=1
TRIAL=019 HOLD_SIM_SEC=3.424 HOLD_WALL_SEC=4.002 ACTUAL_LIFT_M=0.07525 RELATIVE_SLIP_M=0.00028 LEFT_CONTACT=1 RIGHT_CONTACT=1
TRIAL=019 HOLD_SIM_SEC=4.272 HOLD_WALL_SEC=5.002 ACTUAL_LIFT_M=0.07517 RELATIVE_SLIP_M=0.00028 LEFT_CONTACT=1 RIGHT_CONTACT=1
TRIAL=019 PHASE=PLACE_DOWN
TRIAL=019 PHASE=OPEN_GRIPPER
TRIAL=019 PHASE=RETREAT_PREGRASP
TRIAL=019 PHASE=GRASP_SUCCESS
TRIAL=019 DAY5_PLACE_RELEASE=PASS
DAY4_GRASP_RESULT=SUCCESS
DAY4_STEP=1 EPISODE=019 STEP=04 DIST=0.005675 YAW_ERR_DEG=0.017 REQUESTED_MOVE=0.004951 EXECUTED_MOVE=0.004873 ATTEMPT=1 SUCCESS=1 TERMINATED=1 TRUNCATED=0
DAY7_EPISODE=19 LEVEL=L3 VALID=14/50 TECHNICAL=False SUCCESS=True REASON=
DAY4_RESET_GRIPPER=OPEN ANGLE_RAD=1.570000 EFFORT_NM=1.200000
DAY4_RESET_GRIPPER=AFTER_INITIAL_MOVE ANGLE_RAD=1.570000 EFFORT_NM=1.200000
TRIAL=020 VISUAL_CENTER=[0.299871563911438, 0.01392874657176435, 0.030791486840307657] SURFACE=[0.299871563911438, 0.01392874657176435, 0.05579148684030766] CONTOUR_DEG=-0.44 AXIS_STD_DEG=0.11 FOOTPRINT=[0.050000475719571114, 0.050000475719571114] CONFIDENCE=0.9592
TRIAL=020 SELECTED_CONTOUR_ORIENTATION=+89.56deg TILT=17.4 LEAN=+1 SYMMETRY=1 IK_FK_POS_ERROR=0.000007m IK_FK_ORIENTATION_ERROR=0.000000rad FINGER_FK_LIFT=0.080000m FINGER_FK_DRIFT=0.000000m JOINT_MOTION=2.982842rad
DAY4_MOTION_DONE=1 ELAPSED_SIM=1.202 INITIAL_ERR=0.01686 FINAL_ERR=0.00025 ARM_V=0.00281
DAY4_STEP=1 EPISODE=020 STEP=01 DIST=0.020249 YAW_ERR_DEG=0.005 REQUESTED_MOVE=0.005002 EXECUTED_MOVE=0.004921 ATTEMPT=0 SUCCESS=0 TERMINATED=0 TRUNCATED=0
DAY4_MOTION_DONE=1 ELAPSED_SIM=1.202 INITIAL_ERR=0.01724 FINAL_ERR=0.00029 ARM_V=0.00319
DAY4_STEP=1 EPISODE=020 STEP=02 DIST=0.015359 YAW_ERR_DEG=0.012 REQUESTED_MOVE=0.004969 EXECUTED_MOVE=0.004883 ATTEMPT=0 SUCCESS=0 TERMINATED=0 TRUNCATED=0
DAY4_MOTION_DONE=1 ELAPSED_SIM=1.202 INITIAL_ERR=0.01739 FINAL_ERR=0.00026 ARM_V=0.00290
DAY4_STEP=1 EPISODE=020 STEP=03 DIST=0.010482 YAW_ERR_DEG=0.017 REQUESTED_MOVE=0.004957 EXECUTED_MOVE=0.004879 ATTEMPT=0 SUCCESS=0 TERMINATED=0 TRUNCATED=0
DAY4_MOTION_DONE=1 ELAPSED_SIM=1.200 INITIAL_ERR=0.01745 FINAL_ERR=0.00024 ARM_V=0.00262
DAY4_GRASP_ATTEMPT=1
TRIAL=020 PHASE=CLOSE_SEARCH
TRIAL=020 LEFT_CONTACT=0 RIGHT_CONTACT=0 STALL=0
TRIAL=020 LEFT_CONTACT=1 RIGHT_CONTACT=0 STALL=0
TRIAL=020 PHASE=WAIT_DUAL_CONTACT
TRIAL=020 PHASE=WAIT_STALL
TRIAL=020 LEFT_CONTACT=1 RIGHT_CONTACT=1 STALL=0 GRIPPER_ERROR=0.06852 VELOCITY=0.09928 CLOSURE_M=0.00041
TRIAL=020 LEFT_CONTACT=1 RIGHT_CONTACT=1 STALL=0 GRIPPER_ERROR=0.04922 VELOCITY=0.01105 CLOSURE_M=0.00112
TRIAL=020 LEFT_CONTACT=1 RIGHT_CONTACT=1 STALL=0 GRIPPER_ERROR=0.04325 VELOCITY=0.00572 CLOSURE_M=0.00134
TRIAL=020 LEFT_CONTACT=1 RIGHT_CONTACT=1 STALL=1 GRIPPER_ERROR=0.03895 VELOCITY=0.00470 CLOSURE_M=0.00150
TRIAL=020 PHASE=LIFT_80_MM
TRIAL=020 ACTUAL_LIFT_M=0.00001 LEFT_CONTACT=1 RIGHT_CONTACT=1
TRIAL=020 ACTUAL_LIFT_M=0.02402 LEFT_CONTACT=1 RIGHT_CONTACT=1
TRIAL=020 ACTUAL_LIFT_M=0.05337 LEFT_CONTACT=1 RIGHT_CONTACT=1
TRIAL=020 PHASE=HOLD
TRIAL=020 HOLD_SIM_SEC=0.000 HOLD_WALL_SEC=0.000 ACTUAL_LIFT_M=0.07198 RELATIVE_SLIP_M=0.00000 LEFT_CONTACT=1 RIGHT_CONTACT=1
TRIAL=020 HOLD_SIM_SEC=0.854 HOLD_WALL_SEC=1.001 ACTUAL_LIFT_M=0.07512 RELATIVE_SLIP_M=0.00028 LEFT_CONTACT=1 RIGHT_CONTACT=1
TRIAL=020 HOLD_SIM_SEC=1.714 HOLD_WALL_SEC=2.001 ACTUAL_LIFT_M=0.07507 RELATIVE_SLIP_M=0.00028 LEFT_CONTACT=1 RIGHT_CONTACT=1
TRIAL=020 HOLD_SIM_SEC=2.574 HOLD_WALL_SEC=3.001 ACTUAL_LIFT_M=0.07500 RELATIVE_SLIP_M=0.00028 LEFT_CONTACT=1 RIGHT_CONTACT=1
TRIAL=020 HOLD_SIM_SEC=3.402 HOLD_WALL_SEC=4.001 ACTUAL_LIFT_M=0.07493 RELATIVE_SLIP_M=0.00028 LEFT_CONTACT=1 RIGHT_CONTACT=1
TRIAL=020 HOLD_SIM_SEC=4.264 HOLD_WALL_SEC=5.002 ACTUAL_LIFT_M=0.07485 RELATIVE_SLIP_M=0.00028 LEFT_CONTACT=1 RIGHT_CONTACT=1
TRIAL=020 PHASE=PLACE_DOWN
TRIAL=020 PHASE=OPEN_GRIPPER
TRIAL=020 PHASE=RETREAT_PREGRASP
TRIAL=020 PHASE=GRASP_SUCCESS
TRIAL=020 DAY5_PLACE_RELEASE=PASS
DAY4_GRASP_RESULT=SUCCESS
DAY4_STEP=1 EPISODE=020 STEP=04 DIST=0.005606 YAW_ERR_DEG=0.021 REQUESTED_MOVE=0.004948 EXECUTED_MOVE=0.004879 ATTEMPT=1 SUCCESS=1 TERMINATED=1 TRUNCATED=0
DAY7_EPISODE=20 LEVEL=L3 VALID=15/50 TECHNICAL=False SUCCESS=True REASON=
DAY4_RESET_GRIPPER=OPEN ANGLE_RAD=1.570000 EFFORT_NM=1.200000
DAY4_RESET_GRIPPER=AFTER_INITIAL_MOVE ANGLE_RAD=1.570000 EFFORT_NM=1.200000
TRIAL=021 VISUAL_CENTER=[0.3157086968421936, 0.03191369026899338, 0.019537477142813793] SURFACE=[0.3157086968421936, 0.03191369026899338, 0.044537477142813794] CONTOUR_DEG=-0.25 AXIS_STD_DEG=0.18 FOOTPRINT=[0.04979556426405907, 0.04979556426405907] CONFIDENCE=0.9659
DAY7_EPISODE=21 LEVEL=L3 VALID=15/50 TECHNICAL=True SUCCESS=False REASON=TestFailure: RESET_FAIL: Day4 reset failed after 1 attempts: IK_FAIL: [{"contour_yaw_deg": -0.24533505925142995, "symmetry": 0, "feasible": false, "failure_samples": ["IK_FAIL: no contour-constrained IK at center=[0.3157086968421936, 0.03191369026899338, 0.1045374771428138] axis=-0.25; samples=['geometry pos=0.00038 line=0.57856 tilt=33.77', 'geometry pos=0.00038 line=0.57856 tilt=33.77', 'geometry pos=0.00038 line=0.57564 tilt=146.41']"]}, {"contour_yaw_deg": -0.24533505925142995, "symmetry": 1, "feasible": false, "failure_samples": ["IK_FAIL: no contour-constrained IK at center=[0.3157086968421936, 0.03191369026899338, 0.1045374771428138] axis=89.75; samples=['geometry pos=0.00002 line=0.06936 tilt=33.49', 'geometry pos=0.00002 line=0.06936 tilt=33.49', 'geometry pos=0.00002 line=0.07094 tilt=145.69']"]}, {"contour_yaw_deg": -0.24533505925142995, "symmetry": 2, "feasible": true, "equivalent_to_symmetry": 0}, {"contour_yaw_deg": -0.24533505925142995, "symmetry": 3, "feasible": true, "equivalent_to_symmetry": 1}]
DAY4_RESET_GRIPPER=OPEN ANGLE_RAD=1.570000 EFFORT_NM=1.200000
DAY4_RESET_GRIPPER=AFTER_INITIAL_MOVE ANGLE_RAD=1.570000 EFFORT_NM=1.200000
DAY7_EPISODE=22 LEVEL=L3 VALID=15/50 TECHNICAL=True SUCCESS=False REASON=TechnicalFailure: Ignition create:  Service call timed out

DAY4_RESET_GRIPPER=OPEN ANGLE_RAD=1.570000 EFFORT_NM=1.200000
DAY4_RESET_GRIPPER=AFTER_INITIAL_MOVE ANGLE_RAD=1.570000 EFFORT_NM=1.200000
TRIAL=023 VISUAL_CENTER=[0.31109555065631866, 0.017396000679582357, 0.032517946179131514] SURFACE=[0.31109555065631866, 0.017396000679582357, 0.057517946179131516] CONTOUR_DEG=-0.13 AXIS_STD_DEG=0.15 FOOTPRINT=[0.05003643222153187, 0.05003643222153187] CONFIDENCE=0.9627
TRIAL=023 SELECTED_CONTOUR_ORIENTATION=+89.87deg TILT=22.9 LEAN=+1 SYMMETRY=1 IK_FK_POS_ERROR=0.000010m IK_FK_ORIENTATION_ERROR=0.000000rad FINGER_FK_LIFT=0.080000m FINGER_FK_DRIFT=0.000000m JOINT_MOTION=2.986544rad
DAY4_MOTION_DONE=1 ELAPSED_SIM=1.200 INITIAL_ERR=0.01618 FINAL_ERR=0.00051 ARM_V=0.00564
DAY4_STEP=1 EPISODE=023 STEP=01 DIST=0.020376 YAW_ERR_DEG=0.003 REQUESTED_MOVE=0.005005 EXECUTED_MOVE=0.004840 ATTEMPT=0 SUCCESS=0 TERMINATED=0 TRUNCATED=0
DAY4_MOTION_DONE=1 ELAPSED_SIM=1.202 INITIAL_ERR=0.01673 FINAL_ERR=0.00052 ARM_V=0.00576
DAY4_STEP=1 EPISODE=023 STEP=02 DIST=0.015550 YAW_ERR_DEG=0.009 REQUESTED_MOVE=0.004970 EXECUTED_MOVE=0.004812 ATTEMPT=0 SUCCESS=0 TERMINATED=0 TRUNCATED=0
DAY4_MOTION_DONE=1 ELAPSED_SIM=1.200 INITIAL_ERR=0.01692 FINAL_ERR=0.00052 ARM_V=0.00582
DAY4_STEP=1 EPISODE=023 STEP=03 DIST=0.010750 YAW_ERR_DEG=0.013 REQUESTED_MOVE=0.004958 EXECUTED_MOVE=0.004802 ATTEMPT=0 SUCCESS=0 TERMINATED=0 TRUNCATED=0
DAY4_MOTION_DONE=1 ELAPSED_SIM=1.202 INITIAL_ERR=0.01700 FINAL_ERR=0.00053 ARM_V=0.00584
DAY4_GRASP_ATTEMPT=1
TRIAL=023 PHASE=CLOSE_SEARCH
TRIAL=023 LEFT_CONTACT=0 RIGHT_CONTACT=0 STALL=0
TRIAL=023 LEFT_CONTACT=1 RIGHT_CONTACT=0 STALL=0
TRIAL=023 PHASE=WAIT_DUAL_CONTACT
TRIAL=023 PHASE=WAIT_STALL
TRIAL=023 LEFT_CONTACT=1 RIGHT_CONTACT=1 STALL=0 GRIPPER_ERROR=0.05174 VELOCITY=0.10000 CLOSURE_M=0.00081
TRIAL=023 LEFT_CONTACT=1 RIGHT_CONTACT=1 STALL=0 GRIPPER_ERROR=0.04014 VELOCITY=0.00627 CLOSURE_M=0.00115
TRIAL=023 LEFT_CONTACT=1 RIGHT_CONTACT=1 STALL=0 GRIPPER_ERROR=0.03845 VELOCITY=0.00637 CLOSURE_M=0.00121
TRIAL=023 LEFT_CONTACT=1 RIGHT_CONTACT=1 STALL=0 GRIPPER_ERROR=0.03511 VELOCITY=0.00373 CLOSURE_M=0.00131
TRIAL=023 LEFT_CONTACT=1 RIGHT_CONTACT=1 STALL=0 GRIPPER_ERROR=0.03163 VELOCITY=0.00429 CLOSURE_M=0.00141
TRIAL=023 LEFT_CONTACT=1 RIGHT_CONTACT=1 STALL=1 GRIPPER_ERROR=0.02798 VELOCITY=0.00433 CLOSURE_M=0.00152
TRIAL=023 PHASE=LIFT_80_MM
TRIAL=023 ACTUAL_LIFT_M=-0.00002 LEFT_CONTACT=1 RIGHT_CONTACT=1
TRIAL=023 ACTUAL_LIFT_M=0.02286 LEFT_CONTACT=1 RIGHT_CONTACT=1
TRIAL=023 ACTUAL_LIFT_M=0.05150 LEFT_CONTACT=1 RIGHT_CONTACT=1
TRIAL=023 PHASE=HOLD
TRIAL=023 HOLD_SIM_SEC=0.000 HOLD_WALL_SEC=0.000 ACTUAL_LIFT_M=0.07215 RELATIVE_SLIP_M=0.00000 LEFT_CONTACT=1 RIGHT_CONTACT=1
TRIAL=023 HOLD_SIM_SEC=0.852 HOLD_WALL_SEC=1.000 ACTUAL_LIFT_M=0.07505 RELATIVE_SLIP_M=0.00028 LEFT_CONTACT=1 RIGHT_CONTACT=1
TRIAL=023 HOLD_SIM_SEC=1.712 HOLD_WALL_SEC=2.001 ACTUAL_LIFT_M=0.07499 RELATIVE_SLIP_M=0.00028 LEFT_CONTACT=1 RIGHT_CONTACT=1
TRIAL=023 HOLD_SIM_SEC=2.602 HOLD_WALL_SEC=3.001 ACTUAL_LIFT_M=0.07491 RELATIVE_SLIP_M=0.00028 LEFT_CONTACT=1 RIGHT_CONTACT=1
TRIAL=023 HOLD_SIM_SEC=3.482 HOLD_WALL_SEC=4.001 ACTUAL_LIFT_M=0.07482 RELATIVE_SLIP_M=0.00028 LEFT_CONTACT=1 RIGHT_CONTACT=1
TRIAL=023 HOLD_SIM_SEC=4.338 HOLD_WALL_SEC=5.002 ACTUAL_LIFT_M=0.07473 RELATIVE_SLIP_M=0.00028 LEFT_CONTACT=1 RIGHT_CONTACT=1
TRIAL=023 PHASE=PLACE_DOWN
TRIAL=023 PHASE=OPEN_GRIPPER
TRIAL=023 PHASE=RETREAT_PREGRASP
TRIAL=023 PHASE=GRASP_SUCCESS
TRIAL=023 DAY5_PLACE_RELEASE=PASS
DAY4_GRASP_RESULT=SUCCESS
DAY4_STEP=1 EPISODE=023 STEP=04 DIST=0.005958 YAW_ERR_DEG=0.017 REQUESTED_MOVE=0.004950 EXECUTED_MOVE=0.004794 ATTEMPT=1 SUCCESS=1 TERMINATED=1 TRUNCATED=0
DAY7_EPISODE=23 LEVEL=L3 VALID=16/50 TECHNICAL=False SUCCESS=True REASON=
DAY4_RESET_GRIPPER=OPEN ANGLE_RAD=1.570000 EFFORT_NM=1.200000
DAY4_RESET_GRIPPER=AFTER_INITIAL_MOVE ANGLE_RAD=1.570000 EFFORT_NM=1.200000
TRIAL=024 VISUAL_CENTER=[0.31320856511592865, 0.011200599023140967, 0.02302522674840396] SURFACE=[0.31320856511592865, 0.011200599023140967, 0.04802522674840396] CONTOUR_DEG=0.35 AXIS_STD_DEG=0.25 FOOTPRINT=[0.05032385513186455, 0.05032385513186455] CONFIDENCE=0.9680
TRIAL=024 SELECTED_CONTOUR_ORIENTATION=+90.35deg TILT=22.9 LEAN=+1 SYMMETRY=1 IK_FK_POS_ERROR=0.000005m IK_FK_ORIENTATION_ERROR=0.000000rad FINGER_FK_LIFT=0.080000m FINGER_FK_DRIFT=0.000000m JOINT_MOTION=3.027429rad
DAY4_MOTION_DONE=1 ELAPSED_SIM=1.202 INITIAL_ERR=0.01642 FINAL_ERR=0.00034 ARM_V=0.00375
DAY4_STEP=1 EPISODE=024 STEP=01 DIST=0.020305 YAW_ERR_DEG=0.004 REQUESTED_MOVE=0.004999 EXECUTED_MOVE=0.004889 ATTEMPT=0 SUCCESS=0 TERMINATED=0 TRUNCATED=0
DAY4_MOTION_DONE=1 ELAPSED_SIM=1.200 INITIAL_ERR=0.01690 FINAL_ERR=0.00031 ARM_V=0.00346
DAY4_STEP=1 EPISODE=024 STEP=02 DIST=0.015432 YAW_ERR_DEG=0.010 REQUESTED_MOVE=0.004970 EXECUTED_MOVE=0.004874 ATTEMPT=0 SUCCESS=0 TERMINATED=0 TRUNCATED=0
DAY4_MOTION_DONE=1 ELAPSED_SIM=1.202 INITIAL_ERR=0.01707 FINAL_ERR=0.00035 ARM_V=0.00388
DAY4_STEP=1 EPISODE=024 STEP=03 DIST=0.010580 YAW_ERR_DEG=0.015 REQUESTED_MOVE=0.004959 EXECUTED_MOVE=0.004854 ATTEMPT=0 SUCCESS=0 TERMINATED=0 TRUNCATED=0
DAY4_MOTION_DONE=1 ELAPSED_SIM=1.202 INITIAL_ERR=0.01716 FINAL_ERR=0.00032 ARM_V=0.00351
DAY4_GRASP_ATTEMPT=1
TRIAL=024 PHASE=CLOSE_SEARCH
TRIAL=024 LEFT_CONTACT=0 RIGHT_CONTACT=0 STALL=0
TRIAL=024 LEFT_CONTACT=1 RIGHT_CONTACT=0 STALL=0
TRIAL=024 PHASE=WAIT_DUAL_CONTACT
TRIAL=024 PHASE=WAIT_STALL
TRIAL=024 LEFT_CONTACT=1 RIGHT_CONTACT=1 STALL=0 GRIPPER_ERROR=0.05513 VELOCITY=0.03825 CLOSURE_M=0.00069
TRIAL=024 LEFT_CONTACT=1 RIGHT_CONTACT=1 STALL=0 GRIPPER_ERROR=0.04346 VELOCITY=0.00846 CLOSURE_M=0.00103
TRIAL=024 LEFT_CONTACT=1 RIGHT_CONTACT=1 STALL=0 GRIPPER_ERROR=0.03800 VELOCITY=0.00541 CLOSURE_M=0.00119
TRIAL=024 LEFT_CONTACT=1 RIGHT_CONTACT=1 STALL=0 GRIPPER_ERROR=0.03401 VELOCITY=0.00468 CLOSURE_M=0.00130
TRIAL=024 LEFT_CONTACT=1 RIGHT_CONTACT=1 STALL=0 GRIPPER_ERROR=0.03063 VELOCITY=0.00442 CLOSURE_M=0.00140
TRIAL=024 LEFT_CONTACT=1 RIGHT_CONTACT=1 STALL=1 GRIPPER_ERROR=0.02691 VELOCITY=0.00435 CLOSURE_M=0.00152
TRIAL=024 PHASE=LIFT_80_MM
TRIAL=024 ACTUAL_LIFT_M=-0.00002 LEFT_CONTACT=1 RIGHT_CONTACT=1
TRIAL=024 ACTUAL_LIFT_M=0.02318 LEFT_CONTACT=1 RIGHT_CONTACT=1
TRIAL=024 ACTUAL_LIFT_M=0.05177 LEFT_CONTACT=1 RIGHT_CONTACT=1
TRIAL=024 PHASE=HOLD
TRIAL=024 HOLD_SIM_SEC=0.000 HOLD_WALL_SEC=0.000 ACTUAL_LIFT_M=0.07365 RELATIVE_SLIP_M=0.00000 LEFT_CONTACT=1 RIGHT_CONTACT=1
TRIAL=024 HOLD_SIM_SEC=0.836 HOLD_WALL_SEC=1.001 ACTUAL_LIFT_M=0.07674 RELATIVE_SLIP_M=0.00028 LEFT_CONTACT=1 RIGHT_CONTACT=1
TRIAL=024 HOLD_SIM_SEC=1.686 HOLD_WALL_SEC=2.001 ACTUAL_LIFT_M=0.07668 RELATIVE_SLIP_M=0.00028 LEFT_CONTACT=1 RIGHT_CONTACT=1
TRIAL=024 HOLD_SIM_SEC=2.498 HOLD_WALL_SEC=3.002 ACTUAL_LIFT_M=0.07661 RELATIVE_SLIP_M=0.00028 LEFT_CONTACT=1 RIGHT_CONTACT=1
TRIAL=024 HOLD_SIM_SEC=3.358 HOLD_WALL_SEC=4.002 ACTUAL_LIFT_M=0.07653 RELATIVE_SLIP_M=0.00028 LEFT_CONTACT=1 RIGHT_CONTACT=1
TRIAL=024 HOLD_SIM_SEC=4.202 HOLD_WALL_SEC=5.002 ACTUAL_LIFT_M=0.07645 RELATIVE_SLIP_M=0.00028 LEFT_CONTACT=1 RIGHT_CONTACT=1
TRIAL=024 PHASE=PLACE_DOWN
TRIAL=024 PHASE=OPEN_GRIPPER
TRIAL=024 PHASE=RETREAT_PREGRASP
TRIAL=024 PHASE=GRASP_SUCCESS
TRIAL=024 DAY5_PLACE_RELEASE=PASS
DAY4_GRASP_RESULT=SUCCESS
DAY4_STEP=1 EPISODE=024 STEP=04 DIST=0.005726 YAW_ERR_DEG=0.019 REQUESTED_MOVE=0.004951 EXECUTED_MOVE=0.004856 ATTEMPT=1 SUCCESS=1 TERMINATED=1 TRUNCATED=0
DAY7_EPISODE=24 LEVEL=L3 VALID=17/50 TECHNICAL=False SUCCESS=True REASON=
DAY4_RESET_GRIPPER=OPEN ANGLE_RAD=1.570000 EFFORT_NM=1.200000
DAY4_RESET_GRIPPER=AFTER_INITIAL_MOVE ANGLE_RAD=1.570000 EFFORT_NM=1.200000
TRIAL=025 VISUAL_CENTER=[0.2985544502735138, 0.000395079143345356, 0.021424870660932467] SURFACE=[0.2985544502735138, 0.000395079143345356, 0.04642487066093247] CONTOUR_DEG=-0.41 AXIS_STD_DEG=0.12 FOOTPRINT=[0.05071219988167286, 0.05071219988167286] CONFIDENCE=0.9603
TRIAL=025 SELECTED_CONTOUR_ORIENTATION=+89.59deg TILT=15.8 LEAN=+1 SYMMETRY=1 IK_FK_POS_ERROR=0.000001m IK_FK_ORIENTATION_ERROR=0.000000rad FINGER_FK_LIFT=0.080000m FINGER_FK_DRIFT=0.000000m JOINT_MOTION=3.021588rad
DAY4_MOTION_DONE=1 ELAPSED_SIM=1.202 INITIAL_ERR=0.01566 FINAL_ERR=0.00031 ARM_V=0.00341
DAY4_STEP=1 EPISODE=025 STEP=01 DIST=0.024717 YAW_ERR_DEG=0.007 REQUESTED_MOVE=0.005104 EXECUTED_MOVE=0.004996 ATTEMPT=0 SUCCESS=0 TERMINATED=0 TRUNCATED=0
DAY4_MOTION_DONE=1 ELAPSED_SIM=1.200 INITIAL_ERR=0.01726 FINAL_ERR=0.00035 ARM_V=0.00393
DAY4_STEP=1 EPISODE=025 STEP=02 DIST=0.019855 YAW_ERR_DEG=0.014 REQUESTED_MOVE=0.004973 EXECUTED_MOVE=0.004867 ATTEMPT=0 SUCCESS=0 TERMINATED=0 TRUNCATED=0
DAY4_MOTION_DONE=1 ELAPSED_SIM=1.202 INITIAL_ERR=0.01745 FINAL_ERR=0.00032 ARM_V=0.00357
DAY4_STEP=1 EPISODE=025 STEP=03 DIST=0.014993 YAW_ERR_DEG=0.019 REQUESTED_MOVE=0.004957 EXECUTED_MOVE=0.004863 ATTEMPT=0 SUCCESS=0 TERMINATED=0 TRUNCATED=0
DAY4_MOTION_DONE=1 ELAPSED_SIM=1.200 INITIAL_ERR=0.01754 FINAL_ERR=0.00036 ARM_V=0.00400
DAY4_STEP=1 EPISODE=025 STEP=04 DIST=0.010150 YAW_ERR_DEG=0.023 REQUESTED_MOVE=0.004948 EXECUTED_MOVE=0.004844 ATTEMPT=0 SUCCESS=0 TERMINATED=0 TRUNCATED=0
DAY4_MOTION_DONE=1 ELAPSED_SIM=1.200 INITIAL_ERR=0.01757 FINAL_ERR=0.00036 ARM_V=0.00400
DAY4_GRASP_ATTEMPT=1
TRIAL=025 PHASE=CLOSE_SEARCH
TRIAL=025 LEFT_CONTACT=0 RIGHT_CONTACT=0 STALL=0
TRIAL=025 LEFT_CONTACT=1 RIGHT_CONTACT=0 STALL=0
TRIAL=025 PHASE=WAIT_DUAL_CONTACT
TRIAL=025 PHASE=WAIT_STALL
TRIAL=025 LEFT_CONTACT=1 RIGHT_CONTACT=1 STALL=0 GRIPPER_ERROR=0.05955 VELOCITY=0.04151 CLOSURE_M=0.00065
TRIAL=025 LEFT_CONTACT=1 RIGHT_CONTACT=1 STALL=0 GRIPPER_ERROR=0.04528 VELOCITY=0.00233 CLOSURE_M=0.00112
TRIAL=025 LEFT_CONTACT=1 RIGHT_CONTACT=1 STALL=0 GRIPPER_ERROR=0.03986 VELOCITY=0.00520 CLOSURE_M=0.00130
TRIAL=025 LEFT_CONTACT=1 RIGHT_CONTACT=1 STALL=0 GRIPPER_ERROR=0.03573 VELOCITY=0.00463 CLOSURE_M=0.00144
TRIAL=025 PHASE=LIFT_80_MM
TRIAL=025 ACTUAL_LIFT_M=-0.00005 LEFT_CONTACT=1 RIGHT_CONTACT=1
TRIAL=025 ACTUAL_LIFT_M=0.02474 LEFT_CONTACT=1 RIGHT_CONTACT=1
TRIAL=025 ACTUAL_LIFT_M=0.05338 LEFT_CONTACT=1 RIGHT_CONTACT=1
TRIAL=025 PHASE=HOLD
TRIAL=025 HOLD_SIM_SEC=0.000 HOLD_WALL_SEC=0.000 ACTUAL_LIFT_M=0.07384 RELATIVE_SLIP_M=0.00000 LEFT_CONTACT=1 RIGHT_CONTACT=1
TRIAL=025 HOLD_SIM_SEC=0.812 HOLD_WALL_SEC=1.001 ACTUAL_LIFT_M=0.07678 RELATIVE_SLIP_M=0.00001 LEFT_CONTACT=1 RIGHT_CONTACT=1
TRIAL=025 HOLD_SIM_SEC=1.690 HOLD_WALL_SEC=2.001 ACTUAL_LIFT_M=0.07672 RELATIVE_SLIP_M=0.00001 LEFT_CONTACT=1 RIGHT_CONTACT=1
TRIAL=025 HOLD_SIM_SEC=2.564 HOLD_WALL_SEC=3.001 ACTUAL_LIFT_M=0.07665 RELATIVE_SLIP_M=0.00001 LEFT_CONTACT=1 RIGHT_CONTACT=1
TRIAL=025 HOLD_SIM_SEC=3.442 HOLD_WALL_SEC=4.003 ACTUAL_LIFT_M=0.07657 RELATIVE_SLIP_M=0.00001 LEFT_CONTACT=1 RIGHT_CONTACT=1
TRIAL=025 HOLD_SIM_SEC=4.310 HOLD_WALL_SEC=5.003 ACTUAL_LIFT_M=0.07649 RELATIVE_SLIP_M=0.00001 LEFT_CONTACT=1 RIGHT_CONTACT=1
TRIAL=025 PHASE=PLACE_DOWN
TRIAL=025 PHASE=OPEN_GRIPPER
TRIAL=025 PHASE=RETREAT_PREGRASP
TRIAL=025 PHASE=GRASP_SUCCESS
TRIAL=025 DAY5_PLACE_RELEASE=PASS
DAY4_GRASP_RESULT=SUCCESS
DAY4_STEP=1 EPISODE=025 STEP=05 DIST=0.005315 YAW_ERR_DEG=0.025 REQUESTED_MOVE=0.004942 EXECUTED_MOVE=0.004839 ATTEMPT=1 SUCCESS=1 TERMINATED=1 TRUNCATED=0
DAY7_EPISODE=25 LEVEL=L3 VALID=18/50 TECHNICAL=False SUCCESS=True REASON=
DAY4_RESET_GRIPPER=OPEN ANGLE_RAD=1.570000 EFFORT_NM=1.200000
DAY4_RESET_GRIPPER=AFTER_INITIAL_MOVE ANGLE_RAD=1.570000 EFFORT_NM=1.200000
DAY7_EPISODE=26 LEVEL=L3 VALID=18/50 TECHNICAL=True SUCCESS=False REASON=TechnicalFailure: Ignition remove:  Service call timed out

DAY4_RESET_GRIPPER=OPEN ANGLE_RAD=1.570000 EFFORT_NM=1.200000
DAY4_RESET_GRIPPER=AFTER_INITIAL_MOVE ANGLE_RAD=1.570000 EFFORT_NM=1.200000
DAY7_EPISODE=27 LEVEL=L3 VALID=18/50 TECHNICAL=True SUCCESS=False REASON=TechnicalFailure: world SDF readback service failed
DAY4_RESET_GRIPPER=OPEN ANGLE_RAD=1.570000 EFFORT_NM=1.200000
DAY4_RESET_GRIPPER=AFTER_INITIAL_MOVE ANGLE_RAD=1.570000 EFFORT_NM=1.200000
TRIAL=028 VISUAL_CENTER=[0.3155042827129364, 0.005163740366697311, 0.01927926563815937] SURFACE=[0.3155042827129364, 0.005163740366697311, 0.04427926563815937] CONTOUR_DEG=0.38 AXIS_STD_DEG=0.10 FOOTPRINT=[0.05037151090800762, 0.05037151090800762] CONFIDENCE=0.9643
TRIAL=028 SELECTED_CONTOUR_ORIENTATION=+90.38deg TILT=23.6 LEAN=+1 SYMMETRY=1 IK_FK_POS_ERROR=0.000001m IK_FK_ORIENTATION_ERROR=0.000000rad FINGER_FK_LIFT=0.080000m FINGER_FK_DRIFT=0.000000m JOINT_MOTION=3.046834rad
DAY4_MOTION_DONE=1 ELAPSED_SIM=1.200 INITIAL_ERR=0.01648 FINAL_ERR=0.00038 ARM_V=0.00419
DAY4_STEP=1 EPISODE=028 STEP=01 DIST=0.020320 YAW_ERR_DEG=0.006 REQUESTED_MOVE=0.004996 EXECUTED_MOVE=0.004875 ATTEMPT=0 SUCCESS=0 TERMINATED=0 TRUNCATED=0
DAY4_MOTION_DONE=1 ELAPSED_SIM=1.200 INITIAL_ERR=0.01692 FINAL_ERR=0.00038 ARM_V=0.00426
DAY4_STEP=1 EPISODE=028 STEP=02 DIST=0.015457 YAW_ERR_DEG=0.012 REQUESTED_MOVE=0.004971 EXECUTED_MOVE=0.004854 ATTEMPT=0 SUCCESS=0 TERMINATED=0 TRUNCATED=0
DAY4_MOTION_DONE=1 ELAPSED_SIM=1.202 INITIAL_ERR=0.01711 FINAL_ERR=0.00039 ARM_V=0.00431
DAY4_STEP=1 EPISODE=028 STEP=03 DIST=0.010604 YAW_ERR_DEG=0.017 REQUESTED_MOVE=0.004959 EXECUTED_MOVE=0.004843 ATTEMPT=0 SUCCESS=0 TERMINATED=0 TRUNCATED=0
DAY4_MOTION_DONE=1 ELAPSED_SIM=1.202 INITIAL_ERR=0.01718 FINAL_ERR=0.00039 ARM_V=0.00433
DAY4_GRASP_ATTEMPT=1
TRIAL=028 PHASE=CLOSE_SEARCH
TRIAL=028 LEFT_CONTACT=0 RIGHT_CONTACT=0 STALL=0
TRIAL=028 LEFT_CONTACT=0 RIGHT_CONTACT=1 STALL=0
TRIAL=028 PHASE=WAIT_DUAL_CONTACT
TRIAL=028 PHASE=WAIT_STALL
TRIAL=028 LEFT_CONTACT=1 RIGHT_CONTACT=1 STALL=0 GRIPPER_ERROR=0.06065 VELOCITY=0.12866 CLOSURE_M=0.00056
TRIAL=028 LEFT_CONTACT=1 RIGHT_CONTACT=1 STALL=0 GRIPPER_ERROR=0.04549 VELOCITY=0.02857 CLOSURE_M=0.00101
TRIAL=028 LEFT_CONTACT=1 RIGHT_CONTACT=1 STALL=0 GRIPPER_ERROR=0.03811 VELOCITY=0.00416 CLOSURE_M=0.00123
TRIAL=028 LEFT_CONTACT=1 RIGHT_CONTACT=1 STALL=0 GRIPPER_ERROR=0.03434 VELOCITY=0.00482 CLOSURE_M=0.00135
TRIAL=028 LEFT_CONTACT=1 RIGHT_CONTACT=1 STALL=0 GRIPPER_ERROR=0.03066 VELOCITY=0.00448 CLOSURE_M=0.00146
TRIAL=028 PHASE=LIFT_80_MM
TRIAL=028 ACTUAL_LIFT_M=-0.00002 LEFT_CONTACT=1 RIGHT_CONTACT=1
TRIAL=028 ACTUAL_LIFT_M=0.02269 LEFT_CONTACT=1 RIGHT_CONTACT=1
TRIAL=028 ACTUAL_LIFT_M=0.05103 LEFT_CONTACT=1 RIGHT_CONTACT=1
TRIAL=028 PHASE=HOLD
TRIAL=028 HOLD_SIM_SEC=0.000 HOLD_WALL_SEC=0.000 ACTUAL_LIFT_M=0.07268 RELATIVE_SLIP_M=0.00000 LEFT_CONTACT=1 RIGHT_CONTACT=1
TRIAL=028 HOLD_SIM_SEC=0.808 HOLD_WALL_SEC=1.001 ACTUAL_LIFT_M=0.07606 RELATIVE_SLIP_M=0.00000 LEFT_CONTACT=1 RIGHT_CONTACT=1
TRIAL=028 HOLD_SIM_SEC=1.684 HOLD_WALL_SEC=2.001 ACTUAL_LIFT_M=0.07600 RELATIVE_SLIP_M=0.00000 LEFT_CONTACT=1 RIGHT_CONTACT=1
TRIAL=028 HOLD_SIM_SEC=2.528 HOLD_WALL_SEC=3.001 ACTUAL_LIFT_M=0.07593 RELATIVE_SLIP_M=0.00000 LEFT_CONTACT=1 RIGHT_CONTACT=1
TRIAL=028 HOLD_SIM_SEC=3.348 HOLD_WALL_SEC=4.001 ACTUAL_LIFT_M=0.07586 RELATIVE_SLIP_M=0.00000 LEFT_CONTACT=1 RIGHT_CONTACT=1
TRIAL=028 HOLD_SIM_SEC=4.140 HOLD_WALL_SEC=5.002 ACTUAL_LIFT_M=0.07579 RELATIVE_SLIP_M=0.00000 LEFT_CONTACT=1 RIGHT_CONTACT=1
TRIAL=028 HOLD_SIM_SEC=4.992 HOLD_WALL_SEC=6.002 ACTUAL_LIFT_M=0.07573 RELATIVE_SLIP_M=0.00000 LEFT_CONTACT=1 RIGHT_CONTACT=1
TRIAL=028 PHASE=PLACE_DOWN
TRIAL=028 PHASE=OPEN_GRIPPER
TRIAL=028 PHASE=RETREAT_PREGRASP
TRIAL=028 PHASE=GRASP_SUCCESS
TRIAL=028 DAY5_PLACE_RELEASE=PASS
DAY4_GRASP_RESULT=SUCCESS
DAY4_STEP=1 EPISODE=028 STEP=04 DIST=0.005771 YAW_ERR_DEG=0.020 REQUESTED_MOVE=0.004951 EXECUTED_MOVE=0.004836 ATTEMPT=1 SUCCESS=1 TERMINATED=1 TRUNCATED=0
DAY7_EPISODE=28 LEVEL=L3 VALID=19/50 TECHNICAL=False SUCCESS=True REASON=
DAY4_RESET_GRIPPER=OPEN ANGLE_RAD=1.570000 EFFORT_NM=1.200000
DAY4_RESET_GRIPPER=AFTER_INITIAL_MOVE ANGLE_RAD=1.570000 EFFORT_NM=1.200000
TRIAL=029 VISUAL_CENTER=[0.31053218245506287, 0.013775569968856871, 0.028344686434554796] SURFACE=[0.31053218245506287, 0.013775569968856871, 0.0533446864345548] CONTOUR_DEG=0.72 AXIS_STD_DEG=0.19 FOOTPRINT=[0.04986441880464554, 0.04986441880464554] CONFIDENCE=0.9576
TRIAL=029 SELECTED_CONTOUR_ORIENTATION=+90.72deg TILT=22.1 LEAN=+1 SYMMETRY=1 IK_FK_POS_ERROR=0.000005m IK_FK_ORIENTATION_ERROR=0.000000rad FINGER_FK_LIFT=0.080000m FINGER_FK_DRIFT=0.000000m JOINT_MOTION=3.000008rad
DAY4_MOTION_DONE=1 ELAPSED_SIM=1.202 INITIAL_ERR=0.01636 FINAL_ERR=0.00037 ARM_V=0.00416
DAY4_STEP=1 EPISODE=029 STEP=01 DIST=0.020325 YAW_ERR_DEG=0.005 REQUESTED_MOVE=0.005002 EXECUTED_MOVE=0.004881 ATTEMPT=0 SUCCESS=0 TERMINATED=0 TRUNCATED=0
DAY4_MOTION_DONE=1 ELAPSED_SIM=1.202 INITIAL_ERR=0.01691 FINAL_ERR=0.00038 ARM_V=0.00426
DAY4_STEP=1 EPISODE=029 STEP=02 DIST=0.015462 YAW_ERR_DEG=0.011 REQUESTED_MOVE=0.004970 EXECUTED_MOVE=0.004853 ATTEMPT=0 SUCCESS=0 TERMINATED=1 TRUNCATED=0
DAY7_EPISODE=29 LEVEL=L3 VALID=20/50 TECHNICAL=False SUCCESS=False REASON=
DAY4_RESET_GRIPPER=OPEN ANGLE_RAD=1.570000 EFFORT_NM=1.200000
DAY4_RESET_GRIPPER=AFTER_INITIAL_MOVE ANGLE_RAD=1.570000 EFFORT_NM=1.200000
TRIAL=030 VISUAL_CENTER=[0.3104486018419266, -0.010071955621242523, 0.017685209178884803] SURFACE=[0.3104486018419266, -0.010071955621242523, 0.042685209178884805] CONTOUR_DEG=-0.36 AXIS_STD_DEG=0.30 FOOTPRINT=[0.050895342603325844, 0.050895342603325844] CONFIDENCE=0.9656
TRIAL=030 SELECTED_CONTOUR_ORIENTATION=+89.64deg TILT=21.2 LEAN=+1 SYMMETRY=1 IK_FK_POS_ERROR=0.000003m IK_FK_ORIENTATION_ERROR=0.000000rad FINGER_FK_LIFT=0.080000m FINGER_FK_DRIFT=0.000000m JOINT_MOTION=3.049674rad
DAY4_MOTION_DONE=1 ELAPSED_SIM=1.202 INITIAL_ERR=0.01660 FINAL_ERR=0.00025 ARM_V=0.00277
DAY4_STEP=1 EPISODE=030 STEP=01 DIST=0.020271 YAW_ERR_DEG=0.008 REQUESTED_MOVE=0.005003 EXECUTED_MOVE=0.004920 ATTEMPT=0 SUCCESS=0 TERMINATED=0 TRUNCATED=0
DAY4_MOTION_DONE=1 ELAPSED_SIM=1.202 INITIAL_ERR=0.01715 FINAL_ERR=0.00026 ARM_V=0.00286
DAY4_STEP=1 EPISODE=030 STEP=02 DIST=0.015374 YAW_ERR_DEG=0.014 REQUESTED_MOVE=0.004970 EXECUTED_MOVE=0.004891 ATTEMPT=0 SUCCESS=0 TERMINATED=0 TRUNCATED=0
DAY4_MOTION_DONE=1 ELAPSED_SIM=1.200 INITIAL_ERR=0.01729 FINAL_ERR=0.00026 ARM_V=0.00288
DAY4_STEP=1 EPISODE=030 STEP=03 DIST=0.010487 YAW_ERR_DEG=0.019 REQUESTED_MOVE=0.004958 EXECUTED_MOVE=0.004881 ATTEMPT=0 SUCCESS=0 TERMINATED=0 TRUNCATED=0
DAY4_MOTION_DONE=1 ELAPSED_SIM=1.200 INITIAL_ERR=0.01737 FINAL_ERR=0.00026 ARM_V=0.00289
DAY4_GRASP_ATTEMPT=1
TRIAL=030 PHASE=CLOSE_SEARCH
TRIAL=030 LEFT_CONTACT=0 RIGHT_CONTACT=0 STALL=0
TRIAL=030 LEFT_CONTACT=0 RIGHT_CONTACT=1 STALL=0
TRIAL=030 PHASE=WAIT_DUAL_CONTACT
TRIAL=030 PHASE=WAIT_STALL
TRIAL=030 LEFT_CONTACT=1 RIGHT_CONTACT=1 STALL=0 GRIPPER_ERROR=0.06957 VELOCITY=0.04252 CLOSURE_M=0.00029
TRIAL=030 LEFT_CONTACT=1 RIGHT_CONTACT=1 STALL=0 GRIPPER_ERROR=0.04502 VELOCITY=0.01704 CLOSURE_M=0.00101
TRIAL=030 LEFT_CONTACT=1 RIGHT_CONTACT=1 STALL=0 GRIPPER_ERROR=0.03686 VELOCITY=0.00730 CLOSURE_M=0.00125
TRIAL=030 LEFT_CONTACT=1 RIGHT_CONTACT=1 STALL=0 GRIPPER_ERROR=0.03176 VELOCITY=0.00532 CLOSURE_M=0.00141
TRIAL=030 LEFT_CONTACT=1 RIGHT_CONTACT=1 STALL=1 GRIPPER_ERROR=0.02753 VELOCITY=0.00465 CLOSURE_M=0.00153
TRIAL=030 PHASE=LIFT_80_MM
TRIAL=030 ACTUAL_LIFT_M=-0.00002 LEFT_CONTACT=1 RIGHT_CONTACT=1
TRIAL=030 ACTUAL_LIFT_M=0.02391 LEFT_CONTACT=1 RIGHT_CONTACT=1
TRIAL=030 ACTUAL_LIFT_M=0.05200 LEFT_CONTACT=1 RIGHT_CONTACT=1
TRIAL=030 PHASE=HOLD
TRIAL=030 HOLD_SIM_SEC=0.000 HOLD_WALL_SEC=0.000 ACTUAL_LIFT_M=0.07200 RELATIVE_SLIP_M=0.00000 LEFT_CONTACT=1 RIGHT_CONTACT=1
TRIAL=030 HOLD_SIM_SEC=0.824 HOLD_WALL_SEC=1.001 ACTUAL_LIFT_M=0.07532 RELATIVE_SLIP_M=0.00000 LEFT_CONTACT=1 RIGHT_CONTACT=1
TRIAL=030 HOLD_SIM_SEC=1.656 HOLD_WALL_SEC=2.001 ACTUAL_LIFT_M=0.07526 RELATIVE_SLIP_M=0.00000 LEFT_CONTACT=1 RIGHT_CONTACT=1
TRIAL=030 HOLD_SIM_SEC=2.488 HOLD_WALL_SEC=3.001 ACTUAL_LIFT_M=0.07519 RELATIVE_SLIP_M=0.00000 LEFT_CONTACT=1 RIGHT_CONTACT=1
TRIAL=030 HOLD_SIM_SEC=3.308 HOLD_WALL_SEC=4.001 ACTUAL_LIFT_M=0.07512 RELATIVE_SLIP_M=0.00000 LEFT_CONTACT=1 RIGHT_CONTACT=1
TRIAL=030 HOLD_SIM_SEC=4.144 HOLD_WALL_SEC=5.002 ACTUAL_LIFT_M=0.07505 RELATIVE_SLIP_M=0.00000 LEFT_CONTACT=1 RIGHT_CONTACT=1
TRIAL=030 HOLD_SIM_SEC=4.982 HOLD_WALL_SEC=6.002 ACTUAL_LIFT_M=0.07501 RELATIVE_SLIP_M=0.00000 LEFT_CONTACT=1 RIGHT_CONTACT=1
TRIAL=030 PHASE=PLACE_DOWN
TRIAL=030 PHASE=OPEN_GRIPPER
TRIAL=030 PHASE=RETREAT_PREGRASP
TRIAL=030 PHASE=GRASP_SUCCESS
TRIAL=030 DAY5_PLACE_RELEASE=PASS
DAY4_GRASP_RESULT=SUCCESS
DAY4_STEP=1 EPISODE=030 STEP=04 DIST=0.005609 YAW_ERR_DEG=0.022 REQUESTED_MOVE=0.004951 EXECUTED_MOVE=0.004873 ATTEMPT=1 SUCCESS=1 TERMINATED=1 TRUNCATED=0
DAY7_EPISODE=30 LEVEL=L3 VALID=21/50 TECHNICAL=False SUCCESS=True REASON=
DAY4_RESET_GRIPPER=OPEN ANGLE_RAD=1.570000 EFFORT_NM=1.200000
DAY4_RESET_GRIPPER=AFTER_INITIAL_MOVE ANGLE_RAD=1.570000 EFFORT_NM=1.200000
TRIAL=031 VISUAL_CENTER=[0.3161070942878723, -0.00616905651986599, 0.025048258117457152] SURFACE=[0.3161070942878723, -0.00616905651986599, 0.05004825811745715] CONTOUR_DEG=0.08 AXIS_STD_DEG=0.26 FOOTPRINT=[0.05037265084683895, 0.05037265084683895] CONFIDENCE=0.9661
TRIAL=031 SELECTED_CONTOUR_ORIENTATION=+90.08deg TILT=24.4 LEAN=+1 SYMMETRY=1 IK_FK_POS_ERROR=0.000004m IK_FK_ORIENTATION_ERROR=0.000000rad FINGER_FK_LIFT=0.080000m FINGER_FK_DRIFT=0.000000m JOINT_MOTION=3.023198rad
DAY4_MOTION_DONE=1 ELAPSED_SIM=1.202 INITIAL_ERR=0.01615 FINAL_ERR=0.00051 ARM_V=0.00563
DAY4_STEP=1 EPISODE=031 STEP=01 DIST=0.020387 YAW_ERR_DEG=0.008 REQUESTED_MOVE=0.005005 EXECUTED_MOVE=0.004840 ATTEMPT=0 SUCCESS=0 TERMINATED=0 TRUNCATED=0
DAY4_MOTION_DONE=1 ELAPSED_SIM=1.200 INITIAL_ERR=0.01676 FINAL_ERR=0.00052 ARM_V=0.00576
DAY4_STEP=1 EPISODE=031 STEP=02 DIST=0.015575 YAW_ERR_DEG=0.014 REQUESTED_MOVE=0.004970 EXECUTED_MOVE=0.004813 ATTEMPT=0 SUCCESS=0 TERMINATED=0 TRUNCATED=0
DAY4_MOTION_DONE=1 ELAPSED_SIM=1.202 INITIAL_ERR=0.01689 FINAL_ERR=0.00058 ARM_V=0.00645
DAY4_STEP=1 EPISODE=031 STEP=03 DIST=0.010773 YAW_ERR_DEG=0.019 REQUESTED_MOVE=0.004959 EXECUTED_MOVE=0.004786 ATTEMPT=0 SUCCESS=0 TERMINATED=0 TRUNCATED=0
DAY4_MOTION_DONE=1 ELAPSED_SIM=1.200 INITIAL_ERR=0.01707 FINAL_ERR=0.00053 ARM_V=0.00585
DAY4_GRASP_ATTEMPT=1
TRIAL=031 PHASE=CLOSE_SEARCH
TRIAL=031 LEFT_CONTACT=0 RIGHT_CONTACT=0 STALL=0
TRIAL=031 LEFT_CONTACT=1 RIGHT_CONTACT=0 STALL=0
TRIAL=031 PHASE=WAIT_DUAL_CONTACT
TRIAL=031 PHASE=WAIT_STALL
TRIAL=031 LEFT_CONTACT=1 RIGHT_CONTACT=1 STALL=0 GRIPPER_ERROR=0.05121 VELOCITY=0.10000 CLOSURE_M=0.00085
TRIAL=031 LEFT_CONTACT=1 RIGHT_CONTACT=1 STALL=0 GRIPPER_ERROR=0.03778 VELOCITY=0.00428 CLOSURE_M=0.00126
TRIAL=031 LEFT_CONTACT=1 RIGHT_CONTACT=1 STALL=0 GRIPPER_ERROR=0.03597 VELOCITY=0.00623 CLOSURE_M=0.00131
TRIAL=031 LEFT_CONTACT=1 RIGHT_CONTACT=1 STALL=0 GRIPPER_ERROR=0.03264 VELOCITY=0.00376 CLOSURE_M=0.00142
TRIAL=031 LEFT_CONTACT=1 RIGHT_CONTACT=1 STALL=1 GRIPPER_ERROR=0.02920 VELOCITY=0.00431 CLOSURE_M=0.00152
TRIAL=031 PHASE=LIFT_80_MM
TRIAL=031 ACTUAL_LIFT_M=-0.00002 LEFT_CONTACT=1 RIGHT_CONTACT=1
TRIAL=031 ACTUAL_LIFT_M=0.02157 LEFT_CONTACT=1 RIGHT_CONTACT=1
TRIAL=031 ACTUAL_LIFT_M=0.05078 LEFT_CONTACT=1 RIGHT_CONTACT=1
TRIAL=031 PHASE=HOLD
TRIAL=031 HOLD_SIM_SEC=0.000 HOLD_WALL_SEC=0.001 ACTUAL_LIFT_M=0.07133 RELATIVE_SLIP_M=0.00000 LEFT_CONTACT=1 RIGHT_CONTACT=1
TRIAL=031 HOLD_SIM_SEC=0.804 HOLD_WALL_SEC=1.001 ACTUAL_LIFT_M=0.07478 RELATIVE_SLIP_M=0.00000 LEFT_CONTACT=1 RIGHT_CONTACT=1
TRIAL=031 HOLD_SIM_SEC=1.680 HOLD_WALL_SEC=2.001 ACTUAL_LIFT_M=0.07471 RELATIVE_SLIP_M=0.00000 LEFT_CONTACT=1 RIGHT_CONTACT=1
TRIAL=031 HOLD_SIM_SEC=2.532 HOLD_WALL_SEC=3.001 ACTUAL_LIFT_M=0.07464 RELATIVE_SLIP_M=0.00000 LEFT_CONTACT=1 RIGHT_CONTACT=1
TRIAL=031 HOLD_SIM_SEC=3.364 HOLD_WALL_SEC=4.001 ACTUAL_LIFT_M=0.07457 RELATIVE_SLIP_M=0.00000 LEFT_CONTACT=1 RIGHT_CONTACT=1
TRIAL=031 HOLD_SIM_SEC=4.200 HOLD_WALL_SEC=5.001 ACTUAL_LIFT_M=0.07450 RELATIVE_SLIP_M=0.00000 LEFT_CONTACT=1 RIGHT_CONTACT=1
TRIAL=031 PHASE=PLACE_DOWN
TRIAL=031 PHASE=OPEN_GRIPPER
TRIAL=031 PHASE=RETREAT_PREGRASP
TRIAL=031 PHASE=GRASP_SUCCESS
TRIAL=031 DAY5_PLACE_RELEASE=PASS
DAY4_GRASP_RESULT=SUCCESS
DAY4_STEP=1 EPISODE=031 STEP=04 DIST=0.005980 YAW_ERR_DEG=0.022 REQUESTED_MOVE=0.004951 EXECUTED_MOVE=0.004795 ATTEMPT=1 SUCCESS=1 TERMINATED=1 TRUNCATED=0
DAY7_EPISODE=31 LEVEL=L3 VALID=22/50 TECHNICAL=False SUCCESS=True REASON=
DAY4_RESET_GRIPPER=OPEN ANGLE_RAD=1.570000 EFFORT_NM=1.200000
DAY4_RESET_GRIPPER=AFTER_INITIAL_MOVE ANGLE_RAD=1.570000 EFFORT_NM=1.200000
TRIAL=032 VISUAL_CENTER=[0.28854648768901825, 0.030302364437375218, 0.026594301092006917] SURFACE=[0.28854648768901825, 0.030302364437375218, 0.05159430109200692] CONTOUR_DEG=0.75 AXIS_STD_DEG=0.28 FOOTPRINT=[0.050803644582629204, 0.050803644582629204] CONFIDENCE=0.9345
TRIAL=032 SELECTED_CONTOUR_ORIENTATION=+90.75deg TILT=12.4 LEAN=+1 SYMMETRY=1 IK_FK_POS_ERROR=0.000008m IK_FK_ORIENTATION_ERROR=0.000000rad FINGER_FK_LIFT=0.080000m FINGER_FK_DRIFT=0.000000m JOINT_MOTION=3.004413rad
DAY4_MOTION_DONE=1 ELAPSED_SIM=1.202 INITIAL_ERR=0.01736 FINAL_ERR=0.00026 ARM_V=0.00289
DAY4_STEP=1 EPISODE=032 STEP=01 DIST=0.020212 YAW_ERR_DEG=0.005 REQUESTED_MOVE=0.005013 EXECUTED_MOVE=0.004931 ATTEMPT=0 SUCCESS=0 TERMINATED=0 TRUNCATED=0
DAY4_MOTION_DONE=1 ELAPSED_SIM=1.202 INITIAL_ERR=0.01776 FINAL_ERR=0.00030 ARM_V=0.00328
DAY4_STEP=1 EPISODE=032 STEP=02 DIST=0.015332 YAW_ERR_DEG=0.010 REQUESTED_MOVE=0.004966 EXECUTED_MOVE=0.004881 ATTEMPT=0 SUCCESS=0 TERMINATED=0 TRUNCATED=0
DAY4_MOTION_DONE=1 ELAPSED_SIM=1.200 INITIAL_ERR=0.01783 FINAL_ERR=0.00030 ARM_V=0.00329
DAY4_STEP=1 EPISODE=032 STEP=03 DIST=0.010456 YAW_ERR_DEG=0.015 REQUESTED_MOVE=0.004954 EXECUTED_MOVE=0.004869 ATTEMPT=0 SUCCESS=0 TERMINATED=0 TRUNCATED=0
DAY4_MOTION_DONE=1 ELAPSED_SIM=1.202 INITIAL_ERR=0.01785 FINAL_ERR=0.00030 ARM_V=0.00330
DAY4_GRASP_ATTEMPT=1
TRIAL=032 PHASE=CLOSE_SEARCH
TRIAL=032 LEFT_CONTACT=0 RIGHT_CONTACT=0 STALL=0
TRIAL=032 LEFT_CONTACT=1 RIGHT_CONTACT=0 STALL=0
TRIAL=032 PHASE=WAIT_DUAL_CONTACT
TRIAL=032 PHASE=WAIT_STALL
TRIAL=032 LEFT_CONTACT=1 RIGHT_CONTACT=1 STALL=0 GRIPPER_ERROR=0.06504 VELOCITY=0.03888 CLOSURE_M=0.00041
TRIAL=032 LEFT_CONTACT=1 RIGHT_CONTACT=1 STALL=0 GRIPPER_ERROR=0.04517 VELOCITY=0.01055 CLOSURE_M=0.00098
TRIAL=032 LEFT_CONTACT=1 RIGHT_CONTACT=1 STALL=0 GRIPPER_ERROR=0.03831 VELOCITY=0.00614 CLOSURE_M=0.00118
TRIAL=032 LEFT_CONTACT=1 RIGHT_CONTACT=1 STALL=0 GRIPPER_ERROR=0.03378 VELOCITY=0.00489 CLOSURE_M=0.00131
TRIAL=032 LEFT_CONTACT=1 RIGHT_CONTACT=1 STALL=0 GRIPPER_ERROR=0.02991 VELOCITY=0.00453 CLOSURE_M=0.00142
TRIAL=032 LEFT_CONTACT=1 RIGHT_CONTACT=1 STALL=1 GRIPPER_ERROR=0.02615 VELOCITY=0.00433 CLOSURE_M=0.00154
TRIAL=032 PHASE=LIFT_80_MM
TRIAL=032 ACTUAL_LIFT_M=-0.00002 LEFT_CONTACT=1 RIGHT_CONTACT=1
TRIAL=032 ACTUAL_LIFT_M=0.02445 LEFT_CONTACT=1 RIGHT_CONTACT=1
TRIAL=032 ACTUAL_LIFT_M=0.05299 LEFT_CONTACT=1 RIGHT_CONTACT=1
TRIAL=032 PHASE=HOLD
TRIAL=032 HOLD_SIM_SEC=0.000 HOLD_WALL_SEC=0.000 ACTUAL_LIFT_M=0.07211 RELATIVE_SLIP_M=0.00000 LEFT_CONTACT=1 RIGHT_CONTACT=1
TRIAL=032 HOLD_SIM_SEC=0.852 HOLD_WALL_SEC=1.001 ACTUAL_LIFT_M=0.07476 RELATIVE_SLIP_M=0.00025 LEFT_CONTACT=1 RIGHT_CONTACT=1
TRIAL=032 HOLD_SIM_SEC=1.660 HOLD_WALL_SEC=2.001 ACTUAL_LIFT_M=0.07470 RELATIVE_SLIP_M=0.00025 LEFT_CONTACT=1 RIGHT_CONTACT=1
TRIAL=032 HOLD_SIM_SEC=2.306 HOLD_WALL_SEC=3.001 ACTUAL_LIFT_M=0.07464 RELATIVE_SLIP_M=0.00025 LEFT_CONTACT=1 RIGHT_CONTACT=1
TRIAL=032 HOLD_SIM_SEC=3.030 HOLD_WALL_SEC=4.001 ACTUAL_LIFT_M=0.07456 RELATIVE_SLIP_M=0.00025 LEFT_CONTACT=1 RIGHT_CONTACT=1
TRIAL=032 HOLD_SIM_SEC=3.736 HOLD_WALL_SEC=5.002 ACTUAL_LIFT_M=0.07449 RELATIVE_SLIP_M=0.00025 LEFT_CONTACT=1 RIGHT_CONTACT=1
TRIAL=032 HOLD_SIM_SEC=4.420 HOLD_WALL_SEC=6.002 ACTUAL_LIFT_M=0.07442 RELATIVE_SLIP_M=0.00025 LEFT_CONTACT=1 RIGHT_CONTACT=1
TRIAL=032 PHASE=PLACE_DOWN
TRIAL=032 PHASE=OPEN_GRIPPER
TRIAL=032 PHASE=RETREAT_PREGRASP
TRIAL=032 PHASE=GRASP_SUCCESS
TRIAL=032 DAY5_PLACE_RELEASE=PASS
DAY4_GRASP_RESULT=SUCCESS
DAY4_STEP=1 EPISODE=032 STEP=04 DIST=0.005597 YAW_ERR_DEG=0.018 REQUESTED_MOVE=0.004945 EXECUTED_MOVE=0.004861 ATTEMPT=1 SUCCESS=1 TERMINATED=1 TRUNCATED=0
DAY7_EPISODE=32 LEVEL=L3 VALID=23/50 TECHNICAL=False SUCCESS=True REASON=
DAY4_RESET_GRIPPER=OPEN ANGLE_RAD=1.570000 EFFORT_NM=1.200000
DAY4_RESET_GRIPPER=AFTER_INITIAL_MOVE ANGLE_RAD=1.570000 EFFORT_NM=1.200000
TRIAL=033 VISUAL_CENTER=[0.30993737280368805, 0.001927196979522705, 0.020358671310246913] SURFACE=[0.30993737280368805, 0.001927196979522705, 0.045358671310246915] CONTOUR_DEG=0.05 AXIS_STD_DEG=0.21 FOOTPRINT=[0.049876218661665916, 0.049876218661665916] CONFIDENCE=0.9637
TRIAL=033 SELECTED_CONTOUR_ORIENTATION=+90.05deg TILT=21.0 LEAN=+1 SYMMETRY=1 IK_FK_POS_ERROR=0.000001m IK_FK_ORIENTATION_ERROR=0.000000rad FINGER_FK_LIFT=0.080000m FINGER_FK_DRIFT=0.000000m JOINT_MOTION=3.031351rad
DAY4_MOTION_DONE=1 ELAPSED_SIM=1.202 INITIAL_ERR=0.01520 FINAL_ERR=0.00045 ARM_V=0.00504
DAY4_STEP=1 EPISODE=033 STEP=01 DIST=0.022494 YAW_ERR_DEG=0.006 REQUESTED_MOVE=0.005031 EXECUTED_MOVE=0.004883 ATTEMPT=0 SUCCESS=0 TERMINATED=0 TRUNCATED=0
DAY4_MOTION_DONE=1 ELAPSED_SIM=1.202 INITIAL_ERR=0.01685 FINAL_ERR=0.00065 ARM_V=0.00717
DAY4_STEP=1 EPISODE=033 STEP=02 DIST=0.017698 YAW_ERR_DEG=0.013 REQUESTED_MOVE=0.004972 EXECUTED_MOVE=0.004779 ATTEMPT=0 SUCCESS=0 TERMINATED=0 TRUNCATED=0
DAY4_MOTION_DONE=1 ELAPSED_SIM=1.202 INITIAL_ERR=0.01712 FINAL_ERR=0.00053 ARM_V=0.00587
DAY4_STEP=1 EPISODE=033 STEP=03 DIST=0.012881 YAW_ERR_DEG=0.018 REQUESTED_MOVE=0.004958 EXECUTED_MOVE=0.004803 ATTEMPT=0 SUCCESS=0 TERMINATED=0 TRUNCATED=0
DAY4_MOTION_DONE=1 ELAPSED_SIM=1.202 INITIAL_ERR=0.01724 FINAL_ERR=0.00048 ARM_V=0.00534
DAY4_STEP=1 EPISODE=033 STEP=04 DIST=0.008073 YAW_ERR_DEG=0.021 REQUESTED_MOVE=0.004950 EXECUTED_MOVE=0.004810 ATTEMPT=0 SUCCESS=0 TERMINATED=0 TRUNCATED=0
DAY4_MOTION_DONE=1 ELAPSED_SIM=1.200 INITIAL_ERR=0.01730 FINAL_ERR=0.00054 ARM_V=0.00595
DAY4_GRASP_ATTEMPT=1
TRIAL=033 PHASE=CLOSE_SEARCH
TRIAL=033 LEFT_CONTACT=0 RIGHT_CONTACT=0 STALL=0
TRIAL=033 LEFT_CONTACT=1 RIGHT_CONTACT=0 STALL=0
TRIAL=033 PHASE=WAIT_DUAL_CONTACT
TRIAL=033 PHASE=WAIT_STALL
TRIAL=033 LEFT_CONTACT=1 RIGHT_CONTACT=1 STALL=0 GRIPPER_ERROR=0.05440 VELOCITY=0.09665 CLOSURE_M=0.00076
TRIAL=033 LEFT_CONTACT=1 RIGHT_CONTACT=1 STALL=0 GRIPPER_ERROR=0.04332 VELOCITY=0.01408 CLOSURE_M=0.00110
TRIAL=033 LEFT_CONTACT=1 RIGHT_CONTACT=1 STALL=0 GRIPPER_ERROR=0.03968 VELOCITY=0.00602 CLOSURE_M=0.00121
TRIAL=033 LEFT_CONTACT=1 RIGHT_CONTACT=1 STALL=0 GRIPPER_ERROR=0.03605 VELOCITY=0.00451 CLOSURE_M=0.00132
TRIAL=033 LEFT_CONTACT=1 RIGHT_CONTACT=1 STALL=0 GRIPPER_ERROR=0.03233 VELOCITY=0.00432 CLOSURE_M=0.00144
TRIAL=033 PHASE=LIFT_80_MM
TRIAL=033 ACTUAL_LIFT_M=-0.00003 LEFT_CONTACT=1 RIGHT_CONTACT=1
TRIAL=033 ACTUAL_LIFT_M=0.02358 LEFT_CONTACT=1 RIGHT_CONTACT=1
TRIAL=033 ACTUAL_LIFT_M=0.05487 LEFT_CONTACT=1 RIGHT_CONTACT=1
TRIAL=033 PHASE=HOLD
TRIAL=033 HOLD_SIM_SEC=0.000 HOLD_WALL_SEC=0.000 ACTUAL_LIFT_M=0.07496 RELATIVE_SLIP_M=0.00000 LEFT_CONTACT=1 RIGHT_CONTACT=1
TRIAL=033 HOLD_SIM_SEC=0.824 HOLD_WALL_SEC=1.001 ACTUAL_LIFT_M=0.07822 RELATIVE_SLIP_M=0.00029 LEFT_CONTACT=1 RIGHT_CONTACT=1
TRIAL=033 HOLD_SIM_SEC=1.600 HOLD_WALL_SEC=2.001 ACTUAL_LIFT_M=0.07816 RELATIVE_SLIP_M=0.00029 LEFT_CONTACT=1 RIGHT_CONTACT=1
TRIAL=033 HOLD_SIM_SEC=2.406 HOLD_WALL_SEC=3.001 ACTUAL_LIFT_M=0.07809 RELATIVE_SLIP_M=0.00029 LEFT_CONTACT=1 RIGHT_CONTACT=1
TRIAL=033 HOLD_SIM_SEC=3.258 HOLD_WALL_SEC=4.001 ACTUAL_LIFT_M=0.07802 RELATIVE_SLIP_M=0.00029 LEFT_CONTACT=1 RIGHT_CONTACT=1
TRIAL=033 HOLD_SIM_SEC=4.104 HOLD_WALL_SEC=5.002 ACTUAL_LIFT_M=0.07794 RELATIVE_SLIP_M=0.00029 LEFT_CONTACT=1 RIGHT_CONTACT=1
TRIAL=033 HOLD_SIM_SEC=4.950 HOLD_WALL_SEC=6.002 ACTUAL_LIFT_M=0.07788 RELATIVE_SLIP_M=0.00029 LEFT_CONTACT=1 RIGHT_CONTACT=1
TRIAL=033 PHASE=PLACE_DOWN
TRIAL=033 PHASE=OPEN_GRIPPER
TRIAL=033 PHASE=RETREAT_PREGRASP
TRIAL=033 PHASE=GRASP_SUCCESS
TRIAL=033 DAY5_PLACE_RELEASE=PASS
DAY4_GRASP_RESULT=SUCCESS
DAY4_STEP=1 EPISODE=033 STEP=05 DIST=0.003290 YAW_ERR_DEG=0.023 REQUESTED_MOVE=0.004944 EXECUTED_MOVE=0.004789 ATTEMPT=1 SUCCESS=1 TERMINATED=1 TRUNCATED=0
DAY7_EPISODE=33 LEVEL=L3 VALID=24/50 TECHNICAL=False SUCCESS=True REASON=
DAY4_RESET_GRIPPER=OPEN ANGLE_RAD=1.570000 EFFORT_NM=1.200000
DAY4_RESET_GRIPPER=AFTER_INITIAL_MOVE ANGLE_RAD=1.570000 EFFORT_NM=1.200000
TRIAL=034 VISUAL_CENTER=[0.2904544919729233, 0.021718035452067852, 0.028014339159317635] SURFACE=[0.2904544919729233, 0.021718035452067852, 0.053014339159317636] CONTOUR_DEG=0.36 AXIS_STD_DEG=0.17 FOOTPRINT=[0.04933214373886585, 0.04933214373886585] CONFIDENCE=0.9317
TRIAL=034 SELECTED_CONTOUR_ORIENTATION=+90.36deg TILT=13.1 LEAN=+1 SYMMETRY=1 IK_FK_POS_ERROR=0.000006m IK_FK_ORIENTATION_ERROR=0.000000rad FINGER_FK_LIFT=0.080000m FINGER_FK_DRIFT=0.000000m JOINT_MOTION=2.990598rad
DAY4_MOTION_DONE=1 ELAPSED_SIM=1.202 INITIAL_ERR=0.01741 FINAL_ERR=0.00032 ARM_V=0.00358
DAY4_STEP=1 EPISODE=034 STEP=01 DIST=0.020206 YAW_ERR_DEG=0.005 REQUESTED_MOVE=0.004998 EXECUTED_MOVE=0.004902 ATTEMPT=0 SUCCESS=0 TERMINATED=0 TRUNCATED=0
DAY4_MOTION_DONE=1 ELAPSED_SIM=1.202 INITIAL_ERR=0.01767 FINAL_ERR=0.00029 ARM_V=0.00326
DAY4_STEP=1 EPISODE=034 STEP=02 DIST=0.015325 YAW_ERR_DEG=0.012 REQUESTED_MOVE=0.004967 EXECUTED_MOVE=0.004883 ATTEMPT=0 SUCCESS=0 TERMINATED=0 TRUNCATED=0
DAY4_MOTION_DONE=1 ELAPSED_SIM=1.202 INITIAL_ERR=0.01773 FINAL_ERR=0.00029 ARM_V=0.00327
DAY4_STEP=1 EPISODE=034 STEP=03 DIST=0.010455 YAW_ERR_DEG=0.018 REQUESTED_MOVE=0.004954 EXECUTED_MOVE=0.004871 ATTEMPT=0 SUCCESS=0 TERMINATED=0 TRUNCATED=0
DAY4_MOTION_DONE=1 ELAPSED_SIM=1.200 INITIAL_ERR=0.01777 FINAL_ERR=0.00033 ARM_V=0.00365
DAY4_GRASP_ATTEMPT=1
TRIAL=034 PHASE=CLOSE_SEARCH
TRIAL=034 LEFT_CONTACT=0 RIGHT_CONTACT=0 STALL=0
TRIAL=034 LEFT_CONTACT=0 RIGHT_CONTACT=1 STALL=0
TRIAL=034 PHASE=WAIT_DUAL_CONTACT
TRIAL=034 PHASE=WAIT_STALL
TRIAL=034 LEFT_CONTACT=1 RIGHT_CONTACT=1 STALL=0 GRIPPER_ERROR=0.06521 VELOCITY=0.04028 CLOSURE_M=0.00043
TRIAL=034 LEFT_CONTACT=1 RIGHT_CONTACT=1 STALL=0 GRIPPER_ERROR=0.04632 VELOCITY=0.01047 CLOSURE_M=0.00099
TRIAL=034 LEFT_CONTACT=1 RIGHT_CONTACT=1 STALL=0 GRIPPER_ERROR=0.03976 VELOCITY=0.00626 CLOSURE_M=0.00118
TRIAL=034 LEFT_CONTACT=1 RIGHT_CONTACT=1 STALL=0 GRIPPER_ERROR=0.03514 VELOCITY=0.00490 CLOSURE_M=0.00133
TRIAL=034 LEFT_CONTACT=1 RIGHT_CONTACT=1 STALL=0 GRIPPER_ERROR=0.03127 VELOCITY=0.00453 CLOSURE_M=0.00144
TRIAL=034 PHASE=LIFT_80_MM
TRIAL=034 ACTUAL_LIFT_M=-0.00001 LEFT_CONTACT=1 RIGHT_CONTACT=1
TRIAL=034 ACTUAL_LIFT_M=0.02357 LEFT_CONTACT=1 RIGHT_CONTACT=1
TRIAL=034 ACTUAL_LIFT_M=0.05279 LEFT_CONTACT=1 RIGHT_CONTACT=1
TRIAL=034 PHASE=HOLD
TRIAL=034 HOLD_SIM_SEC=0.000 HOLD_WALL_SEC=0.000 ACTUAL_LIFT_M=0.07196 RELATIVE_SLIP_M=0.00000 LEFT_CONTACT=1 RIGHT_CONTACT=1
TRIAL=034 HOLD_SIM_SEC=0.828 HOLD_WALL_SEC=1.000 ACTUAL_LIFT_M=0.07478 RELATIVE_SLIP_M=0.00025 LEFT_CONTACT=1 RIGHT_CONTACT=1
TRIAL=034 HOLD_SIM_SEC=1.670 HOLD_WALL_SEC=2.001 ACTUAL_LIFT_M=0.07472 RELATIVE_SLIP_M=0.00025 LEFT_CONTACT=1 RIGHT_CONTACT=1
TRIAL=034 HOLD_SIM_SEC=2.490 HOLD_WALL_SEC=3.001 ACTUAL_LIFT_M=0.07464 RELATIVE_SLIP_M=0.00025 LEFT_CONTACT=1 RIGHT_CONTACT=1
TRIAL=034 HOLD_SIM_SEC=3.330 HOLD_WALL_SEC=4.001 ACTUAL_LIFT_M=0.07455 RELATIVE_SLIP_M=0.00025 LEFT_CONTACT=1 RIGHT_CONTACT=1
TRIAL=034 HOLD_SIM_SEC=4.178 HOLD_WALL_SEC=5.001 ACTUAL_LIFT_M=0.07446 RELATIVE_SLIP_M=0.00025 LEFT_CONTACT=1 RIGHT_CONTACT=1
TRIAL=034 PHASE=PLACE_DOWN
TRIAL=034 PHASE=OPEN_GRIPPER
TRIAL=034 PHASE=RETREAT_PREGRASP
TRIAL=034 PHASE=GRASP_SUCCESS
TRIAL=034 DAY5_PLACE_RELEASE=PASS
DAY4_GRASP_RESULT=SUCCESS
DAY4_STEP=1 EPISODE=034 STEP=04 DIST=0.005606 YAW_ERR_DEG=0.022 REQUESTED_MOVE=0.004946 EXECUTED_MOVE=0.004853 ATTEMPT=1 SUCCESS=1 TERMINATED=1 TRUNCATED=0
DAY7_EPISODE=34 LEVEL=L3 VALID=25/50 TECHNICAL=False SUCCESS=True REASON=
DAY4_RESET_GRIPPER=OPEN ANGLE_RAD=1.570000 EFFORT_NM=1.200000
DAY4_RESET_GRIPPER=AFTER_INITIAL_MOVE ANGLE_RAD=1.570000 EFFORT_NM=1.200000
TRIAL=035 VISUAL_CENTER=[0.3009509891271591, 4.513934254646301e-05, 0.02751309454862428] SURFACE=[0.3009509891271591, 4.513934254646301e-05, 0.05251309454862428] CONTOUR_DEG=0.19 AXIS_STD_DEG=0.13 FOOTPRINT=[0.050089044496417046, 0.050089044496417046] CONFIDENCE=0.9584
TRIAL=035 SELECTED_CONTOUR_ORIENTATION=+90.19deg TILT=17.5 LEAN=+1 SYMMETRY=1 IK_FK_POS_ERROR=0.000000m IK_FK_ORIENTATION_ERROR=0.000000rad FINGER_FK_LIFT=0.080000m FINGER_FK_DRIFT=0.000000m JOINT_MOTION=2.996292rad
DAY4_MOTION_DONE=1 ELAPSED_SIM=1.202 INITIAL_ERR=0.01689 FINAL_ERR=0.00028 ARM_V=0.00313
DAY4_STEP=1 EPISODE=035 STEP=01 DIST=0.020258 YAW_ERR_DEG=0.008 REQUESTED_MOVE=0.005000 EXECUTED_MOVE=0.004911 ATTEMPT=0 SUCCESS=0 TERMINATED=0 TRUNCATED=0
DAY4_MOTION_DONE=1 ELAPSED_SIM=1.202 INITIAL_ERR=0.01723 FINAL_ERR=0.00035 ARM_V=0.00393
DAY4_STEP=1 EPISODE=035 STEP=02 DIST=0.015396 YAW_ERR_DEG=0.015 REQUESTED_MOVE=0.004969 EXECUTED_MOVE=0.004864 ATTEMPT=0 SUCCESS=0 TERMINATED=0 TRUNCATED=0
DAY4_MOTION_DONE=1 ELAPSED_SIM=1.202 INITIAL_ERR=0.01735 FINAL_ERR=0.00036 ARM_V=0.00395
DAY4_STEP=1 EPISODE=035 STEP=03 DIST=0.010544 YAW_ERR_DEG=0.021 REQUESTED_MOVE=0.004957 EXECUTED_MOVE=0.004853 ATTEMPT=0 SUCCESS=0 TERMINATED=0 TRUNCATED=0
DAY4_MOTION_DONE=1 ELAPSED_SIM=1.202 INITIAL_ERR=0.01739 FINAL_ERR=0.00036 ARM_V=0.00397
DAY4_GRASP_ATTEMPT=1
TRIAL=035 PHASE=CLOSE_SEARCH
TRIAL=035 LEFT_CONTACT=0 RIGHT_CONTACT=0 STALL=0
TRIAL=035 LEFT_CONTACT=1 RIGHT_CONTACT=0 STALL=0
TRIAL=035 PHASE=WAIT_DUAL_CONTACT
TRIAL=035 PHASE=WAIT_STALL
TRIAL=035 LEFT_CONTACT=1 RIGHT_CONTACT=1 STALL=0 GRIPPER_ERROR=0.06071 VELOCITY=0.04110 CLOSURE_M=0.00059
TRIAL=035 LEFT_CONTACT=1 RIGHT_CONTACT=1 STALL=0 GRIPPER_ERROR=0.04328 VELOCITY=0.00824 CLOSURE_M=0.00114
TRIAL=035 LEFT_CONTACT=1 RIGHT_CONTACT=1 STALL=0 GRIPPER_ERROR=0.03770 VELOCITY=0.00544 CLOSURE_M=0.00132
TRIAL=035 LEFT_CONTACT=1 RIGHT_CONTACT=1 STALL=0 GRIPPER_ERROR=0.03361 VELOCITY=0.00469 CLOSURE_M=0.00145
TRIAL=035 PHASE=LIFT_80_MM
TRIAL=035 ACTUAL_LIFT_M=-0.00037 LEFT_CONTACT=1 RIGHT_CONTACT=1
TRIAL=035 ACTUAL_LIFT_M=0.02433 LEFT_CONTACT=1 RIGHT_CONTACT=1
TRIAL=035 ACTUAL_LIFT_M=0.05357 LEFT_CONTACT=1 RIGHT_CONTACT=1
TRIAL=035 PHASE=HOLD
TRIAL=035 HOLD_SIM_SEC=0.000 HOLD_WALL_SEC=0.000 ACTUAL_LIFT_M=0.07139 RELATIVE_SLIP_M=0.00000 LEFT_CONTACT=1 RIGHT_CONTACT=1
TRIAL=035 HOLD_SIM_SEC=0.824 HOLD_WALL_SEC=1.001 ACTUAL_LIFT_M=0.07443 RELATIVE_SLIP_M=0.00028 LEFT_CONTACT=1 RIGHT_CONTACT=1
TRIAL=035 HOLD_SIM_SEC=1.670 HOLD_WALL_SEC=2.001 ACTUAL_LIFT_M=0.07437 RELATIVE_SLIP_M=0.00028 LEFT_CONTACT=1 RIGHT_CONTACT=1
TRIAL=035 HOLD_SIM_SEC=2.500 HOLD_WALL_SEC=3.001 ACTUAL_LIFT_M=0.07430 RELATIVE_SLIP_M=0.00028 LEFT_CONTACT=1 RIGHT_CONTACT=1
TRIAL=035 HOLD_SIM_SEC=3.342 HOLD_WALL_SEC=4.001 ACTUAL_LIFT_M=0.07423 RELATIVE_SLIP_M=0.00028 LEFT_CONTACT=1 RIGHT_CONTACT=1
TRIAL=035 HOLD_SIM_SEC=4.172 HOLD_WALL_SEC=5.001 ACTUAL_LIFT_M=0.07415 RELATIVE_SLIP_M=0.00028 LEFT_CONTACT=1 RIGHT_CONTACT=1
TRIAL=035 PHASE=PLACE_DOWN
TRIAL=035 PHASE=OPEN_GRIPPER
TRIAL=035 PHASE=RETREAT_PREGRASP
TRIAL=035 PHASE=GRASP_SUCCESS
TRIAL=035 DAY5_PLACE_RELEASE=PASS
DAY4_GRASP_RESULT=SUCCESS
DAY4_STEP=1 EPISODE=035 STEP=04 DIST=0.005703 YAW_ERR_DEG=0.025 REQUESTED_MOVE=0.004949 EXECUTED_MOVE=0.004845 ATTEMPT=1 SUCCESS=1 TERMINATED=1 TRUNCATED=0
DAY7_EPISODE=35 LEVEL=L3 VALID=26/50 TECHNICAL=False SUCCESS=True REASON=
DAY4_RESET_GRIPPER=OPEN ANGLE_RAD=1.570000 EFFORT_NM=1.200000
DAY4_RESET_GRIPPER=AFTER_INITIAL_MOVE ANGLE_RAD=1.570000 EFFORT_NM=1.200000
TRIAL=036 VISUAL_CENTER=[0.3052476495504379, -0.030026606284081936, 0.024877132396078118] SURFACE=[0.3052476495504379, -0.030026606284081936, 0.04987713239607812] CONTOUR_DEG=0.05 AXIS_STD_DEG=0.37 FOOTPRINT=[0.05055492743849754, 0.05055492743849754] CONFIDENCE=0.9626
DAY7_EPISODE=36 LEVEL=L3 VALID=26/50 TECHNICAL=True SUCCESS=False REASON=TestFailure: RESET_FAIL: Day4 reset failed after 1 attempts: IK_FAIL: [{"contour_yaw_deg": 0.048207653107317984, "symmetry": 0, "feasible": false, "failure_samples": ["IK_FAIL: no contour-constrained IK at center=[0.3052476495504379, -0.030026606284081936, 0.10987713239607813] axis=0.05; samples=['geometry pos=0.00036 line=0.51993 tilt=30.25', 'geometry pos=0.00036 line=0.52108 tilt=30.34', 'geometry pos=0.00034 line=0.48457 tilt=151.83']"]}, {"contour_yaw_deg": 0.048207653107317984, "symmetry": 1, "feasible": false, "failure_samples": ["IK_FAIL: no contour-constrained IK at center=[0.3052476495504379, -0.030026606284081936, 0.11737713239607811] axis=90.05; samples=['geometry pos=0.00001 line=0.06043 tilt=31.45']"]}, {"contour_yaw_deg": 0.048207653107317984, "symmetry": 2, "feasible": true, "equivalent_to_symmetry": 0}, {"contour_yaw_deg": 0.048207653107317984, "symmetry": 3, "feasible": true, "equivalent_to_symmetry": 1}]
DAY4_RESET_GRIPPER=OPEN ANGLE_RAD=1.570000 EFFORT_NM=1.200000
DAY4_RESET_GRIPPER=AFTER_INITIAL_MOVE ANGLE_RAD=1.570000 EFFORT_NM=1.200000
DAY7_EPISODE=37 LEVEL=L3 VALID=26/50 TECHNICAL=True SUCCESS=False REASON=TechnicalFailure: Ignition create:  Service call timed out

DAY4_RESET_GRIPPER=OPEN ANGLE_RAD=1.570000 EFFORT_NM=1.200000
DAY4_RESET_GRIPPER=AFTER_INITIAL_MOVE ANGLE_RAD=1.570000 EFFORT_NM=1.200000
TRIAL=038 VISUAL_CENTER=[0.2878136932849884, -0.0032228222116827965, 0.02586120213757078] SURFACE=[0.2878136932849884, -0.0032228222116827965, 0.05086120213757078] CONTOUR_DEG=-1.67 AXIS_STD_DEG=0.26 FOOTPRINT=[0.04967080429196358, 0.04967080429196358] CONFIDENCE=0.9168
TRIAL=038 SELECTED_CONTOUR_ORIENTATION=+88.33deg TILT=11.3 LEAN=+1 SYMMETRY=1 IK_FK_POS_ERROR=0.000001m IK_FK_ORIENTATION_ERROR=0.000000rad FINGER_FK_LIFT=0.080000m FINGER_FK_DRIFT=0.000000m JOINT_MOTION=2.998769rad
DAY4_MOTION_DONE=1 ELAPSED_SIM=1.200 INITIAL_ERR=0.01761 FINAL_ERR=0.00026 ARM_V=0.00294
DAY4_STEP=1 EPISODE=038 STEP=01 DIST=0.020182 YAW_ERR_DEG=0.007 REQUESTED_MOVE=0.005000 EXECUTED_MOVE=0.004921 ATTEMPT=0 SUCCESS=0 TERMINATED=0 TRUNCATED=0
DAY4_MOTION_DONE=1 ELAPSED_SIM=1.202 INITIAL_ERR=0.01782 FINAL_ERR=0.00027 ARM_V=0.00297
DAY4_STEP=1 EPISODE=038 STEP=02 DIST=0.015292 YAW_ERR_DEG=0.015 REQUESTED_MOVE=0.004968 EXECUTED_MOVE=0.004891 ATTEMPT=0 SUCCESS=0 TERMINATED=0 TRUNCATED=0
DAY4_MOTION_DONE=1 ELAPSED_SIM=1.200 INITIAL_ERR=0.01789 FINAL_ERR=0.00027 ARM_V=0.00298
DAY4_STEP=1 EPISODE=038 STEP=03 DIST=0.010407 YAW_ERR_DEG=0.021 REQUESTED_MOVE=0.004955 EXECUTED_MOVE=0.004879 ATTEMPT=0 SUCCESS=0 TERMINATED=0 TRUNCATED=0
DAY4_MOTION_DONE=1 ELAPSED_SIM=1.202 INITIAL_ERR=0.01796 FINAL_ERR=0.00027 ARM_V=0.00299
DAY4_GRASP_ATTEMPT=1
TRIAL=038 PHASE=CLOSE_SEARCH
TRIAL=038 LEFT_CONTACT=0 RIGHT_CONTACT=0 STALL=0
TRIAL=038 LEFT_CONTACT=0 RIGHT_CONTACT=1 STALL=0
TRIAL=038 PHASE=WAIT_DUAL_CONTACT
TRIAL=038 PHASE=WAIT_STALL
TRIAL=038 LEFT_CONTACT=1 RIGHT_CONTACT=1 STALL=0 GRIPPER_ERROR=0.07648 VELOCITY=0.03969 CLOSURE_M=0.00010
TRIAL=038 LEFT_CONTACT=1 RIGHT_CONTACT=1 STALL=0 GRIPPER_ERROR=0.04963 VELOCITY=0.01561 CLOSURE_M=0.00092
TRIAL=038 LEFT_CONTACT=1 RIGHT_CONTACT=1 STALL=0 GRIPPER_ERROR=0.04086 VELOCITY=0.00738 CLOSURE_M=0.00119
TRIAL=038 LEFT_CONTACT=1 RIGHT_CONTACT=1 STALL=0 GRIPPER_ERROR=0.03581 VELOCITY=0.00530 CLOSURE_M=0.00135
TRIAL=038 LEFT_CONTACT=1 RIGHT_CONTACT=1 STALL=0 GRIPPER_ERROR=0.03166 VELOCITY=0.00460 CLOSURE_M=0.00148
TRIAL=038 PHASE=LIFT_80_MM
TRIAL=038 ACTUAL_LIFT_M=-0.00014 LEFT_CONTACT=1 RIGHT_CONTACT=1
TRIAL=038 ACTUAL_LIFT_M=0.02436 LEFT_CONTACT=1 RIGHT_CONTACT=1
TRIAL=038 ACTUAL_LIFT_M=0.05463 LEFT_CONTACT=1 RIGHT_CONTACT=1
TRIAL=038 PHASE=HOLD
TRIAL=038 HOLD_SIM_SEC=0.000 HOLD_WALL_SEC=0.000 ACTUAL_LIFT_M=0.07087 RELATIVE_SLIP_M=0.00000 LEFT_CONTACT=1 RIGHT_CONTACT=1
TRIAL=038 HOLD_SIM_SEC=0.844 HOLD_WALL_SEC=1.000 ACTUAL_LIFT_M=0.07388 RELATIVE_SLIP_M=0.00000 LEFT_CONTACT=1 RIGHT_CONTACT=1
TRIAL=038 HOLD_SIM_SEC=1.688 HOLD_WALL_SEC=2.001 ACTUAL_LIFT_M=0.07381 RELATIVE_SLIP_M=0.00000 LEFT_CONTACT=1 RIGHT_CONTACT=1
TRIAL=038 HOLD_SIM_SEC=2.560 HOLD_WALL_SEC=3.001 ACTUAL_LIFT_M=0.07374 RELATIVE_SLIP_M=0.00000 LEFT_CONTACT=1 RIGHT_CONTACT=1
TRIAL=038 HOLD_SIM_SEC=3.418 HOLD_WALL_SEC=4.001 ACTUAL_LIFT_M=0.07365 RELATIVE_SLIP_M=0.00000 LEFT_CONTACT=1 RIGHT_CONTACT=1
TRIAL=038 HOLD_SIM_SEC=4.298 HOLD_WALL_SEC=5.001 ACTUAL_LIFT_M=0.07357 RELATIVE_SLIP_M=0.00000 LEFT_CONTACT=1 RIGHT_CONTACT=1
TRIAL=038 PHASE=PLACE_DOWN
TRIAL=038 PHASE=OPEN_GRIPPER
TRIAL=038 PHASE=RETREAT_PREGRASP
TRIAL=038 PHASE=GRASP_SUCCESS
TRIAL=038 DAY5_PLACE_RELEASE=PASS
DAY4_GRASP_RESULT=SUCCESS
DAY4_STEP=1 EPISODE=038 STEP=04 DIST=0.005533 YAW_ERR_DEG=0.025 REQUESTED_MOVE=0.004946 EXECUTED_MOVE=0.004871 ATTEMPT=1 SUCCESS=1 TERMINATED=1 TRUNCATED=0
DAY7_EPISODE=38 LEVEL=L3 VALID=27/50 TECHNICAL=False SUCCESS=True REASON=
DAY4_RESET_GRIPPER=OPEN ANGLE_RAD=1.570000 EFFORT_NM=1.200000
DAY4_RESET_GRIPPER=AFTER_INITIAL_MOVE ANGLE_RAD=1.570000 EFFORT_NM=1.200000
TRIAL=039 VISUAL_CENTER=[0.31404174864292145, 0.01946612016763538, 0.026889126558836553] SURFACE=[0.31404174864292145, 0.01946612016763538, 0.051889126558836554] CONTOUR_DEG=0.78 AXIS_STD_DEG=0.16 FOOTPRINT=[0.050870729610323906, 0.050870729610323906] CONFIDENCE=0.9599
TRIAL=039 SELECTED_CONTOUR_ORIENTATION=+90.78deg TILT=23.9 LEAN=+1 SYMMETRY=1 IK_FK_POS_ERROR=0.000008m IK_FK_ORIENTATION_ERROR=0.000000rad FINGER_FK_LIFT=0.080000m FINGER_FK_DRIFT=0.000000m JOINT_MOTION=3.017225rad
DAY4_MOTION_DONE=1 ELAPSED_SIM=1.202 INITIAL_ERR=0.01627 FINAL_ERR=0.00033 ARM_V=0.00372
DAY4_STEP=1 EPISODE=039 STEP=01 DIST=0.020349 YAW_ERR_DEG=0.002 REQUESTED_MOVE=0.005000 EXECUTED_MOVE=0.004888 ATTEMPT=0 SUCCESS=0 TERMINATED=0 TRUNCATED=0
DAY4_MOTION_DONE=1 ELAPSED_SIM=1.202 INITIAL_ERR=0.01673 FINAL_ERR=0.00028 ARM_V=0.00309
DAY4_STEP=1 EPISODE=039 STEP=02 DIST=0.015468 YAW_ERR_DEG=0.009 REQUESTED_MOVE=0.004971 EXECUTED_MOVE=0.004883 ATTEMPT=0 SUCCESS=0 TERMINATED=0 TRUNCATED=0
DAY4_MOTION_DONE=1 ELAPSED_SIM=1.202 INITIAL_ERR=0.01693 FINAL_ERR=0.00031 ARM_V=0.00347
DAY4_STEP=1 EPISODE=039 STEP=03 DIST=0.010607 YAW_ERR_DEG=0.014 REQUESTED_MOVE=0.004959 EXECUTED_MOVE=0.004863 ATTEMPT=0 SUCCESS=0 TERMINATED=0 TRUNCATED=0
DAY4_MOTION_DONE=1 ELAPSED_SIM=1.200 INITIAL_ERR=0.01703 FINAL_ERR=0.00028 ARM_V=0.00315
DAY4_GRASP_ATTEMPT=1
TRIAL=039 PHASE=CLOSE_SEARCH
TRIAL=039 LEFT_CONTACT=0 RIGHT_CONTACT=0 STALL=0
TRIAL=039 LEFT_CONTACT=0 RIGHT_CONTACT=1 STALL=0
TRIAL=039 PHASE=WAIT_DUAL_CONTACT
TRIAL=039 PHASE=WAIT_STALL
TRIAL=039 LEFT_CONTACT=1 RIGHT_CONTACT=1 STALL=0 GRIPPER_ERROR=0.06338 VELOCITY=0.04177 CLOSURE_M=0.00045
TRIAL=039 LEFT_CONTACT=1 RIGHT_CONTACT=1 STALL=0 GRIPPER_ERROR=0.04550 VELOCITY=0.01033 CLOSURE_M=0.00094
TRIAL=039 LEFT_CONTACT=1 RIGHT_CONTACT=1 STALL=0 GRIPPER_ERROR=0.03908 VELOCITY=0.00605 CLOSURE_M=0.00113
TRIAL=039 LEFT_CONTACT=1 RIGHT_CONTACT=1 STALL=0 GRIPPER_ERROR=0.03474 VELOCITY=0.00490 CLOSURE_M=0.00125
TRIAL=039 LEFT_CONTACT=1 RIGHT_CONTACT=1 STALL=0 GRIPPER_ERROR=0.03076 VELOCITY=0.00452 CLOSURE_M=0.00137
TRIAL=039 LEFT_CONTACT=1 RIGHT_CONTACT=1 STALL=0 GRIPPER_ERROR=0.02697 VELOCITY=0.00446 CLOSURE_M=0.00148
TRIAL=039 PHASE=LIFT_80_MM
TRIAL=039 ACTUAL_LIFT_M=-0.00002 LEFT_CONTACT=1 RIGHT_CONTACT=1
TRIAL=039 ACTUAL_LIFT_M=0.02366 LEFT_CONTACT=1 RIGHT_CONTACT=1
TRIAL=039 ACTUAL_LIFT_M=0.05247 LEFT_CONTACT=1 RIGHT_CONTACT=1
TRIAL=039 PHASE=HOLD
TRIAL=039 HOLD_SIM_SEC=0.000 HOLD_WALL_SEC=0.000 ACTUAL_LIFT_M=0.07066 RELATIVE_SLIP_M=0.00000 LEFT_CONTACT=1 RIGHT_CONTACT=1
TRIAL=039 HOLD_SIM_SEC=0.796 HOLD_WALL_SEC=1.001 ACTUAL_LIFT_M=0.07372 RELATIVE_SLIP_M=0.00028 LEFT_CONTACT=1 RIGHT_CONTACT=1
TRIAL=039 HOLD_SIM_SEC=1.660 HOLD_WALL_SEC=2.001 ACTUAL_LIFT_M=0.07366 RELATIVE_SLIP_M=0.00028 LEFT_CONTACT=1 RIGHT_CONTACT=1
TRIAL=039 HOLD_SIM_SEC=2.506 HOLD_WALL_SEC=3.001 ACTUAL_LIFT_M=0.07358 RELATIVE_SLIP_M=0.00028 LEFT_CONTACT=1 RIGHT_CONTACT=1
TRIAL=039 HOLD_SIM_SEC=3.388 HOLD_WALL_SEC=4.001 ACTUAL_LIFT_M=0.07349 RELATIVE_SLIP_M=0.00028 LEFT_CONTACT=1 RIGHT_CONTACT=1
TRIAL=039 HOLD_SIM_SEC=4.234 HOLD_WALL_SEC=5.001 ACTUAL_LIFT_M=0.07340 RELATIVE_SLIP_M=0.00028 LEFT_CONTACT=1 RIGHT_CONTACT=1
TRIAL=039 PHASE=PLACE_DOWN
TRIAL=039 PHASE=OPEN_GRIPPER
TRIAL=039 PHASE=RETREAT_PREGRASP
TRIAL=039 PHASE=GRASP_SUCCESS
TRIAL=039 DAY5_PLACE_RELEASE=PASS
DAY4_GRASP_RESULT=SUCCESS
DAY4_STEP=1 EPISODE=039 STEP=04 DIST=0.005746 YAW_ERR_DEG=0.018 REQUESTED_MOVE=0.004951 EXECUTED_MOVE=0.004864 ATTEMPT=1 SUCCESS=1 TERMINATED=1 TRUNCATED=0
DAY7_EPISODE=39 LEVEL=L3 VALID=28/50 TECHNICAL=False SUCCESS=True REASON=
DAY4_RESET_GRIPPER=OPEN ANGLE_RAD=1.570000 EFFORT_NM=1.200000
DAY4_RESET_GRIPPER=AFTER_INITIAL_MOVE ANGLE_RAD=1.570000 EFFORT_NM=1.200000
TRIAL=040 VISUAL_CENTER=[0.28490665555000305, 0.028774217411410064, 0.017144088546471904] SURFACE=[0.28490665555000305, 0.028774217411410064, 0.042144088546471906] CONTOUR_DEG=0.31 AXIS_STD_DEG=0.07 FOOTPRINT=[0.05011134222149849, 0.05011134222149849] CONFIDENCE=0.9329
DAY7_EPISODE=40 LEVEL=L3 VALID=28/50 TECHNICAL=True SUCCESS=False REASON=TestFailure: RESET_FAIL: Day4 reset failed after 1 attempts: IK_FAIL: [{"contour_yaw_deg": 0.3133234885762734, "symmetry": 0, "feasible": false, "failure_samples": ["IK_FAIL: no contour-constrained IK at center=[0.28490665555000305, 0.028774217411410064, 0.10214408854647192] axis=0.31; samples=['geometry pos=0.00026 line=0.34877 tilt=20.18', 'geometry pos=0.00026 line=0.34743 tilt=20.09', 'geometry pos=0.00027 line=0.36044 tilt=159.16']"]}, {"contour_yaw_deg": 0.3133234885762734, "symmetry": 1, "feasible": false, "failure_samples": ["COLLISION_PLAN_FAIL: finger/table clearance=0.003974"]}, {"contour_yaw_deg": 0.3133234885762734, "symmetry": 2, "feasible": true, "equivalent_to_symmetry": 0}, {"contour_yaw_deg": 0.3133234885762734, "symmetry": 3, "feasible": true, "equivalent_to_symmetry": 1}]
DAY4_RESET_GRIPPER=OPEN ANGLE_RAD=1.570000 EFFORT_NM=1.200000
DAY4_RESET_GRIPPER=AFTER_INITIAL_MOVE ANGLE_RAD=1.570000 EFFORT_NM=1.200000
TRIAL=041 VISUAL_CENTER=[0.28852227330207825, -0.026669511571526527, 0.032964995802753756] SURFACE=[0.28852227330207825, -0.026669511571526527, 0.05796499580275376] CONTOUR_DEG=-0.15 AXIS_STD_DEG=0.11 FOOTPRINT=[0.04979391023516655, 0.04979391023516655] CONFIDENCE=0.9336
TRIAL=041 SELECTED_CONTOUR_ORIENTATION=+89.85deg TILT=12.9 LEAN=+1 SYMMETRY=1 IK_FK_POS_ERROR=0.000009m IK_FK_ORIENTATION_ERROR=0.000000rad FINGER_FK_LIFT=0.080000m FINGER_FK_DRIFT=0.000000m JOINT_MOTION=2.975378rad
DAY4_MOTION_DONE=1 ELAPSED_SIM=1.202 INITIAL_ERR=0.01731 FINAL_ERR=0.00054 ARM_V=0.00603
DAY4_STEP=1 EPISODE=041 STEP=01 DIST=0.020276 YAW_ERR_DEG=0.011 REQUESTED_MOVE=0.005009 EXECUTED_MOVE=0.004847 ATTEMPT=0 SUCCESS=0 TERMINATED=0 TRUNCATED=0
DAY4_MOTION_DONE=1 ELAPSED_SIM=1.200 INITIAL_ERR=0.01764 FINAL_ERR=0.00044 ARM_V=0.00492
DAY4_STEP=1 EPISODE=041 STEP=02 DIST=0.015437 YAW_ERR_DEG=0.019 REQUESTED_MOVE=0.004968 EXECUTED_MOVE=0.004841 ATTEMPT=0 SUCCESS=0 TERMINATED=0 TRUNCATED=0
DAY4_MOTION_DONE=1 ELAPSED_SIM=1.202 INITIAL_ERR=0.01774 FINAL_ERR=0.00050 ARM_V=0.00550
DAY4_STEP=1 EPISODE=041 STEP=03 DIST=0.010624 YAW_ERR_DEG=0.025 REQUESTED_MOVE=0.004955 EXECUTED_MOVE=0.004815 ATTEMPT=0 SUCCESS=0 TERMINATED=0 TRUNCATED=0
DAY4_MOTION_DONE=1 ELAPSED_SIM=1.200 INITIAL_ERR=0.01772 FINAL_ERR=0.00050 ARM_V=0.00550
DAY4_GRASP_ATTEMPT=1
TRIAL=041 PHASE=CLOSE_SEARCH
TRIAL=041 LEFT_CONTACT=0 RIGHT_CONTACT=0 STALL=0
TRIAL=041 LEFT_CONTACT=1 RIGHT_CONTACT=0 STALL=0
TRIAL=041 PHASE=WAIT_DUAL_CONTACT
TRIAL=041 PHASE=WAIT_STALL
TRIAL=041 LEFT_CONTACT=1 RIGHT_CONTACT=1 STALL=0 GRIPPER_ERROR=0.05456 VELOCITY=0.10000 CLOSURE_M=0.00077
TRIAL=041 LEFT_CONTACT=1 RIGHT_CONTACT=1 STALL=0 GRIPPER_ERROR=0.03769 VELOCITY=0.00381 CLOSURE_M=0.00129
TRIAL=041 LEFT_CONTACT=1 RIGHT_CONTACT=1 STALL=0 GRIPPER_ERROR=0.03569 VELOCITY=0.00763 CLOSURE_M=0.00136
TRIAL=041 LEFT_CONTACT=1 RIGHT_CONTACT=1 STALL=0 GRIPPER_ERROR=0.03224 VELOCITY=0.00366 CLOSURE_M=0.00147
TRIAL=041 PHASE=LIFT_80_MM
TRIAL=041 ACTUAL_LIFT_M=-0.00025 LEFT_CONTACT=1 RIGHT_CONTACT=1
TRIAL=041 ACTUAL_LIFT_M=0.02089 LEFT_CONTACT=1 RIGHT_CONTACT=1
TRIAL=041 ACTUAL_LIFT_M=0.04927 LEFT_CONTACT=1 RIGHT_CONTACT=1
TRIAL=041 PHASE=HOLD
TRIAL=041 HOLD_SIM_SEC=0.000 HOLD_WALL_SEC=0.000 ACTUAL_LIFT_M=0.07112 RELATIVE_SLIP_M=0.00000 LEFT_CONTACT=1 RIGHT_CONTACT=1
TRIAL=041 HOLD_SIM_SEC=0.780 HOLD_WALL_SEC=1.001 ACTUAL_LIFT_M=0.07420 RELATIVE_SLIP_M=0.00000 LEFT_CONTACT=1 RIGHT_CONTACT=1
TRIAL=041 HOLD_SIM_SEC=1.602 HOLD_WALL_SEC=2.001 ACTUAL_LIFT_M=0.07412 RELATIVE_SLIP_M=0.00000 LEFT_CONTACT=1 RIGHT_CONTACT=1
TRIAL=041 HOLD_SIM_SEC=2.446 HOLD_WALL_SEC=3.001 ACTUAL_LIFT_M=0.07403 RELATIVE_SLIP_M=0.00000 LEFT_CONTACT=1 RIGHT_CONTACT=1
TRIAL=041 HOLD_SIM_SEC=3.284 HOLD_WALL_SEC=4.001 ACTUAL_LIFT_M=0.07395 RELATIVE_SLIP_M=0.00000 LEFT_CONTACT=1 RIGHT_CONTACT=1
TRIAL=041 HOLD_SIM_SEC=4.144 HOLD_WALL_SEC=5.002 ACTUAL_LIFT_M=0.07387 RELATIVE_SLIP_M=0.00000 LEFT_CONTACT=1 RIGHT_CONTACT=1
TRIAL=041 HOLD_SIM_SEC=4.998 HOLD_WALL_SEC=6.002 ACTUAL_LIFT_M=0.07382 RELATIVE_SLIP_M=0.00000 LEFT_CONTACT=1 RIGHT_CONTACT=1
TRIAL=041 PHASE=PLACE_DOWN
TRIAL=041 PHASE=OPEN_GRIPPER
TRIAL=041 PHASE=RETREAT_PREGRASP
TRIAL=041 PHASE=GRASP_SUCCESS
TRIAL=041 DAY5_PLACE_RELEASE=PASS
DAY4_GRASP_RESULT=SUCCESS
DAY4_STEP=1 EPISODE=041 STEP=04 DIST=0.005819 YAW_ERR_DEG=0.030 REQUESTED_MOVE=0.004946 EXECUTED_MOVE=0.004807 ATTEMPT=1 SUCCESS=1 TERMINATED=1 TRUNCATED=0
DAY7_EPISODE=41 LEVEL=L3 VALID=29/50 TECHNICAL=False SUCCESS=True REASON=
DAY4_RESET_GRIPPER=OPEN ANGLE_RAD=1.570000 EFFORT_NM=1.200000
DAY4_RESET_GRIPPER=AFTER_INITIAL_MOVE ANGLE_RAD=1.570000 EFFORT_NM=1.200000
DAY7_EPISODE=42 LEVEL=L3 VALID=29/50 TECHNICAL=True SUCCESS=False REASON=TestFailure: RESET_FAIL: Day4 reset failed after 1 attempts: RESET_FAIL: ign set_pose did not return true
DAY4_RESET_GRIPPER=OPEN ANGLE_RAD=1.570000 EFFORT_NM=1.200000
DAY4_RESET_GRIPPER=AFTER_INITIAL_MOVE ANGLE_RAD=1.570000 EFFORT_NM=1.200000
DAY7_EPISODE=43 LEVEL=L3 VALID=29/50 TECHNICAL=True SUCCESS=False REASON=TechnicalFailure: Ignition remove:  Service call timed out

DAY4_RESET_GRIPPER=OPEN ANGLE_RAD=1.570000 EFFORT_NM=1.200000
DAY4_RESET_GRIPPER=AFTER_INITIAL_MOVE ANGLE_RAD=1.570000 EFFORT_NM=1.200000
TRIAL=044 VISUAL_CENTER=[0.3196302801370621, -0.00447472557425499, 0.028085110965169587] SURFACE=[0.3196302801370621, -0.00447472557425499, 0.05308511096516959] CONTOUR_DEG=-0.55 AXIS_STD_DEG=0.31 FOOTPRINT=[0.050201328471302986, 0.050201328471302986] CONFIDENCE=0.9687
TRIAL=044 SELECTED_CONTOUR_ORIENTATION=+89.45deg TILT=26.3 LEAN=+1 SYMMETRY=1 IK_FK_POS_ERROR=0.000001m IK_FK_ORIENTATION_ERROR=0.000000rad FINGER_FK_LIFT=0.080000m FINGER_FK_DRIFT=0.000000m JOINT_MOTION=3.015829rad
DAY4_MOTION_DONE=1 ELAPSED_SIM=1.202 INITIAL_ERR=0.01595 FINAL_ERR=0.00033 ARM_V=0.00365
DAY4_STEP=1 EPISODE=044 STEP=01 DIST=0.020342 YAW_ERR_DEG=0.007 REQUESTED_MOVE=0.005002 EXECUTED_MOVE=0.004891 ATTEMPT=0 SUCCESS=0 TERMINATED=0 TRUNCATED=0
DAY4_MOTION_DONE=1 ELAPSED_SIM=1.202 INITIAL_ERR=0.01659 FINAL_ERR=0.00028 ARM_V=0.00306
DAY4_STEP=1 EPISODE=044 STEP=02 DIST=0.015460 YAW_ERR_DEG=0.013 REQUESTED_MOVE=0.004971 EXECUTED_MOVE=0.004883 ATTEMPT=0 SUCCESS=0 TERMINATED=0 TRUNCATED=0
DAY4_MOTION_DONE=1 ELAPSED_SIM=1.200 INITIAL_ERR=0.01678 FINAL_ERR=0.00028 ARM_V=0.00310
DAY4_STEP=1 EPISODE=044 STEP=03 DIST=0.010588 YAW_ERR_DEG=0.018 REQUESTED_MOVE=0.004960 EXECUTED_MOVE=0.004873 ATTEMPT=0 SUCCESS=0 TERMINATED=0 TRUNCATED=0
DAY4_MOTION_DONE=1 ELAPSED_SIM=1.202 INITIAL_ERR=0.01689 FINAL_ERR=0.00031 ARM_V=0.00346
DAY4_GRASP_ATTEMPT=1
TRIAL=044 PHASE=CLOSE_SEARCH
TRIAL=044 LEFT_CONTACT=0 RIGHT_CONTACT=0 STALL=0
TRIAL=044 LEFT_CONTACT=1 RIGHT_CONTACT=0 STALL=0
TRIAL=044 PHASE=WAIT_DUAL_CONTACT
TRIAL=044 PHASE=WAIT_STALL
TRIAL=044 LEFT_CONTACT=1 RIGHT_CONTACT=1 STALL=0 GRIPPER_ERROR=0.06456 VELOCITY=0.09352 CLOSURE_M=0.00045
TRIAL=044 LEFT_CONTACT=1 RIGHT_CONTACT=1 STALL=0 GRIPPER_ERROR=0.04737 VELOCITY=0.01235 CLOSURE_M=0.00097
TRIAL=044 LEFT_CONTACT=1 RIGHT_CONTACT=1 STALL=0 GRIPPER_ERROR=0.04052 VELOCITY=0.00691 CLOSURE_M=0.00118
TRIAL=044 LEFT_CONTACT=1 RIGHT_CONTACT=1 STALL=0 GRIPPER_ERROR=0.03558 VELOCITY=0.00516 CLOSURE_M=0.00133
TRIAL=044 LEFT_CONTACT=1 RIGHT_CONTACT=1 STALL=0 GRIPPER_ERROR=0.03180 VELOCITY=0.00462 CLOSURE_M=0.00145
TRIAL=044 PHASE=LIFT_80_MM
TRIAL=044 ACTUAL_LIFT_M=-0.00007 LEFT_CONTACT=1 RIGHT_CONTACT=1
TRIAL=044 ACTUAL_LIFT_M=0.02263 LEFT_CONTACT=1 RIGHT_CONTACT=1
TRIAL=044 ACTUAL_LIFT_M=0.04985 LEFT_CONTACT=1 RIGHT_CONTACT=1
TRIAL=044 PHASE=HOLD
TRIAL=044 HOLD_SIM_SEC=0.000 HOLD_WALL_SEC=0.001 ACTUAL_LIFT_M=0.07180 RELATIVE_SLIP_M=0.00000 LEFT_CONTACT=1 RIGHT_CONTACT=1
TRIAL=044 HOLD_SIM_SEC=0.830 HOLD_WALL_SEC=1.001 ACTUAL_LIFT_M=0.07486 RELATIVE_SLIP_M=0.00028 LEFT_CONTACT=1 RIGHT_CONTACT=1
TRIAL=044 HOLD_SIM_SEC=1.572 HOLD_WALL_SEC=2.001 ACTUAL_LIFT_M=0.07481 RELATIVE_SLIP_M=0.00028 LEFT_CONTACT=1 RIGHT_CONTACT=1
TRIAL=044 HOLD_SIM_SEC=2.370 HOLD_WALL_SEC=3.001 ACTUAL_LIFT_M=0.07475 RELATIVE_SLIP_M=0.00028 LEFT_CONTACT=1 RIGHT_CONTACT=1
TRIAL=044 HOLD_SIM_SEC=3.154 HOLD_WALL_SEC=4.001 ACTUAL_LIFT_M=0.07468 RELATIVE_SLIP_M=0.00028 LEFT_CONTACT=1 RIGHT_CONTACT=1
TRIAL=044 HOLD_SIM_SEC=3.980 HOLD_WALL_SEC=5.002 ACTUAL_LIFT_M=0.07461 RELATIVE_SLIP_M=0.00028 LEFT_CONTACT=1 RIGHT_CONTACT=1
TRIAL=044 HOLD_SIM_SEC=4.810 HOLD_WALL_SEC=6.002 ACTUAL_LIFT_M=0.07455 RELATIVE_SLIP_M=0.00028 LEFT_CONTACT=1 RIGHT_CONTACT=1
TRIAL=044 PHASE=PLACE_DOWN
TRIAL=044 PHASE=OPEN_GRIPPER
TRIAL=044 PHASE=RETREAT_PREGRASP
TRIAL=044 PHASE=GRASP_SUCCESS
TRIAL=044 DAY5_PLACE_RELEASE=PASS
DAY4_GRASP_RESULT=SUCCESS
DAY4_STEP=1 EPISODE=044 STEP=04 DIST=0.005734 YAW_ERR_DEG=0.021 REQUESTED_MOVE=0.004952 EXECUTED_MOVE=0.004857 ATTEMPT=1 SUCCESS=1 TERMINATED=1 TRUNCATED=0
DAY7_EPISODE=44 LEVEL=L3 VALID=30/50 TECHNICAL=False SUCCESS=True REASON=
DAY4_RESET_GRIPPER=OPEN ANGLE_RAD=1.570000 EFFORT_NM=1.200000
DAY4_RESET_GRIPPER=AFTER_INITIAL_MOVE ANGLE_RAD=1.570000 EFFORT_NM=1.200000
TRIAL=045 VISUAL_CENTER=[0.30106760561466217, 0.004415145143866539, 0.02803916855501125] SURFACE=[0.30106760561466217, 0.004415145143866539, 0.05303916855501125] CONTOUR_DEG=0.24 AXIS_STD_DEG=0.10 FOOTPRINT=[0.04988100938498974, 0.04988100938498974] CONFIDENCE=0.9598
TRIAL=045 SELECTED_CONTOUR_ORIENTATION=+90.24deg TILT=17.6 LEAN=+1 SYMMETRY=1 IK_FK_POS_ERROR=0.000001m IK_FK_ORIENTATION_ERROR=0.000000rad FINGER_FK_LIFT=0.080000m FINGER_FK_DRIFT=0.000000m JOINT_MOTION=2.992202rad
DAY4_MOTION_DONE=1 ELAPSED_SIM=1.202 INITIAL_ERR=0.01688 FINAL_ERR=0.00025 ARM_V=0.00282
DAY4_STEP=1 EPISODE=045 STEP=01 DIST=0.020247 YAW_ERR_DEG=0.007 REQUESTED_MOVE=0.005000 EXECUTED_MOVE=0.004920 ATTEMPT=0 SUCCESS=0 TERMINATED=0 TRUNCATED=0
DAY4_MOTION_DONE=1 ELAPSED_SIM=1.202 INITIAL_ERR=0.01723 FINAL_ERR=0.00029 ARM_V=0.00319
DAY4_STEP=1 EPISODE=045 STEP=02 DIST=0.015357 YAW_ERR_DEG=0.014 REQUESTED_MOVE=0.004969 EXECUTED_MOVE=0.004883 ATTEMPT=0 SUCCESS=0 TERMINATED=0 TRUNCATED=0
DAY4_MOTION_DONE=1 ELAPSED_SIM=1.200 INITIAL_ERR=0.01741 FINAL_ERR=0.00026 ARM_V=0.00290
DAY4_STEP=1 EPISODE=045 STEP=03 DIST=0.010479 YAW_ERR_DEG=0.020 REQUESTED_MOVE=0.004957 EXECUTED_MOVE=0.004880 ATTEMPT=0 SUCCESS=0 TERMINATED=0 TRUNCATED=0
DAY4_MOTION_DONE=1 ELAPSED_SIM=1.200 INITIAL_ERR=0.01744 FINAL_ERR=0.00032 ARM_V=0.00358
DAY4_GRASP_ATTEMPT=1
TRIAL=045 PHASE=CLOSE_SEARCH
TRIAL=045 LEFT_CONTACT=0 RIGHT_CONTACT=0 STALL=0
TRIAL=045 LEFT_CONTACT=0 RIGHT_CONTACT=1 STALL=0
TRIAL=045 PHASE=WAIT_DUAL_CONTACT
TRIAL=045 PHASE=WAIT_STALL
TRIAL=045 LEFT_CONTACT=1 RIGHT_CONTACT=1 STALL=0 GRIPPER_ERROR=0.06838 VELOCITY=0.10205 CLOSURE_M=0.00035
TRIAL=045 LEFT_CONTACT=1 RIGHT_CONTACT=1 STALL=0 GRIPPER_ERROR=0.04827 VELOCITY=0.01017 CLOSURE_M=0.00097
TRIAL=045 LEFT_CONTACT=1 RIGHT_CONTACT=1 STALL=0 GRIPPER_ERROR=0.04071 VELOCITY=0.00672 CLOSURE_M=0.00121
TRIAL=045 LEFT_CONTACT=1 RIGHT_CONTACT=1 STALL=0 GRIPPER_ERROR=0.03607 VELOCITY=0.00508 CLOSURE_M=0.00136
TRIAL=045 LEFT_CONTACT=1 RIGHT_CONTACT=1 STALL=0 GRIPPER_ERROR=0.03220 VELOCITY=0.00456 CLOSURE_M=0.00148
TRIAL=045 PHASE=LIFT_80_MM
TRIAL=045 ACTUAL_LIFT_M=-0.00041 LEFT_CONTACT=1 RIGHT_CONTACT=1
TRIAL=045 ACTUAL_LIFT_M=0.02340 LEFT_CONTACT=1 RIGHT_CONTACT=1
TRIAL=045 ACTUAL_LIFT_M=0.05204 LEFT_CONTACT=1 RIGHT_CONTACT=1
TRIAL=045 PHASE=HOLD
TRIAL=045 HOLD_SIM_SEC=0.000 HOLD_WALL_SEC=0.000 ACTUAL_LIFT_M=0.07130 RELATIVE_SLIP_M=0.00000 LEFT_CONTACT=1 RIGHT_CONTACT=1
TRIAL=045 HOLD_SIM_SEC=0.826 HOLD_WALL_SEC=1.000 ACTUAL_LIFT_M=0.07464 RELATIVE_SLIP_M=0.00000 LEFT_CONTACT=1 RIGHT_CONTACT=1
TRIAL=045 HOLD_SIM_SEC=1.712 HOLD_WALL_SEC=2.000 ACTUAL_LIFT_M=0.07458 RELATIVE_SLIP_M=0.00000 LEFT_CONTACT=1 RIGHT_CONTACT=1
TRIAL=045 HOLD_SIM_SEC=2.568 HOLD_WALL_SEC=3.001 ACTUAL_LIFT_M=0.07451 RELATIVE_SLIP_M=0.00000 LEFT_CONTACT=1 RIGHT_CONTACT=1
TRIAL=045 HOLD_SIM_SEC=3.438 HOLD_WALL_SEC=4.001 ACTUAL_LIFT_M=0.07443 RELATIVE_SLIP_M=0.00000 LEFT_CONTACT=1 RIGHT_CONTACT=1
TRIAL=045 HOLD_SIM_SEC=4.282 HOLD_WALL_SEC=5.001 ACTUAL_LIFT_M=0.07435 RELATIVE_SLIP_M=0.00000 LEFT_CONTACT=1 RIGHT_CONTACT=1
TRIAL=045 PHASE=PLACE_DOWN
TRIAL=045 PHASE=OPEN_GRIPPER
TRIAL=045 PHASE=RETREAT_PREGRASP
TRIAL=045 PHASE=GRASP_SUCCESS
TRIAL=045 DAY5_PLACE_RELEASE=PASS
DAY4_GRASP_RESULT=SUCCESS
DAY4_STEP=1 EPISODE=045 STEP=04 DIST=0.005628 YAW_ERR_DEG=0.024 REQUESTED_MOVE=0.004948 EXECUTED_MOVE=0.004855 ATTEMPT=1 SUCCESS=1 TERMINATED=1 TRUNCATED=0
DAY7_EPISODE=45 LEVEL=L3 VALID=31/50 TECHNICAL=False SUCCESS=True REASON=
DAY4_RESET_GRIPPER=OPEN ANGLE_RAD=1.570000 EFFORT_NM=1.200000
DAY4_RESET_GRIPPER=AFTER_INITIAL_MOVE ANGLE_RAD=1.570000 EFFORT_NM=1.200000
TRIAL=046 VISUAL_CENTER=[0.2810199111700058, 0.011794891208410263, 0.014023881287274657] SURFACE=[0.2810199111700058, 0.011794891208410263, 0.03902388128727466] CONTOUR_DEG=-0.36 AXIS_STD_DEG=0.18 FOOTPRINT=[0.049978066235780716, 0.049978066235780716] CONFIDENCE=0.9396
DAY7_EPISODE=46 LEVEL=L3 VALID=31/50 TECHNICAL=True SUCCESS=False REASON=TestFailure: RESET_FAIL: Day4 reset failed after 1 attempts: IK_FAIL: [{"contour_yaw_deg": -0.3553971868507513, "symmetry": 0, "feasible": false, "failure_samples": ["IK_FAIL: no contour-constrained IK at center=[0.2810199111700058, 0.011794891208410263, 0.09902388128727466] axis=-0.36; samples=['geometry pos=0.00023 line=0.30127 tilt=17.34', 'geometry pos=0.00023 line=0.30127 tilt=17.34', 'geometry pos=0.00026 line=0.33634 tilt=160.62']"]}, {"contour_yaw_deg": -0.3553971868507513, "symmetry": 1, "feasible": false, "failure_samples": ["COLLISION_PLAN_FAIL: finger/table clearance=0.003878"]}, {"contour_yaw_deg": -0.3553971868507513, "symmetry": 2, "feasible": true, "equivalent_to_symmetry": 0}, {"contour_yaw_deg": -0.3553971868507513, "symmetry": 3, "feasible": true, "equivalent_to_symmetry": 1}]
DAY4_RESET_GRIPPER=OPEN ANGLE_RAD=1.570000 EFFORT_NM=1.200000
DAY4_RESET_GRIPPER=AFTER_INITIAL_MOVE ANGLE_RAD=1.570000 EFFORT_NM=1.200000
TRIAL=047 VISUAL_CENTER=[0.3285913020372391, 0.001193133182823658, 0.03199526973259144] SURFACE=[0.3285913020372391, 0.001193133182823658, 0.05699526973259144] CONTOUR_DEG=0.18 AXIS_STD_DEG=0.19 FOOTPRINT=[0.050128452479839325, 0.050128452479839325] CONFIDENCE=0.9679
TRIAL=047 SELECTED_CONTOUR_ORIENTATION=+90.18deg TILT=31.0 LEAN=+1 SYMMETRY=1 IK_FK_POS_ERROR=0.000000m IK_FK_ORIENTATION_ERROR=0.000000rad FINGER_FK_LIFT=0.080000m FINGER_FK_DRIFT=0.000000m JOINT_MOTION=3.131428rad
DAY4_MOTION_DONE=1 ELAPSED_SIM=1.200 INITIAL_ERR=0.01545 FINAL_ERR=0.00026 ARM_V=0.00286
DAY4_STEP=1 EPISODE=047 STEP=01 DIST=0.020376 YAW_ERR_DEG=0.006 REQUESTED_MOVE=0.005002 EXECUTED_MOVE=0.004909 ATTEMPT=0 SUCCESS=0 TERMINATED=0 TRUNCATED=0
DAY4_MOTION_DONE=1 ELAPSED_SIM=1.202 INITIAL_ERR=0.01617 FINAL_ERR=0.00030 ARM_V=0.00332
DAY4_STEP=1 EPISODE=047 STEP=02 DIST=0.015494 YAW_ERR_DEG=0.012 REQUESTED_MOVE=0.004972 EXECUTED_MOVE=0.004874 ATTEMPT=0 SUCCESS=0 TERMINATED=0 TRUNCATED=0
DAY4_MOTION_DONE=1 ELAPSED_SIM=1.200 INITIAL_ERR=0.01641 FINAL_ERR=0.00034 ARM_V=0.00375
DAY4_STEP=1 EPISODE=047 STEP=03 DIST=0.010631 YAW_ERR_DEG=0.016 REQUESTED_MOVE=0.004961 EXECUTED_MOVE=0.004854 ATTEMPT=0 SUCCESS=0 TERMINATED=0 TRUNCATED=0
DAY4_MOTION_DONE=1 ELAPSED_SIM=1.202 INITIAL_ERR=0.01656 FINAL_ERR=0.00028 ARM_V=0.00306
DAY4_GRASP_ATTEMPT=1
TRIAL=047 PHASE=CLOSE_SEARCH
TRIAL=047 LEFT_CONTACT=0 RIGHT_CONTACT=0 STALL=0
TRIAL=047 LEFT_CONTACT=1 RIGHT_CONTACT=0 STALL=0
TRIAL=047 PHASE=WAIT_DUAL_CONTACT
TRIAL=047 PHASE=WAIT_STALL
TRIAL=047 LEFT_CONTACT=1 RIGHT_CONTACT=1 STALL=0 GRIPPER_ERROR=0.07084 VELOCITY=0.03949 CLOSURE_M=0.00025
TRIAL=047 LEFT_CONTACT=1 RIGHT_CONTACT=1 STALL=0 GRIPPER_ERROR=0.04984 VELOCITY=0.01386 CLOSURE_M=0.00084
TRIAL=047 LEFT_CONTACT=1 RIGHT_CONTACT=1 STALL=0 GRIPPER_ERROR=0.04181 VELOCITY=0.00704 CLOSURE_M=0.00107
TRIAL=047 LEFT_CONTACT=1 RIGHT_CONTACT=1 STALL=0 GRIPPER_ERROR=0.03669 VELOCITY=0.00521 CLOSURE_M=0.00122
TRIAL=047 LEFT_CONTACT=1 RIGHT_CONTACT=1 STALL=0 GRIPPER_ERROR=0.03255 VELOCITY=0.00466 CLOSURE_M=0.00134
TRIAL=047 LEFT_CONTACT=1 RIGHT_CONTACT=1 STALL=0 GRIPPER_ERROR=0.02846 VELOCITY=0.00450 CLOSURE_M=0.00146
TRIAL=047 PHASE=LIFT_80_MM
TRIAL=047 ACTUAL_LIFT_M=-0.00001 LEFT_CONTACT=1 RIGHT_CONTACT=1
TRIAL=047 ACTUAL_LIFT_M=0.02477 LEFT_CONTACT=1 RIGHT_CONTACT=1
TRIAL=047 ACTUAL_LIFT_M=0.05259 LEFT_CONTACT=1 RIGHT_CONTACT=1
TRIAL=047 PHASE=HOLD
TRIAL=047 HOLD_SIM_SEC=0.000 HOLD_WALL_SEC=0.000 ACTUAL_LIFT_M=0.06420 RELATIVE_SLIP_M=0.00000 LEFT_CONTACT=1 RIGHT_CONTACT=1
TRIAL=047 HOLD_SIM_SEC=0.822 HOLD_WALL_SEC=1.001 ACTUAL_LIFT_M=0.07466 RELATIVE_SLIP_M=0.00041 LEFT_CONTACT=1 RIGHT_CONTACT=1
TRIAL=047 HOLD_SIM_SEC=1.656 HOLD_WALL_SEC=2.001 ACTUAL_LIFT_M=0.07463 RELATIVE_SLIP_M=0.00041 LEFT_CONTACT=1 RIGHT_CONTACT=1
TRIAL=047 HOLD_SIM_SEC=2.514 HOLD_WALL_SEC=3.001 ACTUAL_LIFT_M=0.07457 RELATIVE_SLIP_M=0.00041 LEFT_CONTACT=1 RIGHT_CONTACT=1
TRIAL=047 HOLD_SIM_SEC=3.376 HOLD_WALL_SEC=4.001 ACTUAL_LIFT_M=0.07450 RELATIVE_SLIP_M=0.00041 LEFT_CONTACT=1 RIGHT_CONTACT=1
TRIAL=047 HOLD_SIM_SEC=4.240 HOLD_WALL_SEC=5.001 ACTUAL_LIFT_M=0.07443 RELATIVE_SLIP_M=0.00041 LEFT_CONTACT=1 RIGHT_CONTACT=1
TRIAL=047 PHASE=PLACE_DOWN
TRIAL=047 PHASE=OPEN_GRIPPER
TRIAL=047 PHASE=RETREAT_PREGRASP
TRIAL=047 PHASE=GRASP_SUCCESS
TRIAL=047 DAY5_PLACE_RELEASE=PASS
DAY4_GRASP_RESULT=SUCCESS
DAY4_STEP=1 EPISODE=047 STEP=04 DIST=0.005767 YAW_ERR_DEG=0.020 REQUESTED_MOVE=0.004953 EXECUTED_MOVE=0.004867 ATTEMPT=1 SUCCESS=1 TERMINATED=1 TRUNCATED=0
DAY7_EPISODE=47 LEVEL=L3 VALID=32/50 TECHNICAL=False SUCCESS=True REASON=
DAY4_RESET_GRIPPER=OPEN ANGLE_RAD=1.570000 EFFORT_NM=1.200000
DAY4_RESET_GRIPPER=AFTER_INITIAL_MOVE ANGLE_RAD=1.570000 EFFORT_NM=1.200000
TRIAL=048 VISUAL_CENTER=[0.2739730328321457, 0.03153773408848792, 0.020372367832056808] SURFACE=[0.2739730328321457, 0.03153773408848792, 0.04537236783205681] CONTOUR_DEG=0.19 AXIS_STD_DEG=0.32 FOOTPRINT=[0.05063655227422714, 0.05063655227422714] CONFIDENCE=0.9297
TRIAL=048 SELECTED_CONTOUR_ORIENTATION=+90.19deg TILT=5.2 LEAN=+1 SYMMETRY=1 IK_FK_POS_ERROR=0.000006m IK_FK_ORIENTATION_ERROR=0.000000rad FINGER_FK_LIFT=0.080000m FINGER_FK_DRIFT=0.000000m JOINT_MOTION=3.038341rad
DAY4_MOTION_DONE=1 ELAPSED_SIM=1.202 INITIAL_ERR=0.01832 FINAL_ERR=0.00071 ARM_V=0.00788
DAY4_STEP=1 EPISODE=048 STEP=01 DIST=0.020223 YAW_ERR_DEG=0.006 REQUESTED_MOVE=0.005001 EXECUTED_MOVE=0.004805 ATTEMPT=0 SUCCESS=0 TERMINATED=0 TRUNCATED=0
DAY4_MOTION_DONE=1 ELAPSED_SIM=1.202 INITIAL_ERR=0.01832 FINAL_ERR=0.00063 ARM_V=0.00697
DAY4_STEP=1 EPISODE=048 STEP=02 DIST=0.015429 YAW_ERR_DEG=0.012 REQUESTED_MOVE=0.004965 EXECUTED_MOVE=0.004795 ATTEMPT=0 SUCCESS=0 TERMINATED=0 TRUNCATED=0
DAY4_MOTION_DONE=1 ELAPSED_SIM=1.202 INITIAL_ERR=0.01832 FINAL_ERR=0.00063 ARM_V=0.00697
DAY4_STEP=1 EPISODE=048 STEP=03 DIST=0.010649 YAW_ERR_DEG=0.017 REQUESTED_MOVE=0.004951 EXECUTED_MOVE=0.004782 ATTEMPT=0 SUCCESS=0 TERMINATED=0 TRUNCATED=0
DAY4_MOTION_DONE=1 ELAPSED_SIM=1.200 INITIAL_ERR=0.01829 FINAL_ERR=0.00070 ARM_V=0.00773
DAY4_GRASP_ATTEMPT=1
TRIAL=048 PHASE=CLOSE_SEARCH
TRIAL=048 LEFT_CONTACT=0 RIGHT_CONTACT=0 STALL=0
TRIAL=048 LEFT_CONTACT=1 RIGHT_CONTACT=0 STALL=0
TRIAL=048 PHASE=WAIT_DUAL_CONTACT
TRIAL=048 PHASE=WAIT_STALL
TRIAL=048 LEFT_CONTACT=1 RIGHT_CONTACT=1 STALL=0 GRIPPER_ERROR=0.05045 VELOCITY=0.10000 CLOSURE_M=0.00088
TRIAL=048 LEFT_CONTACT=1 RIGHT_CONTACT=1 STALL=0 GRIPPER_ERROR=0.04085 VELOCITY=0.00604 CLOSURE_M=0.00117
TRIAL=048 LEFT_CONTACT=1 RIGHT_CONTACT=1 STALL=0 GRIPPER_ERROR=0.03922 VELOCITY=0.00416 CLOSURE_M=0.00122
TRIAL=048 LEFT_CONTACT=1 RIGHT_CONTACT=1 STALL=0 GRIPPER_ERROR=0.03591 VELOCITY=0.00394 CLOSURE_M=0.00133
TRIAL=048 LEFT_CONTACT=1 RIGHT_CONTACT=1 STALL=0 GRIPPER_ERROR=0.03253 VELOCITY=0.00420 CLOSURE_M=0.00143
TRIAL=048 PHASE=LIFT_80_MM
TRIAL=048 ACTUAL_LIFT_M=-0.00001 LEFT_CONTACT=1 RIGHT_CONTACT=1
TRIAL=048 ACTUAL_LIFT_M=0.02214 LEFT_CONTACT=1 RIGHT_CONTACT=1
TRIAL=048 ACTUAL_LIFT_M=0.05188 LEFT_CONTACT=1 RIGHT_CONTACT=1
TRIAL=048 PHASE=HOLD
TRIAL=048 HOLD_SIM_SEC=0.000 HOLD_WALL_SEC=0.000 ACTUAL_LIFT_M=0.07349 RELATIVE_SLIP_M=0.00000 LEFT_CONTACT=1 RIGHT_CONTACT=1
TRIAL=048 HOLD_SIM_SEC=0.836 HOLD_WALL_SEC=1.000 ACTUAL_LIFT_M=0.07613 RELATIVE_SLIP_M=0.00025 LEFT_CONTACT=1 RIGHT_CONTACT=1
TRIAL=048 HOLD_SIM_SEC=1.700 HOLD_WALL_SEC=2.001 ACTUAL_LIFT_M=0.07606 RELATIVE_SLIP_M=0.00025 LEFT_CONTACT=1 RIGHT_CONTACT=1
TRIAL=048 HOLD_SIM_SEC=2.572 HOLD_WALL_SEC=3.001 ACTUAL_LIFT_M=0.07598 RELATIVE_SLIP_M=0.00025 LEFT_CONTACT=1 RIGHT_CONTACT=1
TRIAL=048 HOLD_SIM_SEC=3.446 HOLD_WALL_SEC=4.001 ACTUAL_LIFT_M=0.07589 RELATIVE_SLIP_M=0.00025 LEFT_CONTACT=1 RIGHT_CONTACT=1
TRIAL=048 HOLD_SIM_SEC=4.316 HOLD_WALL_SEC=5.001 ACTUAL_LIFT_M=0.07580 RELATIVE_SLIP_M=0.00025 LEFT_CONTACT=1 RIGHT_CONTACT=1
TRIAL=048 PHASE=PLACE_DOWN
TRIAL=048 PHASE=OPEN_GRIPPER
TRIAL=048 PHASE=RETREAT_PREGRASP
TRIAL=048 PHASE=GRASP_SUCCESS
TRIAL=048 DAY5_PLACE_RELEASE=PASS
DAY4_GRASP_RESULT=SUCCESS
DAY4_STEP=1 EPISODE=048 STEP=04 DIST=0.005879 YAW_ERR_DEG=0.020 REQUESTED_MOVE=0.004941 EXECUTED_MOVE=0.004754 ATTEMPT=1 SUCCESS=1 TERMINATED=1 TRUNCATED=0
DAY7_EPISODE=48 LEVEL=L3 VALID=33/50 TECHNICAL=False SUCCESS=True REASON=
DAY4_RESET_GRIPPER=OPEN ANGLE_RAD=1.570000 EFFORT_NM=1.200000
DAY4_RESET_GRIPPER=AFTER_INITIAL_MOVE ANGLE_RAD=1.570000 EFFORT_NM=1.200000
DAY7_EPISODE=49 LEVEL=L3 VALID=33/50 TECHNICAL=True SUCCESS=False REASON=TechnicalFailure: Ignition remove:  Service call timed out

DAY4_RESET_GRIPPER=OPEN ANGLE_RAD=1.570000 EFFORT_NM=1.200000
DAY4_RESET_GRIPPER=AFTER_INITIAL_MOVE ANGLE_RAD=1.570000 EFFORT_NM=1.200000
DAY7_EPISODE=50 LEVEL=L3 VALID=33/50 TECHNICAL=True SUCCESS=False REASON=TechnicalFailure: Ignition create:  Service call timed out

DAY4_RESET_GRIPPER=OPEN ANGLE_RAD=1.570000 EFFORT_NM=1.200000
DAY4_RESET_GRIPPER=AFTER_INITIAL_MOVE ANGLE_RAD=1.570000 EFFORT_NM=1.200000
DAY7_EPISODE=51 LEVEL=L3 VALID=33/50 TECHNICAL=True SUCCESS=False REASON=TechnicalFailure: world SDF readback service failed
