/usr/lib/python3/dist-packages/scipy/__init__.py:146: UserWarning: A NumPy version >=1.17.3 and <1.25.0 is required for this version of SciPy (detected version 1.26.4
  warnings.warn(f"A NumPy version >={np_minversion} and <{np_maxversion}"
[0m[INFO] [1789227737.369594083] [perception]: Day 2 perception started: /depth_cam/rgbd/image + /depth_cam/rgbd/depth_image; depth_cam_link -> base_link[0m
[0m[INFO] [1789227739.899575444] [perception]: CameraInfo: 320x200, fx=277.19, fy=277.19, cx=160.00, cy=100.00[0m
[0m[INFO] [1789227739.984829903] [perception]: NOT DETECTED[0m
[0m[INFO] [1789227741.020313894] [perception]: NOT DETECTED[0m
[0m[INFO] [1789227742.060054088] [perception]: NOT DETECTED[0m
[0m[INFO] [1789227743.102854156] [perception]: NOT DETECTED[0m
[0m[INFO] [1789227744.106946212] [perception]: NOT DETECTED[0m
[0m[INFO] [1789227745.159899718] [perception]: NOT DETECTED[0m
[0m[INFO] [1789227746.195498279] [perception]: NOT DETECTED[0m
[0m[INFO] [1789227747.235191890] [perception]: NOT DETECTED[0m
[0m[INFO] [1789227748.272330556] [perception]: NOT DETECTED[0m
[0m[INFO] [1789227749.331184924] [perception]: NOT DETECTED[0m
[0m[INFO] [1789227750.364258275] [perception]: NOT DETECTED[0m
[0m[INFO] [1789227751.386031501] [perception]: NOT DETECTED[0m
[0m[INFO] [1789227752.400379689] [perception]: NOT DETECTED[0m
[0m[INFO] [1789227753.416139833] [perception]: NOT DETECTED[0m
[0m[INFO] [1789227754.437545135] [perception]: NOT DETECTED[0m
[0m[INFO] [1789227755.555726822] [perception]: DETECTED pixel=(82,100) depth=0.363 m surface=(0.321,-0.006,0.054) m center=(0.321,-0.006,0.029) m conf=0.86 edge=-0.2deg sides=(0.050,0.048)m sync_rate=12.41 Hz mask_px=1047[0m
[0m[INFO] [1789227756.626053576] [perception]: DETECTED pixel=(81,87) depth=0.342 m surface=(0.297,-0.020,0.054) m center=(0.297,-0.020,0.029) m conf=0.97 edge=-0.2deg sides=(0.051,0.050)m sync_rate=12.29 Hz mask_px=1289[0m
[0m[INFO] [1789227757.714878109] [perception]: DETECTED pixel=(81,87) depth=0.342 m surface=(0.297,-0.020,0.054) m center=(0.297,-0.020,0.029) m conf=0.96 edge=-0.0deg sides=(0.051,0.050)m sync_rate=12.32 Hz mask_px=1289[0m
[0m[INFO] [1789227758.745487366] [perception]: DETECTED pixel=(81,87) depth=0.342 m surface=(0.297,-0.020,0.054) m center=(0.297,-0.020,0.029) m conf=0.96 edge=0.1deg sides=(0.051,0.050)m sync_rate=12.43 Hz mask_px=1289[0m
[0m[INFO] [1789227760.256999717] [perception]: NOT DETECTED[0m
[0m[INFO] [1789227761.273550127] [perception]: NOT DETECTED[0m
[0m[INFO] [1789227762.308252142] [perception]: NOT DETECTED[0m
[0m[INFO] [1789227763.347918966] [perception]: NOT DETECTED[0m
[0m[INFO] [1789227764.360324579] [perception]: NOT DETECTED[0m
[0m[INFO] [1789227767.235084374] [perception]: DETECTED pixel=(123,159) depth=0.117 m surface=(0.304,-0.021,0.053) m center=(0.304,-0.021,0.028) m conf=0.77 edge=0.3deg sides=(0.050,0.035)m sync_rate=13.05 Hz mask_px=787[0m
[0m[INFO] [1789227768.238776182] [perception]: DETECTED pixel=(120,158) depth=0.114 m surface=(0.303,-0.022,0.053) m center=(0.303,-0.022,0.028) m conf=0.89 edge=0.1deg sides=(0.050,0.036)m sync_rate=13.07 Hz mask_px=1046[0m
[0m[INFO] [1789227769.248317971] [perception]: DETECTED pixel=(114,156) depth=0.112 m surface=(0.303,-0.022,0.053) m center=(0.303,-0.022,0.028) m conf=0.89 edge=-0.1deg sides=(0.050,0.036)m sync_rate=13.13 Hz mask_px=1143[0m
[0m[INFO] [1789227770.281044147] [perception]: DETECTED pixel=(113,153) depth=0.114 m surface=(0.304,-0.023,0.053) m center=(0.304,-0.023,0.028) m conf=0.89 edge=0.1deg sides=(0.050,0.037)m sync_rate=13.18 Hz mask_px=1170[0m
[0m[INFO] [1789227771.281706076] [perception]: DETECTED pixel=(112,153) depth=0.113 m surface=(0.305,-0.024,0.052) m center=(0.305,-0.024,0.027) m conf=0.88 edge=0.8deg sides=(0.050,0.038)m sync_rate=13.20 Hz mask_px=1278[0m
[0m[INFO] [1789227772.295545589] [perception]: DETECTED pixel=(111,153) depth=0.113 m surface=(0.304,-0.023,0.053) m center=(0.304,-0.023,0.028) m conf=0.89 edge=0.2deg sides=(0.050,0.038)m sync_rate=13.25 Hz mask_px=1353[0m
[0m[INFO] [1789227773.317294959] [perception]: DETECTED pixel=(111,153) depth=0.112 m surface=(0.304,-0.023,0.053) m center=(0.304,-0.023,0.028) m conf=0.88 edge=-0.1deg sides=(0.050,0.038)m sync_rate=13.26 Hz mask_px=1404[0m
[0m[INFO] [1789227774.388742698] [perception]: DETECTED pixel=(111,153) depth=0.112 m surface=(0.304,-0.023,0.053) m center=(0.304,-0.023,0.028) m conf=0.88 edge=-0.2deg sides=(0.050,0.038)m sync_rate=13.28 Hz mask_px=1410[0m
[0m[INFO] [1789227775.422109125] [perception]: DETECTED pixel=(111,153) depth=0.112 m surface=(0.304,-0.023,0.066) m center=(0.304,-0.023,0.041) m conf=0.86 edge=0.1deg sides=(0.050,0.038)m sync_rate=13.31 Hz mask_px=1402[0m
[0m[INFO] [1789227784.158837243] [perception]: DETECTED pixel=(111,153) depth=0.113 m surface=(0.307,-0.023,0.082) m center=(0.307,-0.023,0.057) m conf=0.79 edge=0.3deg sides=(0.050,0.036)m sync_rate=13.50 Hz mask_px=1326[0m
[0m[INFO] [1789227785.209846883] [perception]: DETECTED pixel=(111,153) depth=0.112 m surface=(0.304,-0.023,0.053) m center=(0.304,-0.023,0.028) m conf=0.89 edge=-0.3deg sides=(0.050,0.038)m sync_rate=13.52 Hz mask_px=1449[0m
[0m[INFO] [1789227786.245885612] [perception]: DETECTED pixel=(111,153) depth=0.112 m surface=(0.304,-0.023,0.053) m center=(0.304,-0.023,0.028) m conf=0.90 edge=-0.2deg sides=(0.050,0.038)m sync_rate=13.54 Hz mask_px=1461[0m
[0m[INFO] [1789227787.301986608] [perception]: DETECTED pixel=(111,153) depth=0.112 m surface=(0.304,-0.023,0.053) m center=(0.304,-0.023,0.028) m conf=0.89 edge=0.1deg sides=(0.050,0.038)m sync_rate=13.55 Hz mask_px=1461[0m
[0m[INFO] [1789227788.341208313] [perception]: DETECTED pixel=(111,153) depth=0.112 m surface=(0.304,-0.023,0.053) m center=(0.304,-0.023,0.028) m conf=0.89 edge=0.1deg sides=(0.050,0.038)m sync_rate=13.57 Hz mask_px=1461[0m
[0m[INFO] [1789227789.364769661] [perception]: DETECTED pixel=(111,153) depth=0.112 m surface=(0.304,-0.023,0.053) m center=(0.304,-0.023,0.028) m conf=0.90 edge=-0.1deg sides=(0.050,0.038)m sync_rate=13.59 Hz mask_px=1461[0m
[0m[INFO] [1789227790.406782768] [perception]: DETECTED pixel=(111,153) depth=0.112 m surface=(0.304,-0.023,0.053) m center=(0.304,-0.023,0.028) m conf=0.89 edge=-0.3deg sides=(0.050,0.038)m sync_rate=13.61 Hz mask_px=1461[0m
[0m[INFO] [1789227791.436229561] [perception]: DETECTED pixel=(114,154) depth=0.112 m surface=(0.304,-0.023,0.053) m center=(0.304,-0.023,0.028) m conf=0.88 edge=0.1deg sides=(0.050,0.038)m sync_rate=13.62 Hz mask_px=1680[0m
[0m[INFO] [1789227792.464951965] [perception]: NOT DETECTED[0m
[0m[INFO] [1789227793.512102500] [perception]: NOT DETECTED[0m
[0m[INFO] [1789227794.549401118] [perception]: DETECTED pixel=(87,83) depth=0.344 m surface=(0.296,-0.016,0.044) m center=(0.296,-0.016,0.019) m conf=0.88 edge=-0.9deg sides=(0.050,0.042)m sync_rate=13.67 Hz mask_px=906[0m
[0m[INFO] [1789227795.551254200] [perception]: DETECTED pixel=(84,77) depth=0.339 m surface=(0.289,-0.022,0.044) m center=(0.289,-0.022,0.019) m conf=0.96 edge=-0.4deg sides=(0.050,0.049)m sync_rate=13.62 Hz mask_px=1258[0m
[0m[INFO] [1789227796.619892000] [perception]: DETECTED pixel=(84,77) depth=0.339 m surface=(0.289,-0.022,0.044) m center=(0.289,-0.022,0.019) m conf=0.96 edge=-0.4deg sides=(0.050,0.049)m sync_rate=13.58 Hz mask_px=1258[0m
[0m[INFO] [1789227797.674561156] [perception]: DETECTED pixel=(84,77) depth=0.339 m surface=(0.289,-0.022,0.044) m center=(0.289,-0.022,0.019) m conf=0.95 edge=-0.4deg sides=(0.050,0.049)m sync_rate=13.59 Hz mask_px=1258[0m
[0m[INFO] [1789227798.693249546] [perception]: DETECTED pixel=(85,78) depth=0.340 m surface=(0.289,-0.021,0.044) m center=(0.289,-0.021,0.019) m conf=0.94 edge=-0.3deg sides=(0.050,0.049)m sync_rate=13.61 Hz mask_px=1197[0m
[0m[INFO] [1789227799.723430322] [perception]: NOT DETECTED[0m
[0m[INFO] [1789227800.754894086] [perception]: NOT DETECTED[0m
[0m[INFO] [1789227801.807799558] [perception]: NOT DETECTED[0m
[0m[INFO] [1789227806.108342274] [perception]: DETECTED pixel=(99,92) depth=0.113 m surface=(0.294,-0.020,0.047) m center=(0.294,-0.020,0.022) m conf=0.69 edge=-1.2deg sides=(0.050,0.043)m sync_rate=13.65 Hz mask_px=3066[0m
[0m[INFO] [1789227807.146892539] [perception]: DETECTED pixel=(97,94) depth=0.109 m surface=(0.294,-0.020,0.047) m center=(0.294,-0.020,0.022) m conf=0.81 edge=-1.0deg sides=(0.050,0.043)m sync_rate=13.67 Hz mask_px=4048[0m
[0m[INFO] [1789227831.019009903] [perception]: DETECTED pixel=(97,107) depth=0.110 m surface=(0.296,-0.018,0.047) m center=(0.296,-0.018,0.022) m conf=0.71 edge=-0.5deg sides=(0.050,0.044)m sync_rate=13.82 Hz mask_px=4051[0m
[0m[INFO] [1789227832.048747848] [perception]: NOT DETECTED[0m
[0m[INFO] [1789227833.511933537] [perception]: DETECTED pixel=(91,81) depth=0.338 m surface=(0.300,-0.022,0.053) m center=(0.300,-0.022,0.028) m conf=0.80 edge=-0.8deg sides=(0.050,0.050)m sync_rate=13.83 Hz mask_px=580[0m
[0m[INFO] [1789227834.575933336] [perception]: DETECTED pixel=(80,94) depth=0.344 m surface=(0.304,-0.008,0.053) m center=(0.304,-0.008,0.028) m conf=0.87 edge=-0.5deg sides=(0.050,0.050)m sync_rate=13.80 Hz mask_px=1268[0m
[0m[INFO] [1789227835.624951861] [perception]: DETECTED pixel=(80,94) depth=0.344 m surface=(0.304,-0.008,0.054) m center=(0.304,-0.008,0.029) m conf=0.97 edge=-0.5deg sides=(0.050,0.050)m sync_rate=13.78 Hz mask_px=1268[0m
[0m[INFO] [1789227836.690105297] [perception]: DETECTED pixel=(80,94) depth=0.343 m surface=(0.304,-0.008,0.054) m center=(0.304,-0.008,0.029) m conf=0.96 edge=-0.5deg sides=(0.050,0.050)m sync_rate=13.78 Hz mask_px=1268[0m
[0m[INFO] [1789227837.723301832] [perception]: DETECTED pixel=(80,94) depth=0.344 m surface=(0.304,-0.008,0.054) m center=(0.304,-0.008,0.029) m conf=0.97 edge=-0.4deg sides=(0.050,0.050)m sync_rate=13.79 Hz mask_px=1268[0m
[0m[INFO] [1789227838.805743512] [perception]: NOT DETECTED[0m
[0m[INFO] [1789227839.862296806] [perception]: NOT DETECTED[0m
[0m[INFO] [1789227840.918109381] [perception]: NOT DETECTED[0m
[0m[INFO] [1789227841.945686953] [perception]: NOT DETECTED[0m
[0m[INFO] [1789227842.959371388] [perception]: NOT DETECTED[0m
[0m[INFO] [1789227843.993213782] [perception]: NOT DETECTED[0m
[0m[INFO] [1789227845.026971287] [perception]: NOT DETECTED[0m
[0m[INFO] [1789227849.044532142] [perception]: DETECTED pixel=(115,153) depth=0.116 m surface=(0.312,-0.008,0.050) m center=(0.312,-0.008,0.025) m conf=0.80 edge=-1.2deg sides=(0.050,0.035)m sync_rate=13.86 Hz mask_px=705[0m
[0m[INFO] [1789227850.105660549] [perception]: DETECTED pixel=(114,153) depth=0.115 m surface=(0.312,-0.008,0.049) m center=(0.312,-0.008,0.024) m conf=0.90 edge=-0.7deg sides=(0.050,0.036)m sync_rate=13.86 Hz mask_px=831[0m
[0m[INFO] [1789227851.153725023] [perception]: DETECTED pixel=(113,152) depth=0.115 m surface=(0.313,-0.009,0.049) m center=(0.313,-0.009,0.024) m conf=0.87 edge=3.8deg sides=(0.050,0.036)m sync_rate=13.86 Hz mask_px=876[0m
[0m[INFO] [1789227852.213332997] [perception]: DETECTED pixel=(113,153) depth=0.114 m surface=(0.312,-0.008,0.050) m center=(0.312,-0.008,0.025) m conf=0.89 edge=0.6deg sides=(0.050,0.036)m sync_rate=13.87 Hz mask_px=903[0m
[0m[INFO] [1789227853.236460432] [perception]: DETECTED pixel=(113,153) depth=0.114 m surface=(0.312,-0.008,0.065) m center=(0.312,-0.008,0.040) m conf=0.88 edge=1.4deg sides=(0.050,0.036)m sync_rate=13.87 Hz mask_px=911[0m
[0m[INFO] [1789227861.768541315] [perception]: DETECTED pixel=(113,153) depth=0.115 m surface=(0.317,-0.009,0.085) m center=(0.317,-0.009,0.060) m conf=0.80 edge=6.0deg sides=(0.050,0.035)m sync_rate=13.89 Hz mask_px=872[0m
[0m[INFO] [1789227862.800828158] [perception]: DETECTED pixel=(113,153) depth=0.114 m surface=(0.314,-0.009,0.050) m center=(0.314,-0.009,0.025) m conf=0.89 edge=3.7deg sides=(0.050,0.036)m sync_rate=13.89 Hz mask_px=938[0m
[0m[INFO] [1789227863.834848896] [perception]: DETECTED pixel=(113,153) depth=0.113 m surface=(0.312,-0.008,0.051) m center=(0.312,-0.008,0.026) m conf=0.90 edge=-0.5deg sides=(0.050,0.036)m sync_rate=13.90 Hz mask_px=997[0m
[0m[INFO] [1789227864.861066985] [perception]: DETECTED pixel=(113,153) depth=0.113 m surface=(0.312,-0.008,0.051) m center=(0.312,-0.008,0.026) m conf=0.90 edge=-0.3deg sides=(0.050,0.036)m sync_rate=13.90 Hz mask_px=997[0m
[0m[INFO] [1789227865.916858811] [perception]: DETECTED pixel=(113,153) depth=0.113 m surface=(0.312,-0.008,0.051) m center=(0.312,-0.008,0.026) m conf=0.90 edge=-0.4deg sides=(0.050,0.036)m sync_rate=13.91 Hz mask_px=997[0m
[0m[INFO] [1789227866.937316936] [perception]: DETECTED pixel=(113,153) depth=0.113 m surface=(0.312,-0.008,0.051) m center=(0.312,-0.008,0.026) m conf=0.90 edge=-0.1deg sides=(0.050,0.036)m sync_rate=13.91 Hz mask_px=997[0m
[0m[INFO] [1789227867.967995715] [perception]: DETECTED pixel=(113,153) depth=0.113 m surface=(0.312,-0.008,0.051) m center=(0.312,-0.008,0.026) m conf=0.90 edge=-0.5deg sides=(0.050,0.036)m sync_rate=13.92 Hz mask_px=997[0m
[0m[INFO] [1789227869.005201070] [perception]: DETECTED pixel=(116,154) depth=0.113 m surface=(0.312,-0.008,0.051) m center=(0.312,-0.008,0.026) m conf=0.90 edge=-0.5deg sides=(0.050,0.036)m sync_rate=13.92 Hz mask_px=1185[0m
[0m[INFO] [1789227870.031581177] [perception]: NOT DETECTED[0m
[0m[INFO] [1789227871.078499752] [perception]: NOT DETECTED[0m
[0m[INFO] [1789227872.100219882] [perception]: DETECTED pixel=(90,93) depth=0.346 m surface=(0.303,-0.007,0.047) m center=(0.303,-0.007,0.022) m conf=0.79 edge=-0.0deg sides=(0.049,0.049)m sync_rate=13.94 Hz mask_px=474[0m
[0m[INFO] [1789227873.102889306] [perception]: DETECTED pixel=(79,78) depth=0.345 m surface=(0.312,-0.026,0.047) m center=(0.312,-0.026,0.022) m conf=0.88 edge=0.1deg sides=(0.050,0.049)m sync_rate=13.91 Hz mask_px=1451[0m
[0m[INFO] [1789227874.152269820] [perception]: DETECTED pixel=(79,78) depth=0.344 m surface=(0.312,-0.026,0.047) m center=(0.312,-0.026,0.022) m conf=0.96 edge=-0.1deg sides=(0.051,0.049)m sync_rate=13.89 Hz mask_px=1451[0m
[0m[INFO] [1789227875.194445339] [perception]: DETECTED pixel=(79,78) depth=0.345 m surface=(0.312,-0.026,0.047) m center=(0.312,-0.026,0.022) m conf=0.97 edge=0.1deg sides=(0.050,0.049)m sync_rate=13.90 Hz mask_px=1451[0m
[0m[INFO] [1789227876.233343576] [perception]: DETECTED pixel=(79,78) depth=0.344 m surface=(0.312,-0.026,0.047) m center=(0.312,-0.026,0.022) m conf=0.97 edge=0.1deg sides=(0.050,0.049)m sync_rate=13.90 Hz mask_px=1451[0m
[0m[INFO] [1789227877.253005492] [perception]: NOT DETECTED[0m
[0m[INFO] [1789227878.299747764] [perception]: NOT DETECTED[0m
[0m[INFO] [1789227879.349689110] [perception]: NOT DETECTED[0m
[0m[INFO] [1789227880.379033928] [perception]: NOT DETECTED[0m
[0m[INFO] [1789227881.424784142] [perception]: NOT DETECTED[0m
[0m[INFO] [1789227882.668507972] [perception]: DETECTED pixel=(118,103) depth=0.120 m surface=(0.319,-0.026,0.047) m center=(0.319,-0.026,0.022) m conf=0.81 edge=0.1deg sides=(0.050,0.035)m sync_rate=13.93 Hz mask_px=499[0m
[0m[INFO] [1789227883.696188725] [perception]: DETECTED pixel=(118,156) depth=0.115 m surface=(0.319,-0.026,0.047) m center=(0.319,-0.026,0.022) m conf=0.90 edge=1.3deg sides=(0.050,0.036)m sync_rate=13.93 Hz mask_px=785[0m
[0m[INFO] [1789227907.465213214] [perception]: DETECTED pixel=(114,156) depth=0.114 m surface=(0.320,-0.025,0.047) m center=(0.320,-0.025,0.022) m conf=0.80 edge=-0.0deg sides=(0.050,0.039)m sync_rate=13.99 Hz mask_px=1154[0m
[0m[INFO] [1789227908.515525579] [perception]: NOT DETECTED[0m
[0m[INFO] [1789227909.882404545] [perception]: DETECTED pixel=(93,74) depth=0.347 m surface=(0.312,-0.024,0.048) m center=(0.312,-0.024,0.023) m conf=0.80 edge=-20.4deg sides=(0.064,0.039)m sync_rate=13.99 Hz mask_px=416[0m
[0m[INFO] [1789227910.949420447] [perception]: DETECTED pixel=(81,118) depth=0.342 m surface=(0.300,0.025,0.047) m center=(0.300,0.025,0.022) m conf=0.86 edge=0.3deg sides=(0.050,0.049)m sync_rate=13.97 Hz mask_px=1315[0m
[0m[INFO] [1789227911.983446919] [perception]: DETECTED pixel=(81,118) depth=0.342 m surface=(0.300,0.025,0.047) m center=(0.300,0.025,0.022) m conf=0.96 edge=0.5deg sides=(0.050,0.049)m sync_rate=13.96 Hz mask_px=1315[0m
[0m[INFO] [1789227913.041230622] [perception]: DETECTED pixel=(81,118) depth=0.342 m surface=(0.300,0.025,0.047) m center=(0.300,0.025,0.022) m conf=0.96 edge=0.3deg sides=(0.050,0.049)m sync_rate=13.96 Hz mask_px=1315[0m
[0m[INFO] [1789227914.075986070] [perception]: DETECTED pixel=(81,118) depth=0.342 m surface=(0.300,0.025,0.047) m center=(0.300,0.025,0.022) m conf=0.97 edge=0.3deg sides=(0.050,0.049)m sync_rate=13.96 Hz mask_px=1315[0m
[0m[INFO] [1789227915.079167215] [perception]: NOT DETECTED[0m
[0m[INFO] [1789227916.106740599] [perception]: NOT DETECTED[0m
[0m[INFO] [1789227917.152989867] [perception]: NOT DETECTED[0m
[0m[INFO] [1789227947.348679784] [perception]: NOT DETECTED[0m
[0m[INFO] [1789227948.419928128] [perception]: NOT DETECTED[0m
[0m[INFO] [1789227949.486179966] [perception]: DETECTED pixel=(93,122) depth=0.342 m surface=(0.300,0.017,0.051) m center=(0.300,0.017,0.026) m conf=0.79 edge=0.1deg sides=(0.050,0.050)m sync_rate=14.02 Hz mask_px=502[0m
[0m[INFO] [1789227950.511596081] [perception]: DETECTED pixel=(75,111) depth=0.349 m surface=(0.320,0.006,0.051) m center=(0.320,0.006,0.026) m conf=0.87 edge=-0.7deg sides=(0.050,0.049)m sync_rate=14.01 Hz mask_px=1508[0m
[0m[INFO] [1789227951.543768234] [perception]: DETECTED pixel=(75,111) depth=0.349 m surface=(0.320,0.006,0.051) m center=(0.320,0.006,0.026) m conf=0.97 edge=-0.6deg sides=(0.050,0.049)m sync_rate=14.00 Hz mask_px=1509[0m
[0m[INFO] [1789227952.548873837] [perception]: DETECTED pixel=(75,111) depth=0.349 m surface=(0.320,0.006,0.051) m center=(0.320,0.006,0.026) m conf=0.97 edge=-0.5deg sides=(0.050,0.049)m sync_rate=14.00 Hz mask_px=1509[0m
[0m[INFO] [1789227953.588842237] [perception]: DETECTED pixel=(75,111) depth=0.349 m surface=(0.320,0.006,0.051) m center=(0.320,0.006,0.026) m conf=0.97 edge=-0.2deg sides=(0.050,0.049)m sync_rate=14.00 Hz mask_px=1509[0m
[0m[INFO] [1789227954.598999593] [perception]: NOT DETECTED[0m
[0m[INFO] [1789227955.634205523] [perception]: NOT DETECTED[0m
[0m[INFO] [1789227956.663771422] [perception]: NOT DETECTED[0m
[0m[INFO] [1789227957.694359107] [perception]: NOT DETECTED[0m
[0m[INFO] [1789227958.717684388] [perception]: NOT DETECTED[0m
[0m[INFO] [1789227986.382383034] [perception]: NOT DETECTED[0m
[0m[INFO] [1789227987.398833182] [perception]: NOT DETECTED[0m
[0m[INFO] [1789227988.525781005] [perception]: DETECTED pixel=(90,105) depth=0.355 m surface=(0.324,0.004,0.048) m center=(0.324,0.004,0.023) m conf=0.80 edge=-1.1deg sides=(0.050,0.049)m sync_rate=14.05 Hz mask_px=469[0m
[0m[INFO] [1789227989.604625323] [perception]: DETECTED pixel=(74,104) depth=0.350 m surface=(0.324,0.002,0.048) m center=(0.324,0.002,0.023) m conf=0.88 edge=-1.0deg sides=(0.051,0.050)m sync_rate=14.04 Hz mask_px=1511[0m
[0m[INFO] [1789227990.620913906] [perception]: DETECTED pixel=(74,104) depth=0.350 m surface=(0.324,0.002,0.048) m center=(0.324,0.002,0.023) m conf=0.97 edge=-0.9deg sides=(0.050,0.050)m sync_rate=14.03 Hz mask_px=1511[0m
[0m[INFO] [1789227991.621437602] [perception]: DETECTED pixel=(74,104) depth=0.350 m surface=(0.324,0.002,0.048) m center=(0.324,0.002,0.023) m conf=0.98 edge=-0.7deg sides=(0.050,0.050)m sync_rate=14.03 Hz mask_px=1511[0m
[0m[INFO] [1789227992.689542841] [perception]: DETECTED pixel=(74,104) depth=0.350 m surface=(0.323,0.002,0.048) m center=(0.323,0.002,0.023) m conf=0.98 edge=-0.8deg sides=(0.050,0.050)m sync_rate=14.03 Hz mask_px=1511[0m
[0m[INFO] [1789227993.776458080] [perception]: NOT DETECTED[0m
[0m[INFO] [1789227994.819288183] [perception]: NOT DETECTED[0m
[0m[INFO] [1789227995.857026411] [perception]: NOT DETECTED[0m
[0m[INFO] [1789227996.884313783] [perception]: NOT DETECTED[0m
[0m[INFO] [1789227997.951934968] [perception]: NOT DETECTED[0m
[0m[INFO] [1789227998.997028580] [perception]: NOT DETECTED[0m
[0m[INFO] [1789228026.490301390] [perception]: NOT DETECTED[0m
[0m[INFO] [1789228027.532150492] [perception]: NOT DETECTED[0m
[0m[INFO] [1789228028.667350647] [perception]: DETECTED pixel=(90,101) depth=0.357 m surface=(0.325,0.002,0.048) m center=(0.325,0.002,0.023) m conf=0.79 edge=0.6deg sides=(0.050,0.049)m sync_rate=14.05 Hz mask_px=501[0m
[0m[INFO] [1789228029.725033630] [perception]: DETECTED pixel=(83,93) depth=0.340 m surface=(0.288,-0.007,0.048) m center=(0.288,-0.007,0.023) m conf=0.84 edge=0.4deg sides=(0.050,0.044)m sync_rate=14.04 Hz mask_px=1060[0m
[0m[INFO] [1789228030.763982744] [perception]: DETECTED pixel=(83,93) depth=0.340 m surface=(0.288,-0.007,0.048) m center=(0.288,-0.007,0.023) m conf=0.93 edge=0.0deg sides=(0.050,0.044)m sync_rate=14.03 Hz mask_px=1060[0m
[0m[INFO] [1789228031.800334540] [perception]: DETECTED pixel=(83,93) depth=0.340 m surface=(0.288,-0.007,0.048) m center=(0.288,-0.007,0.023) m conf=0.94 edge=-0.0deg sides=(0.050,0.044)m sync_rate=14.03 Hz mask_px=1060[0m
[0m[INFO] [1789228032.842020012] [perception]: DETECTED pixel=(83,93) depth=0.340 m surface=(0.288,-0.007,0.048) m center=(0.288,-0.007,0.023) m conf=0.93 edge=0.1deg sides=(0.050,0.044)m sync_rate=14.03 Hz mask_px=1060[0m
[0m[INFO] [1789228033.933493390] [perception]: NOT DETECTED[0m
[0m[INFO] [1789228034.947916365] [perception]: NOT DETECTED[0m
[0m[INFO] [1789228035.970310032] [perception]: NOT DETECTED[0m
[0m[INFO] [1789228041.465562636] [perception]: DETECTED pixel=(114,154) depth=0.110 m surface=(0.294,-0.007,0.050) m center=(0.294,-0.007,0.025) m conf=0.77 edge=0.5deg sides=(0.050,0.035)m sync_rate=14.05 Hz mask_px=1418[0m
[0m[INFO] [1789228042.494052469] [perception]: DETECTED pixel=(112,153) depth=0.106 m surface=(0.293,-0.007,0.050) m center=(0.293,-0.007,0.025) m conf=0.89 edge=0.3deg sides=(0.050,0.035)m sync_rate=14.05 Hz mask_px=2015[0m
[0m[INFO] [1789228043.527355966] [perception]: DETECTED pixel=(108,152) depth=0.106 m surface=(0.293,-0.007,0.050) m center=(0.293,-0.007,0.025) m conf=0.89 edge=0.2deg sides=(0.050,0.035)m sync_rate=14.05 Hz mask_px=1708[0m
[0m[INFO] [1789228044.586138897] [perception]: DETECTED pixel=(107,151) depth=0.109 m surface=(0.295,-0.007,0.049) m center=(0.295,-0.007,0.024) m conf=0.88 edge=2.5deg sides=(0.050,0.036)m sync_rate=14.05 Hz mask_px=1676[0m
[0m[INFO] [1789228045.611483960] [perception]: DETECTED pixel=(106,151) depth=0.107 m surface=(0.294,-0.007,0.049) m center=(0.294,-0.007,0.024) m conf=0.89 edge=0.7deg sides=(0.050,0.037)m sync_rate=14.05 Hz mask_px=1891[0m
[0m[INFO] [1789228046.654699772] [perception]: DETECTED pixel=(106,151) depth=0.107 m surface=(0.294,-0.007,0.049) m center=(0.294,-0.007,0.024) m conf=0.89 edge=0.3deg sides=(0.050,0.037)m sync_rate=14.05 Hz mask_px=1966[0m
[0m[INFO] [1789228047.697737511] [perception]: DETECTED pixel=(106,151) depth=0.107 m surface=(0.294,-0.007,0.050) m center=(0.294,-0.007,0.025) m conf=0.90 edge=0.4deg sides=(0.050,0.037)m sync_rate=14.05 Hz mask_px=2007[0m
[0m[INFO] [1789228048.744809916] [perception]: DETECTED pixel=(106,151) depth=0.107 m surface=(0.294,-0.007,0.077) m center=(0.294,-0.007,0.052) m conf=0.86 edge=1.3deg sides=(0.050,0.037)m sync_rate=14.06 Hz mask_px=1993[0m
[0m[INFO] [1789228056.807938750] [perception]: DETECTED pixel=(106,151) depth=0.107 m surface=(0.296,-0.006,0.087) m center=(0.296,-0.006,0.062) m conf=0.80 edge=0.5deg sides=(0.050,0.036)m sync_rate=14.06 Hz mask_px=1938[0m
[0m[INFO] [1789228057.823216820] [perception]: DETECTED pixel=(106,151) depth=0.107 m surface=(0.294,-0.007,0.050) m center=(0.294,-0.007,0.025) m conf=0.88 edge=0.9deg sides=(0.050,0.037)m sync_rate=14.06 Hz mask_px=1931[0m
[0m[INFO] [1789228058.845606474] [perception]: DETECTED pixel=(105,150) depth=0.107 m surface=(0.295,-0.007,0.050) m center=(0.295,-0.007,0.025) m conf=0.87 edge=1.9deg sides=(0.050,0.037)m sync_rate=14.07 Hz mask_px=2084[0m
[0m[INFO] [1789228059.863767240] [perception]: DETECTED pixel=(105,150) depth=0.107 m surface=(0.294,-0.007,0.050) m center=(0.294,-0.007,0.025) m conf=0.87 edge=1.3deg sides=(0.050,0.037)m sync_rate=14.06 Hz mask_px=2084[0m
[0m[INFO] [1789228060.876649163] [perception]: DETECTED pixel=(105,150) depth=0.107 m surface=(0.295,-0.007,0.050) m center=(0.295,-0.007,0.025) m conf=0.88 edge=1.8deg sides=(0.050,0.037)m sync_rate=14.07 Hz mask_px=2084[0m
[0m[INFO] [1789228061.901055945] [perception]: DETECTED pixel=(105,150) depth=0.107 m surface=(0.295,-0.007,0.050) m center=(0.295,-0.007,0.025) m conf=0.90 edge=1.8deg sides=(0.050,0.037)m sync_rate=14.07 Hz mask_px=2106[0m
[0m[INFO] [1789228062.940718264] [perception]: DETECTED pixel=(105,150) depth=0.107 m surface=(0.294,-0.006,0.050) m center=(0.294,-0.006,0.025) m conf=0.90 edge=0.9deg sides=(0.050,0.037)m sync_rate=14.07 Hz mask_px=2138[0m
[0m[INFO] [1789228063.999962812] [perception]: DETECTED pixel=(105,150) depth=0.107 m surface=(0.294,-0.006,0.050) m center=(0.294,-0.006,0.025) m conf=0.90 edge=0.8deg sides=(0.050,0.037)m sync_rate=14.07 Hz mask_px=2138[0m
[0m[INFO] [1789228065.048938255] [perception]: DETECTED pixel=(113,154) depth=0.111 m surface=(0.295,-0.006,0.050) m center=(0.295,-0.006,0.025) m conf=0.88 edge=0.4deg sides=(0.050,0.036)m sync_rate=14.07 Hz mask_px=1525[0m
[0m[INFO] [1789228066.057712047] [perception]: NOT DETECTED[0m
[0m[INFO] [1789228067.661511168] [perception]: DETECTED pixel=(90,93) depth=0.339 m surface=(0.287,-0.009,0.051) m center=(0.287,-0.009,0.026) m conf=0.80 edge=-0.2deg sides=(0.049,0.049)m sync_rate=14.07 Hz mask_px=482[0m
[0m[INFO] [1789228068.723279878] [perception]: DETECTED pixel=(83,85) depth=0.340 m surface=(0.292,-0.019,0.052) m center=(0.292,-0.019,0.027) m conf=0.95 edge=0.3deg sides=(0.050,0.049)m sync_rate=14.07 Hz mask_px=1231[0m
[0m[INFO] [1789228069.750482823] [perception]: DETECTED pixel=(83,85) depth=0.340 m surface=(0.292,-0.019,0.052) m center=(0.292,-0.019,0.027) m conf=0.95 edge=-0.1deg sides=(0.050,0.049)m sync_rate=14.06 Hz mask_px=1232[0m
[0m[INFO] [1789228070.773475276] [perception]: DETECTED pixel=(83,85) depth=0.340 m surface=(0.292,-0.019,0.052) m center=(0.292,-0.019,0.027) m conf=0.95 edge=-0.1deg sides=(0.050,0.049)m sync_rate=14.06 Hz mask_px=1232[0m
[0m[INFO] [1789228071.820391000] [perception]: DETECTED pixel=(84,85) depth=0.342 m surface=(0.293,-0.019,0.052) m center=(0.293,-0.019,0.027) m conf=0.94 edge=-0.2deg sides=(0.050,0.049)m sync_rate=14.06 Hz mask_px=1140[0m
[0m[INFO] [1789228072.846524227] [perception]: NOT DETECTED[0m
[0m[INFO] [1789228073.872553536] [perception]: NOT DETECTED[0m
[0m[INFO] [1789228074.916881897] [perception]: NOT DETECTED[0m
[0m[INFO] [1789228076.980172759] [perception]: DETECTED pixel=(118,102) depth=0.127 m surface=(0.299,-0.018,0.050) m center=(0.299,-0.018,0.025) m conf=0.79 edge=-0.1deg sides=(0.050,0.036)m sync_rate=14.07 Hz mask_px=408[0m
[0m[INFO] [1789228078.026598525] [perception]: DETECTED pixel=(121,156) depth=0.123 m surface=(0.299,-0.018,0.050) m center=(0.299,-0.018,0.025) m conf=0.86 edge=-0.4deg sides=(0.050,0.036)m sync_rate=14.07 Hz mask_px=643[0m
[0m[INFO] [1789228079.079397340] [perception]: DETECTED pixel=(119,156) depth=0.119 m surface=(0.299,-0.018,0.050) m center=(0.299,-0.018,0.025) m conf=0.87 edge=-0.2deg sides=(0.050,0.037)m sync_rate=14.07 Hz mask_px=939[0m
[0m[INFO] [1789228080.135923745] [perception]: DETECTED pixel=(116,156) depth=0.115 m surface=(0.299,-0.018,0.050) m center=(0.299,-0.018,0.025) m conf=0.87 edge=-0.1deg sides=(0.050,0.038)m sync_rate=14.07 Hz mask_px=1341[0m
[0m[INFO] [1789228081.137238325] [perception]: DETECTED pixel=(112,155) depth=0.110 m surface=(0.298,-0.018,0.050) m center=(0.298,-0.018,0.025) m conf=0.87 edge=0.1deg sides=(0.050,0.038)m sync_rate=14.07 Hz mask_px=1998[0m
[0m[INFO] [1789228082.163062145] [perception]: DETECTED pixel=(108,152) depth=0.111 m surface=(0.298,-0.019,0.050) m center=(0.298,-0.019,0.025) m conf=0.88 edge=-0.0deg sides=(0.050,0.038)m sync_rate=14.07 Hz mask_px=1780[0m
[0m[INFO] [1789228083.178870721] [perception]: DETECTED pixel=(107,150) depth=0.113 m surface=(0.300,-0.020,0.049) m center=(0.300,-0.020,0.024) m conf=0.87 edge=1.1deg sides=(0.050,0.039)m sync_rate=14.07 Hz mask_px=1810[0m
[0m[INFO] [1789228084.217021581] [perception]: DETECTED pixel=(106,149) depth=0.112 m surface=(0.299,-0.020,0.050) m center=(0.299,-0.020,0.025) m conf=0.87 edge=0.1deg sides=(0.050,0.040)m sync_rate=14.07 Hz mask_px=2032[0m
[0m[INFO] [1789228085.219959803] [perception]: DETECTED pixel=(105,149) depth=0.111 m surface=(0.300,-0.020,0.050) m center=(0.300,-0.020,0.025) m conf=0.87 edge=1.5deg sides=(0.050,0.040)m sync_rate=14.07 Hz mask_px=2132[0m
[0m[INFO] [1789228086.252860520] [perception]: DETECTED pixel=(105,149) depth=0.111 m surface=(0.300,-0.020,0.050) m center=(0.300,-0.020,0.025) m conf=0.87 edge=1.2deg sides=(0.050,0.039)m sync_rate=14.08 Hz mask_px=2195[0m
[0m[INFO] [1789228087.311941950] [perception]: DETECTED pixel=(105,149) depth=0.111 m surface=(0.299,-0.020,0.069) m center=(0.299,-0.020,0.044) m conf=0.85 edge=0.8deg sides=(0.050,0.040)m sync_rate=14.08 Hz mask_px=2181[0m
[0m[INFO] [1789228095.912015500] [perception]: DETECTED pixel=(106,149) depth=0.112 m surface=(0.302,-0.019,0.079) m center=(0.302,-0.019,0.054) m conf=0.77 edge=0.1deg sides=(0.050,0.039)m sync_rate=14.08 Hz mask_px=2093[0m
[0m[INFO] [1789228096.918312653] [perception]: DETECTED pixel=(105,148) depth=0.111 m surface=(0.299,-0.019,0.050) m center=(0.299,-0.019,0.025) m conf=0.87 edge=-0.1deg sides=(0.050,0.040)m sync_rate=14.08 Hz mask_px=2205[0m
[0m[INFO] [1789228097.921096571] [perception]: DETECTED pixel=(104,148) depth=0.111 m surface=(0.299,-0.019,0.050) m center=(0.299,-0.019,0.025) m conf=0.84 edge=0.4deg sides=(0.050,0.040)m sync_rate=14.08 Hz mask_px=2268[0m
[0m[INFO] [1789228098.953407066] [perception]: DETECTED pixel=(104,148) depth=0.111 m surface=(0.299,-0.019,0.050) m center=(0.299,-0.019,0.025) m conf=0.84 edge=0.5deg sides=(0.050,0.040)m sync_rate=14.08 Hz mask_px=2268[0m
[0m[INFO] [1789228099.968700236] [perception]: DETECTED pixel=(104,148) depth=0.111 m surface=(0.300,-0.019,0.050) m center=(0.300,-0.019,0.025) m conf=0.85 edge=0.8deg sides=(0.050,0.040)m sync_rate=14.08 Hz mask_px=2268[0m
[0m[INFO] [1789228100.988861822] [perception]: DETECTED pixel=(104,148) depth=0.111 m surface=(0.300,-0.019,0.050) m center=(0.300,-0.019,0.025) m conf=0.84 edge=1.4deg sides=(0.050,0.040)m sync_rate=14.09 Hz mask_px=2268[0m
[0m[INFO] [1789228102.016796108] [perception]: DETECTED pixel=(104,148) depth=0.111 m surface=(0.299,-0.019,0.050) m center=(0.299,-0.019,0.025) m conf=0.85 edge=0.6deg sides=(0.050,0.040)m sync_rate=14.09 Hz mask_px=2268[0m
[0m[INFO] [1789228103.076817082] [perception]: DETECTED pixel=(107,149) depth=0.111 m surface=(0.300,-0.019,0.050) m center=(0.300,-0.019,0.025) m conf=0.83 edge=0.8deg sides=(0.050,0.040)m sync_rate=14.09 Hz mask_px=2495[0m
[0m[INFO] [1789228104.094354002] [perception]: NOT DETECTED[0m
[0m[INFO] [1789228105.134859513] [perception]: NOT DETECTED[0m
[0m[INFO] [1789228106.167922141] [perception]: DETECTED pixel=(90,84) depth=0.342 m surface=(0.295,-0.019,0.050) m center=(0.295,-0.019,0.025) m conf=0.93 edge=0.2deg sides=(0.050,0.050)m sync_rate=14.09 Hz mask_px=667[0m
[0m[INFO] [1789228107.173333064] [perception]: DETECTED pixel=(78,115) depth=0.346 m surface=(0.314,0.018,0.050) m center=(0.314,0.018,0.025) m conf=0.86 edge=-0.1deg sides=(0.050,0.049)m sync_rate=14.08 Hz mask_px=1426[0m
[0m[INFO] [1789228108.192307441] [perception]: DETECTED pixel=(78,115) depth=0.346 m surface=(0.314,0.018,0.050) m center=(0.314,0.018,0.025) m conf=0.96 edge=-0.2deg sides=(0.050,0.049)m sync_rate=14.08 Hz mask_px=1426[0m
[0m[INFO] [1789228109.224169111] [perception]: DETECTED pixel=(78,115) depth=0.346 m surface=(0.314,0.018,0.050) m center=(0.314,0.018,0.025) m conf=0.97 edge=-0.2deg sides=(0.050,0.049)m sync_rate=14.08 Hz mask_px=1426[0m
[0m[INFO] [1789228110.268856493] [perception]: DETECTED pixel=(78,115) depth=0.346 m surface=(0.314,0.018,0.050) m center=(0.314,0.018,0.025) m conf=0.96 edge=-0.5deg sides=(0.050,0.049)m sync_rate=14.08 Hz mask_px=1426[0m
[0m[INFO] [1789228111.293527300] [perception]: NOT DETECTED[0m
[0m[INFO] [1789228112.313393943] [perception]: NOT DETECTED[0m
[0m[INFO] [1789228113.360097632] [perception]: NOT DETECTED[0m
[0m[INFO] [1789228114.386010280] [perception]: NOT DETECTED[0m
[0m[INFO] [1789228115.409321249] [perception]: NOT DETECTED[0m
[0m[INFO] [1789228142.773194903] [perception]: NOT DETECTED[0m
[0m[INFO] [1789228143.806992236] [perception]: NOT DETECTED[0m
[0m[INFO] [1789228144.921441111] [perception]: DETECTED pixel=(91,115) depth=0.351 m surface=(0.315,0.016,0.050) m center=(0.315,0.016,0.025) m conf=0.80 edge=-0.4deg sides=(0.050,0.050)m sync_rate=14.11 Hz mask_px=551[0m
[0m[INFO] [1789228145.971415343] [perception]: DETECTED pixel=(76,99) depth=0.348 m surface=(0.317,-0.002,0.050) m center=(0.317,-0.002,0.025) m conf=0.86 edge=-0.0deg sides=(0.050,0.049)m sync_rate=14.10 Hz mask_px=1404[0m
[0m[INFO] [1789228146.971411689] [perception]: DETECTED pixel=(76,99) depth=0.348 m surface=(0.316,-0.002,0.050) m center=(0.316,-0.002,0.025) m conf=0.97 edge=-0.1deg sides=(0.050,0.049)m sync_rate=14.09 Hz mask_px=1403[0m
[0m[INFO] [1789228147.997017414] [perception]: DETECTED pixel=(75,99) depth=0.349 m surface=(0.318,-0.002,0.050) m center=(0.318,-0.002,0.025) m conf=0.97 edge=-0.0deg sides=(0.051,0.050)m sync_rate=14.09 Hz mask_px=1441[0m
[0m[INFO] [1789228149.026286421] [perception]: DETECTED pixel=(75,99) depth=0.349 m surface=(0.317,-0.002,0.050) m center=(0.317,-0.002,0.025) m conf=0.97 edge=-0.1deg sides=(0.051,0.050)m sync_rate=14.09 Hz mask_px=1441[0m
[0m[INFO] [1789228150.322955670] [perception]: NOT DETECTED[0m
[0m[INFO] [1789228151.362750100] [perception]: NOT DETECTED[0m
[0m[INFO] [1789228152.382676659] [perception]: NOT DETECTED[0m
[0m[INFO] [1789228153.403562964] [perception]: NOT DETECTED[0m
[0m[INFO] [1789228154.417384105] [perception]: NOT DETECTED[0m
[0m[INFO] [1789228182.286115217] [perception]: NOT DETECTED[0m
[0m[INFO] [1789228183.330499291] [perception]: NOT DETECTED[0m
[0m[INFO] [1789228184.351431927] [perception]: DETECTED pixel=(90,98) depth=0.354 m surface=(0.320,-0.003,0.049) m center=(0.320,-0.003,0.024) m conf=0.79 edge=-0.3deg sides=(0.050,0.050)m sync_rate=14.12 Hz mask_px=464[0m
[0m[INFO] [1789228185.412520197] [perception]: DETECTED pixel=(77,110) depth=0.347 m surface=(0.312,0.011,0.049) m center=(0.312,0.011,0.024) m conf=0.87 edge=-0.3deg sides=(0.050,0.049)m sync_rate=14.11 Hz mask_px=1371[0m
[0m[INFO] [1789228186.428659897] [perception]: DETECTED pixel=(77,110) depth=0.347 m surface=(0.313,0.011,0.049) m center=(0.313,0.011,0.024) m conf=0.97 edge=-0.3deg sides=(0.051,0.050)m sync_rate=14.11 Hz mask_px=1410[0m
[0m[INFO] [1789228187.476832918] [perception]: DETECTED pixel=(77,110) depth=0.347 m surface=(0.313,0.011,0.049) m center=(0.313,0.011,0.024) m conf=0.98 edge=-0.2deg sides=(0.051,0.050)m sync_rate=14.11 Hz mask_px=1410[0m
[0m[INFO] [1789228188.539633863] [perception]: DETECTED pixel=(77,110) depth=0.347 m surface=(0.313,0.011,0.049) m center=(0.313,0.011,0.024) m conf=0.97 edge=-0.1deg sides=(0.051,0.050)m sync_rate=14.11 Hz mask_px=1410[0m
[0m[INFO] [1789228189.612280904] [perception]: NOT DETECTED[0m
[0m[INFO] [1789228190.647733537] [perception]: NOT DETECTED[0m
[0m[INFO] [1789228191.680863964] [perception]: NOT DETECTED[0m
[0m[INFO] [1789228192.722722917] [perception]: NOT DETECTED[0m
[0m[INFO] [1789228221.697744550] [perception]: NOT DETECTED[0m
[0m[INFO] [1789228222.726156967] [perception]: NOT DETECTED[0m
[0m[INFO] [1789228223.750974287] [perception]: DETECTED pixel=(90,109) depth=0.351 m surface=(0.320,0.009,0.050) m center=(0.320,0.009,0.025) m conf=0.80 edge=-0.5deg sides=(0.051,0.049)m sync_rate=14.13 Hz mask_px=480[0m
[0m[INFO] [1789228224.845279943] [perception]: DETECTED pixel=(79,112) depth=0.345 m surface=(0.309,0.012,0.050) m center=(0.309,0.012,0.025) m conf=0.87 edge=-0.2deg sides=(0.050,0.049)m sync_rate=14.12 Hz mask_px=1341[0m
[0m[INFO] [1789228225.863444115] [perception]: DETECTED pixel=(79,112) depth=0.345 m surface=(0.309,0.012,0.050) m center=(0.309,0.012,0.025) m conf=0.97 edge=-0.1deg sides=(0.050,0.049)m sync_rate=14.12 Hz mask_px=1341[0m
[0m[INFO] [1789228226.932509648] [perception]: DETECTED pixel=(79,112) depth=0.345 m surface=(0.309,0.012,0.050) m center=(0.309,0.012,0.025) m conf=0.97 edge=-0.1deg sides=(0.050,0.049)m sync_rate=14.12 Hz mask_px=1341[0m
[0m[INFO] [1789228227.973864882] [perception]: DETECTED pixel=(79,112) depth=0.345 m surface=(0.309,0.012,0.050) m center=(0.309,0.012,0.025) m conf=0.96 edge=-0.3deg sides=(0.050,0.049)m sync_rate=14.12 Hz mask_px=1341[0m
[0m[INFO] [1789228228.998619115] [perception]: NOT DETECTED[0m
[0m[INFO] [1789228230.021505551] [perception]: NOT DETECTED[0m
[0m[INFO] [1789228231.047690910] [perception]: NOT DETECTED[0m
[0m[INFO] [1789228232.077594122] [perception]: NOT DETECTED[0m
[0m[INFO] [1789228233.098012988] [perception]: NOT DETECTED[0m
[0m[INFO] [1789228253.464214743] [perception]: DETECTED pixel=(109,47) depth=0.112 m surface=(0.320,0.010,0.079) m center=(0.320,0.010,0.054) m conf=0.80 edge=3.0deg sides=(0.050,0.039)m sync_rate=14.13 Hz mask_px=1554[0m
[0m[INFO] [1789228261.095975118] [perception]: NOT DETECTED[0m
[0m[INFO] [1789228262.124804574] [perception]: NOT DETECTED[0m
[0m[INFO] [1789228263.318107346] [perception]: DETECTED pixel=(90,110) depth=0.349 m surface=(0.312,0.013,0.051) m center=(0.312,0.013,0.026) m conf=0.80 edge=0.2deg sides=(0.050,0.049)m sync_rate=14.14 Hz mask_px=534[0m
[0m[INFO] [1789228264.355776197] [perception]: DETECTED pixel=(75,100) depth=0.349 m surface=(0.321,0.001,0.051) m center=(0.321,0.001,0.026) m conf=0.88 edge=0.4deg sides=(0.050,0.050)m sync_rate=14.13 Hz mask_px=1440[0m
[0m[INFO] [1789228265.382459329] [perception]: DETECTED pixel=(75,100) depth=0.349 m surface=(0.321,0.001,0.051) m center=(0.321,0.001,0.026) m conf=0.97 edge=-0.0deg sides=(0.050,0.050)m sync_rate=14.13 Hz mask_px=1440[0m
[0m[INFO] [1789228266.389443948] [perception]: DETECTED pixel=(75,100) depth=0.349 m surface=(0.321,0.001,0.051) m center=(0.321,0.001,0.026) m conf=0.97 edge=-0.3deg sides=(0.050,0.050)m sync_rate=14.13 Hz mask_px=1440[0m
[0m[INFO] [1789228267.414365874] [perception]: DETECTED pixel=(75,100) depth=0.349 m surface=(0.321,0.001,0.051) m center=(0.321,0.001,0.026) m conf=0.98 edge=-0.1deg sides=(0.050,0.050)m sync_rate=14.13 Hz mask_px=1440[0m
[0m[INFO] [1789228268.462211439] [perception]: DETECTED pixel=(76,100) depth=0.348 m surface=(0.320,0.001,0.051) m center=(0.320,0.001,0.026) m conf=0.96 edge=0.2deg sides=(0.050,0.049)m sync_rate=14.13 Hz mask_px=1404[0m
[0m[INFO] [1789228269.521227668] [perception]: NOT DETECTED[0m
[0m[INFO] [1789228270.534451859] [perception]: NOT DETECTED[0m
[0m[INFO] [1789228271.580917981] [perception]: NOT DETECTED[0m
[0m[INFO] [1789228272.619157594] [perception]: NOT DETECTED[0m
[0m[INFO] [1789228273.679151270] [perception]: NOT DETECTED[0m
[0m[INFO] [1789228274.720569624] [perception]: NOT DETECTED[0m
[0m[INFO] [1789228275.761435953] [perception]: NOT DETECTED[0m
[0m[INFO] [1789228276.801742559] [perception]: DETECTED pixel=(122,44) depth=0.118 m surface=(0.329,0.001,0.051) m center=(0.329,0.001,0.026) m conf=0.79 edge=0.7deg sides=(0.050,0.035)m sync_rate=14.13 Hz mask_px=550[0m
[0m[INFO] [1789228277.848344240] [perception]: DETECTED pixel=(119,44) depth=0.114 m surface=(0.327,0.001,0.051) m center=(0.327,0.001,0.026) m conf=0.91 edge=0.5deg sides=(0.050,0.036)m sync_rate=14.13 Hz mask_px=904[0m
[0m[INFO] [1789228279.439623978] [perception]: DETECTED pixel=(113,47) depth=0.115 m surface=(0.328,0.002,0.051) m center=(0.328,0.002,0.026) m conf=0.80 edge=0.4deg sides=(0.050,0.037)m sync_rate=14.13 Hz mask_px=853[0m
[0m[INFO] [1789228280.440569203] [perception]: DETECTED pixel=(111,48) depth=0.116 m surface=(0.329,0.002,0.049) m center=(0.329,0.002,0.024) m conf=0.89 edge=0.3deg sides=(0.050,0.039)m sync_rate=14.13 Hz mask_px=942[0m
[0m[INFO] [1789228293.968977016] [perception]: DETECTED pixel=(110,49) depth=0.116 m surface=(0.329,0.002,0.051) m center=(0.329,0.002,0.026) m conf=0.80 edge=0.2deg sides=(0.050,0.039)m sync_rate=14.13 Hz mask_px=1072[0m
[0m[INFO] [1789228300.790772291] [perception]: DETECTED pixel=(115,152) depth=0.117 m surface=(0.329,0.002,0.051) m center=(0.329,0.002,0.026) m conf=0.78 edge=0.1deg sides=(0.050,0.039)m sync_rate=14.13 Hz mask_px=991[0m
[0m[INFO] [1789228301.825300922] [perception]: NOT DETECTED[0m
[0m[INFO] [1789228302.867725334] [perception]: NOT DETECTED[0m
[0m[INFO] [1789228303.913185148] [perception]: DETECTED pixel=(78,100) depth=0.351 m surface=(0.320,-0.007,0.050) m center=(0.320,-0.007,0.025) m conf=0.96 edge=-0.2deg sides=(0.050,0.049)m sync_rate=14.13 Hz mask_px=1248[0m
[0m[INFO] [1789228305.069542905] [perception]: DETECTED pixel=(80,84) depth=0.343 m surface=(0.301,-0.027,0.050) m center=(0.301,-0.027,0.025) m conf=0.96 edge=-0.5deg sides=(0.050,0.050)m sync_rate=14.13 Hz mask_px=1343[0m
[0m[INFO] [1789228306.077888988] [perception]: DETECTED pixel=(80,84) depth=0.344 m surface=(0.301,-0.027,0.050) m center=(0.301,-0.027,0.025) m conf=0.97 edge=-0.3deg sides=(0.050,0.050)m sync_rate=14.12 Hz mask_px=1343[0m
[0m[INFO] [1789228307.101495653] [perception]: DETECTED pixel=(80,84) depth=0.343 m surface=(0.301,-0.026,0.050) m center=(0.301,-0.026,0.025) m conf=0.96 edge=-0.2deg sides=(0.050,0.050)m sync_rate=14.12 Hz mask_px=1343[0m
[0m[INFO] [1789228308.111273051] [perception]: DETECTED pixel=(80,84) depth=0.343 m surface=(0.301,-0.026,0.050) m center=(0.301,-0.026,0.025) m conf=0.97 edge=-0.2deg sides=(0.050,0.050)m sync_rate=14.12 Hz mask_px=1343[0m
[0m[INFO] [1789228309.278999804] [perception]: NOT DETECTED[0m
[0m[INFO] [1789228310.310495760] [perception]: NOT DETECTED[0m
[0m[INFO] [1789228311.355359276] [perception]: NOT DETECTED[0m
[0m[INFO] [1789228312.357825516] [perception]: DETECTED pixel=(125,164) depth=0.131 m surface=(0.302,-0.018,0.050) m center=(0.302,-0.018,0.025) m conf=0.87 edge=-0.2deg sides=(0.050,0.038)m sync_rate=14.12 Hz mask_px=411[0m
[0m[INFO] [1789228313.370906848] [perception]: DETECTED pixel=(124,165) depth=0.128 m surface=(0.313,-0.020,0.050) m center=(0.313,-0.020,0.025) m conf=0.84 edge=15.6deg sides=(0.038,0.037)m sync_rate=14.12 Hz mask_px=548[0m
[0m[INFO] [1789228314.417946955] [perception]: DETECTED pixel=(121,164) depth=0.124 m surface=(0.307,-0.016,0.050) m center=(0.307,-0.016,0.025) m conf=0.87 edge=-4.5deg sides=(0.037,0.037)m sync_rate=14.12 Hz mask_px=728[0m
[0m[INFO] [1789228315.881944092] [perception]: DETECTED pixel=(116,163) depth=0.118 m surface=(0.307,-0.025,0.051) m center=(0.307,-0.025,0.026) m conf=0.80 edge=-0.8deg sides=(0.050,0.038)m sync_rate=14.13 Hz mask_px=1135[0m
[0m[INFO] [1789228322.888825816] [perception]: DETECTED pixel=(101,108) depth=0.112 m surface=(0.307,-0.031,0.057) m center=(0.307,-0.031,0.032) m conf=0.67 edge=0.1deg sides=(0.050,0.042)m sync_rate=14.13 Hz mask_px=2511[0m
[0m[INFO] [1789228331.899906800] [perception]: DETECTED pixel=(101,111) depth=0.113 m surface=(0.310,-0.031,0.077) m center=(0.310,-0.031,0.052) m conf=0.67 edge=-0.4deg sides=(0.050,0.041)m sync_rate=14.13 Hz mask_px=2418[0m
[0m[INFO] [1789228340.359526927] [perception]: DETECTED pixel=(113,154) depth=0.118 m surface=(0.309,-0.031,0.051) m center=(0.309,-0.031,0.026) m conf=0.79 edge=-0.3deg sides=(0.050,0.040)m sync_rate=14.13 Hz mask_px=1130[0m
[0m[INFO] [1789228341.395276005] [perception]: NOT DETECTED[0m
[0m[INFO] [1789228342.791643709] [perception]: DETECTED pixel=(92,78) depth=0.344 m surface=(0.306,-0.026,0.051) m center=(0.306,-0.026,0.026) m conf=0.81 edge=-0.5deg sides=(0.050,0.049)m sync_rate=14.13 Hz mask_px=554[0m
[0m[INFO] [1789228343.801530435] [perception]: DETECTED pixel=(77,109) depth=0.347 m surface=(0.317,0.012,0.051) m center=(0.317,0.012,0.026) m conf=0.87 edge=-0.1deg sides=(0.050,0.049)m sync_rate=14.12 Hz mask_px=1395[0m
[0m[INFO] [1789228344.815342032] [perception]: DETECTED pixel=(76,109) depth=0.348 m surface=(0.317,0.012,0.051) m center=(0.317,0.012,0.026) m conf=0.97 edge=0.0deg sides=(0.050,0.049)m sync_rate=14.12 Hz mask_px=1396[0m
[0m[INFO] [1789228345.840507990] [perception]: DETECTED pixel=(76,109) depth=0.348 m surface=(0.317,0.012,0.051) m center=(0.317,0.012,0.026) m conf=0.97 edge=-0.0deg sides=(0.050,0.049)m sync_rate=14.12 Hz mask_px=1396[0m
[0m[INFO] [1789228346.852323711] [perception]: DETECTED pixel=(76,109) depth=0.348 m surface=(0.317,0.012,0.051) m center=(0.317,0.012,0.026) m conf=0.97 edge=-0.0deg sides=(0.050,0.049)m sync_rate=14.12 Hz mask_px=1396[0m
[0m[INFO] [1789228347.892915896] [perception]: NOT DETECTED[0m
[0m[INFO] [1789228348.939480011] [perception]: NOT DETECTED[0m
[0m[INFO] [1789228349.962656237] [perception]: NOT DETECTED[0m
[0m[INFO] [1789228350.999146392] [perception]: NOT DETECTED[0m
[0m[INFO] [1789228352.022754298] [perception]: NOT DETECTED[0m
[0m[INFO] [1789228353.047655844] [perception]: NOT DETECTED[0m
[0m[INFO] [1789228379.107050089] [perception]: NOT DETECTED[0m
[0m[INFO] [1789228380.133765893] [perception]: NOT DETECTED[0m
[0m[INFO] [1789228381.252245694] [perception]: DETECTED pixel=(90,109) depth=0.353 m surface=(0.321,0.008,0.051) m center=(0.321,0.008,0.026) m conf=0.80 edge=-1.1deg sides=(0.050,0.049)m sync_rate=14.13 Hz mask_px=527[0m
[0m[INFO] [1789228382.309259274] [perception]: DETECTED pixel=(77,98) depth=0.347 m surface=(0.312,-0.007,0.051) m center=(0.312,-0.007,0.026) m conf=0.87 edge=-0.1deg sides=(0.051,0.050)m sync_rate=14.13 Hz mask_px=1360[0m
[0m[INFO] [1789228383.340269553] [perception]: DETECTED pixel=(77,98) depth=0.347 m surface=(0.312,-0.007,0.051) m center=(0.312,-0.007,0.026) m conf=0.97 edge=-0.1deg sides=(0.050,0.050)m sync_rate=14.12 Hz mask_px=1360[0m
[0m[INFO] [1789228384.359564100] [perception]: DETECTED pixel=(77,98) depth=0.347 m surface=(0.312,-0.007,0.051) m center=(0.312,-0.007,0.026) m conf=0.98 edge=-0.0deg sides=(0.050,0.050)m sync_rate=14.12 Hz mask_px=1360[0m
[0m[INFO] [1789228385.383211028] [perception]: DETECTED pixel=(77,98) depth=0.347 m surface=(0.312,-0.007,0.051) m center=(0.312,-0.007,0.026) m conf=0.97 edge=0.2deg sides=(0.050,0.050)m sync_rate=14.12 Hz mask_px=1360[0m
[0m[INFO] [1789228386.392523560] [perception]: NOT DETECTED[0m
[0m[INFO] [1789228387.445348008] [perception]: NOT DETECTED[0m
[0m[INFO] [1789228388.451788625] [perception]: NOT DETECTED[0m
[0m[INFO] [1789228389.497357702] [perception]: NOT DETECTED[0m
[0m[INFO] [1789228390.545915823] [perception]: NOT DETECTED[0m
[0m[INFO] [1789228393.120834464] [perception]: DETECTED pixel=(125,159) depth=0.118 m surface=(0.311,-0.008,0.050) m center=(0.311,-0.008,0.025) m conf=0.80 edge=-0.3deg sides=(0.050,0.050)m sync_rate=14.13 Hz mask_px=592[0m
[0m[INFO] [1789228394.500451636] [perception]: DETECTED pixel=(120,157) depth=0.112 m surface=(0.319,-0.009,0.050) m center=(0.319,-0.009,0.025) m conf=0.78 edge=-0.4deg sides=(0.050,0.035)m sync_rate=14.13 Hz mask_px=979[0m
[0m[INFO] [1789228396.429463202] [perception]: DETECTED pixel=(110,48) depth=0.113 m surface=(0.319,-0.011,0.050) m center=(0.319,-0.011,0.025) m conf=0.80 edge=-0.1deg sides=(0.050,0.037)m sync_rate=14.13 Hz mask_px=1015[0m
[0m[INFO] [1789228397.487673664] [perception]: DETECTED pixel=(111,152) depth=0.113 m surface=(0.320,-0.011,0.049) m center=(0.320,-0.011,0.024) m conf=0.90 edge=0.8deg sides=(0.050,0.038)m sync_rate=14.13 Hz mask_px=1103[0m
[0m[INFO] [1789228416.965827204] [perception]: DETECTED pixel=(115,154) depth=0.113 m surface=(0.320,-0.010,0.050) m center=(0.320,-0.010,0.025) m conf=0.79 edge=0.2deg sides=(0.050,0.038)m sync_rate=14.13 Hz mask_px=1318[0m
[0m[INFO] [1789228417.989154762] [perception]: NOT DETECTED[0m
[0m[INFO] [1789228419.024634007] [perception]: NOT DETECTED[0m
[0m[INFO] [1789228420.055611516] [perception]: DETECTED pixel=(77,94) depth=0.348 m surface=(0.310,-0.007,0.052) m center=(0.310,-0.007,0.027) m conf=0.97 edge=0.1deg sides=(0.050,0.050)m sync_rate=14.13 Hz mask_px=1352[0m
[0m[INFO] [1789228421.072403103] [perception]: DETECTED pixel=(75,110) depth=0.349 m surface=(0.319,0.012,0.052) m center=(0.319,0.012,0.027) m conf=0.97 edge=-0.0deg sides=(0.050,0.049)m sync_rate=14.13 Hz mask_px=1500[0m
[0m[INFO] [1789228422.081576183] [perception]: DETECTED pixel=(75,110) depth=0.349 m surface=(0.319,0.012,0.052) m center=(0.319,0.012,0.027) m conf=0.97 edge=-0.4deg sides=(0.050,0.050)m sync_rate=14.13 Hz mask_px=1500[0m
[0m[INFO] [1789228423.085302188] [perception]: DETECTED pixel=(75,110) depth=0.349 m surface=(0.319,0.012,0.052) m center=(0.319,0.012,0.027) m conf=0.98 edge=0.1deg sides=(0.050,0.049)m sync_rate=14.13 Hz mask_px=1500[0m
[0m[INFO] [1789228424.121222329] [perception]: DETECTED pixel=(86,109) depth=0.359 m surface=(0.324,0.012,0.052) m center=(0.324,0.012,0.027) m conf=0.88 edge=0.6deg sides=(0.050,0.038)m sync_rate=14.13 Hz mask_px=835[0m
[0m[INFO] [1789228425.133122601] [perception]: NOT DETECTED[0m
[0m[INFO] [1789228426.231356309] [perception]: NOT DETECTED[0m
[0m[INFO] [1789228427.237208850] [perception]: NOT DETECTED[0m
[0m[INFO] [1789228428.271777110] [perception]: NOT DETECTED[0m
[0m[INFO] [1789228429.310369554] [perception]: NOT DETECTED[0m
[0m[INFO] [1789228430.352640805] [perception]: DETECTED pixel=(118,98) depth=0.127 m surface=(0.326,0.012,0.052) m center=(0.326,0.012,0.027) m conf=0.90 edge=0.9deg sides=(0.050,0.036)m sync_rate=14.13 Hz mask_px=331[0m
[0m[INFO] [1789228431.409696761] [perception]: DETECTED pixel=(118,98) depth=0.122 m surface=(0.325,0.012,0.052) m center=(0.325,0.012,0.027) m conf=0.91 edge=0.0deg sides=(0.050,0.038)m sync_rate=14.13 Hz mask_px=556[0m
[0m[INFO] [1789228432.455759899] [perception]: DETECTED pixel=(112,48) depth=0.119 m surface=(0.325,0.012,0.052) m center=(0.325,0.012,0.027) m conf=0.89 edge=0.4deg sides=(0.050,0.040)m sync_rate=14.13 Hz mask_px=886[0m
[0m[INFO] [1789228433.500238302] [perception]: DETECTED pixel=(109,49) depth=0.116 m surface=(0.326,0.011,0.052) m center=(0.326,0.011,0.027) m conf=0.90 edge=4.4deg sides=(0.051,0.041)m sync_rate=14.13 Hz mask_px=1349[0m
[0m[INFO] [1789228434.501401121] [perception]: DETECTED pixel=(108,49) depth=0.116 m surface=(0.325,0.012,0.051) m center=(0.325,0.012,0.026) m conf=0.90 edge=0.1deg sides=(0.050,0.042)m sync_rate=14.13 Hz mask_px=1404[0m
[0m[INFO] [1789228435.524902721] [perception]: DETECTED pixel=(107,50) depth=0.117 m surface=(0.325,0.012,0.051) m center=(0.325,0.012,0.026) m conf=0.90 edge=0.3deg sides=(0.050,0.043)m sync_rate=14.13 Hz mask_px=1485[0m
[0m[INFO] [1789228436.565870271] [perception]: DETECTED pixel=(107,50) depth=0.117 m surface=(0.325,0.012,0.051) m center=(0.325,0.012,0.026) m conf=0.89 edge=0.2deg sides=(0.050,0.043)m sync_rate=14.13 Hz mask_px=1580[0m
[0m[INFO] [1789228437.614126735] [perception]: DETECTED pixel=(106,51) depth=0.116 m surface=(0.325,0.012,0.052) m center=(0.325,0.012,0.027) m conf=0.88 edge=0.1deg sides=(0.050,0.043)m sync_rate=14.13 Hz mask_px=1637[0m
[0m[INFO] [1789228438.670417830] [perception]: DETECTED pixel=(106,51) depth=0.116 m surface=(0.326,0.011,0.052) m center=(0.326,0.011,0.027) m conf=0.89 edge=2.2deg sides=(0.050,0.043)m sync_rate=14.13 Hz mask_px=1645[0m
[0m[INFO] [1789228439.678706541] [perception]: DETECTED pixel=(106,51) depth=0.116 m surface=(0.326,0.011,0.052) m center=(0.326,0.011,0.027) m conf=0.88 edge=2.3deg sides=(0.050,0.043)m sync_rate=14.13 Hz mask_px=1649[0m
[0m[INFO] [1789228440.726155837] [perception]: DETECTED pixel=(106,51) depth=0.116 m surface=(0.326,0.011,0.065) m center=(0.326,0.011,0.040) m conf=0.87 edge=2.2deg sides=(0.050,0.043)m sync_rate=14.13 Hz mask_px=1647[0m
[0m[INFO] [1789228449.427508472] [perception]: DETECTED pixel=(107,50) depth=0.117 m surface=(0.328,0.011,0.083) m center=(0.328,0.011,0.058) m conf=0.78 edge=-0.4deg sides=(0.050,0.043)m sync_rate=14.13 Hz mask_px=1602[0m
[0m[INFO] [1789228450.435762127] [perception]: DETECTED pixel=(106,50) depth=0.117 m surface=(0.325,0.011,0.052) m center=(0.325,0.011,0.027) m conf=0.89 edge=-0.3deg sides=(0.050,0.044)m sync_rate=14.13 Hz mask_px=1678[0m
[0m[INFO] [1789228451.489838774] [perception]: DETECTED pixel=(106,51) depth=0.116 m surface=(0.325,0.011,0.052) m center=(0.325,0.011,0.027) m conf=0.88 edge=0.1deg sides=(0.050,0.044)m sync_rate=14.13 Hz mask_px=1735[0m
[0m[INFO] [1789228452.522345519] [perception]: DETECTED pixel=(106,51) depth=0.116 m surface=(0.325,0.011,0.052) m center=(0.325,0.011,0.027) m conf=0.88 edge=0.1deg sides=(0.050,0.044)m sync_rate=14.13 Hz mask_px=1735[0m
[0m[INFO] [1789228453.574243746] [perception]: DETECTED pixel=(106,51) depth=0.116 m surface=(0.326,0.011,0.052) m center=(0.326,0.011,0.027) m conf=0.89 edge=1.9deg sides=(0.050,0.043)m sync_rate=14.13 Hz mask_px=1736[0m
[0m[INFO] [1789228454.626993633] [perception]: DETECTED pixel=(106,51) depth=0.116 m surface=(0.326,0.011,0.052) m center=(0.326,0.011,0.027) m conf=0.89 edge=0.1deg sides=(0.050,0.044)m sync_rate=14.13 Hz mask_px=1735[0m
[0m[INFO] [1789228455.643307996] [perception]: DETECTED pixel=(106,51) depth=0.116 m surface=(0.325,0.011,0.052) m center=(0.325,0.011,0.027) m conf=0.90 edge=0.1deg sides=(0.050,0.044)m sync_rate=14.13 Hz mask_px=1768[0m
[0m[INFO] [1789228456.686953686] [perception]: DETECTED pixel=(108,49) depth=0.118 m surface=(0.326,0.011,0.052) m center=(0.326,0.011,0.027) m conf=0.90 edge=0.0deg sides=(0.050,0.043)m sync_rate=14.13 Hz mask_px=1420[0m
[0m[INFO] [1789228457.722407798] [perception]: NOT DETECTED[0m
[0m[INFO] [1789228459.210542197] [perception]: DETECTED pixel=(90,110) depth=0.355 m surface=(0.328,0.011,0.053) m center=(0.328,0.011,0.028) m conf=0.79 edge=-5.1deg sides=(0.050,0.049)m sync_rate=14.13 Hz mask_px=506[0m
[0m[INFO] [1789228460.341434646] [perception]: DETECTED pixel=(75,96) depth=0.349 m surface=(0.322,-0.007,0.053) m center=(0.322,-0.007,0.028) m conf=0.87 edge=-0.6deg sides=(0.050,0.049)m sync_rate=14.13 Hz mask_px=1440[0m
[0m[INFO] [1789228461.380708222] [perception]: DETECTED pixel=(75,96) depth=0.349 m surface=(0.322,-0.008,0.053) m center=(0.322,-0.008,0.028) m conf=0.97 edge=-0.7deg sides=(0.050,0.049)m sync_rate=14.13 Hz mask_px=1440[0m
[0m[INFO] [1789228462.454584158] [perception]: DETECTED pixel=(75,96) depth=0.349 m surface=(0.322,-0.008,0.053) m center=(0.322,-0.008,0.028) m conf=0.97 edge=-0.7deg sides=(0.050,0.049)m sync_rate=14.13 Hz mask_px=1440[0m
[0m[INFO] [1789228463.466720584] [perception]: DETECTED pixel=(75,96) depth=0.349 m surface=(0.322,-0.007,0.053) m center=(0.322,-0.007,0.028) m conf=0.98 edge=-0.5deg sides=(0.050,0.049)m sync_rate=14.13 Hz mask_px=1440[0m
[0m[INFO] [1789228464.499299037] [perception]: NOT DETECTED[0m
[0m[INFO] [1789228465.535741657] [perception]: NOT DETECTED[0m
[0m[INFO] [1789228466.575708650] [perception]: NOT DETECTED[0m
[0m[INFO] [1789228467.601966372] [perception]: NOT DETECTED[0m
[0m[INFO] [1789228468.607086808] [perception]: NOT DETECTED[0m
[0m[INFO] [1789228469.630276287] [perception]: NOT DETECTED[0m
[0m[INFO] [1789228470.681152775] [perception]: NOT DETECTED[0m
[0m[INFO] [1789228495.835775984] [perception]: NOT DETECTED[0m
[0m[INFO] [1789228496.882678991] [perception]: NOT DETECTED[0m
[0m[INFO] [1789228498.077642496] [perception]: DETECTED pixel=(118,100) depth=0.333 m surface=(0.324,-0.011,0.055) m center=(0.324,-0.011,0.030) m conf=0.85 edge=-0.5deg sides=(0.050,0.049)m sync_rate=14.14 Hz mask_px=320[0m
[0m[INFO] [1789228499.197980875] [perception]: DETECTED pixel=(83,121) depth=0.340 m surface=(0.297,0.022,0.055) m center=(0.297,0.022,0.030) m conf=0.87 edge=-0.4deg sides=(0.049,0.049)m sync_rate=14.13 Hz mask_px=1275[0m
[0m[INFO] [1789228500.279465574] [perception]: DETECTED pixel=(83,121) depth=0.340 m surface=(0.297,0.022,0.055) m center=(0.297,0.022,0.030) m conf=0.96 edge=-0.6deg sides=(0.049,0.049)m sync_rate=14.13 Hz mask_px=1275[0m
[0m[INFO] [1789228501.321300787] [perception]: DETECTED pixel=(83,121) depth=0.340 m surface=(0.297,0.022,0.055) m center=(0.297,0.022,0.030) m conf=0.97 edge=-0.4deg sides=(0.049,0.049)m sync_rate=14.13 Hz mask_px=1275[0m
[0m[INFO] [1789228502.360115981] [perception]: DETECTED pixel=(83,121) depth=0.342 m surface=(0.298,0.022,0.056) m center=(0.298,0.022,0.031) m conf=0.96 edge=-0.4deg sides=(0.050,0.049)m sync_rate=14.13 Hz mask_px=1236[0m
[0m[INFO] [1789228503.390317836] [perception]: NOT DETECTED[0m
[0m[INFO] [1789228504.409671159] [perception]: NOT DETECTED[0m
[0m[INFO] [1789228505.452688906] [perception]: NOT DETECTED[0m
[0m[INFO] [1789228506.503099855] [perception]: NOT DETECTED[0m
[0m[INFO] [1789228507.550968266] [perception]: NOT DETECTED[0m
[0m[INFO] [1789228534.271179766] [perception]: NOT DETECTED[0m
[0m[INFO] [1789228535.313693169] [perception]: NOT DETECTED[0m
[0m[INFO] [1789228536.470007439] [perception]: DETECTED pixel=(92,119) depth=0.343 m surface=(0.302,0.020,0.051) m center=(0.302,0.020,0.026) m conf=0.80 edge=0.4deg sides=(0.050,0.050)m sync_rate=14.14 Hz mask_px=533[0m
[0m[INFO] [1789228537.532306295] [perception]: DETECTED pixel=(83,122) depth=0.340 m surface=(0.302,0.025,0.051) m center=(0.302,0.025,0.026) m conf=0.96 edge=0.3deg sides=(0.051,0.049)m sync_rate=14.14 Hz mask_px=1327[0m
[0m[INFO] [1789228538.539153263] [perception]: DETECTED pixel=(83,122) depth=0.340 m surface=(0.302,0.025,0.051) m center=(0.302,0.025,0.026) m conf=0.96 edge=0.4deg sides=(0.051,0.049)m sync_rate=14.14 Hz mask_px=1325[0m
[0m[INFO] [1789228539.547800283] [perception]: DETECTED pixel=(83,122) depth=0.340 m surface=(0.302,0.025,0.051) m center=(0.302,0.025,0.026) m conf=0.97 edge=0.4deg sides=(0.051,0.049)m sync_rate=14.14 Hz mask_px=1325[0m
[0m[INFO] [1789228540.553371143] [perception]: DETECTED pixel=(83,122) depth=0.341 m surface=(0.301,0.024,0.051) m center=(0.301,0.024,0.026) m conf=0.95 edge=0.4deg sides=(0.050,0.049)m sync_rate=14.14 Hz mask_px=1304[0m
[0m[INFO] [1789228541.582828340] [perception]: NOT DETECTED[0m
[0m[INFO] [1789228542.619043299] [perception]: NOT DETECTED[0m
[0m[INFO] [1789228543.666461471] [perception]: NOT DETECTED[0m
[0m[INFO] [1789228544.704664478] [perception]: NOT DETECTED[0m
[0m[INFO] [1789228545.742182629] [perception]: NOT DETECTED[0m
[0m[INFO] [1789228546.772769512] [perception]: NOT DETECTED[0m
[0m[INFO] [1789228572.564890130] [perception]: NOT DETECTED[0m
[0m[INFO] [1789228573.610548995] [perception]: NOT DETECTED[0m
[0m[INFO] [1789228574.912471024] [perception]: DETECTED pixel=(93,122) depth=0.344 m surface=(0.299,0.019,0.047) m center=(0.299,0.019,0.022) m conf=0.79 edge=0.2deg sides=(0.050,0.049)m sync_rate=14.14 Hz mask_px=483[0m
[0m[INFO] [1789228575.936000574] [perception]: DETECTED pixel=(83,111) depth=0.340 m surface=(0.290,0.006,0.048) m center=(0.290,0.006,0.023) m conf=0.84 edge=-0.7deg sides=(0.050,0.049)m sync_rate=14.14 Hz mask_px=1179[0m
[0m[INFO] [1789228576.963205454] [perception]: DETECTED pixel=(83,111) depth=0.340 m surface=(0.290,0.006,0.048) m center=(0.290,0.006,0.023) m conf=0.95 edge=-0.3deg sides=(0.050,0.049)m sync_rate=14.13 Hz mask_px=1180[0m
[0m[INFO] [1789228577.975839947] [perception]: DETECTED pixel=(83,111) depth=0.340 m surface=(0.290,0.006,0.048) m center=(0.290,0.006,0.023) m conf=0.95 edge=-0.2deg sides=(0.050,0.049)m sync_rate=14.14 Hz mask_px=1180[0m
[0m[INFO] [1789228579.015652921] [perception]: DETECTED pixel=(83,111) depth=0.340 m surface=(0.290,0.007,0.048) m center=(0.290,0.007,0.023) m conf=0.94 edge=-1.1deg sides=(0.050,0.049)m sync_rate=14.14 Hz mask_px=1180[0m
[0m[INFO] [1789228580.264758707] [perception]: NOT DETECTED[0m
[0m[INFO] [1789228581.287445591] [perception]: NOT DETECTED[0m
[0m[INFO] [1789228582.323343152] [perception]: NOT DETECTED[0m
[0m[INFO] [1789228612.583274267] [perception]: NOT DETECTED[0m
[0m[INFO] [1789228613.617899531] [perception]: NOT DETECTED[0m
[0m[INFO] [1789228614.670205157] [perception]: DETECTED pixel=(89,105) depth=0.341 m surface=(0.293,0.008,0.050) m center=(0.293,0.008,0.025) m conf=0.91 edge=-0.0deg sides=(0.051,0.050)m sync_rate=14.15 Hz mask_px=610[0m
[0m[INFO] [1789228615.708085121] [perception]: DETECTED pixel=(80,109) depth=0.344 m surface=(0.301,0.012,0.050) m center=(0.301,0.012,0.025) m conf=0.96 edge=0.0deg sides=(0.050,0.049)m sync_rate=14.14 Hz mask_px=1274[0m
[0m[INFO] [1789228616.754193701] [perception]: DETECTED pixel=(80,109) depth=0.343 m surface=(0.301,0.012,0.050) m center=(0.301,0.012,0.025) m conf=0.95 edge=0.2deg sides=(0.050,0.049)m sync_rate=14.14 Hz mask_px=1274[0m
[0m[INFO] [1789228617.796340360] [perception]: DETECTED pixel=(80,109) depth=0.343 m surface=(0.301,0.012,0.050) m center=(0.301,0.012,0.025) m conf=0.96 edge=0.2deg sides=(0.050,0.049)m sync_rate=14.14 Hz mask_px=1274[0m
[0m[INFO] [1789228618.844218156] [perception]: DETECTED pixel=(80,109) depth=0.344 m surface=(0.302,0.012,0.050) m center=(0.302,0.012,0.025) m conf=0.96 edge=-0.1deg sides=(0.050,0.049)m sync_rate=14.14 Hz mask_px=1292[0m
[0m[INFO] [1789228619.871752314] [perception]: NOT DETECTED[0m
[0m[INFO] [1789228620.937440818] [perception]: NOT DETECTED[0m
[0m[INFO] [1789228621.952183646] [perception]: NOT DETECTED[0m
[0m[INFO] [1789228622.984760183] [perception]: NOT DETECTED[0m
[0m[INFO] [1789228651.021123141] [perception]: NOT DETECTED[0m
[0m[INFO] [1789228652.056292874] [perception]: NOT DETECTED[0m
[0m[INFO] [1789228653.239533113] [perception]: DETECTED pixel=(90,110) depth=0.346 m surface=(0.301,0.011,0.051) m center=(0.301,0.011,0.026) m conf=0.78 edge=0.1deg sides=(0.050,0.049)m sync_rate=14.15 Hz mask_px=496[0m
[0m[INFO] [1789228654.302232502] [perception]: DETECTED pixel=(77,82) depth=0.347 m surface=(0.313,-0.023,0.051) m center=(0.313,-0.023,0.026) m conf=0.87 edge=-0.2deg sides=(0.050,0.050)m sync_rate=14.15 Hz mask_px=1472[0m
[0m[INFO] [1789228655.316389181] [perception]: DETECTED pixel=(77,82) depth=0.347 m surface=(0.313,-0.023,0.051) m center=(0.313,-0.023,0.026) m conf=0.97 edge=-0.0deg sides=(0.050,0.049)m sync_rate=14.15 Hz mask_px=1472[0m
[0m[INFO] [1789228656.341384984] [perception]: DETECTED pixel=(77,82) depth=0.347 m surface=(0.313,-0.023,0.051) m center=(0.313,-0.023,0.026) m conf=0.97 edge=0.0deg sides=(0.050,0.050)m sync_rate=14.15 Hz mask_px=1472[0m
[0m[INFO] [1789228657.391125582] [perception]: DETECTED pixel=(77,82) depth=0.347 m surface=(0.313,-0.023,0.051) m center=(0.313,-0.023,0.026) m conf=0.97 edge=-0.1deg sides=(0.050,0.050)m sync_rate=14.15 Hz mask_px=1472[0m
[0m[INFO] [1789228658.406905170] [perception]: NOT DETECTED[0m
[0m[INFO] [1789228659.426607608] [perception]: NOT DETECTED[0m
[0m[INFO] [1789228660.477597137] [perception]: NOT DETECTED[0m
[0m[INFO] [1789228661.509963465] [perception]: NOT DETECTED[0m
[0m[INFO] [1789228662.534794046] [perception]: NOT DETECTED[0m
[0m[INFO] [1789228665.068793035] [perception]: DETECTED pixel=(117,155) depth=0.121 m surface=(0.319,-0.023,0.051) m center=(0.319,-0.023,0.026) m conf=0.81 edge=0.2deg sides=(0.050,0.038)m sync_rate=14.15 Hz mask_px=722[0m
[0m[INFO] [1789228666.113649966] [perception]: DETECTED pixel=(113,155) depth=0.117 m surface=(0.319,-0.022,0.051) m center=(0.319,-0.022,0.026) m conf=0.90 edge=0.2deg sides=(0.050,0.040)m sync_rate=14.15 Hz mask_px=1120[0m
[0m[INFO] [1789228668.330658805] [perception]: DETECTED pixel=(107,150) depth=0.114 m surface=(0.319,-0.024,0.051) m center=(0.319,-0.024,0.026) m conf=0.78 edge=0.2deg sides=(0.050,0.042)m sync_rate=14.15 Hz mask_px=1826[0m
[0m[INFO] [1789228669.349901493] [perception]: DETECTED pixel=(106,149) depth=0.115 m surface=(0.319,-0.024,0.051) m center=(0.319,-0.024,0.026) m conf=0.88 edge=0.5deg sides=(0.050,0.043)m sync_rate=14.15 Hz mask_px=1948[0m
[0m[INFO] [1789228683.461399625] [perception]: DETECTED pixel=(106,150) depth=0.115 m surface=(0.320,-0.023,0.055) m center=(0.320,-0.023,0.030) m conf=0.78 edge=-0.1deg sides=(0.050,0.043)m sync_rate=14.15 Hz mask_px=2012[0m
[0m[INFO] [1789228689.945921393] [perception]: DETECTED pixel=(107,150) depth=0.115 m surface=(0.320,-0.023,0.051) m center=(0.320,-0.023,0.026) m conf=0.78 edge=0.3deg sides=(0.050,0.043)m sync_rate=14.16 Hz mask_px=1887[0m
[0m[INFO] [1789228690.957081308] [perception]: NOT DETECTED[0m
[0m[INFO] [1789228691.996586272] [perception]: NOT DETECTED[0m
[0m[INFO] [1789228693.057380684] [perception]: DETECTED pixel=(77,81) depth=0.347 m surface=(0.315,-0.023,0.049) m center=(0.315,-0.023,0.024) m conf=0.97 edge=-0.2deg sides=(0.050,0.049)m sync_rate=14.16 Hz mask_px=1499[0m
[0m[INFO] [1789228694.067421849] [perception]: DETECTED pixel=(81,120) depth=0.342 m surface=(0.299,0.024,0.049) m center=(0.299,0.024,0.024) m conf=0.97 edge=-0.4deg sides=(0.050,0.050)m sync_rate=14.15 Hz mask_px=1369[0m
[0m[INFO] [1789228695.068539452] [perception]: DETECTED pixel=(81,120) depth=0.342 m surface=(0.299,0.024,0.049) m center=(0.299,0.024,0.024) m conf=0.97 edge=-0.4deg sides=(0.050,0.050)m sync_rate=14.15 Hz mask_px=1369[0m
[0m[INFO] [1789228696.099005637] [perception]: DETECTED pixel=(81,120) depth=0.342 m surface=(0.299,0.024,0.049) m center=(0.299,0.024,0.024) m conf=0.96 edge=-0.4deg sides=(0.050,0.050)m sync_rate=14.15 Hz mask_px=1369[0m
[0m[INFO] [1789228697.113650804] [perception]: DETECTED pixel=(89,120) depth=0.347 m surface=(0.302,0.024,0.049) m center=(0.302,0.024,0.024) m conf=0.88 edge=-0.1deg sides=(0.050,0.043)m sync_rate=14.15 Hz mask_px=813[0m
[0m[INFO] [1789228698.145857052] [perception]: NOT DETECTED[0m
[0m[INFO] [1789228699.177382340] [perception]: NOT DETECTED[0m
[0m[INFO] [1789228700.221610189] [perception]: NOT DETECTED[0m
[0m[INFO] [1789228721.780968400] [perception]: DETECTED pixel=(98,89) depth=0.111 m surface=(0.307,0.024,0.081) m center=(0.307,0.024,0.056) m conf=0.69 edge=-0.2deg sides=(0.050,0.043)m sync_rate=14.16 Hz mask_px=3108[0m
[0m[INFO] [1789228729.538878280] [perception]: NOT DETECTED[0m
[0m[INFO] [1789228730.577141893] [perception]: NOT DETECTED[0m
[0m[INFO] [1789228731.610261812] [perception]: DETECTED pixel=(90,119) depth=0.345 m surface=(0.308,0.020,0.051) m center=(0.308,0.020,0.026) m conf=0.91 edge=0.2deg sides=(0.050,0.049)m sync_rate=14.16 Hz mask_px=683[0m
[0m[INFO] [1789228732.639532843] [perception]: DETECTED pixel=(83,122) depth=0.340 m surface=(0.300,0.022,0.051) m center=(0.300,0.022,0.026) m conf=0.87 edge=-0.1deg sides=(0.050,0.049)m sync_rate=14.16 Hz mask_px=1293[0m
[0m[INFO] [1789228733.643209602] [perception]: DETECTED pixel=(83,122) depth=0.340 m surface=(0.300,0.022,0.051) m center=(0.300,0.022,0.026) m conf=0.96 edge=-0.1deg sides=(0.050,0.049)m sync_rate=14.15 Hz mask_px=1293[0m
[0m[INFO] [1789228734.678584302] [perception]: DETECTED pixel=(83,122) depth=0.340 m surface=(0.300,0.022,0.051) m center=(0.300,0.022,0.026) m conf=0.96 edge=-0.1deg sides=(0.050,0.049)m sync_rate=14.15 Hz mask_px=1293[0m
[0m[INFO] [1789228735.692622751] [perception]: DETECTED pixel=(83,122) depth=0.340 m surface=(0.300,0.022,0.051) m center=(0.300,0.022,0.026) m conf=0.97 edge=-0.3deg sides=(0.050,0.049)m sync_rate=14.15 Hz mask_px=1293[0m
[0m[INFO] [1789228736.704854982] [perception]: NOT DETECTED[0m
[0m[INFO] [1789228737.739123995] [perception]: NOT DETECTED[0m
[0m[INFO] [1789228738.759988394] [perception]: NOT DETECTED[0m
[0m[INFO] [1789228739.792252632] [perception]: NOT DETECTED[0m
[0m[INFO] [1789228740.804617981] [perception]: NOT DETECTED[0m
[0m[INFO] [1789228741.841699829] [perception]: NOT DETECTED[0m
[0m[INFO] [1789228768.642361890] [perception]: NOT DETECTED[0m
[0m[INFO] [1789228769.682024172] [perception]: NOT DETECTED[0m
[0m[INFO] [1789228771.023664630] [perception]: DETECTED pixel=(90,118) depth=0.345 m surface=(0.301,0.019,0.047) m center=(0.301,0.019,0.022) m conf=0.82 edge=-0.3deg sides=(0.050,0.049)m sync_rate=14.16 Hz mask_px=649[0m
[0m[INFO] [1789228772.082105587] [perception]: DETECTED pixel=(76,79) depth=0.348 m surface=(0.324,-0.028,0.047) m center=(0.324,-0.028,0.022) m conf=0.97 edge=-0.5deg sides=(0.049,0.049)m sync_rate=14.16 Hz mask_px=1584[0m
[0m[INFO] [1789228773.097576991] [perception]: DETECTED pixel=(76,79) depth=0.348 m surface=(0.324,-0.028,0.047) m center=(0.324,-0.028,0.022) m conf=0.96 edge=-0.5deg sides=(0.049,0.049)m sync_rate=14.16 Hz mask_px=1584[0m
[0m[INFO] [1789228774.144182328] [perception]: DETECTED pixel=(76,79) depth=0.348 m surface=(0.324,-0.028,0.047) m center=(0.324,-0.028,0.022) m conf=0.97 edge=-0.5deg sides=(0.049,0.049)m sync_rate=14.16 Hz mask_px=1584[0m
[0m[INFO] [1789228775.181038465] [perception]: DETECTED pixel=(76,79) depth=0.348 m surface=(0.324,-0.026,0.053) m center=(0.324,-0.026,0.028) m conf=0.97 edge=-0.0deg sides=(0.049,0.049)m sync_rate=14.16 Hz mask_px=1584[0m
[0m[INFO] [1789228776.254990895] [perception]: DETECTED pixel=(80,85) depth=0.343 m surface=(0.307,-0.018,0.052) m center=(0.307,-0.018,0.027) m conf=0.97 edge=0.2deg sides=(0.050,0.049)m sync_rate=14.15 Hz mask_px=1341[0m
[0m[INFO] [1789228777.291901687] [perception]: DETECTED pixel=(80,85) depth=0.343 m surface=(0.307,-0.017,0.052) m center=(0.307,-0.017,0.027) m conf=0.97 edge=-0.0deg sides=(0.050,0.049)m sync_rate=14.15 Hz mask_px=1341[0m
[0m[INFO] [1789228778.325539295] [perception]: DETECTED pixel=(80,85) depth=0.344 m surface=(0.307,-0.017,0.052) m center=(0.307,-0.017,0.027) m conf=0.97 edge=0.1deg sides=(0.050,0.049)m sync_rate=14.15 Hz mask_px=1341[0m
[0m[INFO] [1789228779.328300030] [perception]: DETECTED pixel=(80,85) depth=0.344 m surface=(0.307,-0.018,0.052) m center=(0.307,-0.018,0.027) m conf=0.96 edge=0.2deg sides=(0.050,0.049)m sync_rate=14.15 Hz mask_px=1341[0m
[0m[INFO] [1789228780.339144987] [perception]: NOT DETECTED[0m
[0m[INFO] [1789228781.378541130] [perception]: NOT DETECTED[0m
[0m[INFO] [1789228782.416942034] [perception]: NOT DETECTED[0m
[0m[INFO] [1789228783.422021615] [perception]: NOT DETECTED[0m
[0m[INFO] [1789228784.454469599] [perception]: NOT DETECTED[0m
[0m[INFO] [1789228785.492057933] [perception]: NOT DETECTED[0m
[0m[INFO] [1789228787.904310919] [perception]: DETECTED pixel=(118,155) depth=0.117 m surface=(0.314,-0.017,0.050) m center=(0.314,-0.017,0.025) m conf=0.80 edge=0.1deg sides=(0.050,0.035)m sync_rate=14.15 Hz mask_px=645[0m
[0m[INFO] [1789228788.906527120] [perception]: DETECTED pixel=(115,155) depth=0.113 m surface=(0.314,-0.017,0.050) m center=(0.314,-0.017,0.025) m conf=0.90 edge=0.7deg sides=(0.050,0.036)m sync_rate=14.15 Hz mask_px=982[0m
[0m[INFO] [1789228789.948456535] [perception]: DETECTED pixel=(115,154) depth=0.113 m surface=(0.314,-0.018,0.050) m center=(0.314,-0.018,0.025) m conf=0.90 edge=-0.0deg sides=(0.050,0.036)m sync_rate=14.15 Hz mask_px=958[0m
[0m[INFO] [1789228791.021520489] [perception]: DETECTED pixel=(113,153) depth=0.115 m surface=(0.315,-0.018,0.049) m center=(0.315,-0.018,0.024) m conf=0.89 edge=1.2deg sides=(0.050,0.038)m sync_rate=14.15 Hz mask_px=1070[0m
[0m[INFO] [1789228792.060779271] [perception]: DETECTED pixel=(112,153) depth=0.115 m surface=(0.315,-0.018,0.049) m center=(0.315,-0.018,0.024) m conf=0.89 edge=0.7deg sides=(0.050,0.038)m sync_rate=14.15 Hz mask_px=1125[0m
[0m[INFO] [1789228793.070237806] [perception]: DETECTED pixel=(112,153) depth=0.114 m surface=(0.315,-0.018,0.050) m center=(0.315,-0.018,0.025) m conf=0.89 edge=0.1deg sides=(0.050,0.038)m sync_rate=14.15 Hz mask_px=1170[0m
[0m[INFO] [1789228794.139614567] [perception]: DETECTED pixel=(111,153) depth=0.114 m surface=(0.315,-0.018,0.050) m center=(0.315,-0.018,0.025) m conf=0.88 edge=0.5deg sides=(0.050,0.038)m sync_rate=14.15 Hz mask_px=1216[0m
[0m[INFO] [1789228795.183919869] [perception]: DETECTED pixel=(111,153) depth=0.114 m surface=(0.315,-0.018,0.053) m center=(0.315,-0.018,0.028) m conf=0.87 edge=0.8deg sides=(0.050,0.038)m sync_rate=14.15 Hz mask_px=1222[0m
[0m[INFO] [1789228796.206263796] [perception]: DETECTED pixel=(112,153) depth=0.114 m surface=(0.315,-0.018,0.085) m center=(0.315,-0.018,0.060) m conf=0.86 edge=0.2deg sides=(0.050,0.038)m sync_rate=14.15 Hz mask_px=1213[0m
[0m[INFO] [1789228804.547312652] [perception]: DETECTED pixel=(113,154) depth=0.114 m surface=(0.318,-0.018,0.077) m center=(0.318,-0.018,0.052) m conf=0.79 edge=2.0deg sides=(0.050,0.037)m sync_rate=14.15 Hz mask_px=1171[0m
[0m[INFO] [1789228805.568989271] [perception]: DETECTED pixel=(112,153) depth=0.114 m surface=(0.315,-0.018,0.050) m center=(0.315,-0.018,0.025) m conf=0.89 edge=1.4deg sides=(0.050,0.038)m sync_rate=14.15 Hz mask_px=1241[0m
[0m[INFO] [1789228806.593323073] [perception]: DETECTED pixel=(111,153) depth=0.113 m surface=(0.315,-0.018,0.050) m center=(0.315,-0.018,0.025) m conf=0.88 edge=0.8deg sides=(0.050,0.038)m sync_rate=14.15 Hz mask_px=1271[0m
[0m[INFO] [1789228807.620804357] [perception]: DETECTED pixel=(111,153) depth=0.113 m surface=(0.315,-0.018,0.050) m center=(0.315,-0.018,0.025) m conf=0.90 edge=1.2deg sides=(0.050,0.038)m sync_rate=14.15 Hz mask_px=1271[0m
[0m[INFO] [1789228808.675855526] [perception]: DETECTED pixel=(111,153) depth=0.113 m surface=(0.315,-0.018,0.050) m center=(0.315,-0.018,0.025) m conf=0.90 edge=1.7deg sides=(0.050,0.038)m sync_rate=14.15 Hz mask_px=1271[0m
[0m[INFO] [1789228809.698833629] [perception]: DETECTED pixel=(111,153) depth=0.114 m surface=(0.315,-0.018,0.050) m center=(0.315,-0.018,0.025) m conf=0.89 edge=1.4deg sides=(0.050,0.038)m sync_rate=14.15 Hz mask_px=1271[0m
[0m[INFO] [1789228810.727945995] [perception]: DETECTED pixel=(111,153) depth=0.114 m surface=(0.315,-0.018,0.050) m center=(0.315,-0.018,0.025) m conf=0.89 edge=1.8deg sides=(0.050,0.038)m sync_rate=14.15 Hz mask_px=1293[0m
[0m[INFO] [1789228811.732227121] [perception]: DETECTED pixel=(111,153) depth=0.113 m surface=(0.315,-0.018,0.050) m center=(0.315,-0.018,0.025) m conf=0.89 edge=0.9deg sides=(0.050,0.038)m sync_rate=14.15 Hz mask_px=1298[0m
[0m[INFO] [1789228812.768108436] [perception]: NOT DETECTED[0m
[0m[INFO] [1789228813.796758038] [perception]: NOT DETECTED[0m
[0m[INFO] [1789228814.854744025] [perception]: DETECTED pixel=(81,85) depth=0.346 m surface=(0.309,-0.015,0.051) m center=(0.309,-0.015,0.026) m conf=0.97 edge=0.3deg sides=(0.050,0.050)m sync_rate=14.15 Hz mask_px=1310[0m
[0m[INFO] [1789228815.945418371] [perception]: DETECTED pixel=(77,119) depth=0.347 m surface=(0.321,0.026,0.051) m center=(0.321,0.026,0.026) m conf=0.97 edge=-0.2deg sides=(0.049,0.049)m sync_rate=14.15 Hz mask_px=1528[0m
[0m[INFO] [1789228816.952447721] [perception]: DETECTED pixel=(77,119) depth=0.347 m surface=(0.321,0.026,0.051) m center=(0.321,0.026,0.026) m conf=0.97 edge=-0.2deg sides=(0.049,0.049)m sync_rate=14.15 Hz mask_px=1528[0m
[0m[INFO] [1789228818.005487083] [perception]: DETECTED pixel=(77,119) depth=0.347 m surface=(0.320,0.023,0.054) m center=(0.320,0.023,0.029) m conf=0.87 edge=-0.6deg sides=(0.049,0.049)m sync_rate=14.15 Hz mask_px=1528[0m
[0m[INFO] [1789228819.043755883] [perception]: DETECTED pixel=(78,108) depth=0.346 m surface=(0.307,0.009,0.054) m center=(0.307,0.009,0.029) m conf=0.96 edge=-0.3deg sides=(0.050,0.050)m sync_rate=14.15 Hz mask_px=1339[0m
[0m[INFO] [1789228820.077513216] [perception]: DETECTED pixel=(78,108) depth=0.346 m surface=(0.307,0.009,0.054) m center=(0.307,0.009,0.029) m conf=0.96 edge=-0.3deg sides=(0.050,0.050)m sync_rate=14.15 Hz mask_px=1339[0m
[0m[INFO] [1789228821.097523135] [perception]: DETECTED pixel=(78,108) depth=0.346 m surface=(0.307,0.009,0.054) m center=(0.307,0.009,0.029) m conf=0.97 edge=-0.7deg sides=(0.050,0.050)m sync_rate=14.15 Hz mask_px=1339[0m
[0m[INFO] [1789228822.150167704] [perception]: DETECTED pixel=(78,108) depth=0.346 m surface=(0.307,0.009,0.054) m center=(0.307,0.009,0.029) m conf=0.97 edge=-0.5deg sides=(0.050,0.050)m sync_rate=14.15 Hz mask_px=1339[0m
[0m[INFO] [1789228823.182636722] [perception]: DETECTED pixel=(78,108) depth=0.346 m surface=(0.307,0.009,0.054) m center=(0.307,0.009,0.029) m conf=0.97 edge=-0.5deg sides=(0.050,0.050)m sync_rate=14.15 Hz mask_px=1339[0m
[0m[INFO] [1789228824.198200963] [perception]: DETECTED pixel=(78,108) depth=0.346 m surface=(0.307,0.009,0.054) m center=(0.307,0.009,0.029) m conf=0.97 edge=-0.6deg sides=(0.050,0.050)m sync_rate=14.15 Hz mask_px=1339[0m
[0m[INFO] [1789228825.229365790] [perception]: DETECTED pixel=(78,108) depth=0.346 m surface=(0.307,0.009,0.054) m center=(0.307,0.009,0.029) m conf=0.97 edge=-0.6deg sides=(0.050,0.050)m sync_rate=14.15 Hz mask_px=1339[0m
[0m[INFO] [1789228826.274116412] [perception]: DETECTED pixel=(78,108) depth=0.346 m surface=(0.307,0.009,0.054) m center=(0.307,0.009,0.029) m conf=0.97 edge=-0.5deg sides=(0.050,0.050)m sync_rate=14.15 Hz mask_px=1339[0m
[0m[INFO] [1789228827.298988024] [perception]: DETECTED pixel=(78,108) depth=0.345 m surface=(0.307,0.009,0.054) m center=(0.307,0.009,0.029) m conf=0.97 edge=-0.2deg sides=(0.050,0.050)m sync_rate=14.15 Hz mask_px=1339[0m
[0m[INFO] [1789228828.345439958] [perception]: DETECTED pixel=(78,108) depth=0.346 m surface=(0.307,0.009,0.054) m center=(0.307,0.009,0.029) m conf=0.96 edge=-0.4deg sides=(0.050,0.050)m sync_rate=14.15 Hz mask_px=1339[0m
[0m[INFO] [1789228829.364433984] [perception]: DETECTED pixel=(78,108) depth=0.346 m surface=(0.307,0.009,0.054) m center=(0.307,0.009,0.029) m conf=0.97 edge=-0.7deg sides=(0.050,0.050)m sync_rate=14.15 Hz mask_px=1339[0m
[0m[INFO] [1789228830.366432405] [perception]: DETECTED pixel=(78,108) depth=0.346 m surface=(0.307,0.009,0.054) m center=(0.307,0.009,0.029) m conf=0.97 edge=-0.5deg sides=(0.050,0.050)m sync_rate=14.15 Hz mask_px=1339[0m
[0m[INFO] [1789228831.378021691] [perception]: DETECTED pixel=(78,108) depth=0.346 m surface=(0.307,0.009,0.054) m center=(0.307,0.009,0.029) m conf=0.97 edge=-0.5deg sides=(0.050,0.050)m sync_rate=14.15 Hz mask_px=1339[0m
[0m[INFO] [1789228832.383296616] [perception]: DETECTED pixel=(78,108) depth=0.345 m surface=(0.307,0.009,0.054) m center=(0.307,0.009,0.029) m conf=0.96 edge=-0.7deg sides=(0.050,0.050)m sync_rate=14.15 Hz mask_px=1339[0m
[0m[INFO] [1789228833.418605061] [perception]: DETECTED pixel=(78,108) depth=0.346 m surface=(0.307,0.009,0.054) m center=(0.307,0.009,0.029) m conf=0.97 edge=-0.5deg sides=(0.050,0.050)m sync_rate=14.15 Hz mask_px=1339[0m
[0m[INFO] [1789228834.445692451] [perception]: DETECTED pixel=(78,108) depth=0.346 m surface=(0.307,0.009,0.054) m center=(0.307,0.009,0.029) m conf=0.97 edge=-0.6deg sides=(0.050,0.050)m sync_rate=14.15 Hz mask_px=1339[0m
[0m[INFO] [1789228835.475510644] [perception]: DETECTED pixel=(78,108) depth=0.346 m surface=(0.307,0.009,0.054) m center=(0.307,0.009,0.029) m conf=0.97 edge=-0.5deg sides=(0.050,0.050)m sync_rate=14.15 Hz mask_px=1339[0m
[0m[INFO] [1789228836.525195640] [perception]: DETECTED pixel=(78,108) depth=0.346 m surface=(0.307,0.009,0.054) m center=(0.307,0.009,0.029) m conf=0.97 edge=-0.6deg sides=(0.050,0.050)m sync_rate=14.15 Hz mask_px=1339[0m
[0m[INFO] [1789228837.581716859] [perception]: DETECTED pixel=(78,108) depth=0.346 m surface=(0.307,0.009,0.054) m center=(0.307,0.009,0.029) m conf=0.97 edge=-0.6deg sides=(0.050,0.050)m sync_rate=14.15 Hz mask_px=1339[0m
[0m[INFO] [1789228838.628660118] [perception]: DETECTED pixel=(78,108) depth=0.346 m surface=(0.307,0.009,0.054) m center=(0.307,0.009,0.029) m conf=0.96 edge=-0.7deg sides=(0.050,0.050)m sync_rate=14.15 Hz mask_px=1339[0m
[0m[INFO] [1789228839.715522915] [perception]: DETECTED pixel=(78,108) depth=0.346 m surface=(0.307,0.009,0.054) m center=(0.307,0.009,0.029) m conf=0.97 edge=-0.3deg sides=(0.050,0.050)m sync_rate=14.15 Hz mask_px=1339[0m
[0m[INFO] [1789228840.731119192] [perception]: DETECTED pixel=(78,108) depth=0.346 m surface=(0.307,0.009,0.054) m center=(0.307,0.009,0.029) m conf=0.97 edge=-0.4deg sides=(0.050,0.050)m sync_rate=14.15 Hz mask_px=1339[0m
[0m[INFO] [1789228841.769562260] [perception]: DETECTED pixel=(78,108) depth=0.346 m surface=(0.307,0.009,0.054) m center=(0.307,0.009,0.029) m conf=0.97 edge=-0.3deg sides=(0.050,0.050)m sync_rate=14.15 Hz mask_px=1339[0m
[0m[INFO] [1789228842.795462563] [perception]: DETECTED pixel=(78,108) depth=0.346 m surface=(0.307,0.009,0.054) m center=(0.307,0.009,0.029) m conf=0.97 edge=-0.6deg sides=(0.050,0.050)m sync_rate=14.16 Hz mask_px=1339[0m
[0m[INFO] [1789228843.840264034] [perception]: DETECTED pixel=(78,108) depth=0.346 m surface=(0.307,0.009,0.054) m center=(0.307,0.009,0.029) m conf=0.96 edge=-0.5deg sides=(0.050,0.050)m sync_rate=14.16 Hz mask_px=1339[0m
[0m[INFO] [1789228844.887831957] [perception]: DETECTED pixel=(78,108) depth=0.346 m surface=(0.307,0.009,0.054) m center=(0.307,0.009,0.029) m conf=0.97 edge=-0.5deg sides=(0.050,0.050)m sync_rate=14.16 Hz mask_px=1339[0m
[0m[INFO] [1789228845.908528493] [perception]: DETECTED pixel=(78,108) depth=0.346 m surface=(0.307,0.009,0.054) m center=(0.307,0.009,0.029) m conf=0.96 edge=-0.1deg sides=(0.050,0.050)m sync_rate=14.16 Hz mask_px=1339[0m
[0m[INFO] [1789228846.934595219] [perception]: DETECTED pixel=(78,108) depth=0.346 m surface=(0.307,0.009,0.054) m center=(0.307,0.009,0.029) m conf=0.96 edge=-0.6deg sides=(0.050,0.050)m sync_rate=14.16 Hz mask_px=1339[0m
[0m[INFO] [1789228847.968478152] [perception]: DETECTED pixel=(78,108) depth=0.346 m surface=(0.307,0.009,0.054) m center=(0.307,0.009,0.029) m conf=0.97 edge=-0.5deg sides=(0.050,0.050)m sync_rate=14.16 Hz mask_px=1339[0m
[0m[INFO] [1789228848.977407043] [perception]: DETECTED pixel=(78,108) depth=0.346 m surface=(0.306,0.008,0.049) m center=(0.306,0.008,0.024) m conf=0.87 edge=0.0deg sides=(0.050,0.050)m sync_rate=14.16 Hz mask_px=1339[0m
[0m[INFO] [1789228850.010133538] [perception]: DETECTED pixel=(75,92) depth=0.349 m surface=(0.321,-0.011,0.048) m center=(0.321,-0.011,0.023) m conf=0.97 edge=-0.2deg sides=(0.050,0.049)m sync_rate=14.15 Hz mask_px=1481[0m
[0m[INFO] [1789228851.043737678] [perception]: DETECTED pixel=(75,92) depth=0.349 m surface=(0.321,-0.011,0.048) m center=(0.321,-0.011,0.023) m conf=0.98 edge=-0.3deg sides=(0.050,0.049)m sync_rate=14.15 Hz mask_px=1481[0m
[0m[INFO] [1789228852.084935048] [perception]: DETECTED pixel=(75,92) depth=0.349 m surface=(0.321,-0.011,0.048) m center=(0.321,-0.011,0.023) m conf=0.97 edge=-0.2deg sides=(0.050,0.050)m sync_rate=14.15 Hz mask_px=1481[0m
[0m[INFO] [1789228853.128193182] [perception]: DETECTED pixel=(75,92) depth=0.349 m surface=(0.321,-0.011,0.048) m center=(0.321,-0.011,0.023) m conf=0.98 edge=-0.3deg sides=(0.050,0.050)m sync_rate=14.15 Hz mask_px=1481[0m
[0m[INFO] [1789228854.170091095] [perception]: NOT DETECTED[0m
[0m[INFO] [1789228855.217935251] [perception]: NOT DETECTED[0m
[0m[INFO] [1789228856.247643578] [perception]: NOT DETECTED[0m
[0m[INFO] [1789228857.304600806] [perception]: NOT DETECTED[0m
[0m[INFO] [1789228858.350035125] [perception]: NOT DETECTED[0m
[0m[INFO] [1789228859.624496796] [perception]: DETECTED pixel=(118,101) depth=0.124 m surface=(0.329,-0.011,0.050) m center=(0.329,-0.011,0.025) m conf=0.79 edge=0.1deg sides=(0.050,0.036)m sync_rate=14.15 Hz mask_px=370[0m
[0m[INFO] [1789228860.666178886] [perception]: DETECTED pixel=(117,155) depth=0.120 m surface=(0.329,-0.012,0.050) m center=(0.329,-0.012,0.025) m conf=0.88 edge=3.3deg sides=(0.050,0.038)m sync_rate=14.15 Hz mask_px=604[0m
[0m[INFO] [1789228861.712464541] [perception]: DETECTED pixel=(113,155) depth=0.116 m surface=(0.328,-0.011,0.050) m center=(0.328,-0.011,0.025) m conf=0.91 edge=0.4deg sides=(0.050,0.039)m sync_rate=14.15 Hz mask_px=967[0m
[0m[INFO] [1789228885.615920067] [perception]: DETECTED pixel=(110,151) depth=0.117 m surface=(0.329,-0.013,0.050) m center=(0.329,-0.013,0.025) m conf=0.80 edge=0.3deg sides=(0.050,0.041)m sync_rate=14.15 Hz mask_px=1168[0m
[0m[INFO] [1789228886.693618763] [perception]: NOT DETECTED[0m
[0m[INFO] [1789228888.017091567] [perception]: DETECTED pixel=(118,100) depth=0.332 m surface=(0.325,-0.015,0.049) m center=(0.325,-0.015,0.024) m conf=0.85 edge=0.2deg sides=(0.050,0.049)m sync_rate=14.15 Hz mask_px=334[0m
[0m[INFO] [1789228889.044564611] [perception]: NOT DETECTED[0m
[0m[INFO] [1789228890.060542576] [perception]: DETECTED pixel=(76,87) depth=0.348 m surface=(0.318,-0.020,0.049) m center=(0.318,-0.020,0.024) m conf=0.97 edge=-0.2deg sides=(0.050,0.049)m sync_rate=14.15 Hz mask_px=1450[0m
[0m[INFO] [1789228891.077082257] [perception]: DETECTED pixel=(76,87) depth=0.348 m surface=(0.319,-0.020,0.049) m center=(0.319,-0.020,0.024) m conf=0.98 edge=-0.2deg sides=(0.051,0.050)m sync_rate=14.15 Hz mask_px=1488[0m
[0m[INFO] [1789228892.109352741] [perception]: DETECTED pixel=(76,87) depth=0.348 m surface=(0.319,-0.020,0.049) m center=(0.319,-0.020,0.024) m conf=0.97 edge=-0.1deg sides=(0.051,0.050)m sync_rate=14.15 Hz mask_px=1488[0m
[0m[INFO] [1789228893.181511008] [perception]: NOT DETECTED[0m
[0m[INFO] [1789228894.230125114] [perception]: NOT DETECTED[0m
[0m[INFO] [1789228895.265851165] [perception]: NOT DETECTED[0m
[0m[INFO] [1789228896.302262261] [perception]: NOT DETECTED[0m
[0m[INFO] [1789228897.353857010] [perception]: NOT DETECTED[0m
[0m[INFO] [1789228899.223204077] [perception]: DETECTED pixel=(118,102) depth=0.121 m surface=(0.327,-0.022,0.048) m center=(0.327,-0.022,0.023) m conf=0.80 edge=4.0deg sides=(0.050,0.035)m sync_rate=14.15 Hz mask_px=463[0m
[0m[INFO] [1789228900.249172792] [perception]: DETECTED pixel=(118,157) depth=0.116 m surface=(0.325,-0.021,0.048) m center=(0.325,-0.021,0.023) m conf=0.88 edge=-0.0deg sides=(0.050,0.037)m sync_rate=14.15 Hz mask_px=753[0m
[0m[INFO] [1789228924.792264650] [perception]: DETECTED pixel=(116,155) depth=0.117 m surface=(0.326,-0.022,0.048) m center=(0.326,-0.022,0.023) m conf=0.81 edge=-1.1deg sides=(0.050,0.039)m sync_rate=14.15 Hz mask_px=814[0m
[0m[INFO] [1789228925.823931800] [perception]: NOT DETECTED[0m
[0m[INFO] [1789228927.204903501] [perception]: DETECTED pixel=(89,84) depth=0.354 m surface=(0.320,-0.021,0.050) m center=(0.320,-0.021,0.025) m conf=0.82 edge=-0.6deg sides=(0.051,0.049)m sync_rate=14.15 Hz mask_px=670[0m
[0m[INFO] [1789228928.263958116] [perception]: DETECTED pixel=(83,113) depth=0.340 m surface=(0.292,0.014,0.050) m center=(0.292,0.014,0.025) m conf=0.85 edge=0.3deg sides=(0.050,0.049)m sync_rate=14.15 Hz mask_px=1223[0m
[0m[INFO] [1789228929.288089274] [perception]: DETECTED pixel=(83,113) depth=0.340 m surface=(0.292,0.014,0.050) m center=(0.292,0.014,0.025) m conf=0.95 edge=-0.8deg sides=(0.050,0.049)m sync_rate=14.15 Hz mask_px=1223[0m
[0m[INFO] [1789228930.327574472] [perception]: DETECTED pixel=(83,113) depth=0.340 m surface=(0.292,0.014,0.050) m center=(0.292,0.014,0.025) m conf=0.95 edge=-0.1deg sides=(0.050,0.049)m sync_rate=14.15 Hz mask_px=1224[0m
[0m[INFO] [1789228931.347606819] [perception]: DETECTED pixel=(83,113) depth=0.340 m surface=(0.292,0.014,0.050) m center=(0.292,0.014,0.025) m conf=0.95 edge=-0.3deg sides=(0.050,0.049)m sync_rate=14.15 Hz mask_px=1224[0m
[0m[INFO] [1789228932.504030787] [perception]: NOT DETECTED[0m
[0m[INFO] [1789228933.552593874] [perception]: NOT DETECTED[0m
[0m[INFO] [1789228934.601448182] [perception]: NOT DETECTED[0m
[0m[INFO] [1789228936.294451653] [perception]: DETECTED pixel=(118,97) depth=0.128 m surface=(0.299,0.015,0.050) m center=(0.299,0.015,0.025) m conf=0.80 edge=-0.5deg sides=(0.050,0.036)m sync_rate=14.15 Hz mask_px=394[0m
[0m[INFO] [1789228937.348368694] [perception]: DETECTED pixel=(113,150) depth=0.124 m surface=(0.299,0.015,0.050) m center=(0.299,0.015,0.025) m conf=0.85 edge=-0.4deg sides=(0.050,0.037)m sync_rate=14.15 Hz mask_px=664[0m
[0m[INFO] [1789228938.352288576] [perception]: DETECTED pixel=(111,150) depth=0.119 m surface=(0.299,0.015,0.050) m center=(0.299,0.015,0.025) m conf=0.86 edge=-0.2deg sides=(0.050,0.038)m sync_rate=14.15 Hz mask_px=1091[0m
[0m[INFO] [1789228939.386539786] [perception]: DETECTED pixel=(108,149) depth=0.115 m surface=(0.298,0.015,0.050) m center=(0.298,0.015,0.025) m conf=0.86 edge=0.2deg sides=(0.050,0.038)m sync_rate=14.15 Hz mask_px=1550[0m
[0m[INFO] [1789228940.428093048] [perception]: DETECTED pixel=(105,148) depth=0.111 m surface=(0.298,0.015,0.050) m center=(0.298,0.015,0.025) m conf=0.86 edge=0.1deg sides=(0.050,0.039)m sync_rate=14.15 Hz mask_px=2191[0m
[0m[INFO] [1789228941.448424635] [perception]: DETECTED pixel=(101,105) depth=0.109 m surface=(0.298,0.015,0.050) m center=(0.298,0.015,0.025) m conf=0.76 edge=0.1deg sides=(0.050,0.039)m sync_rate=14.15 Hz mask_px=2551[0m
[0m[INFO] [1789228942.509721190] [perception]: DETECTED pixel=(101,96) depth=0.111 m surface=(0.299,0.013,0.050) m center=(0.299,0.013,0.025) m conf=0.77 edge=-0.1deg sides=(0.050,0.040)m sync_rate=14.15 Hz mask_px=2542[0m
[0m[INFO] [1789228943.511937096] [perception]: DETECTED pixel=(100,96) depth=0.111 m surface=(0.299,0.014,0.049) m center=(0.299,0.014,0.024) m conf=0.78 edge=-0.5deg sides=(0.050,0.041)m sync_rate=14.15 Hz mask_px=2722[0m
[0m[INFO] [1789228944.540151243] [perception]: DETECTED pixel=(99,96) depth=0.110 m surface=(0.299,0.013,0.049) m center=(0.299,0.013,0.024) m conf=0.78 edge=0.1deg sides=(0.050,0.041)m sync_rate=14.15 Hz mask_px=2808[0m
[0m[INFO] [1789228945.588288707] [perception]: DETECTED pixel=(99,97) depth=0.110 m surface=(0.299,0.014,0.050) m center=(0.299,0.014,0.025) m conf=0.78 edge=-0.1deg sides=(0.050,0.041)m sync_rate=14.15 Hz mask_px=2899[0m
[0m[INFO] [1789228946.642437398] [perception]: DETECTED pixel=(99,96) depth=0.110 m surface=(0.299,0.013,0.050) m center=(0.299,0.013,0.025) m conf=0.78 edge=0.2deg sides=(0.050,0.041)m sync_rate=14.15 Hz mask_px=2952[0m
[0m[INFO] [1789228947.649756075] [perception]: DETECTED pixel=(99,96) depth=0.110 m surface=(0.298,0.013,0.071) m center=(0.298,0.013,0.046) m conf=0.76 edge=-0.7deg sides=(0.050,0.041)m sync_rate=14.15 Hz mask_px=2945[0m
[0m[INFO] [1789228956.060480661] [perception]: DETECTED pixel=(99,95) depth=0.110 m surface=(0.301,0.013,0.081) m center=(0.301,0.013,0.056) m conf=0.68 edge=-0.6deg sides=(0.050,0.039)m sync_rate=14.15 Hz mask_px=2866[0m
[0m[INFO] [1789228957.073995106] [perception]: DETECTED pixel=(99,95) depth=0.110 m surface=(0.299,0.013,0.050) m center=(0.299,0.013,0.025) m conf=0.78 edge=-0.5deg sides=(0.050,0.041)m sync_rate=14.15 Hz mask_px=2931[0m
[0m[INFO] [1789228958.124937929] [perception]: DETECTED pixel=(98,95) depth=0.110 m surface=(0.299,0.013,0.050) m center=(0.299,0.013,0.025) m conf=0.78 edge=0.1deg sides=(0.050,0.041)m sync_rate=14.15 Hz mask_px=3017[0m
[0m[INFO] [1789228959.175874349] [perception]: DETECTED pixel=(98,95) depth=0.110 m surface=(0.299,0.013,0.050) m center=(0.299,0.013,0.025) m conf=0.79 edge=-0.4deg sides=(0.050,0.041)m sync_rate=14.15 Hz mask_px=3018[0m
[0m[INFO] [1789228960.238554957] [perception]: DETECTED pixel=(98,95) depth=0.110 m surface=(0.299,0.013,0.050) m center=(0.299,0.013,0.025) m conf=0.79 edge=-0.5deg sides=(0.050,0.041)m sync_rate=14.15 Hz mask_px=3017[0m
[0m[INFO] [1789228961.255725159] [perception]: DETECTED pixel=(98,95) depth=0.110 m surface=(0.299,0.013,0.050) m center=(0.299,0.013,0.025) m conf=0.79 edge=-0.2deg sides=(0.050,0.041)m sync_rate=14.15 Hz mask_px=3035[0m
[0m[INFO] [1789228962.272456116] [perception]: DETECTED pixel=(98,95) depth=0.110 m surface=(0.299,0.013,0.050) m center=(0.299,0.013,0.025) m conf=0.80 edge=-0.5deg sides=(0.050,0.041)m sync_rate=14.15 Hz mask_px=3071[0m
[0m[INFO] [1789228963.308258807] [perception]: DETECTED pixel=(99,97) depth=0.110 m surface=(0.299,0.013,0.050) m center=(0.299,0.013,0.025) m conf=0.79 edge=-0.5deg sides=(0.050,0.041)m sync_rate=14.15 Hz mask_px=3181[0m
[0m[INFO] [1789228964.530785790] [perception]: NOT DETECTED[0m
[0m[INFO] [1789228965.568255371] [perception]: NOT DETECTED[0m
[0m[INFO] [1789228966.674706303] [perception]: DETECTED pixel=(90,112) depth=0.342 m surface=(0.295,0.013,0.051) m center=(0.295,0.013,0.026) m conf=0.81 edge=-1.2deg sides=(0.049,0.049)m sync_rate=14.15 Hz mask_px=593[0m
[0m[INFO] [1789228967.693894195] [perception]: DETECTED pixel=(82,114) depth=0.341 m surface=(0.296,0.015,0.051) m center=(0.296,0.015,0.026) m conf=0.86 edge=-0.5deg sides=(0.051,0.049)m sync_rate=14.15 Hz mask_px=1284[0m
[0m[INFO] [1789228968.710435156] [perception]: DETECTED pixel=(82,114) depth=0.341 m surface=(0.296,0.015,0.051) m center=(0.296,0.015,0.026) m conf=0.96 edge=-0.1deg sides=(0.050,0.049)m sync_rate=14.15 Hz mask_px=1284[0m
[0m[INFO] [1789228969.713852152] [perception]: DETECTED pixel=(82,114) depth=0.341 m surface=(0.296,0.015,0.051) m center=(0.296,0.015,0.026) m conf=0.96 edge=-0.7deg sides=(0.051,0.049)m sync_rate=14.15 Hz mask_px=1284[0m
[0m[INFO] [1789228970.767633833] [perception]: DETECTED pixel=(82,114) depth=0.341 m surface=(0.296,0.015,0.051) m center=(0.296,0.015,0.026) m conf=0.96 edge=-0.4deg sides=(0.051,0.049)m sync_rate=14.15 Hz mask_px=1284[0m
[0m[INFO] [1789228971.782053229] [perception]: NOT DETECTED[0m
[0m[INFO] [1789228972.824385000] [perception]: NOT DETECTED[0m
[0m[INFO] [1789228973.855867822] [perception]: NOT DETECTED[0m
[0m[INFO] [1789228974.894528491] [perception]: NOT DETECTED[0m
[0m[INFO] [1789228977.676420531] [perception]: DETECTED pixel=(115,152) depth=0.120 m surface=(0.304,0.016,0.051) m center=(0.304,0.016,0.026) m conf=0.78 edge=-0.2deg sides=(0.050,0.035)m sync_rate=14.15 Hz mask_px=717[0m
[0m[INFO] [1789228978.699293432] [perception]: DETECTED pixel=(112,151) depth=0.115 m surface=(0.303,0.016,0.051) m center=(0.303,0.016,0.026) m conf=0.87 edge=-0.2deg sides=(0.050,0.036)m sync_rate=14.15 Hz mask_px=1065[0m
[0m[INFO] [1789228979.713844405] [perception]: DETECTED pixel=(110,151) depth=0.111 m surface=(0.303,0.016,0.051) m center=(0.303,0.016,0.026) m conf=0.88 edge=-0.1deg sides=(0.050,0.037)m sync_rate=14.15 Hz mask_px=1532[0m
[0m[INFO] [1789228980.738115561] [perception]: DETECTED pixel=(104,149) depth=0.110 m surface=(0.303,0.016,0.051) m center=(0.303,0.016,0.026) m conf=0.91 edge=-0.2deg sides=(0.050,0.037)m sync_rate=14.15 Hz mask_px=1669[0m
[0m[INFO] [1789228981.761154338] [perception]: DETECTED pixel=(109,47) depth=0.111 m surface=(0.305,0.014,0.050) m center=(0.305,0.014,0.025) m conf=0.87 edge=2.6deg sides=(0.050,0.038)m sync_rate=14.15 Hz mask_px=1668[0m
[0m[INFO] [1789228982.764457779] [perception]: DETECTED pixel=(108,48) depth=0.111 m surface=(0.304,0.015,0.050) m center=(0.304,0.015,0.025) m conf=0.88 edge=-0.7deg sides=(0.050,0.038)m sync_rate=14.15 Hz mask_px=1825[0m
[0m[INFO] [1789228983.809162591] [perception]: DETECTED pixel=(107,48) depth=0.110 m surface=(0.304,0.015,0.050) m center=(0.304,0.015,0.025) m conf=0.88 edge=-0.5deg sides=(0.050,0.039)m sync_rate=14.15 Hz mask_px=1902[0m
[0m[INFO] [1789228984.841385381] [perception]: DETECTED pixel=(107,49) depth=0.110 m surface=(0.304,0.015,0.050) m center=(0.304,0.015,0.025) m conf=0.88 edge=-0.5deg sides=(0.050,0.039)m sync_rate=14.15 Hz mask_px=1984[0m
[0m[INFO] [1789228985.909353725] [perception]: DETECTED pixel=(107,49) depth=0.109 m surface=(0.304,0.015,0.051) m center=(0.304,0.015,0.026) m conf=0.88 edge=0.4deg sides=(0.050,0.039)m sync_rate=14.15 Hz mask_px=2038[0m
[0m[INFO] [1789228986.951276120] [perception]: DETECTED pixel=(107,48) depth=0.109 m surface=(0.304,0.015,0.074) m center=(0.304,0.015,0.049) m conf=0.86 edge=0.1deg sides=(0.050,0.039)m sync_rate=14.15 Hz mask_px=2040[0m
[0m[INFO] [1789228995.240661081] [perception]: DETECTED pixel=(107,48) depth=0.110 m surface=(0.306,0.014,0.085) m center=(0.306,0.014,0.060) m conf=0.79 edge=-0.5deg sides=(0.050,0.038)m sync_rate=14.15 Hz mask_px=1947[0m
[0m[INFO] [1789228996.284176636] [perception]: DETECTED pixel=(107,48) depth=0.110 m surface=(0.304,0.015,0.051) m center=(0.304,0.015,0.026) m conf=0.88 edge=-0.5deg sides=(0.050,0.039)m sync_rate=14.15 Hz mask_px=2018[0m
[0m[INFO] [1789228997.346012708] [perception]: DETECTED pixel=(106,49) depth=0.109 m surface=(0.305,0.014,0.051) m center=(0.305,0.014,0.026) m conf=0.85 edge=2.2deg sides=(0.050,0.039)m sync_rate=14.15 Hz mask_px=2108[0m
[0m[INFO] [1789228998.362493641] [perception]: DETECTED pixel=(106,49) depth=0.109 m surface=(0.304,0.015,0.051) m center=(0.304,0.015,0.026) m conf=0.87 edge=-0.7deg sides=(0.050,0.039)m sync_rate=14.15 Hz mask_px=2109[0m
[0m[INFO] [1789228999.397664494] [perception]: DETECTED pixel=(106,49) depth=0.109 m surface=(0.304,0.015,0.051) m center=(0.304,0.015,0.026) m conf=0.87 edge=-0.4deg sides=(0.050,0.039)m sync_rate=14.15 Hz mask_px=2108[0m
[0m[INFO] [1789229000.435801136] [perception]: DETECTED pixel=(106,49) depth=0.109 m surface=(0.304,0.014,0.051) m center=(0.304,0.014,0.026) m conf=0.87 edge=0.2deg sides=(0.050,0.039)m sync_rate=14.15 Hz mask_px=2109[0m
[0m[INFO] [1789229001.467505703] [perception]: DETECTED pixel=(106,49) depth=0.109 m surface=(0.304,0.015,0.051) m center=(0.304,0.015,0.026) m conf=0.88 edge=0.0deg sides=(0.050,0.039)m sync_rate=14.15 Hz mask_px=2135[0m
[0m[INFO] [1789229002.531595143] [perception]: DETECTED pixel=(109,48) depth=0.109 m surface=(0.304,0.015,0.051) m center=(0.304,0.015,0.026) m conf=0.86 edge=-0.4deg sides=(0.050,0.039)m sync_rate=14.15 Hz mask_px=2365[0m
[0m[INFO] [1789229003.602545651] [perception]: NOT DETECTED[0m
[0m[INFO] [1789229004.624066275] [perception]: NOT DETECTED[0m
[0m[INFO] [1789229005.643984831] [perception]: DETECTED pixel=(83,112) depth=0.344 m surface=(0.296,0.012,0.047) m center=(0.296,0.012,0.022) m conf=0.92 edge=-0.4deg sides=(0.050,0.050)m sync_rate=14.15 Hz mask_px=1135[0m
[0m[INFO] [1789229006.645161997] [perception]: DETECTED pixel=(77,93) depth=0.347 m surface=(0.309,-0.010,0.047) m center=(0.309,-0.010,0.022) m conf=0.97 edge=0.0deg sides=(0.050,0.049)m sync_rate=14.15 Hz mask_px=1316[0m
[0m[INFO] [1789229007.681396560] [perception]: DETECTED pixel=(77,93) depth=0.347 m surface=(0.309,-0.010,0.047) m center=(0.309,-0.010,0.022) m conf=0.97 edge=-0.1deg sides=(0.050,0.049)m sync_rate=14.15 Hz mask_px=1316[0m
[0m[INFO] [1789229008.735550928] [perception]: DETECTED pixel=(77,93) depth=0.347 m surface=(0.309,-0.010,0.047) m center=(0.309,-0.010,0.022) m conf=0.97 edge=-0.0deg sides=(0.050,0.049)m sync_rate=14.15 Hz mask_px=1316[0m
[0m[INFO] [1789229009.780154103] [perception]: DETECTED pixel=(80,93) depth=0.349 m surface=(0.309,-0.010,0.047) m center=(0.309,-0.010,0.022) m conf=0.96 edge=-0.3deg sides=(0.050,0.050)m sync_rate=14.15 Hz mask_px=1259[0m
[0m[INFO] [1789229010.810427853] [perception]: NOT DETECTED[0m
[0m[INFO] [1789229011.831471145] [perception]: NOT DETECTED[0m
[0m[INFO] [1789229012.868429352] [perception]: NOT DETECTED[0m
[0m[INFO] [1789229014.451879994] [perception]: DETECTED pixel=(118,101) depth=0.127 m surface=(0.317,-0.009,0.048) m center=(0.317,-0.009,0.023) m conf=0.80 edge=0.0deg sides=(0.050,0.037)m sync_rate=14.15 Hz mask_px=433[0m
[0m[INFO] [1789229015.496288507] [perception]: DETECTED pixel=(118,155) depth=0.122 m surface=(0.317,-0.010,0.048) m center=(0.317,-0.010,0.023) m conf=0.86 edge=1.2deg sides=(0.050,0.038)m sync_rate=14.15 Hz mask_px=728[0m
[0m[INFO] [1789229016.541806703] [perception]: DETECTED pixel=(115,155) depth=0.118 m surface=(0.316,-0.010,0.048) m center=(0.316,-0.010,0.023) m conf=0.88 edge=0.0deg sides=(0.050,0.040)m sync_rate=14.15 Hz mask_px=1156[0m
[0m[INFO] [1789229017.553586013] [perception]: DETECTED pixel=(111,153) depth=0.113 m surface=(0.315,-0.010,0.048) m center=(0.315,-0.010,0.023) m conf=0.88 edge=0.3deg sides=(0.050,0.041)m sync_rate=14.15 Hz mask_px=1832[0m
[0m[INFO] [1789229041.126759204] [perception]: DETECTED pixel=(105,147) depth=0.114 m surface=(0.316,-0.011,0.048) m center=(0.316,-0.011,0.023) m conf=0.75 edge=0.3deg sides=(0.050,0.043)m sync_rate=14.15 Hz mask_px=2472[0m
[0m[INFO] [1789229042.166570213] [perception]: NOT DETECTED[0m
[0m[INFO] [1789229043.617690657] [perception]: DETECTED pixel=(89,91) depth=0.349 m surface=(0.313,-0.010,0.049) m center=(0.313,-0.010,0.024) m conf=0.81 edge=0.6deg sides=(0.050,0.050)m sync_rate=14.15 Hz mask_px=568[0m
[0m[INFO] [1789229044.692301620] [perception]: DETECTED pixel=(77,95) depth=0.347 m surface=(0.312,-0.004,0.048) m center=(0.312,-0.004,0.023) m conf=0.87 edge=0.3deg sides=(0.050,0.050)m sync_rate=14.15 Hz mask_px=1338[0m
[0m[INFO] [1789229045.724615459] [perception]: DETECTED pixel=(77,95) depth=0.347 m surface=(0.312,-0.004,0.048) m center=(0.312,-0.004,0.023) m conf=0.97 edge=0.2deg sides=(0.050,0.050)m sync_rate=14.15 Hz mask_px=1338[0m
[0m[INFO] [1789229046.727249905] [perception]: DETECTED pixel=(77,95) depth=0.347 m surface=(0.312,-0.004,0.048) m center=(0.312,-0.004,0.023) m conf=0.97 edge=0.2deg sides=(0.050,0.049)m sync_rate=14.15 Hz mask_px=1338[0m
[0m[INFO] [1789229047.757042841] [perception]: DETECTED pixel=(77,95) depth=0.347 m surface=(0.313,-0.004,0.048) m center=(0.313,-0.004,0.023) m conf=0.97 edge=0.8deg sides=(0.050,0.050)m sync_rate=14.15 Hz mask_px=1339[0m
[0m[INFO] [1789229048.850047318] [perception]: NOT DETECTED[0m
[0m[INFO] [1789229049.894473607] [perception]: NOT DETECTED[0m
[0m[INFO] [1789229050.930271409] [perception]: NOT DETECTED[0m
[0m[INFO] [1789229051.953860033] [perception]: NOT DETECTED[0m
[0m[INFO] [1789229054.106873661] [perception]: DETECTED pixel=(118,100) depth=0.124 m surface=(0.320,-0.005,0.049) m center=(0.320,-0.005,0.024) m conf=0.81 edge=0.3deg sides=(0.050,0.036)m sync_rate=14.15 Hz mask_px=435[0m
[0m[INFO] [1789229055.163774611] [perception]: DETECTED pixel=(116,47) depth=0.120 m surface=(0.319,-0.005,0.049) m center=(0.319,-0.005,0.024) m conf=0.87 edge=0.7deg sides=(0.050,0.037)m sync_rate=14.15 Hz mask_px=740[0m
[0m[INFO] [1789229056.191493192] [perception]: DETECTED pixel=(112,48) depth=0.115 m surface=(0.319,-0.005,0.049) m center=(0.319,-0.005,0.024) m conf=0.89 edge=0.3deg sides=(0.050,0.039)m sync_rate=14.15 Hz mask_px=1268[0m
[0m[INFO] [1789229080.168315935] [perception]: DETECTED pixel=(110,150) depth=0.116 m surface=(0.320,-0.004,0.049) m center=(0.320,-0.004,0.024) m conf=0.78 edge=0.8deg sides=(0.050,0.041)m sync_rate=14.16 Hz mask_px=1616[0m
[0m[INFO] [1789229081.177732136] [perception]: NOT DETECTED[0m
[0m[INFO] [1789229082.581963438] [perception]: DETECTED pixel=(118,100) depth=0.327 m surface=(0.318,-0.005,0.050) m center=(0.318,-0.005,0.025) m conf=0.84 edge=-0.5deg sides=(0.050,0.049)m sync_rate=14.16 Hz mask_px=269[0m
[0m[INFO] [1789229083.702272024] [perception]: DETECTED pixel=(80,110) depth=0.343 m surface=(0.304,0.011,0.050) m center=(0.304,0.011,0.025) m conf=0.87 edge=-0.3deg sides=(0.051,0.050)m sync_rate=14.15 Hz mask_px=1319[0m
[0m[INFO] [1789229084.754891491] [perception]: DETECTED pixel=(80,110) depth=0.343 m surface=(0.304,0.011,0.050) m center=(0.304,0.011,0.025) m conf=0.97 edge=-0.2deg sides=(0.051,0.050)m sync_rate=14.15 Hz mask_px=1319[0m
[0m[INFO] [1789229085.813113706] [perception]: DETECTED pixel=(80,110) depth=0.344 m surface=(0.304,0.011,0.050) m center=(0.304,0.011,0.025) m conf=0.97 edge=-0.6deg sides=(0.051,0.050)m sync_rate=14.15 Hz mask_px=1319[0m
[0m[INFO] [1789229086.834684963] [perception]: DETECTED pixel=(80,110) depth=0.343 m surface=(0.304,0.011,0.050) m center=(0.304,0.011,0.025) m conf=0.97 edge=-0.3deg sides=(0.051,0.050)m sync_rate=14.15 Hz mask_px=1319[0m
[0m[INFO] [1789229087.869385938] [perception]: NOT DETECTED[0m
[0m[INFO] [1789229088.889898746] [perception]: NOT DETECTED[0m
[0m[INFO] [1789229089.906063268] [perception]: NOT DETECTED[0m
[0m[INFO] [1789229090.926483409] [perception]: NOT DETECTED[0m
[0m[INFO] [1789229091.958052381] [perception]: NOT DETECTED[0m
[0m[INFO] [1789229093.004648371] [perception]: NOT DETECTED[0m
[0m[INFO] [1789229095.844788206] [perception]: DETECTED pixel=(115,154) depth=0.112 m surface=(0.311,0.012,0.050) m center=(0.311,0.012,0.025) m conf=0.80 edge=0.1deg sides=(0.050,0.035)m sync_rate=14.16 Hz mask_px=1133[0m
[0m[INFO] [1789229097.772058140] [perception]: DETECTED pixel=(111,46) depth=0.110 m surface=(0.312,0.010,0.049) m center=(0.312,0.010,0.024) m conf=0.80 edge=1.8deg sides=(0.050,0.036)m sync_rate=14.16 Hz mask_px=1293[0m
[0m[INFO] [1789229098.781087720] [perception]: DETECTED pixel=(110,47) depth=0.111 m surface=(0.314,0.010,0.049) m center=(0.314,0.010,0.024) m conf=0.88 edge=5.3deg sides=(0.050,0.037)m sync_rate=14.16 Hz mask_px=1405[0m
[0m[INFO] [1789229111.549615161] [perception]: DETECTED pixel=(110,46) depth=0.111 m surface=(0.315,0.010,0.085) m center=(0.315,0.010,0.060) m conf=0.79 edge=-0.4deg sides=(0.050,0.037)m sync_rate=14.16 Hz mask_px=1469[0m
[0m[INFO] [1789229112.604557969] [perception]: DETECTED pixel=(110,46) depth=0.111 m surface=(0.312,0.011,0.050) m center=(0.312,0.011,0.025) m conf=0.89 edge=-0.6deg sides=(0.050,0.038)m sync_rate=14.16 Hz mask_px=1469[0m
[0m[INFO] [1789229119.175580764] [perception]: DETECTED pixel=(113,45) depth=0.110 m surface=(0.312,0.011,0.050) m center=(0.312,0.011,0.025) m conf=0.79 edge=-0.3deg sides=(0.050,0.038)m sync_rate=14.16 Hz mask_px=1755[0m
[0m[INFO] [1789229120.208206547] [perception]: NOT DETECTED[0m
[0m[INFO] [1789229121.230751292] [perception]: NOT DETECTED[0m
[0m[INFO] [1789229122.232423176] [perception]: DETECTED pixel=(80,109) depth=0.345 m surface=(0.304,0.012,0.051) m center=(0.304,0.012,0.026) m conf=0.96 edge=-0.2deg sides=(0.050,0.049)m sync_rate=14.16 Hz mask_px=1275[0m
[0m[INFO] [1789229123.339856308] [perception]: DETECTED pixel=(83,88) depth=0.340 m surface=(0.289,-0.012,0.051) m center=(0.289,-0.012,0.026) m conf=0.94 edge=0.1deg sides=(0.050,0.050)m sync_rate=14.15 Hz mask_px=1134[0m
[0m[INFO] [1789229124.402413128] [perception]: DETECTED pixel=(83,88) depth=0.340 m surface=(0.289,-0.012,0.051) m center=(0.289,-0.012,0.026) m conf=0.94 edge=0.1deg sides=(0.050,0.050)m sync_rate=14.15 Hz mask_px=1134[0m
[0m[INFO] [1789229125.410982009] [perception]: DETECTED pixel=(83,88) depth=0.340 m surface=(0.289,-0.012,0.051) m center=(0.289,-0.012,0.026) m conf=0.95 edge=-0.2deg sides=(0.050,0.049)m sync_rate=14.15 Hz mask_px=1134[0m
[0m[INFO] [1789229126.447890915] [perception]: DETECTED pixel=(91,87) depth=0.344 m surface=(0.289,-0.012,0.051) m center=(0.289,-0.012,0.026) m conf=0.90 edge=-0.1deg sides=(0.050,0.049)m sync_rate=14.15 Hz mask_px=500[0m
[0m[INFO] [1789229127.468991384] [perception]: NOT DETECTED[0m
[0m[INFO] [1789229128.497714816] [perception]: NOT DETECTED[0m
[0m[INFO] [1789229129.546375263] [perception]: NOT DETECTED[0m
[0m[INFO] [1789229133.900265282] [perception]: DETECTED pixel=(113,47) depth=0.115 m surface=(0.296,-0.012,0.050) m center=(0.296,-0.012,0.025) m conf=0.80 edge=-0.1deg sides=(0.050,0.035)m sync_rate=14.16 Hz mask_px=1090[0m
[0m[INFO] [1789229134.922978632] [perception]: DETECTED pixel=(110,48) depth=0.111 m surface=(0.296,-0.013,0.050) m center=(0.296,-0.013,0.025) m conf=0.89 edge=0.9deg sides=(0.050,0.036)m sync_rate=14.16 Hz mask_px=1553[0m
[0m[INFO] [1789229135.973508587] [perception]: DETECTED pixel=(105,50) depth=0.109 m surface=(0.296,-0.013,0.050) m center=(0.296,-0.013,0.025) m conf=0.91 edge=0.8deg sides=(0.050,0.036)m sync_rate=14.16 Hz mask_px=1639[0m
[0m[INFO] [1789229137.016590354] [perception]: DETECTED pixel=(105,51) depth=0.111 m surface=(0.297,-0.011,0.050) m center=(0.297,-0.011,0.025) m conf=0.89 edge=-0.1deg sides=(0.050,0.037)m sync_rate=14.16 Hz mask_px=1567[0m
[0m[INFO] [1789229138.044010699] [perception]: DETECTED pixel=(107,151) depth=0.110 m surface=(0.297,-0.012,0.049) m center=(0.297,-0.012,0.024) m conf=0.89 edge=0.7deg sides=(0.050,0.038)m sync_rate=14.16 Hz mask_px=1750[0m
[0m[INFO] [1789229139.090157989] [perception]: DETECTED pixel=(107,150) depth=0.110 m surface=(0.297,-0.012,0.050) m center=(0.297,-0.012,0.025) m conf=0.89 edge=1.2deg sides=(0.050,0.038)m sync_rate=14.16 Hz mask_px=1828[0m
[0m[INFO] [1789229140.155974904] [perception]: DETECTED pixel=(107,150) depth=0.109 m surface=(0.296,-0.011,0.050) m center=(0.296,-0.011,0.025) m conf=0.89 edge=-0.3deg sides=(0.050,0.038)m sync_rate=14.16 Hz mask_px=1908[0m
[0m[INFO] [1789229141.177236252] [perception]: DETECTED pixel=(107,150) depth=0.109 m surface=(0.296,-0.011,0.069) m center=(0.296,-0.011,0.044) m conf=0.86 edge=0.1deg sides=(0.050,0.038)m sync_rate=14.16 Hz mask_px=1913[0m
[0m[INFO] [1789229149.712615027] [perception]: DETECTED pixel=(107,151) depth=0.110 m surface=(0.300,-0.012,0.083) m center=(0.300,-0.012,0.058) m conf=0.79 edge=1.0deg sides=(0.050,0.036)m sync_rate=14.16 Hz mask_px=1843[0m
[0m[INFO] [1789229150.727882233] [perception]: DETECTED pixel=(107,151) depth=0.110 m surface=(0.296,-0.011,0.050) m center=(0.296,-0.011,0.025) m conf=0.88 edge=-0.2deg sides=(0.050,0.038)m sync_rate=14.16 Hz mask_px=1875[0m
[0m[INFO] [1789229151.758636669] [perception]: DETECTED pixel=(106,150) depth=0.109 m surface=(0.296,-0.011,0.050) m center=(0.296,-0.011,0.025) m conf=0.87 edge=-0.0deg sides=(0.050,0.038)m sync_rate=14.15 Hz mask_px=1995[0m
[0m[INFO] [1789229152.825928098] [perception]: DETECTED pixel=(106,150) depth=0.109 m surface=(0.297,-0.011,0.050) m center=(0.297,-0.011,0.025) m conf=0.87 edge=0.5deg sides=(0.050,0.038)m sync_rate=14.15 Hz mask_px=1995[0m
[0m[INFO] [1789229153.923005542] [perception]: DETECTED pixel=(106,150) depth=0.109 m surface=(0.296,-0.011,0.050) m center=(0.296,-0.011,0.025) m conf=0.88 edge=-0.2deg sides=(0.050,0.038)m sync_rate=14.16 Hz mask_px=1995[0m
[0m[INFO] [1789229154.947108574] [perception]: DETECTED pixel=(106,150) depth=0.109 m surface=(0.297,-0.011,0.050) m center=(0.297,-0.011,0.025) m conf=0.88 edge=0.5deg sides=(0.050,0.038)m sync_rate=14.16 Hz mask_px=1995[0m
[0m[INFO] [1789229155.974825087] [perception]: DETECTED pixel=(106,150) depth=0.109 m surface=(0.296,-0.011,0.050) m center=(0.296,-0.011,0.025) m conf=0.89 edge=-0.3deg sides=(0.050,0.038)m sync_rate=14.16 Hz mask_px=2017[0m
[0m[INFO] [1789229157.021209537] [perception]: DETECTED pixel=(109,151) depth=0.109 m surface=(0.296,-0.011,0.050) m center=(0.296,-0.011,0.025) m conf=0.87 edge=-0.4deg sides=(0.050,0.038)m sync_rate=14.16 Hz mask_px=2242[0m
[0m[INFO] [1789229158.187447272] [perception]: NOT DETECTED[0m
[0m[INFO] [1789229159.241153310] [perception]: NOT DETECTED[0m
[0m[INFO] [1789229160.286460473] [perception]: DETECTED pixel=(91,88) depth=0.339 m surface=(0.288,-0.019,0.050) m center=(0.288,-0.019,0.025) m conf=0.77 edge=-0.6deg sides=(0.050,0.050)m sync_rate=14.16 Hz mask_px=468[0m
[0m[INFO] [1789229161.309223880] [perception]: DETECTED pixel=(80,78) depth=0.343 m surface=(0.307,-0.032,0.049) m center=(0.307,-0.032,0.024) m conf=0.87 edge=-0.3deg sides=(0.051,0.049)m sync_rate=14.15 Hz mask_px=1428[0m
[0m[INFO] [1789229162.331988846] [perception]: DETECTED pixel=(80,78) depth=0.343 m surface=(0.307,-0.032,0.049) m center=(0.307,-0.032,0.024) m conf=0.97 edge=-0.3deg sides=(0.051,0.049)m sync_rate=14.15 Hz mask_px=1428[0m
[0m[INFO] [1789229163.365912807] [perception]: DETECTED pixel=(80,78) depth=0.343 m surface=(0.307,-0.032,0.049) m center=(0.307,-0.032,0.024) m conf=0.97 edge=-0.4deg sides=(0.051,0.049)m sync_rate=14.15 Hz mask_px=1428[0m
[0m[INFO] [1789229164.392625929] [perception]: DETECTED pixel=(80,78) depth=0.343 m surface=(0.307,-0.032,0.049) m center=(0.307,-0.032,0.024) m conf=0.97 edge=-0.4deg sides=(0.051,0.049)m sync_rate=14.15 Hz mask_px=1428[0m
[0m[INFO] [1789229165.570475519] [perception]: DETECTED pixel=(79,101) depth=0.344 m surface=(0.304,0.001,0.051) m center=(0.304,0.001,0.026) m conf=0.87 edge=-0.1deg sides=(0.050,0.049)m sync_rate=14.15 Hz mask_px=1287[0m
[0m[INFO] [1789229166.605193816] [perception]: DETECTED pixel=(79,101) depth=0.345 m surface=(0.304,0.001,0.051) m center=(0.304,0.001,0.026) m conf=0.96 edge=-0.1deg sides=(0.050,0.049)m sync_rate=14.15 Hz mask_px=1287[0m
[0m[INFO] [1789229167.638454126] [perception]: DETECTED pixel=(79,101) depth=0.345 m surface=(0.304,0.001,0.051) m center=(0.304,0.001,0.026) m conf=0.97 edge=-0.1deg sides=(0.050,0.050)m sync_rate=14.15 Hz mask_px=1287[0m
[0m[INFO] [1789229168.696919815] [perception]: DETECTED pixel=(79,101) depth=0.344 m surface=(0.304,0.001,0.051) m center=(0.304,0.001,0.026) m conf=0.96 edge=-0.1deg sides=(0.050,0.049)m sync_rate=14.15 Hz mask_px=1287[0m
[0m[INFO] [1789229169.713589556] [perception]: DETECTED pixel=(89,102) depth=0.351 m surface=(0.304,0.002,0.051) m center=(0.304,0.002,0.026) m conf=0.81 edge=-0.4deg sides=(0.049,0.049)m sync_rate=14.15 Hz mask_px=587[0m
[0m[INFO] [1789229170.739347730] [perception]: NOT DETECTED[0m
[0m[INFO] [1789229171.781820199] [perception]: NOT DETECTED[0m
[0m[INFO] [1789229172.810168480] [perception]: NOT DETECTED[0m
[0m[INFO] [1789229173.853530862] [perception]: NOT DETECTED[0m
[0m[INFO] [1789229176.197449239] [perception]: DETECTED pixel=(118,153) depth=0.122 m surface=(0.311,0.002,0.050) m center=(0.311,0.002,0.025) m conf=0.78 edge=-0.6deg sides=(0.050,0.035)m sync_rate=14.15 Hz mask_px=523[0m
[0m[INFO] [1789229177.200181986] [perception]: DETECTED pixel=(116,153) depth=0.118 m surface=(0.311,0.002,0.050) m center=(0.311,0.002,0.025) m conf=0.88 edge=-0.1deg sides=(0.050,0.036)m sync_rate=14.15 Hz mask_px=779[0m
[0m[INFO] [1789229178.219457602] [perception]: DETECTED pixel=(114,153) depth=0.114 m surface=(0.310,0.002,0.050) m center=(0.310,0.002,0.025) m conf=0.89 edge=0.2deg sides=(0.050,0.036)m sync_rate=14.15 Hz mask_px=1185[0m
[0m[INFO] [1789229179.254848102] [perception]: DETECTED pixel=(108,151) depth=0.112 m surface=(0.310,0.002,0.050) m center=(0.310,0.002,0.025) m conf=0.89 edge=0.1deg sides=(0.050,0.037)m sync_rate=14.15 Hz mask_px=1422[0m
[0m[INFO] [1789229180.290829098] [perception]: DETECTED pixel=(107,149) depth=0.113 m surface=(0.311,0.001,0.050) m center=(0.311,0.001,0.025) m conf=0.88 edge=0.1deg sides=(0.050,0.038)m sync_rate=14.15 Hz mask_px=1409[0m
[0m[INFO] [1789229181.340516184] [perception]: DETECTED pixel=(106,148) depth=0.113 m surface=(0.311,0.001,0.049) m center=(0.311,0.001,0.024) m conf=0.89 edge=-0.6deg sides=(0.050,0.039)m sync_rate=14.15 Hz mask_px=1535[0m
[0m[INFO] [1789229182.408601115] [perception]: DETECTED pixel=(106,148) depth=0.113 m surface=(0.311,0.001,0.049) m center=(0.311,0.001,0.024) m conf=0.88 edge=-0.1deg sides=(0.050,0.039)m sync_rate=14.15 Hz mask_px=1615[0m
[0m[INFO] [1789229183.461793411] [perception]: DETECTED pixel=(105,51) depth=0.112 m surface=(0.311,0.001,0.050) m center=(0.311,0.001,0.025) m conf=0.89 edge=0.3deg sides=(0.050,0.039)m sync_rate=14.15 Hz mask_px=1713[0m
[0m[INFO] [1789229184.518393914] [perception]: DETECTED pixel=(105,51) depth=0.112 m surface=(0.311,0.001,0.055) m center=(0.311,0.001,0.030) m conf=0.86 edge=0.1deg sides=(0.050,0.039)m sync_rate=14.15 Hz mask_px=1719[0m
[0m[INFO] [1789229185.576178294] [perception]: DETECTED pixel=(105,51) depth=0.112 m surface=(0.312,0.001,0.090) m center=(0.312,0.001,0.065) m conf=0.86 edge=1.9deg sides=(0.050,0.038)m sync_rate=14.15 Hz mask_px=1719[0m
[0m[INFO] [1789229193.492876729] [perception]: DETECTED pixel=(105,51) depth=0.113 m surface=(0.314,0.001,0.081) m center=(0.314,0.001,0.056) m conf=0.78 edge=0.7deg sides=(0.050,0.038)m sync_rate=14.15 Hz mask_px=1696[0m
[0m[INFO] [1789229194.533081068] [perception]: DETECTED pixel=(104,147) depth=0.112 m surface=(0.311,0.001,0.050) m center=(0.311,0.001,0.025) m conf=0.88 edge=0.4deg sides=(0.050,0.040)m sync_rate=14.15 Hz mask_px=1785[0m
[0m[INFO] [1789229195.586135397] [perception]: DETECTED pixel=(104,52) depth=0.112 m surface=(0.311,0.001,0.050) m center=(0.311,0.001,0.025) m conf=0.88 edge=0.4deg sides=(0.050,0.039)m sync_rate=14.15 Hz mask_px=1830[0m
[0m[INFO] [1789229196.616555662] [perception]: DETECTED pixel=(104,52) depth=0.112 m surface=(0.311,0.001,0.050) m center=(0.311,0.001,0.025) m conf=0.89 edge=0.6deg sides=(0.050,0.040)m sync_rate=14.15 Hz mask_px=1830[0m
[0m[INFO] [1789229197.643404183] [perception]: DETECTED pixel=(104,52) depth=0.112 m surface=(0.312,0.001,0.050) m center=(0.312,0.001,0.025) m conf=0.88 edge=0.8deg sides=(0.050,0.039)m sync_rate=14.15 Hz mask_px=1830[0m
[0m[INFO] [1789229198.686981944] [perception]: DETECTED pixel=(104,52) depth=0.112 m surface=(0.312,0.001,0.050) m center=(0.312,0.001,0.025) m conf=0.89 edge=2.0deg sides=(0.050,0.039)m sync_rate=14.15 Hz mask_px=1847[0m
[0m[INFO] [1789229199.725213214] [perception]: DETECTED pixel=(104,52) depth=0.112 m surface=(0.311,0.001,0.050) m center=(0.311,0.001,0.025) m conf=0.91 edge=0.4deg sides=(0.050,0.040)m sync_rate=14.15 Hz mask_px=1869[0m
[0m[INFO] [1789229200.755823081] [perception]: DETECTED pixel=(107,50) depth=0.112 m surface=(0.311,0.001,0.050) m center=(0.311,0.001,0.025) m conf=0.87 edge=0.3deg sides=(0.050,0.039)m sync_rate=14.15 Hz mask_px=2071[0m
[0m[INFO] [1789229201.832648655] [perception]: NOT DETECTED[0m
[0m[INFO] [1789229202.890127477] [perception]: NOT DETECTED[0m
[0m[INFO] [1789229203.922160573] [perception]: DETECTED pixel=(89,101) depth=0.347 m surface=(0.302,0.001,0.048) m center=(0.302,0.001,0.023) m conf=0.90 edge=-0.0deg sides=(0.050,0.049)m sync_rate=14.15 Hz mask_px=553[0m
[0m[INFO] [1789229204.954006225] [perception]: DETECTED pixel=(81,111) depth=0.343 m surface=(0.293,0.012,0.048) m center=(0.293,0.012,0.023) m conf=0.86 edge=0.1deg sides=(0.050,0.050)m sync_rate=14.15 Hz mask_px=1265[0m
[0m[INFO] [1789229205.985783629] [perception]: DETECTED pixel=(81,111) depth=0.343 m surface=(0.293,0.012,0.048) m center=(0.293,0.012,0.023) m conf=0.96 edge=0.1deg sides=(0.050,0.050)m sync_rate=14.15 Hz mask_px=1265[0m
[0m[INFO] [1789229207.037609112] [perception]: DETECTED pixel=(81,111) depth=0.342 m surface=(0.293,0.012,0.048) m center=(0.293,0.012,0.023) m conf=0.96 edge=0.2deg sides=(0.050,0.050)m sync_rate=14.15 Hz mask_px=1265[0m
[0m[INFO] [1789229208.073392018] [perception]: DETECTED pixel=(81,111) depth=0.342 m surface=(0.293,0.012,0.048) m center=(0.293,0.012,0.023) m conf=0.96 edge=0.1deg sides=(0.050,0.049)m sync_rate=14.15 Hz mask_px=1265[0m
[0m[INFO] [1789229209.166938355] [perception]: NOT DETECTED[0m
[0m[INFO] [1789229210.213412361] [perception]: NOT DETECTED[0m
[0m[INFO] [1789229211.251876747] [perception]: NOT DETECTED[0m
[0m[INFO] [1789229242.981647684] [perception]: NOT DETECTED[0m
[0m[INFO] [1789229244.046076248] [perception]: NOT DETECTED[0m
[0m[INFO] [1789229245.053619833] [perception]: DETECTED pixel=(88,110) depth=0.343 m surface=(0.298,0.007,0.049) m center=(0.298,0.007,0.024) m conf=0.92 edge=-0.2deg sides=(0.050,0.050)m sync_rate=14.14 Hz mask_px=712[0m
[0m[INFO] [1789229246.058355394] [perception]: DETECTED pixel=(81,92) depth=0.342 m surface=(0.297,-0.014,0.049) m center=(0.297,-0.014,0.024) m conf=0.86 edge=-0.0deg sides=(0.050,0.050)m sync_rate=14.13 Hz mask_px=1238[0m
[0m[INFO] [1789229247.118824101] [perception]: DETECTED pixel=(81,92) depth=0.342 m surface=(0.297,-0.014,0.049) m center=(0.297,-0.014,0.024) m conf=0.96 edge=-0.9deg sides=(0.050,0.050)m sync_rate=14.13 Hz mask_px=1238[0m
[0m[INFO] [1789229248.138765562] [perception]: DETECTED pixel=(81,92) depth=0.342 m surface=(0.297,-0.014,0.049) m center=(0.297,-0.014,0.024) m conf=0.96 edge=-0.9deg sides=(0.050,0.050)m sync_rate=14.13 Hz mask_px=1238[0m
[0m[INFO] [1789229249.212527087] [perception]: DETECTED pixel=(81,92) depth=0.342 m surface=(0.297,-0.014,0.049) m center=(0.297,-0.014,0.024) m conf=0.96 edge=-0.8deg sides=(0.050,0.050)m sync_rate=14.13 Hz mask_px=1238[0m
[0m[INFO] [1789229250.436632594] [perception]: NOT DETECTED[0m
[0m[INFO] [1789229251.456373599] [perception]: NOT DETECTED[0m
[0m[INFO] [1789229252.488149022] [perception]: NOT DETECTED[0m
[0m[INFO] [1789229253.530296421] [perception]: NOT DETECTED[0m
[0m[INFO] [1789229254.553203250] [perception]: DETECTED pixel=(129,162) depth=0.129 m surface=(0.297,-0.004,0.048) m center=(0.297,-0.004,0.023) m conf=0.89 edge=-0.5deg sides=(0.050,0.035)m sync_rate=14.12 Hz mask_px=425[0m
[0m[INFO] [1789229255.590603708] [perception]: DETECTED pixel=(128,162) depth=0.126 m surface=(0.297,-0.004,0.047) m center=(0.297,-0.004,0.022) m conf=0.89 edge=-0.5deg sides=(0.050,0.035)m sync_rate=14.12 Hz mask_px=553[0m
[0m[INFO] [1789229257.989747272] [perception]: DETECTED pixel=(122,160) depth=0.118 m surface=(0.307,-0.001,0.049) m center=(0.307,-0.001,0.024) m conf=0.80 edge=44.6deg sides=(0.070,0.036)m sync_rate=14.12 Hz mask_px=878[0m
[0m[INFO] [1789229259.076813955] [perception]: DETECTED pixel=(120,159) depth=0.115 m surface=(0.296,-0.014,0.049) m center=(0.296,-0.014,0.024) m conf=0.89 edge=0.2deg sides=(0.050,0.050)m sync_rate=14.11 Hz mask_px=1014[0m
[0m[INFO] [1789229260.103970019] [perception]: DETECTED pixel=(117,158) depth=0.112 m surface=(0.303,-0.015,0.049) m center=(0.303,-0.015,0.024) m conf=0.89 edge=0.1deg sides=(0.050,0.036)m sync_rate=14.11 Hz mask_px=1285[0m
[0m[INFO] [1789229262.535296853] [perception]: DETECTED pixel=(109,152) depth=0.109 m surface=(0.304,-0.018,0.049) m center=(0.304,-0.018,0.024) m conf=0.79 edge=0.8deg sides=(0.050,0.037)m sync_rate=14.11 Hz mask_px=1662[0m
[0m[INFO] [1789229263.551490485] [perception]: DETECTED pixel=(108,151) depth=0.110 m surface=(0.304,-0.018,0.048) m center=(0.304,-0.018,0.023) m conf=0.89 edge=0.9deg sides=(0.050,0.038)m sync_rate=14.11 Hz mask_px=1708[0m
[0m[INFO] [1789229264.571981380] [perception]: DETECTED pixel=(107,151) depth=0.110 m surface=(0.304,-0.018,0.048) m center=(0.304,-0.018,0.023) m conf=0.88 edge=-0.5deg sides=(0.050,0.038)m sync_rate=14.11 Hz mask_px=1817[0m
[0m[INFO] [1789229265.602023577] [perception]: DETECTED pixel=(107,150) depth=0.109 m surface=(0.304,-0.018,0.049) m center=(0.304,-0.018,0.024) m conf=0.88 edge=-0.9deg sides=(0.050,0.038)m sync_rate=14.11 Hz mask_px=1883[0m
[0m[INFO] [1789229278.462511253] [perception]: DETECTED pixel=(107,151) depth=0.109 m surface=(0.306,-0.017,0.079) m center=(0.306,-0.017,0.054) m conf=0.78 edge=-1.0deg sides=(0.050,0.037)m sync_rate=14.09 Hz mask_px=1891[0m
[0m[INFO] [1789229279.527891579] [perception]: DETECTED pixel=(106,150) depth=0.109 m surface=(0.304,-0.017,0.049) m center=(0.304,-0.017,0.024) m conf=0.87 edge=-0.7deg sides=(0.050,0.038)m sync_rate=14.09 Hz mask_px=1989[0m
[0m[INFO] [1789229286.598366554] [perception]: DETECTED pixel=(110,152) depth=0.109 m surface=(0.304,-0.017,0.049) m center=(0.304,-0.017,0.024) m conf=0.79 edge=-0.7deg sides=(0.050,0.038)m sync_rate=14.09 Hz mask_px=2092[0m
[0m[INFO] [1789229287.606542357] [perception]: NOT DETECTED[0m
[0m[INFO] [1789229288.670380700] [perception]: NOT DETECTED[0m
[0m[INFO] [1789229289.685948403] [perception]: DETECTED pixel=(83,88) depth=0.343 m surface=(0.301,-0.017,0.053) m center=(0.301,-0.017,0.028) m conf=0.93 edge=-1.0deg sides=(0.050,0.050)m sync_rate=14.09 Hz mask_px=1164[0m
[0m[INFO] [1789229290.689390593] [perception]: DETECTED pixel=(81,100) depth=0.343 m surface=(0.298,-0.003,0.053) m center=(0.298,-0.003,0.028) m conf=0.96 edge=0.2deg sides=(0.050,0.048)m sync_rate=14.09 Hz mask_px=1195[0m
[0m[INFO] [1789229291.762809292] [perception]: DETECTED pixel=(81,100) depth=0.342 m surface=(0.298,-0.003,0.053) m center=(0.298,-0.003,0.028) m conf=0.96 edge=0.3deg sides=(0.050,0.048)m sync_rate=14.08 Hz mask_px=1195[0m
[0m[INFO] [1789229292.779798285] [perception]: DETECTED pixel=(81,100) depth=0.342 m surface=(0.298,-0.003,0.053) m center=(0.298,-0.003,0.028) m conf=0.95 edge=-0.0deg sides=(0.050,0.049)m sync_rate=14.08 Hz mask_px=1195[0m
[0m[INFO] [1789229293.826167662] [perception]: DETECTED pixel=(81,100) depth=0.342 m surface=(0.298,-0.003,0.053) m center=(0.298,-0.003,0.028) m conf=0.97 edge=0.2deg sides=(0.050,0.048)m sync_rate=14.08 Hz mask_px=1195[0m
[0m[INFO] [1789229295.124745690] [perception]: NOT DETECTED[0m
[0m[INFO] [1789229296.156778661] [perception]: NOT DETECTED[0m
[0m[INFO] [1789229297.181881227] [perception]: NOT DETECTED[0m
[0m[INFO] [1789229298.208746522] [perception]: NOT DETECTED[0m
[0m[INFO] [1789229299.262557982] [perception]: NOT DETECTED[0m
[0m[INFO] [1789229300.302256157] [perception]: NOT DETECTED[0m
[0m[INFO] [1789229329.920012875] [perception]: NOT DETECTED[0m
[0m[INFO] [1789229330.926864040] [perception]: NOT DETECTED[0m
[0m[INFO] [1789229332.332900562] [perception]: DETECTED pixel=(118,100) depth=0.321 m surface=(0.296,-0.003,0.050) m center=(0.296,-0.003,0.025) m conf=0.84 edge=0.1deg sides=(0.049,0.049)m sync_rate=14.06 Hz mask_px=268[0m
[0m[INFO] [1789229333.341871420] [perception]: DETECTED pixel=(81,112) depth=0.342 m surface=(0.297,0.013,0.050) m center=(0.297,0.013,0.025) m conf=0.86 edge=-0.1deg sides=(0.050,0.050)m sync_rate=14.06 Hz mask_px=1275[0m
[0m[INFO] [1789229334.411480334] [perception]: DETECTED pixel=(81,112) depth=0.342 m surface=(0.296,0.013,0.050) m center=(0.296,0.013,0.025) m conf=0.96 edge=-0.1deg sides=(0.050,0.050)m sync_rate=14.06 Hz mask_px=1273[0m
[0m[INFO] [1789229335.421683280] [perception]: DETECTED pixel=(81,112) depth=0.342 m surface=(0.296,0.013,0.050) m center=(0.296,0.013,0.025) m conf=0.96 edge=-0.0deg sides=(0.050,0.050)m sync_rate=14.06 Hz mask_px=1273[0m
[0m[INFO] [1789229336.458148724] [perception]: DETECTED pixel=(81,112) depth=0.342 m surface=(0.296,0.013,0.050) m center=(0.296,0.013,0.025) m conf=0.96 edge=-0.3deg sides=(0.050,0.050)m sync_rate=14.06 Hz mask_px=1273[0m
[0m[INFO] [1789229337.825199189] [perception]: NOT DETECTED[0m
[0m[INFO] [1789229338.859717886] [perception]: NOT DETECTED[0m
[0m[INFO] [1789229339.906779638] [perception]: NOT DETECTED[0m
[0m[INFO] [1789229342.520986773] [perception]: DETECTED pixel=(118,97) depth=0.125 m surface=(0.304,0.014,0.050) m center=(0.304,0.014,0.025) m conf=0.80 edge=-0.1deg sides=(0.050,0.035)m sync_rate=14.06 Hz mask_px=417[0m
[0m[INFO] [1789229343.610461212] [perception]: DETECTED pixel=(114,150) depth=0.121 m surface=(0.304,0.014,0.050) m center=(0.304,0.014,0.025) m conf=0.86 edge=-0.1deg sides=(0.050,0.036)m sync_rate=14.05 Hz mask_px=667[0m
[0m[INFO] [1789229344.674076821] [perception]: DETECTED pixel=(112,150) depth=0.117 m surface=(0.304,0.014,0.050) m center=(0.304,0.014,0.025) m conf=0.87 edge=-0.1deg sides=(0.050,0.037)m sync_rate=14.05 Hz mask_px=1044[0m
[0m[INFO] [1789229345.739003934] [perception]: DETECTED pixel=(109,150) depth=0.113 m surface=(0.303,0.014,0.050) m center=(0.303,0.014,0.025) m conf=0.89 edge=0.2deg sides=(0.050,0.037)m sync_rate=14.05 Hz mask_px=1526[0m
[0m[INFO] [1789229346.803928180] [perception]: DETECTED pixel=(106,148) depth=0.109 m surface=(0.303,0.014,0.050) m center=(0.303,0.014,0.025) m conf=0.88 edge=0.4deg sides=(0.050,0.038)m sync_rate=14.05 Hz mask_px=2127[0m
[0m[INFO] [1789229347.830483555] [perception]: DETECTED pixel=(102,146) depth=0.109 m surface=(0.303,0.013,0.050) m center=(0.303,0.013,0.025) m conf=0.88 edge=-0.2deg sides=(0.050,0.038)m sync_rate=14.05 Hz mask_px=1953[0m
[0m[INFO] [1789229348.845815612] [perception]: DETECTED pixel=(105,50) depth=0.111 m surface=(0.304,0.013,0.049) m center=(0.304,0.013,0.024) m conf=0.86 edge=0.3deg sides=(0.050,0.040)m sync_rate=14.05 Hz mask_px=2041[0m
[0m[INFO] [1789229349.873886003] [perception]: DETECTED pixel=(101,143) depth=0.111 m surface=(0.304,0.013,0.049) m center=(0.304,0.013,0.024) m conf=0.87 edge=1.1deg sides=(0.050,0.040)m sync_rate=14.05 Hz mask_px=2157[0m
[0m[INFO] [1789229350.884439937] [perception]: DETECTED pixel=(104,51) depth=0.110 m surface=(0.304,0.013,0.049) m center=(0.304,0.013,0.024) m conf=0.87 edge=0.5deg sides=(0.050,0.040)m sync_rate=14.05 Hz mask_px=2256[0m
[0m[INFO] [1789229351.942334796] [perception]: DETECTED pixel=(104,52) depth=0.110 m surface=(0.304,0.013,0.050) m center=(0.304,0.013,0.025) m conf=0.86 edge=-0.1deg sides=(0.050,0.040)m sync_rate=14.05 Hz mask_px=2381[0m
[0m[INFO] [1789229352.997413514] [perception]: DETECTED pixel=(104,52) depth=0.110 m surface=(0.304,0.013,0.069) m center=(0.304,0.013,0.044) m conf=0.84 edge=0.0deg sides=(0.050,0.040)m sync_rate=14.05 Hz mask_px=2391[0m
[0m[INFO] [1789229362.051556178] [perception]: DETECTED pixel=(104,51) depth=0.110 m surface=(0.307,0.013,0.085) m center=(0.307,0.013,0.060) m conf=0.77 edge=-0.1deg sides=(0.050,0.038)m sync_rate=14.05 Hz mask_px=2264[0m
[0m[INFO] [1789229363.058142223] [perception]: DETECTED pixel=(104,51) depth=0.110 m surface=(0.304,0.013,0.050) m center=(0.304,0.013,0.025) m conf=0.86 edge=0.1deg sides=(0.050,0.040)m sync_rate=14.05 Hz mask_px=2252[0m
[0m[INFO] [1789229364.100354104] [perception]: DETECTED pixel=(101,95) depth=0.110 m surface=(0.304,0.013,0.050) m center=(0.304,0.013,0.025) m conf=0.77 edge=0.2deg sides=(0.050,0.040)m sync_rate=14.05 Hz mask_px=2560[0m
[0m[INFO] [1789229365.147504585] [perception]: DETECTED pixel=(101,95) depth=0.110 m surface=(0.304,0.013,0.050) m center=(0.304,0.013,0.025) m conf=0.77 edge=0.1deg sides=(0.050,0.040)m sync_rate=14.05 Hz mask_px=2560[0m
[0m[INFO] [1789229366.199952385] [perception]: DETECTED pixel=(101,95) depth=0.110 m surface=(0.304,0.013,0.050) m center=(0.304,0.013,0.025) m conf=0.77 edge=0.4deg sides=(0.050,0.040)m sync_rate=14.05 Hz mask_px=2560[0m
[0m[INFO] [1789229367.214451991] [perception]: DETECTED pixel=(101,95) depth=0.110 m surface=(0.304,0.013,0.050) m center=(0.304,0.013,0.025) m conf=0.77 edge=0.1deg sides=(0.050,0.040)m sync_rate=14.05 Hz mask_px=2560[0m
[0m[INFO] [1789229368.237406499] [perception]: DETECTED pixel=(101,95) depth=0.110 m surface=(0.304,0.013,0.050) m center=(0.304,0.013,0.025) m conf=0.77 edge=1.1deg sides=(0.050,0.040)m sync_rate=14.05 Hz mask_px=2560[0m
[0m[INFO] [1789229369.277558488] [perception]: DETECTED pixel=(101,95) depth=0.110 m surface=(0.304,0.013,0.050) m center=(0.304,0.013,0.025) m conf=0.77 edge=0.2deg sides=(0.050,0.040)m sync_rate=14.05 Hz mask_px=2582[0m
[0m[INFO] [1789229370.615979444] [perception]: NOT DETECTED[0m
[0m[INFO] [1789229371.647018231] [perception]: NOT DETECTED[0m
[0m[INFO] [1789229372.816497689] [perception]: DETECTED pixel=(90,111) depth=0.343 m surface=(0.297,0.015,0.052) m center=(0.297,0.015,0.027) m conf=0.80 edge=-1.0deg sides=(0.050,0.049)m sync_rate=14.04 Hz mask_px=545[0m
[0m[INFO] [1789229373.840692783] [perception]: DETECTED pixel=(76,103) depth=0.348 m surface=(0.313,0.005,0.052) m center=(0.313,0.005,0.027) m conf=0.87 edge=0.2deg sides=(0.050,0.050)m sync_rate=14.04 Hz mask_px=1374[0m
[0m[INFO] [1789229374.895352988] [perception]: DETECTED pixel=(76,103) depth=0.348 m surface=(0.313,0.005,0.052) m center=(0.313,0.005,0.027) m conf=0.97 edge=-0.2deg sides=(0.050,0.050)m sync_rate=14.04 Hz mask_px=1375[0m
[0m[INFO] [1789229375.934514687] [perception]: DETECTED pixel=(76,103) depth=0.348 m surface=(0.313,0.005,0.052) m center=(0.313,0.005,0.027) m conf=0.98 edge=-0.6deg sides=(0.051,0.050)m sync_rate=14.04 Hz mask_px=1376[0m
[0m[INFO] [1789229376.997354026] [perception]: DETECTED pixel=(76,103) depth=0.348 m surface=(0.313,0.005,0.052) m center=(0.313,0.005,0.027) m conf=0.97 edge=0.1deg sides=(0.051,0.050)m sync_rate=14.04 Hz mask_px=1376[0m
[0m[INFO] [1789229378.277711990] [perception]: NOT DETECTED[0m
[0m[INFO] [1789229379.283340360] [perception]: NOT DETECTED[0m
[0m[INFO] [1789229380.303256995] [perception]: NOT DETECTED[0m
[0m[INFO] [1789229381.315541235] [perception]: NOT DETECTED[0m
[0m[INFO] [1789229382.319585179] [perception]: NOT DETECTED[0m
[0m[INFO] [1789229412.610325976] [perception]: NOT DETECTED[0m
[0m[INFO] [1789229413.614492105] [perception]: NOT DETECTED[0m
[0m[INFO] [1789229414.723069246] [perception]: DETECTED pixel=(90,104) depth=0.351 m surface=(0.317,0.005,0.048) m center=(0.317,0.005,0.023) m conf=0.81 edge=0.3deg sides=(0.050,0.048)m sync_rate=14.02 Hz mask_px=504[0m
[0m[INFO] [1789229415.761834909] [perception]: NOT DETECTED[0m
[0m[INFO] [1789229416.800577278] [perception]: NOT DETECTED[0m
[0m[INFO] [1789229417.819380095] [perception]: NOT DETECTED[0m
[0m[INFO] [1789229418.837315251] [perception]: NOT DETECTED[0m
[0m[INFO] [1789229419.882590082] [perception]: NOT DETECTED[0m
[0m[INFO] [1789229420.926785429] [perception]: NOT DETECTED[0m
[0m[INFO] [1789229421.973780074] [perception]: NOT DETECTED[0m
[0m[INFO] [1789229422.993998455] [perception]: NOT DETECTED[0m
[0m[INFO] [1789229424.044066200] [perception]: NOT DETECTED[0m
[0m[INFO] [1789229425.091441690] [perception]: NOT DETECTED[0m
[0m[INFO] [1789229426.129738869] [perception]: NOT DETECTED[0m
[0m[INFO] [1789229427.165811963] [perception]: NOT DETECTED[0m
[0m[INFO] [1789229428.201473950] [perception]: NOT DETECTED[0m
[0m[INFO] [1789229429.231392878] [perception]: NOT DETECTED[0m
[0m[INFO] [1789229430.283568571] [perception]: NOT DETECTED[0m
[0m[INFO] [1789229431.340472493] [perception]: NOT DETECTED[0m
[0m[INFO] [1789229432.361155549] [perception]: NOT DETECTED[0m
[0m[INFO] [1789229433.404698858] [perception]: NOT DETECTED[0m
[0m[INFO] [1789229434.434429401] [perception]: NOT DETECTED[0m
[0m[INFO] [1789229435.468738511] [perception]: NOT DETECTED[0m
[0m[INFO] [1789229436.511838893] [perception]: NOT DETECTED[0m
[0m[INFO] [1789229437.545893752] [perception]: NOT DETECTED[0m
[0m[INFO] [1789229438.578941321] [perception]: NOT DETECTED[0m
[0m[INFO] [1789229439.623740599] [perception]: NOT DETECTED[0m
[0m[INFO] [1789229440.647512244] [perception]: NOT DETECTED[0m
[0m[INFO] [1789229441.683533898] [perception]: NOT DETECTED[0m
[0m[INFO] [1789229442.713989762] [perception]: NOT DETECTED[0m
[0m[INFO] [1789229443.747725264] [perception]: NOT DETECTED[0m
[0m[INFO] [1789229444.777353471] [perception]: NOT DETECTED[0m
[0m[INFO] [1789229445.794252785] [perception]: NOT DETECTED[0m
[0m[INFO] [1789229446.865306611] [perception]: DETECTED pixel=(78,106) depth=0.346 m surface=(0.312,0.010,0.051) m center=(0.312,0.010,0.026) m conf=0.97 edge=0.6deg sides=(0.050,0.049)m sync_rate=14.03 Hz mask_px=1323[0m
[0m[INFO] [1789229447.937111857] [perception]: DETECTED pixel=(78,106) depth=0.346 m surface=(0.312,0.010,0.051) m center=(0.312,0.010,0.026) m conf=0.97 edge=0.7deg sides=(0.050,0.049)m sync_rate=14.03 Hz mask_px=1323[0m
[0m[INFO] [1789229449.020362196] [perception]: DETECTED pixel=(78,106) depth=0.345 m surface=(0.312,0.010,0.051) m center=(0.312,0.010,0.026) m conf=0.97 edge=0.7deg sides=(0.050,0.049)m sync_rate=14.03 Hz mask_px=1323[0m
[0m[INFO] [1789229450.020710456] [perception]: DETECTED pixel=(79,106) depth=0.347 m surface=(0.312,0.010,0.051) m center=(0.312,0.010,0.026) m conf=0.97 edge=0.5deg sides=(0.050,0.050)m sync_rate=14.03 Hz mask_px=1298[0m
[0m[INFO] [1789229451.021132405] [perception]: NOT DETECTED[0m
[0m[INFO] [1789229452.088808550] [perception]: NOT DETECTED[0m
[0m[INFO] [1789229453.091460641] [perception]: NOT DETECTED[0m
[0m[INFO] [1789229454.117627590] [perception]: NOT DETECTED[0m
[0m[INFO] [1789229455.130738022] [perception]: NOT DETECTED[0m
[0m[INFO] [1789229456.158432827] [perception]: NOT DETECTED[0m
[0m[INFO] [1789229484.668463590] [perception]: NOT DETECTED[0m
[0m[INFO] [1789229485.706396102] [perception]: NOT DETECTED[0m
[0m[INFO] [1789229487.032281585] [perception]: DETECTED pixel=(90,108) depth=0.351 m surface=(0.312,0.010,0.046) m center=(0.312,0.010,0.021) m conf=0.80 edge=0.6deg sides=(0.050,0.049)m sync_rate=14.01 Hz mask_px=524[0m
[0m[INFO] [1789229488.151539658] [perception]: DETECTED pixel=(75,98) depth=0.349 m surface=(0.319,-0.002,0.046) m center=(0.319,-0.002,0.021) m conf=0.88 edge=0.0deg sides=(0.050,0.050)m sync_rate=14.01 Hz mask_px=1438[0m
[0m[INFO] [1789229489.156561328] [perception]: DETECTED pixel=(75,98) depth=0.349 m surface=(0.319,-0.002,0.046) m center=(0.319,-0.002,0.021) m conf=0.97 edge=0.1deg sides=(0.050,0.050)m sync_rate=14.01 Hz mask_px=1438[0m
[0m[INFO] [1789229490.215419949] [perception]: DETECTED pixel=(75,98) depth=0.349 m surface=(0.319,-0.002,0.046) m center=(0.319,-0.002,0.021) m conf=0.98 edge=0.1deg sides=(0.050,0.050)m sync_rate=14.01 Hz mask_px=1438[0m
[0m[INFO] [1789229491.260513867] [perception]: DETECTED pixel=(75,98) depth=0.349 m surface=(0.319,-0.002,0.046) m center=(0.319,-0.002,0.021) m conf=0.98 edge=0.0deg sides=(0.050,0.050)m sync_rate=14.01 Hz mask_px=1438[0m
[0m[INFO] [1789229492.461430613] [perception]: DETECTED pixel=(90,98) depth=0.360 m surface=(0.319,-0.002,0.046) m center=(0.319,-0.002,0.021) m conf=0.81 edge=-0.1deg sides=(0.051,0.049)m sync_rate=14.01 Hz mask_px=458[0m
[0m[INFO] [1789229493.519389235] [perception]: NOT DETECTED[0m
[0m[INFO] [1789229494.539910641] [perception]: NOT DETECTED[0m
[0m[INFO] [1789229495.607845920] [perception]: NOT DETECTED[0m
[0m[INFO] [1789229496.669957661] [perception]: NOT DETECTED[0m
[0m[INFO] [1789229526.758526155] [perception]: NOT DETECTED[0m
[0m[INFO] [1789229527.784447939] [perception]: NOT DETECTED[0m
[0m[INFO] [1789229528.926037522] [perception]: DETECTED pixel=(90,98) depth=0.354 m surface=(0.324,-0.001,0.049) m center=(0.324,-0.001,0.024) m conf=0.81 edge=-0.2deg sides=(0.050,0.050)m sync_rate=13.99 Hz mask_px=506[0m
[0m[INFO] [1789229529.985689299] [perception]: NOT DETECTED[0m
[0m[INFO] [1789229531.024685800] [perception]: DETECTED pixel=(84,86) depth=0.339 m surface=(0.290,-0.015,0.049) m center=(0.290,-0.015,0.024) m conf=0.95 edge=-0.1deg sides=(0.050,0.049)m sync_rate=13.99 Hz mask_px=1149[0m
[0m[INFO] [1789229532.100464668] [perception]: DETECTED pixel=(84,86) depth=0.339 m surface=(0.291,-0.015,0.049) m center=(0.291,-0.015,0.024) m conf=0.94 edge=-0.3deg sides=(0.050,0.049)m sync_rate=13.99 Hz mask_px=1149[0m
[0m[INFO] [1789229533.121287290] [perception]: DETECTED pixel=(84,86) depth=0.339 m surface=(0.291,-0.015,0.049) m center=(0.291,-0.015,0.024) m conf=0.95 edge=-0.7deg sides=(0.050,0.050)m sync_rate=13.99 Hz mask_px=1149[0m
[0m[INFO] [1789229534.122613689] [perception]: DETECTED pixel=(87,86) depth=0.343 m surface=(0.297,-0.015,0.049) m center=(0.297,-0.015,0.024) m conf=0.88 edge=-0.5deg sides=(0.050,0.036)m sync_rate=13.99 Hz mask_px=809[0m
[0m[INFO] [1789229535.238981242] [perception]: NOT DETECTED[0m
[0m[INFO] [1789229536.242932726] [perception]: NOT DETECTED[0m
[0m[INFO] [1789229537.285006587] [perception]: NOT DETECTED[0m
[0m[INFO] [1789229538.382201780] [perception]: NOT DETECTED[0m
[0m[INFO] [1789229569.514017019] [perception]: NOT DETECTED[0m
[0m[INFO] [1789229570.552678547] [perception]: NOT DETECTED[0m
[0m[INFO] [1789229571.888569411] [perception]: DETECTED pixel=(91,85) depth=0.339 m surface=(0.290,-0.019,0.056) m center=(0.290,-0.019,0.031) m conf=0.80 edge=-0.8deg sides=(0.050,0.049)m sync_rate=13.97 Hz mask_px=479[0m
[0m[INFO] [1789229572.896665575] [perception]: DETECTED pixel=(83,113) depth=0.340 m surface=(0.293,0.011,0.056) m center=(0.293,0.011,0.031) m conf=0.85 edge=-0.1deg sides=(0.050,0.049)m sync_rate=13.97 Hz mask_px=1214[0m
[0m[INFO] [1789229573.918446039] [perception]: DETECTED pixel=(83,113) depth=0.340 m surface=(0.293,0.011,0.056) m center=(0.293,0.011,0.031) m conf=0.95 edge=-0.5deg sides=(0.050,0.049)m sync_rate=13.96 Hz mask_px=1214[0m
[0m[INFO] [1789229575.019940610] [perception]: DETECTED pixel=(83,113) depth=0.340 m surface=(0.293,0.011,0.056) m center=(0.293,0.011,0.031) m conf=0.95 edge=-0.5deg sides=(0.050,0.049)m sync_rate=13.96 Hz mask_px=1214[0m
[0m[INFO] [1789229576.053744715] [perception]: DETECTED pixel=(83,113) depth=0.340 m surface=(0.293,0.011,0.056) m center=(0.293,0.011,0.031) m conf=0.94 edge=0.0deg sides=(0.050,0.049)m sync_rate=13.96 Hz mask_px=1214[0m
[0m[INFO] [1789229577.261440472] [perception]: NOT DETECTED[0m
[0m[INFO] [1789229578.276218983] [perception]: NOT DETECTED[0m
[0m[INFO] [1789229579.299942699] [perception]: NOT DETECTED[0m
[0m[INFO] [1789229580.312143581] [perception]: NOT DETECTED[0m
[0m[INFO] [1789229581.335072724] [perception]: NOT DETECTED[0m
[0m[INFO] [1789229610.603326354] [perception]: NOT DETECTED[0m
[0m[INFO] [1789229611.665317629] [perception]: NOT DETECTED[0m
[0m[INFO] [1789229612.824126751] [perception]: DETECTED pixel=(118,99) depth=0.320 m surface=(0.294,0.016,0.049) m center=(0.294,0.016,0.024) m conf=0.84 edge=1.0deg sides=(0.050,0.049)m sync_rate=13.95 Hz mask_px=355[0m
[0m[INFO] [1789229613.919975350] [perception]: DETECTED pixel=(80,80) depth=0.343 m surface=(0.306,-0.017,0.049) m center=(0.306,-0.017,0.024) m conf=0.87 edge=0.8deg sides=(0.050,0.049)m sync_rate=13.95 Hz mask_px=1388[0m
[0m[INFO] [1789229614.925011587] [perception]: DETECTED pixel=(80,80) depth=0.344 m surface=(0.306,-0.017,0.049) m center=(0.306,-0.017,0.024) m conf=0.97 edge=0.7deg sides=(0.051,0.049)m sync_rate=13.95 Hz mask_px=1388[0m
[0m[INFO] [1789229615.953867894] [perception]: DETECTED pixel=(80,80) depth=0.343 m surface=(0.306,-0.017,0.049) m center=(0.306,-0.017,0.024) m conf=0.96 edge=0.8deg sides=(0.050,0.049)m sync_rate=13.95 Hz mask_px=1388[0m
[0m[INFO] [1789229617.012652635] [perception]: DETECTED pixel=(80,80) depth=0.344 m surface=(0.306,-0.017,0.049) m center=(0.306,-0.017,0.024) m conf=0.96 edge=0.9deg sides=(0.051,0.049)m sync_rate=13.95 Hz mask_px=1388[0m
[0m[INFO] [1789229618.207625455] [perception]: NOT DETECTED[0m
[0m[INFO] [1789229619.212488186] [perception]: NOT DETECTED[0m
[0m[INFO] [1789229620.272246656] [perception]: NOT DETECTED[0m
[0m[INFO] [1789229621.322599173] [perception]: NOT DETECTED[0m
[0m[INFO] [1789229622.381176389] [perception]: NOT DETECTED[0m
[0m[INFO] [1789229625.561969716] [perception]: DETECTED pixel=(109,48) depth=0.116 m surface=(0.311,-0.016,0.048) m center=(0.311,-0.016,0.023) m conf=0.80 edge=1.3deg sides=(0.050,0.036)m sync_rate=13.95 Hz mask_px=853[0m
[0m[INFO] [1789229626.615288943] [perception]: DETECTED pixel=(107,49) depth=0.113 m surface=(0.311,-0.016,0.048) m center=(0.311,-0.016,0.023) m conf=0.92 edge=1.1deg sides=(0.050,0.037)m sync_rate=13.95 Hz mask_px=1238[0m
[0m[INFO] [1789229651.761328971] [perception]: DETECTED pixel=(111,153) depth=0.113 m surface=(0.313,-0.014,0.048) m center=(0.313,-0.014,0.023) m conf=0.79 edge=1.9deg sides=(0.050,0.039)m sync_rate=13.93 Hz mask_px=1380[0m
[0m[INFO] [1789229652.773388072] [perception]: NOT DETECTED[0m
[0m[INFO] [1789229653.784744314] [perception]: NOT DETECTED[0m
[0m[INFO] [1789229654.809252343] [perception]: DETECTED pixel=(80,85) depth=0.345 m surface=(0.310,-0.018,0.050) m center=(0.310,-0.018,0.025) m conf=0.96 edge=0.9deg sides=(0.050,0.050)m sync_rate=13.93 Hz mask_px=1355[0m
[0m[INFO] [1789229655.877390909] [perception]: DETECTED pixel=(84,123) depth=0.339 m surface=(0.297,0.025,0.050) m center=(0.297,0.025,0.025) m conf=0.96 edge=0.1deg sides=(0.049,0.049)m sync_rate=13.93 Hz mask_px=1249[0m
[0m[INFO] [1789229656.897091397] [perception]: DETECTED pixel=(84,123) depth=0.339 m surface=(0.297,0.025,0.050) m center=(0.297,0.025,0.025) m conf=0.96 edge=0.1deg sides=(0.049,0.049)m sync_rate=13.93 Hz mask_px=1249[0m
[0m[INFO] [1789229657.982268136] [perception]: DETECTED pixel=(84,123) depth=0.339 m surface=(0.297,0.025,0.050) m center=(0.297,0.025,0.025) m conf=0.96 edge=0.0deg sides=(0.049,0.049)m sync_rate=13.93 Hz mask_px=1249[0m
[0m[INFO] [1789229659.019466209] [perception]: DETECTED pixel=(87,122) depth=0.342 m surface=(0.296,0.025,0.050) m center=(0.296,0.025,0.025) m conf=0.93 edge=0.0deg sides=(0.049,0.049)m sync_rate=13.93 Hz mask_px=1018[0m
[0m[INFO] [1789229660.053748286] [perception]: NOT DETECTED[0m
[0m[INFO] [1789229661.091366731] [perception]: NOT DETECTED[0m
[0m[INFO] [1789229662.138274424] [perception]: NOT DETECTED[0m
[0m[INFO] [1789229663.161324352] [perception]: NOT DETECTED[0m
[0m[INFO] [1789229664.281138232] [perception]: NOT DETECTED[0m
[0m[INFO] [1789229695.990075572] [perception]: NOT DETECTED[0m
[0m[INFO] [1789229697.049689756] [perception]: NOT DETECTED[0m
[0m[INFO] [1789229698.295925518] [perception]: DETECTED pixel=(94,126) depth=0.340 m surface=(0.297,0.026,0.054) m center=(0.297,0.026,0.029) m conf=0.80 edge=22.7deg sides=(0.064,0.039)m sync_rate=13.90 Hz mask_px=414[0m
[0m[INFO] [1789229699.301334236] [perception]: NOT DETECTED[0m
[0m[INFO] [1789229700.347949046] [perception]: DETECTED pixel=(83,89) depth=0.340 m surface=(0.293,-0.013,0.054) m center=(0.293,-0.013,0.029) m conf=0.95 edge=-0.7deg sides=(0.050,0.049)m sync_rate=13.90 Hz mask_px=1162[0m
[0m[INFO] [1789229701.377526205] [perception]: DETECTED pixel=(83,89) depth=0.340 m surface=(0.292,-0.013,0.054) m center=(0.292,-0.013,0.029) m conf=0.95 edge=-0.5deg sides=(0.050,0.049)m sync_rate=13.90 Hz mask_px=1162[0m
[0m[INFO] [1789229702.379722188] [perception]: DETECTED pixel=(83,89) depth=0.340 m surface=(0.292,-0.013,0.054) m center=(0.292,-0.013,0.029) m conf=0.95 edge=-0.2deg sides=(0.050,0.050)m sync_rate=13.90 Hz mask_px=1162[0m
[0m[INFO] [1789229703.383486433] [perception]: DETECTED pixel=(83,89) depth=0.340 m surface=(0.290,-0.011,0.047) m center=(0.290,-0.011,0.022) m conf=0.95 edge=-0.6deg sides=(0.050,0.049)m sync_rate=13.90 Hz mask_px=1162[0m
[0m[INFO] [1789229704.482714333] [perception]: DETECTED pixel=(78,119) depth=0.346 m surface=(0.314,0.026,0.047) m center=(0.314,0.026,0.022) m conf=0.97 edge=0.2deg sides=(0.050,0.049)m sync_rate=13.89 Hz mask_px=1478[0m
[0m[INFO] [1789229705.484844534] [perception]: DETECTED pixel=(78,119) depth=0.346 m surface=(0.314,0.026,0.047) m center=(0.314,0.026,0.022) m conf=0.97 edge=0.1deg sides=(0.050,0.049)m sync_rate=13.89 Hz mask_px=1478[0m
[0m[INFO] [1789229706.516510637] [perception]: DETECTED pixel=(78,119) depth=0.346 m surface=(0.314,0.026,0.047) m center=(0.314,0.026,0.022) m conf=0.97 edge=0.1deg sides=(0.050,0.049)m sync_rate=13.89 Hz mask_px=1478[0m
[0m[INFO] [1789229707.569230693] [perception]: DETECTED pixel=(78,119) depth=0.346 m surface=(0.315,0.026,0.047) m center=(0.315,0.026,0.022) m conf=0.97 edge=0.2deg sides=(0.051,0.049)m sync_rate=13.89 Hz mask_px=1475[0m
[0m[INFO] [1789229708.623865153] [perception]: NOT DETECTED[0m
[0m[INFO] [1789229709.666836503] [perception]: NOT DETECTED[0m
[0m[INFO] [1789229710.738228294] [perception]: NOT DETECTED[0m
[0m[INFO] [1789229711.755689450] [perception]: NOT DETECTED[0m
[0m[INFO] [1789229743.580766797] [perception]: NOT DETECTED[0m
[0m[INFO] [1789229744.640036839] [perception]: NOT DETECTED[0m
[0m[INFO] [1789229745.665420010] [perception]: DETECTED pixel=(91,120) depth=0.350 m surface=(0.314,0.027,0.046) m center=(0.314,0.027,0.021) m conf=0.82 edge=0.9deg sides=(0.050,0.050)m sync_rate=13.88 Hz mask_px=559[0m
[0m[INFO] [1789229746.737816243] [perception]: DETECTED pixel=(82,105) depth=0.341 m surface=(0.289,0.008,0.046) m center=(0.289,0.008,0.021) m conf=0.95 edge=0.9deg sides=(0.050,0.046)m sync_rate=13.88 Hz mask_px=1137[0m
[0m[INFO] [1789229747.738370258] [perception]: DETECTED pixel=(82,105) depth=0.341 m surface=(0.289,0.008,0.046) m center=(0.289,0.008,0.021) m conf=0.95 edge=0.9deg sides=(0.050,0.046)m sync_rate=13.88 Hz mask_px=1137[0m
[0m[INFO] [1789229748.788869508] [perception]: DETECTED pixel=(82,105) depth=0.341 m surface=(0.289,0.008,0.046) m center=(0.289,0.008,0.021) m conf=0.95 edge=0.8deg sides=(0.050,0.047)m sync_rate=13.88 Hz mask_px=1137[0m
[0m[INFO] [1789229749.834875208] [perception]: DETECTED pixel=(82,105) depth=0.341 m surface=(0.289,0.008,0.046) m center=(0.289,0.008,0.021) m conf=0.95 edge=1.2deg sides=(0.050,0.046)m sync_rate=13.88 Hz mask_px=1137[0m
[0m[INFO] [1789229750.835210368] [perception]: DETECTED pixel=(82,105) depth=0.341 m surface=(0.289,0.008,0.046) m center=(0.289,0.008,0.021) m conf=0.95 edge=0.9deg sides=(0.050,0.046)m sync_rate=13.88 Hz mask_px=1137[0m
[0m[INFO] [1789229751.842425068] [perception]: DETECTED pixel=(82,105) depth=0.341 m surface=(0.289,0.008,0.046) m center=(0.289,0.008,0.021) m conf=0.95 edge=1.0deg sides=(0.050,0.046)m sync_rate=13.88 Hz mask_px=1137[0m
[0m[INFO] [1789229752.897252832] [perception]: DETECTED pixel=(82,105) depth=0.341 m surface=(0.289,0.008,0.046) m center=(0.289,0.008,0.021) m conf=0.95 edge=0.9deg sides=(0.050,0.046)m sync_rate=13.88 Hz mask_px=1137[0m
[0m[INFO] [1789229753.931003237] [perception]: DETECTED pixel=(82,105) depth=0.341 m surface=(0.289,0.008,0.046) m center=(0.289,0.008,0.021) m conf=0.95 edge=0.9deg sides=(0.050,0.047)m sync_rate=13.88 Hz mask_px=1137[0m
[0m[INFO] [1789229754.978855737] [perception]: DETECTED pixel=(82,105) depth=0.341 m surface=(0.289,0.008,0.046) m center=(0.289,0.008,0.021) m conf=0.95 edge=1.0deg sides=(0.050,0.046)m sync_rate=13.88 Hz mask_px=1137[0m
[0m[INFO] [1789229756.040667755] [perception]: DETECTED pixel=(82,105) depth=0.341 m surface=(0.289,0.008,0.046) m center=(0.289,0.008,0.021) m conf=0.95 edge=0.9deg sides=(0.050,0.046)m sync_rate=13.88 Hz mask_px=1137[0m
[0m[INFO] [1789229757.089178110] [perception]: DETECTED pixel=(82,105) depth=0.341 m surface=(0.289,0.008,0.046) m center=(0.289,0.008,0.021) m conf=0.95 edge=0.9deg sides=(0.050,0.047)m sync_rate=13.88 Hz mask_px=1137[0m
[0m[INFO] [1789229758.127975369] [perception]: DETECTED pixel=(82,105) depth=0.341 m surface=(0.289,0.008,0.046) m center=(0.289,0.008,0.021) m conf=0.95 edge=1.0deg sides=(0.050,0.046)m sync_rate=13.88 Hz mask_px=1137[0m
[0m[INFO] [1789229759.144603433] [perception]: DETECTED pixel=(82,105) depth=0.341 m surface=(0.289,0.008,0.046) m center=(0.289,0.008,0.021) m conf=0.95 edge=1.0deg sides=(0.050,0.046)m sync_rate=13.88 Hz mask_px=1137[0m
[0m[INFO] [1789229760.190229572] [perception]: DETECTED pixel=(82,105) depth=0.341 m surface=(0.289,0.008,0.046) m center=(0.289,0.008,0.021) m conf=0.95 edge=0.9deg sides=(0.050,0.046)m sync_rate=13.88 Hz mask_px=1137[0m
[0m[INFO] [1789229761.234467833] [perception]: DETECTED pixel=(82,105) depth=0.341 m surface=(0.289,0.008,0.046) m center=(0.289,0.008,0.021) m conf=0.96 edge=0.8deg sides=(0.050,0.046)m sync_rate=13.88 Hz mask_px=1137[0m
[0m[INFO] [1789229762.280535573] [perception]: DETECTED pixel=(82,105) depth=0.341 m surface=(0.289,0.008,0.046) m center=(0.289,0.008,0.021) m conf=0.94 edge=1.0deg sides=(0.050,0.046)m sync_rate=13.88 Hz mask_px=1137[0m
[0m[INFO] [1789229763.297238682] [perception]: DETECTED pixel=(82,105) depth=0.341 m surface=(0.289,0.008,0.046) m center=(0.289,0.008,0.021) m conf=0.95 edge=1.3deg sides=(0.050,0.046)m sync_rate=13.88 Hz mask_px=1137[0m
[0m[INFO] [1789229764.328288345] [perception]: DETECTED pixel=(82,105) depth=0.341 m surface=(0.289,0.008,0.046) m center=(0.289,0.008,0.021) m conf=0.96 edge=1.1deg sides=(0.050,0.046)m sync_rate=13.88 Hz mask_px=1137[0m
[0m[INFO] [1789229765.329842308] [perception]: DETECTED pixel=(82,105) depth=0.341 m surface=(0.289,0.008,0.046) m center=(0.289,0.008,0.021) m conf=0.95 edge=0.9deg sides=(0.050,0.046)m sync_rate=13.88 Hz mask_px=1137[0m
[0m[INFO] [1789229766.384986974] [perception]: DETECTED pixel=(82,105) depth=0.341 m surface=(0.289,0.008,0.046) m center=(0.289,0.008,0.021) m conf=0.95 edge=0.9deg sides=(0.050,0.046)m sync_rate=13.88 Hz mask_px=1137[0m
[0m[INFO] [1789229767.395818455] [perception]: DETECTED pixel=(82,105) depth=0.341 m surface=(0.289,0.008,0.046) m center=(0.289,0.008,0.021) m conf=0.95 edge=1.0deg sides=(0.050,0.046)m sync_rate=13.88 Hz mask_px=1137[0m
[0m[INFO] [1789229768.451727549] [perception]: DETECTED pixel=(82,105) depth=0.341 m surface=(0.289,0.008,0.046) m center=(0.289,0.008,0.021) m conf=0.95 edge=0.9deg sides=(0.050,0.046)m sync_rate=13.88 Hz mask_px=1137[0m
[0m[INFO] [1789229769.452306389] [perception]: DETECTED pixel=(82,105) depth=0.341 m surface=(0.289,0.008,0.046) m center=(0.289,0.008,0.021) m conf=0.95 edge=1.0deg sides=(0.050,0.046)m sync_rate=13.88 Hz mask_px=1137[0m
[0m[INFO] [1789229770.465791165] [perception]: DETECTED pixel=(82,105) depth=0.341 m surface=(0.289,0.008,0.046) m center=(0.289,0.008,0.021) m conf=0.95 edge=0.9deg sides=(0.050,0.046)m sync_rate=13.88 Hz mask_px=1137[0m
[0m[INFO] [1789229771.502518861] [perception]: DETECTED pixel=(82,105) depth=0.341 m surface=(0.289,0.008,0.046) m center=(0.289,0.008,0.021) m conf=0.95 edge=1.0deg sides=(0.050,0.046)m sync_rate=13.88 Hz mask_px=1137[0m
[0m[INFO] [1789229772.547000047] [perception]: DETECTED pixel=(82,105) depth=0.341 m surface=(0.289,0.008,0.046) m center=(0.289,0.008,0.021) m conf=0.95 edge=0.9deg sides=(0.050,0.046)m sync_rate=13.89 Hz mask_px=1137[0m
[0m[INFO] [1789229773.549361970] [perception]: DETECTED pixel=(82,105) depth=0.341 m surface=(0.289,0.008,0.046) m center=(0.289,0.008,0.021) m conf=0.95 edge=0.9deg sides=(0.050,0.046)m sync_rate=13.89 Hz mask_px=1137[0m
[0m[INFO] [1789229774.569838368] [perception]: DETECTED pixel=(82,105) depth=0.341 m surface=(0.289,0.008,0.046) m center=(0.289,0.008,0.021) m conf=0.95 edge=0.9deg sides=(0.050,0.046)m sync_rate=13.89 Hz mask_px=1137[0m
[0m[INFO] [1789229775.613691302] [perception]: DETECTED pixel=(82,105) depth=0.341 m surface=(0.289,0.008,0.046) m center=(0.289,0.008,0.021) m conf=0.95 edge=0.9deg sides=(0.050,0.046)m sync_rate=13.89 Hz mask_px=1137[0m
[0m[INFO] [1789229776.633080145] [perception]: DETECTED pixel=(82,105) depth=0.341 m surface=(0.294,0.006,0.052) m center=(0.294,0.006,0.027) m conf=0.85 edge=-0.1deg sides=(0.050,0.046)m sync_rate=13.89 Hz mask_px=1137[0m
[0m[INFO] [1789229777.660096736] [perception]: DETECTED pixel=(77,115) depth=0.347 m surface=(0.318,0.018,0.052) m center=(0.318,0.018,0.027) m conf=0.87 edge=-0.6deg sides=(0.050,0.049)m sync_rate=13.88 Hz mask_px=1459[0m
[0m[INFO] [1789229778.670877690] [perception]: DETECTED pixel=(77,115) depth=0.347 m surface=(0.318,0.018,0.052) m center=(0.318,0.018,0.027) m conf=0.97 edge=-0.7deg sides=(0.050,0.049)m sync_rate=13.88 Hz mask_px=1459[0m
[0m[INFO] [1789229779.679298820] [perception]: DETECTED pixel=(77,115) depth=0.347 m surface=(0.318,0.018,0.052) m center=(0.318,0.018,0.027) m conf=0.97 edge=-0.7deg sides=(0.050,0.049)m sync_rate=13.88 Hz mask_px=1459[0m
[0m[INFO] [1789229780.771992938] [perception]: DETECTED pixel=(77,115) depth=0.347 m surface=(0.318,0.018,0.052) m center=(0.318,0.018,0.027) m conf=0.96 edge=-0.7deg sides=(0.050,0.049)m sync_rate=13.88 Hz mask_px=1459[0m
[0m[INFO] [1789229781.825512573] [perception]: NOT DETECTED[0m
[0m[INFO] [1789229782.868649012] [perception]: NOT DETECTED[0m
[0m[INFO] [1789229783.889641626] [perception]: NOT DETECTED[0m
[0m[INFO] [1789229784.904234202] [perception]: NOT DETECTED[0m
[0m[INFO] [1789229785.919161100] [perception]: NOT DETECTED[0m
[0m[INFO] [1789229786.938467362] [perception]: NOT DETECTED[0m
[0m[INFO] [1789229787.955979450] [perception]: NOT DETECTED[0m
[0m[INFO] [1789229815.706675762] [perception]: NOT DETECTED[0m
[0m[INFO] [1789229816.740646753] [perception]: NOT DETECTED[0m
[0m[INFO] [1789229817.987181041] [perception]: DETECTED pixel=(92,115) depth=0.353 m surface=(0.321,0.017,0.052) m center=(0.321,0.017,0.027) m conf=0.79 edge=-1.5deg sides=(0.050,0.050)m sync_rate=13.87 Hz mask_px=480[0m
[0m[INFO] [1789229819.089712096] [perception]: DETECTED pixel=(84,123) depth=0.339 m surface=(0.297,0.025,0.052) m center=(0.297,0.025,0.027) m conf=0.86 edge=-0.1deg sides=(0.049,0.049)m sync_rate=13.87 Hz mask_px=1252[0m
[0m[INFO] [1789229820.181243989] [perception]: DETECTED pixel=(84,123) depth=0.339 m surface=(0.297,0.025,0.052) m center=(0.297,0.025,0.027) m conf=0.96 edge=-0.1deg sides=(0.049,0.049)m sync_rate=13.87 Hz mask_px=1252[0m
[0m[INFO] [1789229821.259234697] [perception]: DETECTED pixel=(84,123) depth=0.339 m surface=(0.297,0.025,0.052) m center=(0.297,0.025,0.027) m conf=0.96 edge=-0.1deg sides=(0.049,0.049)m sync_rate=13.87 Hz mask_px=1252[0m
[0m[INFO] [1789229822.267475305] [perception]: DETECTED pixel=(84,123) depth=0.339 m surface=(0.297,0.025,0.052) m center=(0.297,0.025,0.027) m conf=0.96 edge=-0.1deg sides=(0.049,0.049)m sync_rate=13.87 Hz mask_px=1252[0m
[0m[INFO] [1789229823.340677523] [perception]: NOT DETECTED[0m
[0m[INFO] [1789229824.358435224] [perception]: NOT DETECTED[0m
[0m[INFO] [1789229825.425286841] [perception]: NOT DETECTED[0m
[0m[INFO] [1789229826.428767312] [perception]: NOT DETECTED[0m
[0m[INFO] [1789229827.438403119] [perception]: NOT DETECTED[0m
[0m[INFO] [1789229840.323091413] [perception]: DETECTED pixel=(111,45) depth=0.112 m surface=(0.304,0.025,0.082) m center=(0.304,0.025,0.057) m conf=0.80 edge=0.5deg sides=(0.050,0.038)m sync_rate=13.87 Hz mask_px=1529[0m
[0m[INFO] [1789229848.914146019] [perception]: DETECTED pixel=(112,45) depth=0.112 m surface=(0.307,0.025,0.084) m center=(0.307,0.025,0.059) m conf=0.79 edge=1.0deg sides=(0.050,0.037)m sync_rate=13.86 Hz mask_px=1482[0m
[0m[INFO] [1789229857.223634427] [perception]: NOT DETECTED[0m
[0m[INFO] [1789229858.273962728] [perception]: NOT DETECTED[0m
[0m[INFO] [1789229859.587200603] [perception]: DETECTED pixel=(92,122) depth=0.342 m surface=(0.299,0.024,0.052) m center=(0.299,0.024,0.027) m conf=0.81 edge=-0.9deg sides=(0.050,0.050)m sync_rate=13.86 Hz mask_px=591[0m
[0m[INFO] [1789229860.668642787] [perception]: DETECTED pixel=(75,99) depth=0.349 m surface=(0.321,-0.001,0.052) m center=(0.321,-0.001,0.027) m conf=0.97 edge=-0.2deg sides=(0.050,0.050)m sync_rate=13.86 Hz mask_px=1439[0m
[0m[INFO] [1789229861.730535142] [perception]: DETECTED pixel=(75,99) depth=0.349 m surface=(0.321,-0.001,0.052) m center=(0.321,-0.001,0.027) m conf=0.98 edge=-0.1deg sides=(0.050,0.049)m sync_rate=13.86 Hz mask_px=1439[0m
[0m[INFO] [1789229862.746482854] [perception]: DETECTED pixel=(75,99) depth=0.349 m surface=(0.321,-0.001,0.052) m center=(0.321,-0.001,0.027) m conf=0.98 edge=-0.4deg sides=(0.050,0.050)m sync_rate=13.86 Hz mask_px=1439[0m
[0m[INFO] [1789229863.796070673] [perception]: DETECTED pixel=(75,99) depth=0.349 m surface=(0.321,-0.001,0.052) m center=(0.321,-0.001,0.027) m conf=0.97 edge=-0.1deg sides=(0.050,0.050)m sync_rate=13.86 Hz mask_px=1439[0m
[0m[INFO] [1789229864.845439582] [perception]: DETECTED pixel=(75,99) depth=0.349 m surface=(0.321,-0.001,0.052) m center=(0.321,-0.001,0.027) m conf=0.98 edge=-0.4deg sides=(0.050,0.049)m sync_rate=13.86 Hz mask_px=1439[0m
[0m[INFO] [1789229865.925632135] [perception]: DETECTED pixel=(75,99) depth=0.349 m surface=(0.321,-0.001,0.052) m center=(0.321,-0.001,0.027) m conf=0.98 edge=-0.4deg sides=(0.050,0.050)m sync_rate=13.86 Hz mask_px=1439[0m
[0m[INFO] [1789229866.936444285] [perception]: DETECTED pixel=(75,99) depth=0.349 m surface=(0.321,-0.001,0.052) m center=(0.321,-0.001,0.027) m conf=0.97 edge=-0.2deg sides=(0.050,0.050)m sync_rate=13.86 Hz mask_px=1439[0m
[0m[INFO] [1789229867.963473121] [perception]: DETECTED pixel=(75,99) depth=0.349 m surface=(0.321,-0.001,0.052) m center=(0.321,-0.001,0.027) m conf=0.97 edge=-0.1deg sides=(0.050,0.050)m sync_rate=13.86 Hz mask_px=1439[0m
[0m[INFO] [1789229868.979686455] [perception]: DETECTED pixel=(75,99) depth=0.349 m surface=(0.321,-0.001,0.052) m center=(0.321,-0.001,0.027) m conf=0.98 edge=-0.3deg sides=(0.050,0.050)m sync_rate=13.86 Hz mask_px=1439[0m
[0m[INFO] [1789229870.044578000] [perception]: DETECTED pixel=(75,99) depth=0.349 m surface=(0.319,0.004,0.047) m center=(0.319,0.004,0.022) m conf=0.98 edge=-0.3deg sides=(0.050,0.050)m sync_rate=13.86 Hz mask_px=1439[0m
[0m[INFO] [1789229871.062139760] [perception]: DETECTED pixel=(75,99) depth=0.349 m surface=(0.319,0.004,0.047) m center=(0.319,0.004,0.022) m conf=0.97 edge=0.3deg sides=(0.050,0.050)m sync_rate=13.86 Hz mask_px=1439[0m
[0m[INFO] [1789229872.103979739] [perception]: DETECTED pixel=(75,99) depth=0.349 m surface=(0.319,0.004,0.047) m center=(0.319,0.004,0.022) m conf=0.97 edge=-0.5deg sides=(0.050,0.050)m sync_rate=13.86 Hz mask_px=1439[0m
[0m[INFO] [1789229873.150817212] [perception]: DETECTED pixel=(75,99) depth=0.349 m surface=(0.320,0.004,0.047) m center=(0.320,0.004,0.022) m conf=0.97 edge=-0.2deg sides=(0.050,0.050)m sync_rate=13.86 Hz mask_px=1439[0m
[0m[INFO] [1789229874.252130212] [perception]: DETECTED pixel=(75,99) depth=0.349 m surface=(0.319,0.004,0.047) m center=(0.319,0.004,0.022) m conf=0.97 edge=-0.9deg sides=(0.050,0.050)m sync_rate=13.86 Hz mask_px=1439[0m
[0m[INFO] [1789229875.317794197] [perception]: DETECTED pixel=(75,99) depth=0.349 m surface=(0.320,0.004,0.047) m center=(0.320,0.004,0.022) m conf=0.98 edge=-0.1deg sides=(0.050,0.050)m sync_rate=13.86 Hz mask_px=1439[0m
[0m[INFO] [1789229876.340884373] [perception]: DETECTED pixel=(75,99) depth=0.349 m surface=(0.319,0.004,0.047) m center=(0.319,0.004,0.022) m conf=0.97 edge=-0.2deg sides=(0.050,0.050)m sync_rate=13.86 Hz mask_px=1439[0m
[0m[INFO] [1789229877.385337530] [perception]: DETECTED pixel=(75,99) depth=0.349 m surface=(0.320,0.004,0.047) m center=(0.320,0.004,0.022) m conf=0.97 edge=-0.2deg sides=(0.050,0.050)m sync_rate=13.86 Hz mask_px=1439[0m
[0m[INFO] [1789229878.390444091] [perception]: DETECTED pixel=(75,99) depth=0.349 m surface=(0.319,0.004,0.047) m center=(0.319,0.004,0.022) m conf=0.98 edge=-0.6deg sides=(0.050,0.050)m sync_rate=13.86 Hz mask_px=1439[0m
[0m[INFO] [1789229879.392430604] [perception]: DETECTED pixel=(75,99) depth=0.349 m surface=(0.319,0.004,0.047) m center=(0.319,0.004,0.022) m conf=0.97 edge=-0.4deg sides=(0.050,0.050)m sync_rate=13.86 Hz mask_px=1439[0m
[0m[INFO] [1789229880.419328635] [perception]: DETECTED pixel=(75,99) depth=0.349 m surface=(0.319,0.004,0.047) m center=(0.319,0.004,0.022) m conf=0.97 edge=0.2deg sides=(0.050,0.050)m sync_rate=13.86 Hz mask_px=1439[0m
[0m[INFO] [1789229881.499363152] [perception]: DETECTED pixel=(75,99) depth=0.349 m surface=(0.320,0.004,0.047) m center=(0.320,0.004,0.022) m conf=0.97 edge=0.1deg sides=(0.050,0.050)m sync_rate=13.86 Hz mask_px=1439[0m
[0m[INFO] [1789229882.541460275] [perception]: DETECTED pixel=(75,99) depth=0.349 m surface=(0.320,0.004,0.047) m center=(0.320,0.004,0.022) m conf=0.97 edge=-0.1deg sides=(0.050,0.050)m sync_rate=13.86 Hz mask_px=1439[0m
[0m[INFO] [1789229883.607718430] [perception]: NOT DETECTED[0m
[0m[INFO] [1789229884.663769810] [perception]: DETECTED pixel=(87,76) depth=0.336 m surface=(0.281,-0.021,0.047) m center=(0.281,-0.021,0.022) m conf=0.92 edge=-0.3deg sides=(0.049,0.049)m sync_rate=13.86 Hz mask_px=1008[0m
[0m[INFO] [1789229885.728433461] [perception]: DETECTED pixel=(87,76) depth=0.336 m surface=(0.281,-0.021,0.047) m center=(0.281,-0.021,0.022) m conf=0.92 edge=-0.0deg sides=(0.049,0.049)m sync_rate=13.86 Hz mask_px=1008[0m
[0m[INFO] [1789229886.736357779] [perception]: DETECTED pixel=(87,76) depth=0.336 m surface=(0.281,-0.021,0.047) m center=(0.281,-0.021,0.022) m conf=0.92 edge=-0.2deg sides=(0.049,0.049)m sync_rate=13.86 Hz mask_px=1008[0m
[0m[INFO] [1789229888.229290168] [perception]: NOT DETECTED[0m
[0m[INFO] [1789229889.236164367] [perception]: NOT DETECTED[0m
[0m[INFO] [1789229890.251633846] [perception]: NOT DETECTED[0m
[0m[INFO] [1789229896.305081418] [perception]: DETECTED pixel=(105,51) depth=0.109 m surface=(0.288,-0.018,0.046) m center=(0.288,-0.018,0.021) m conf=0.78 edge=-0.1deg sides=(0.050,0.038)m sync_rate=13.85 Hz mask_px=2268[0m
[0m[INFO] [1789229898.775410331] [perception]: DETECTED pixel=(100,104) depth=0.105 m surface=(0.288,-0.016,0.046) m center=(0.288,-0.016,0.021) m conf=0.67 edge=1.0deg sides=(0.050,0.038)m sync_rate=13.85 Hz mask_px=2906[0m
[0m[INFO] [1789229899.828670858] [perception]: DETECTED pixel=(100,104) depth=0.106 m surface=(0.288,-0.016,0.045) m center=(0.288,-0.016,0.020) m conf=0.77 edge=-0.0deg sides=(0.050,0.039)m sync_rate=13.85 Hz mask_px=2942[0m
[0m[INFO] [1789229900.834556987] [perception]: DETECTED pixel=(100,104) depth=0.105 m surface=(0.288,-0.016,0.046) m center=(0.288,-0.016,0.021) m conf=0.78 edge=-0.2deg sides=(0.050,0.039)m sync_rate=13.85 Hz mask_px=3063[0m
[0m[INFO] [1789229912.789987121] [perception]: DETECTED pixel=(99,106) depth=0.105 m surface=(0.291,-0.016,0.076) m center=(0.291,-0.016,0.051) m conf=0.68 edge=0.6deg sides=(0.050,0.038)m sync_rate=13.85 Hz mask_px=3121[0m
[0m[INFO] [1789229920.947788223] [perception]: DETECTED pixel=(103,106) depth=0.106 m surface=(0.288,-0.015,0.046) m center=(0.288,-0.015,0.021) m conf=0.66 edge=-0.1deg sides=(0.050,0.039)m sync_rate=13.85 Hz mask_px=3176[0m
[0m[INFO] [1789229921.955810836] [perception]: NOT DETECTED[0m
[0m[INFO] [1789229923.823514810] [perception]: DETECTED pixel=(91,81) depth=0.336 m surface=(0.280,-0.023,0.047) m center=(0.280,-0.023,0.022) m conf=0.80 edge=0.3deg sides=(0.050,0.049)m sync_rate=13.85 Hz mask_px=590[0m
[0m[INFO] [1789229924.863162071] [perception]: DETECTED pixel=(86,84) depth=0.337 m surface=(0.280,-0.019,0.047) m center=(0.280,-0.019,0.022) m conf=0.91 edge=-0.2deg sides=(0.050,0.047)m sync_rate=13.85 Hz mask_px=1004[0m
[0m[INFO] [1789229925.884353602] [perception]: DETECTED pixel=(86,84) depth=0.337 m surface=(0.279,-0.019,0.048) m center=(0.279,-0.019,0.023) m conf=0.91 edge=0.3deg sides=(0.050,0.047)m sync_rate=13.85 Hz mask_px=1004[0m
[0m[INFO] [1789229926.891030410] [perception]: DETECTED pixel=(86,84) depth=0.337 m surface=(0.279,-0.019,0.048) m center=(0.279,-0.019,0.023) m conf=0.91 edge=0.2deg sides=(0.050,0.047)m sync_rate=13.85 Hz mask_px=1004[0m
[0m[INFO] [1789229927.950910276] [perception]: DETECTED pixel=(86,84) depth=0.337 m surface=(0.279,-0.019,0.048) m center=(0.279,-0.019,0.023) m conf=0.91 edge=0.3deg sides=(0.049,0.047)m sync_rate=13.84 Hz mask_px=997[0m
[0m[INFO] [1789229929.204786049] [perception]: NOT DETECTED[0m
[0m[INFO] [1789229930.216058831] [perception]: NOT DETECTED[0m
[0m[INFO] [1789229931.235745188] [perception]: NOT DETECTED[0m
[0m[INFO] [1789229932.318252979] [perception]: DETECTED pixel=(121,157) depth=0.125 m surface=(0.285,-0.020,0.047) m center=(0.285,-0.020,0.022) m conf=0.76 edge=1.5deg sides=(0.050,0.036)m sync_rate=13.84 Hz mask_px=625[0m
[0m[INFO] [1789229933.339606132] [perception]: DETECTED pixel=(119,156) depth=0.123 m surface=(0.284,-0.021,0.047) m center=(0.284,-0.021,0.022) m conf=0.77 edge=1.1deg sides=(0.050,0.036)m sync_rate=13.84 Hz mask_px=731[0m
[0m[INFO] [1789229934.391224268] [perception]: DETECTED pixel=(117,156) depth=0.119 m surface=(0.284,-0.021,0.047) m center=(0.284,-0.021,0.022) m conf=0.86 edge=0.4deg sides=(0.050,0.037)m sync_rate=13.84 Hz mask_px=1065[0m
[0m[INFO] [1789229935.419120416] [perception]: DETECTED pixel=(114,155) depth=0.114 m surface=(0.284,-0.021,0.047) m center=(0.284,-0.021,0.022) m conf=0.86 edge=1.1deg sides=(0.050,0.037)m sync_rate=13.84 Hz mask_px=1487[0m
[0m[INFO] [1789229936.424608392] [perception]: DETECTED pixel=(112,155) depth=0.110 m surface=(0.284,-0.021,0.047) m center=(0.284,-0.021,0.022) m conf=0.86 edge=0.4deg sides=(0.050,0.038)m sync_rate=13.84 Hz mask_px=2045[0m
[0m[INFO] [1789229937.481020905] [perception]: DETECTED pixel=(110,154) depth=0.107 m surface=(0.284,-0.021,0.047) m center=(0.284,-0.021,0.022) m conf=0.85 edge=0.6deg sides=(0.050,0.038)m sync_rate=13.84 Hz mask_px=2686[0m
[0m[INFO] [1789229938.556478369] [perception]: DETECTED pixel=(101,112) depth=0.105 m surface=(0.283,-0.021,0.047) m center=(0.283,-0.021,0.022) m conf=0.77 edge=0.5deg sides=(0.050,0.038)m sync_rate=13.84 Hz mask_px=3011[0m
[0m[INFO] [1789229939.610900185] [perception]: DETECTED pixel=(100,104) depth=0.106 m surface=(0.284,-0.022,0.047) m center=(0.284,-0.022,0.022) m conf=0.77 edge=0.9deg sides=(0.050,0.038)m sync_rate=13.84 Hz mask_px=2871[0m
[0m[INFO] [1789229940.654999362] [perception]: DETECTED pixel=(100,105) depth=0.106 m surface=(0.284,-0.022,0.046) m center=(0.284,-0.022,0.021) m conf=0.77 edge=1.0deg sides=(0.050,0.039)m sync_rate=13.84 Hz mask_px=2950[0m
[0m[INFO] [1789229941.722200137] [perception]: DETECTED pixel=(99,105) depth=0.106 m surface=(0.284,-0.022,0.047) m center=(0.284,-0.022,0.022) m conf=0.77 edge=0.6deg sides=(0.050,0.039)m sync_rate=13.84 Hz mask_px=3063[0m
[0m[INFO] [1789229942.752029010] [perception]: DETECTED pixel=(99,105) depth=0.105 m surface=(0.284,-0.022,0.047) m center=(0.284,-0.022,0.022) m conf=0.78 edge=0.9deg sides=(0.050,0.039)m sync_rate=13.84 Hz mask_px=3172[0m
[0m[INFO] [1789229943.800807816] [perception]: DETECTED pixel=(99,105) depth=0.105 m surface=(0.284,-0.022,0.047) m center=(0.284,-0.022,0.022) m conf=0.78 edge=1.0deg sides=(0.050,0.039)m sync_rate=13.84 Hz mask_px=3235[0m
[0m[INFO] [1789229944.834908188] [perception]: DETECTED pixel=(99,105) depth=0.105 m surface=(0.284,-0.022,0.069) m center=(0.284,-0.022,0.044) m conf=0.76 edge=1.5deg sides=(0.050,0.038)m sync_rate=13.84 Hz mask_px=3218[0m
[0m[INFO] [1789229953.873637543] [perception]: DETECTED pixel=(99,106) depth=0.106 m surface=(0.287,-0.022,0.082) m center=(0.287,-0.022,0.057) m conf=0.68 edge=1.0deg sides=(0.050,0.037)m sync_rate=13.84 Hz mask_px=3124[0m
[0m[INFO] [1789229954.922658865] [perception]: DETECTED pixel=(99,106) depth=0.106 m surface=(0.284,-0.022,0.048) m center=(0.284,-0.022,0.023) m conf=0.77 edge=0.8deg sides=(0.050,0.039)m sync_rate=13.84 Hz mask_px=3124[0m
[0m[INFO] [1789229955.996732341] [perception]: DETECTED pixel=(99,106) depth=0.105 m surface=(0.284,-0.022,0.047) m center=(0.284,-0.022,0.022) m conf=0.77 edge=1.0deg sides=(0.050,0.039)m sync_rate=13.84 Hz mask_px=3264[0m
[0m[INFO] [1789229957.038396710] [perception]: DETECTED pixel=(99,106) depth=0.105 m surface=(0.284,-0.022,0.047) m center=(0.284,-0.022,0.022) m conf=0.78 edge=1.4deg sides=(0.050,0.039)m sync_rate=13.84 Hz mask_px=3268[0m
[0m[INFO] [1789229958.074273688] [perception]: DETECTED pixel=(99,106) depth=0.105 m surface=(0.284,-0.022,0.047) m center=(0.284,-0.022,0.022) m conf=0.78 edge=0.8deg sides=(0.050,0.039)m sync_rate=13.84 Hz mask_px=3268[0m
[0m[INFO] [1789229959.129112479] [perception]: DETECTED pixel=(99,106) depth=0.105 m surface=(0.284,-0.022,0.047) m center=(0.284,-0.022,0.022) m conf=0.68 edge=0.7deg sides=(0.050,0.039)m sync_rate=13.84 Hz mask_px=3269[0m
[0m[INFO] [1789229960.172545945] [perception]: DETECTED pixel=(99,106) depth=0.105 m surface=(0.284,-0.022,0.047) m center=(0.284,-0.022,0.022) m conf=0.78 edge=0.9deg sides=(0.050,0.039)m sync_rate=13.84 Hz mask_px=3280[0m
[0m[INFO] [1789229961.249401872] [perception]: DETECTED pixel=(99,106) depth=0.105 m surface=(0.284,-0.022,0.047) m center=(0.284,-0.022,0.022) m conf=0.78 edge=1.5deg sides=(0.050,0.039)m sync_rate=13.84 Hz mask_px=3299[0m
[0m[INFO] [1789229962.311606929] [perception]: DETECTED pixel=(111,153) depth=0.111 m surface=(0.285,-0.022,0.047) m center=(0.285,-0.022,0.022) m conf=0.85 edge=1.5deg sides=(0.050,0.038)m sync_rate=13.84 Hz mask_px=2060[0m
[0m[INFO] [1789229963.321473093] [perception]: NOT DETECTED[0m
[0m[INFO] [1789229965.061717148] [perception]: DETECTED pixel=(92,81) depth=0.335 m surface=(0.278,-0.025,0.055) m center=(0.278,-0.025,0.030) m conf=0.78 edge=0.1deg sides=(0.051,0.050)m sync_rate=13.84 Hz mask_px=521[0m
[0m[INFO] [1789229966.070657116] [perception]: DETECTED pixel=(75,105) depth=0.349 m surface=(0.319,-0.000,0.055) m center=(0.319,-0.000,0.030) m conf=0.87 edge=-0.6deg sides=(0.050,0.049)m sync_rate=13.84 Hz mask_px=1478[0m
[0m[INFO] [1789229967.072360008] [perception]: DETECTED pixel=(75,105) depth=0.349 m surface=(0.319,-0.000,0.055) m center=(0.319,-0.000,0.030) m conf=0.97 edge=-0.5deg sides=(0.050,0.049)m sync_rate=13.84 Hz mask_px=1478[0m
[0m[INFO] [1789229968.102993444] [perception]: DETECTED pixel=(75,105) depth=0.349 m surface=(0.319,-0.000,0.055) m center=(0.319,-0.000,0.030) m conf=0.97 edge=-0.6deg sides=(0.050,0.049)m sync_rate=13.84 Hz mask_px=1478[0m
[0m[INFO] [1789229969.103528459] [perception]: DETECTED pixel=(75,105) depth=0.349 m surface=(0.319,-0.000,0.055) m center=(0.319,-0.000,0.030) m conf=0.97 edge=-0.5deg sides=(0.050,0.049)m sync_rate=13.83 Hz mask_px=1478[0m
[0m[INFO] [1789229970.193157270] [perception]: DETECTED pixel=(83,105) depth=0.357 m surface=(0.320,-0.000,0.055) m center=(0.320,-0.000,0.030) m conf=0.94 edge=0.4deg sides=(0.050,0.047)m sync_rate=13.83 Hz mask_px=1049[0m
[0m[INFO] [1789229971.252474318] [perception]: NOT DETECTED[0m
[0m[INFO] [1789229972.266177638] [perception]: NOT DETECTED[0m
[0m[INFO] [1789229973.314600647] [perception]: NOT DETECTED[0m
[0m[INFO] [1789229974.327114907] [perception]: NOT DETECTED[0m
[0m[INFO] [1789229976.213680821] [perception]: DETECTED pixel=(127,160) depth=0.133 m surface=(0.327,0.011,0.053) m center=(0.327,0.011,0.028) m conf=0.77 edge=0.1deg sides=(0.036,0.035)m sync_rate=13.83 Hz mask_px=367[0m
[0m[INFO] [1789229977.265156246] [perception]: DETECTED pixel=(124,160) depth=0.129 m surface=(0.326,0.011,0.052) m center=(0.326,0.011,0.027) m conf=0.77 edge=-1.0deg sides=(0.037,0.036)m sync_rate=13.83 Hz mask_px=565[0m
[0m[INFO] [1789229978.998741837] [perception]: DETECTED pixel=(118,158) depth=0.121 m surface=(0.324,0.002,0.053) m center=(0.324,0.002,0.028) m conf=0.78 edge=-0.9deg sides=(0.050,0.040)m sync_rate=13.83 Hz mask_px=962[0m
[0m[INFO] [1789229980.024861909] [perception]: DETECTED pixel=(110,154) depth=0.119 m surface=(0.323,0.001,0.053) m center=(0.323,0.001,0.028) m conf=0.90 edge=-0.4deg sides=(0.050,0.041)m sync_rate=13.83 Hz mask_px=1072[0m
[0m[INFO] [1789229981.035853871] [perception]: DETECTED pixel=(109,150) depth=0.119 m surface=(0.323,-0.002,0.054) m center=(0.323,-0.002,0.029) m conf=0.90 edge=-1.2deg sides=(0.050,0.041)m sync_rate=13.83 Hz mask_px=1072[0m
[0m[INFO] [1789229982.070730700] [perception]: DETECTED pixel=(107,147) depth=0.123 m surface=(0.326,-0.003,0.053) m center=(0.326,-0.003,0.028) m conf=0.89 edge=-0.8deg sides=(0.050,0.043)m sync_rate=13.83 Hz mask_px=1056[0m
[0m[INFO] [1789229983.119507936] [perception]: DETECTED pixel=(106,147) depth=0.121 m surface=(0.325,-0.003,0.053) m center=(0.325,-0.003,0.028) m conf=0.89 edge=-0.8deg sides=(0.050,0.043)m sync_rate=13.83 Hz mask_px=1275[0m
[0m[INFO] [1789229984.174020567] [perception]: DETECTED pixel=(105,146) depth=0.121 m surface=(0.325,-0.003,0.053) m center=(0.325,-0.003,0.028) m conf=0.89 edge=-1.1deg sides=(0.050,0.044)m sync_rate=13.83 Hz mask_px=1347[0m
[0m[INFO] [1789229985.178831978] [perception]: DETECTED pixel=(105,146) depth=0.120 m surface=(0.325,-0.003,0.053) m center=(0.325,-0.003,0.028) m conf=0.89 edge=-1.0deg sides=(0.050,0.044)m sync_rate=13.83 Hz mask_px=1401[0m
[0m[INFO] [1789229986.238697781] [perception]: DETECTED pixel=(104,146) depth=0.120 m surface=(0.325,-0.003,0.054) m center=(0.325,-0.003,0.029) m conf=0.89 edge=-1.4deg sides=(0.050,0.044)m sync_rate=13.83 Hz mask_px=1429[0m
[0m[INFO] [1789229987.291894748] [perception]: DETECTED pixel=(104,146) depth=0.120 m surface=(0.325,-0.003,0.056) m center=(0.325,-0.003,0.031) m conf=0.87 edge=-1.1deg sides=(0.050,0.044)m sync_rate=13.83 Hz mask_px=1428[0m
[0m[INFO] [1789229988.323280200] [perception]: DETECTED pixel=(104,146) depth=0.120 m surface=(0.325,-0.003,0.085) m center=(0.325,-0.003,0.060) m conf=0.86 edge=-0.8deg sides=(0.050,0.044)m sync_rate=13.83 Hz mask_px=1426[0m
[0m[INFO] [1789229997.456259251] [perception]: DETECTED pixel=(105,146) depth=0.121 m surface=(0.327,-0.003,0.081) m center=(0.327,-0.003,0.056) m conf=0.80 edge=-0.6deg sides=(0.050,0.044)m sync_rate=13.82 Hz mask_px=1366[0m
[0m[INFO] [1789229998.489661933] [perception]: DETECTED pixel=(104,145) depth=0.121 m surface=(0.325,-0.003,0.054) m center=(0.325,-0.003,0.029) m conf=0.88 edge=-0.8deg sides=(0.050,0.044)m sync_rate=13.82 Hz mask_px=1462[0m
[0m[INFO] [1789229999.517120369] [perception]: DETECTED pixel=(104,145) depth=0.120 m surface=(0.326,-0.003,0.054) m center=(0.326,-0.003,0.029) m conf=0.89 edge=-0.0deg sides=(0.050,0.045)m sync_rate=13.82 Hz mask_px=1500[0m
[0m[INFO] [1789230000.550360574] [perception]: DETECTED pixel=(104,145) depth=0.120 m surface=(0.325,-0.003,0.054) m center=(0.325,-0.003,0.029) m conf=0.89 edge=-0.4deg sides=(0.050,0.045)m sync_rate=13.82 Hz mask_px=1500[0m
[0m[INFO] [1789230001.606236883] [perception]: DETECTED pixel=(104,145) depth=0.120 m surface=(0.325,-0.003,0.054) m center=(0.325,-0.003,0.029) m conf=0.89 edge=-1.3deg sides=(0.050,0.045)m sync_rate=13.82 Hz mask_px=1500[0m
[0m[INFO] [1789230002.671032314] [perception]: DETECTED pixel=(104,145) depth=0.120 m surface=(0.325,-0.003,0.054) m center=(0.325,-0.003,0.029) m conf=0.88 edge=-0.5deg sides=(0.050,0.044)m sync_rate=13.82 Hz mask_px=1500[0m
[0m[INFO] [1789230003.729732160] [perception]: DETECTED pixel=(104,145) depth=0.120 m surface=(0.325,-0.003,0.054) m center=(0.325,-0.003,0.029) m conf=0.89 edge=-1.1deg sides=(0.050,0.045)m sync_rate=13.82 Hz mask_px=1500[0m
[0m[INFO] [1789230004.737579542] [perception]: DETECTED pixel=(104,145) depth=0.120 m surface=(0.325,-0.003,0.054) m center=(0.325,-0.003,0.029) m conf=0.90 edge=-1.0deg sides=(0.050,0.045)m sync_rate=13.82 Hz mask_px=1500[0m
[0m[INFO] [1789230005.744257246] [perception]: DETECTED pixel=(107,147) depth=0.120 m surface=(0.325,-0.003,0.054) m center=(0.325,-0.003,0.029) m conf=0.87 edge=-0.6deg sides=(0.050,0.044)m sync_rate=13.82 Hz mask_px=1588[0m
[0m[INFO] [1789230006.754276497] [perception]: NOT DETECTED[0m
[0m[INFO] [1789230007.798704054] [perception]: NOT DETECTED[0m
[0m[INFO] [1789230008.802148427] [perception]: DETECTED pixel=(80,100) depth=0.355 m surface=(0.322,-0.005,0.053) m center=(0.322,-0.005,0.028) m conf=0.94 edge=-1.5deg sides=(0.050,0.050)m sync_rate=13.82 Hz mask_px=1185[0m
[0m[INFO] [1789230009.806601617] [perception]: DETECTED pixel=(85,92) depth=0.338 m surface=(0.284,-0.014,0.053) m center=(0.284,-0.014,0.028) m conf=0.92 edge=-4.3deg sides=(0.050,0.037)m sync_rate=13.82 Hz mask_px=949[0m
[0m[INFO] [1789230010.811363256] [perception]: DETECTED pixel=(85,92) depth=0.338 m surface=(0.283,-0.014,0.053) m center=(0.283,-0.014,0.028) m conf=0.92 edge=-3.1deg sides=(0.050,0.038)m sync_rate=13.82 Hz mask_px=944[0m
[0m[INFO] [1789230011.817188605] [perception]: DETECTED pixel=(85,91) depth=0.338 m surface=(0.284,-0.014,0.053) m center=(0.284,-0.014,0.028) m conf=0.92 edge=-4.4deg sides=(0.050,0.039)m sync_rate=13.82 Hz mask_px=948[0m
[0m[INFO] [1789230012.869939410] [perception]: DETECTED pixel=(85,91) depth=0.338 m surface=(0.283,-0.014,0.053) m center=(0.283,-0.014,0.028) m conf=0.91 edge=-3.9deg sides=(0.050,0.038)m sync_rate=13.82 Hz mask_px=945[0m
[0m[INFO] [1789230013.907420775] [perception]: DETECTED pixel=(91,91) depth=0.341 m surface=(0.276,-0.013,0.053) m center=(0.276,-0.013,0.028) m conf=0.86 edge=-1.5deg sides=(0.050,0.048)m sync_rate=13.82 Hz mask_px=442[0m
[0m[INFO] [1789230014.920478194] [perception]: NOT DETECTED[0m
[0m[INFO] [1789230015.957431557] [perception]: NOT DETECTED[0m
[0m[INFO] [1789230017.020061723] [perception]: NOT DETECTED[0m
[0m[INFO] [1789230049.431853316] [perception]: NOT DETECTED[0m
[0m[INFO] [1789230050.485832180] [perception]: NOT DETECTED[0m
[0m[INFO] [1789230052.045645858] [perception]: DETECTED pixel=(92,86) depth=0.338 m surface=(0.277,-0.022,0.047) m center=(0.277,-0.022,0.022) m conf=0.77 edge=-2.9deg sides=(0.050,0.049)m sync_rate=13.81 Hz mask_px=459[0m
[0m[INFO] [1789230053.100546155] [perception]: DETECTED pixel=(80,90) depth=0.343 m surface=(0.296,-0.019,0.047) m center=(0.296,-0.019,0.022) m conf=0.86 edge=-0.7deg sides=(0.050,0.050)m sync_rate=13.81 Hz mask_px=1289[0m
[0m[INFO] [1789230054.137142284] [perception]: DETECTED pixel=(80,90) depth=0.344 m surface=(0.296,-0.019,0.047) m center=(0.296,-0.019,0.022) m conf=0.96 edge=-0.3deg sides=(0.050,0.050)m sync_rate=13.80 Hz mask_px=1289[0m
[0m[INFO] [1789230055.209408655] [perception]: DETECTED pixel=(80,90) depth=0.343 m surface=(0.296,-0.019,0.047) m center=(0.296,-0.019,0.022) m conf=0.96 edge=-0.4deg sides=(0.050,0.050)m sync_rate=13.80 Hz mask_px=1289[0m
[0m[INFO] [1789230056.269869272] [perception]: DETECTED pixel=(80,90) depth=0.343 m surface=(0.296,-0.019,0.047) m center=(0.296,-0.019,0.022) m conf=0.96 edge=-0.7deg sides=(0.050,0.050)m sync_rate=13.80 Hz mask_px=1289[0m
[0m[INFO] [1789230057.805232439] [perception]: NOT DETECTED[0m
[0m[INFO] [1789230058.881805166] [perception]: NOT DETECTED[0m
[0m[INFO] [1789230059.932797121] [perception]: NOT DETECTED[0m
[0m[INFO] [1789230061.039917532] [perception]: DETECTED pixel=(125,163) depth=0.130 m surface=(0.305,-0.009,0.049) m center=(0.305,-0.009,0.024) m conf=0.77 edge=0.3deg sides=(0.038,0.038)m sync_rate=13.80 Hz mask_px=837[0m
[0m[INFO] [1789230063.829648490] [perception]: DETECTED pixel=(118,163) depth=0.121 m surface=(0.315,-0.008,0.048) m center=(0.315,-0.008,0.023) m conf=0.77 edge=42.3deg sides=(0.056,0.035)m sync_rate=13.80 Hz mask_px=1453[0m
[0m[INFO] [1789230064.838861568] [perception]: DETECTED pixel=(115,161) depth=0.118 m surface=(0.302,-0.015,0.049) m center=(0.302,-0.015,0.024) m conf=0.87 edge=-0.8deg sides=(0.050,0.041)m sync_rate=13.80 Hz mask_px=1853[0m
[0m[INFO] [1789230065.903344582] [perception]: DETECTED pixel=(110,157) depth=0.113 m surface=(0.302,-0.016,0.049) m center=(0.302,-0.016,0.024) m conf=0.85 edge=-0.5deg sides=(0.050,0.041)m sync_rate=13.80 Hz mask_px=2601[0m
[0m[INFO] [1789230066.959603412] [perception]: DETECTED pixel=(104,133) depth=0.111 m surface=(0.302,-0.018,0.049) m center=(0.302,-0.018,0.024) m conf=0.78 edge=-0.8deg sides=(0.050,0.042)m sync_rate=13.80 Hz mask_px=3174[0m
[0m[INFO] [1789230094.517415354] [perception]: DETECTED pixel=(99,107) depth=0.111 m surface=(0.303,-0.022,0.050) m center=(0.303,-0.022,0.025) m conf=0.69 edge=-1.0deg sides=(0.050,0.044)m sync_rate=13.79 Hz mask_px=3625[0m
[0m[INFO] [1789230095.541354757] [perception]: NOT DETECTED[0m
[0m[INFO] [1789230096.554597176] [perception]: NOT DETECTED[0m
[0m[INFO] [1789230097.623281972] [perception]: DETECTED pixel=(82,84) depth=0.343 m surface=(0.302,-0.018,0.049) m center=(0.302,-0.018,0.024) m conf=0.95 edge=-0.4deg sides=(0.050,0.049)m sync_rate=13.79 Hz mask_px=1259[0m
[0m[INFO] [1789230098.761521206] [perception]: DETECTED pixel=(83,102) depth=0.340 m surface=(0.291,0.003,0.049) m center=(0.291,0.003,0.024) m conf=0.94 edge=-0.1deg sides=(0.050,0.041)m sync_rate=13.78 Hz mask_px=1050[0m
[0m[INFO] [1789230099.796293482] [perception]: DETECTED pixel=(83,102) depth=0.340 m surface=(0.292,0.003,0.049) m center=(0.292,0.003,0.024) m conf=0.93 edge=0.7deg sides=(0.050,0.040)m sync_rate=13.78 Hz mask_px=1050[0m
[0m[INFO] [1789230100.850745599] [perception]: DETECTED pixel=(83,102) depth=0.340 m surface=(0.292,0.003,0.049) m center=(0.292,0.003,0.024) m conf=0.94 edge=-0.1deg sides=(0.050,0.041)m sync_rate=13.78 Hz mask_px=1050[0m
[0m[INFO] [1789230101.897976025] [perception]: DETECTED pixel=(83,102) depth=0.340 m surface=(0.291,0.003,0.049) m center=(0.291,0.003,0.024) m conf=0.94 edge=-0.0deg sides=(0.050,0.041)m sync_rate=13.78 Hz mask_px=1050[0m
[0m[INFO] [1789230103.461927609] [perception]: NOT DETECTED[0m
[0m[INFO] [1789230104.468955932] [perception]: NOT DETECTED[0m
[0m[INFO] [1789230105.517582910] [perception]: NOT DETECTED[0m
[0m[INFO] [1789230106.535875716] [perception]: NOT DETECTED[0m
[0m[INFO] [1789230107.569793282] [perception]: NOT DETECTED[0m
[0m[INFO] [1789230128.553082507] [perception]: DETECTED pixel=(109,47) depth=0.108 m surface=(0.300,0.003,0.086) m center=(0.300,0.003,0.061) m conf=0.77 edge=1.3deg sides=(0.050,0.035)m sync_rate=13.78 Hz mask_px=1444[0m
[0m[INFO] [1789230137.502926800] [perception]: NOT DETECTED[0m
[0m[INFO] [1789230138.505080059] [perception]: NOT DETECTED[0m
[0m[INFO] [1789230140.074562101] [perception]: DETECTED pixel=(91,102) depth=0.341 m surface=(0.291,0.000,0.051) m center=(0.291,0.000,0.026) m conf=0.74 edge=2.2deg sides=(0.050,0.049)m sync_rate=13.78 Hz mask_px=451[0m
[0m[INFO] [1789230141.112962091] [perception]: DETECTED pixel=(77,101) depth=0.347 m surface=(0.313,-0.000,0.051) m center=(0.313,-0.000,0.026) m conf=0.87 edge=-0.5deg sides=(0.051,0.050)m sync_rate=13.78 Hz mask_px=1351[0m
[0m[INFO] [1789230142.171785748] [perception]: DETECTED pixel=(77,101) depth=0.347 m surface=(0.313,-0.000,0.051) m center=(0.313,-0.000,0.026) m conf=0.96 edge=-0.1deg sides=(0.051,0.050)m sync_rate=13.77 Hz mask_px=1351[0m
[0m[INFO] [1789230143.227825154] [perception]: DETECTED pixel=(77,101) depth=0.347 m surface=(0.313,-0.000,0.051) m center=(0.313,-0.000,0.026) m conf=0.96 edge=-0.1deg sides=(0.050,0.050)m sync_rate=13.77 Hz mask_px=1351[0m
[0m[INFO] [1789230144.301613511] [perception]: DETECTED pixel=(77,101) depth=0.347 m surface=(0.313,-0.000,0.051) m center=(0.313,-0.000,0.026) m conf=0.96 edge=-0.2deg sides=(0.050,0.050)m sync_rate=13.77 Hz mask_px=1351[0m
[0m[INFO] [1789230145.347025792] [perception]: DETECTED pixel=(77,101) depth=0.347 m surface=(0.313,-0.000,0.051) m center=(0.313,-0.000,0.026) m conf=0.96 edge=-0.1deg sides=(0.050,0.050)m sync_rate=13.77 Hz mask_px=1351[0m
[0m[INFO] [1789230146.564310025] [perception]: NOT DETECTED[0m
[0m[INFO] [1789230147.633651168] [perception]: NOT DETECTED[0m
[0m[INFO] [1789230148.639585404] [perception]: NOT DETECTED[0m
[0m[INFO] [1789230149.708275701] [perception]: NOT DETECTED[0m
[0m[INFO] [1789230150.732894420] [perception]: NOT DETECTED[0m
[0m[INFO] [1789230151.823244217] [perception]: NOT DETECTED[0m
[0m[INFO] [1789230181.042585653] [perception]: NOT DETECTED[0m
[0m[INFO] [1789230182.107652886] [perception]: NOT DETECTED[0m
[0m[INFO] [1789230183.169259179] [perception]: NOT DETECTED[0m
[0m[INFO] [1789230184.177185105] [perception]: DETECTED pixel=(78,100) depth=0.348 m surface=(0.311,0.003,0.051) m center=(0.311,0.003,0.026) m conf=0.95 edge=0.8deg sides=(0.050,0.049)m sync_rate=13.77 Hz mask_px=1278[0m
[0m[INFO] [1789230185.306088829] [perception]: DETECTED pixel=(75,114) depth=0.349 m surface=(0.319,0.021,0.051) m center=(0.319,0.021,0.026) m conf=0.96 edge=0.8deg sides=(0.051,0.049)m sync_rate=13.77 Hz mask_px=1530[0m
[0m[INFO] [1789230186.329629718] [perception]: DETECTED pixel=(75,114) depth=0.349 m surface=(0.319,0.021,0.051) m center=(0.319,0.021,0.026) m conf=0.96 edge=0.6deg sides=(0.051,0.049)m sync_rate=13.77 Hz mask_px=1530[0m
[0m[INFO] [1789230187.388971042] [perception]: DETECTED pixel=(75,114) depth=0.349 m surface=(0.319,0.021,0.051) m center=(0.319,0.021,0.026) m conf=0.96 edge=0.7deg sides=(0.052,0.049)m sync_rate=13.77 Hz mask_px=1530[0m
[0m[INFO] [1789230188.409990254] [perception]: DETECTED pixel=(81,113) depth=0.354 m surface=(0.318,0.020,0.051) m center=(0.318,0.020,0.026) m conf=0.96 edge=1.4deg sides=(0.050,0.050)m sync_rate=13.77 Hz mask_px=1230[0m
[0m[INFO] [1789230189.411670306] [perception]: NOT DETECTED[0m
[0m[INFO] [1789230190.425485987] [perception]: NOT DETECTED[0m
[0m[INFO] [1789230191.447846004] [perception]: NOT DETECTED[0m
[0m[INFO] [1789230192.465843871] [perception]: NOT DETECTED[0m
[0m[INFO] [1789230193.533052709] [perception]: NOT DETECTED[0m
[0m[INFO] [1789230196.519104781] [perception]: DETECTED pixel=(118,43) depth=0.120 m surface=(0.324,0.019,0.051) m center=(0.324,0.019,0.026) m conf=0.83 edge=1.0deg sides=(0.050,0.038)m sync_rate=13.77 Hz mask_px=625[0m
[0m[INFO] [1789230197.595642880] [perception]: DETECTED pixel=(114,44) depth=0.117 m surface=(0.324,0.019,0.051) m center=(0.324,0.019,0.026) m conf=0.91 edge=1.4deg sides=(0.050,0.039)m sync_rate=13.76 Hz mask_px=979[0m
[0m[INFO] [1789230224.313160049] [perception]: DETECTED pixel=(107,49) depth=0.115 m surface=(0.326,0.020,0.051) m center=(0.326,0.020,0.026) m conf=0.80 edge=4.1deg sides=(0.050,0.043)m sync_rate=13.76 Hz mask_px=1686[0m
[0m[INFO] [1789230225.322193740] [perception]: NOT DETECTED[0m
[0m[INFO] [1789230226.341499183] [perception]: NOT DETECTED[0m
[0m[INFO] [1789230227.392930844] [perception]: DETECTED pixel=(78,116) depth=0.351 m surface=(0.328,0.014,0.053) m center=(0.328,0.014,0.028) m conf=0.96 edge=0.2deg sides=(0.051,0.049)m sync_rate=13.76 Hz mask_px=1382[0m
[0m[INFO] [1789230228.395269706] [perception]: DETECTED pixel=(77,125) depth=0.349 m surface=(0.328,0.026,0.053) m center=(0.328,0.026,0.028) m conf=0.97 edge=0.2deg sides=(0.050,0.050)m sync_rate=13.76 Hz mask_px=1701[0m
[0m[INFO] [1789230229.402106260] [perception]: DETECTED pixel=(76,125) depth=0.349 m surface=(0.328,0.026,0.053) m center=(0.328,0.026,0.028) m conf=0.97 edge=0.1deg sides=(0.050,0.049)m sync_rate=13.75 Hz mask_px=1678[0m
[0m[INFO] [1789230230.443655214] [perception]: DETECTED pixel=(77,125) depth=0.349 m surface=(0.329,0.025,0.053) m center=(0.329,0.025,0.028) m conf=0.97 edge=0.0deg sides=(0.050,0.049)m sync_rate=13.75 Hz mask_px=1701[0m
[0m[INFO] [1789230231.559921607] [perception]: DETECTED pixel=(79,118) depth=0.345 m surface=(0.322,0.017,0.053) m center=(0.322,0.017,0.028) m conf=0.86 edge=-0.4deg sides=(0.050,0.050)m sync_rate=13.75 Hz mask_px=1409[0m
[0m[INFO] [1789230232.575209146] [perception]: DETECTED pixel=(79,118) depth=0.345 m surface=(0.321,0.017,0.053) m center=(0.321,0.017,0.028) m conf=0.96 edge=-0.9deg sides=(0.050,0.050)m sync_rate=13.75 Hz mask_px=1409[0m
[0m[INFO] [1789230233.675556924] [perception]: DETECTED pixel=(79,118) depth=0.344 m surface=(0.321,0.017,0.053) m center=(0.321,0.017,0.028) m conf=0.96 edge=-1.0deg sides=(0.050,0.049)m sync_rate=13.75 Hz mask_px=1409[0m
[0m[INFO] [1789230234.707244486] [perception]: DETECTED pixel=(79,118) depth=0.345 m surface=(0.321,0.018,0.053) m center=(0.321,0.018,0.028) m conf=0.96 edge=-1.1deg sides=(0.050,0.050)m sync_rate=13.75 Hz mask_px=1409[0m
[0m[INFO] [1789230235.710067157] [perception]: NOT DETECTED[0m
[0m[INFO] [1789230236.721896914] [perception]: NOT DETECTED[0m
[0m[INFO] [1789230237.738053612] [perception]: NOT DETECTED[0m
[0m[INFO] [1789230238.743272404] [perception]: NOT DETECTED[0m
[0m[INFO] [1789230239.798954049] [perception]: NOT DETECTED[0m
[0m[INFO] [1789230240.817556943] [perception]: NOT DETECTED[0m
[0m[INFO] [1789230241.840407276] [perception]: NOT DETECTED[0m
[0m[INFO] [1789230242.896323637] [perception]: NOT DETECTED[0m
[0m[INFO] [1789230243.962243724] [perception]: NOT DETECTED[0m
[0m[INFO] [1789230244.964170718] [perception]: NOT DETECTED[0m
[0m[INFO] [1789230246.011049575] [perception]: NOT DETECTED[0m
[0m[INFO] [1789230247.027698813] [perception]: NOT DETECTED[0m
[0m[INFO] [1789230248.057515787] [perception]: NOT DETECTED[0m
[0m[INFO] [1789230249.064326171] [perception]: NOT DETECTED[0m
[0m[INFO] [1789230250.142255718] [perception]: NOT DETECTED[0m
[0m[INFO] [1789230251.173117700] [perception]: NOT DETECTED[0m
[0m[INFO] [1789230252.183580824] [perception]: NOT DETECTED[0m
[0m[INFO] [1789230253.249660198] [perception]: NOT DETECTED[0m
[0m[INFO] [1789230254.279873264] [perception]: NOT DETECTED[0m
[0m[INFO] [1789230255.313749297] [perception]: NOT DETECTED[0m
[0m[INFO] [1789230256.372520420] [perception]: NOT DETECTED[0m
[0m[INFO] [1789230257.443756717] [perception]: NOT DETECTED[0m
[0m[INFO] [1789230258.459361700] [perception]: NOT DETECTED[0m
[0m[INFO] [1789230259.505139490] [perception]: NOT DETECTED[0m
[0m[INFO] [1789230260.514473041] [perception]: NOT DETECTED[0m
[0m[INFO] [1789230261.569334601] [perception]: NOT DETECTED[0m
[0m[INFO] [1789230262.612947891] [perception]: DETECTED pixel=(81,115) depth=0.346 m surface=(0.304,0.025,0.055) m center=(0.304,0.025,0.030) m conf=0.96 edge=-0.3deg sides=(0.051,0.050)m sync_rate=13.75 Hz mask_px=1237[0m
[0m[INFO] [1789230263.627741325] [perception]: DETECTED pixel=(79,127) depth=0.345 m surface=(0.314,0.040,0.055) m center=(0.314,0.040,0.030) m conf=0.96 edge=-0.3deg sides=(0.051,0.050)m sync_rate=13.75 Hz mask_px=1602[0m
[0m[INFO] [1789230264.661390450] [perception]: DETECTED pixel=(79,127) depth=0.344 m surface=(0.314,0.040,0.055) m center=(0.314,0.040,0.030) m conf=0.96 edge=-0.6deg sides=(0.051,0.050)m sync_rate=13.75 Hz mask_px=1578[0m
[0m[INFO] [1789230265.664287045] [perception]: DETECTED pixel=(79,127) depth=0.345 m surface=(0.314,0.040,0.055) m center=(0.314,0.040,0.030) m conf=0.95 edge=-0.6deg sides=(0.051,0.050)m sync_rate=13.75 Hz mask_px=1568[0m
[0m[INFO] [1789230266.717798822] [perception]: NOT DETECTED[0m
[0m[INFO] [1789230267.750491377] [perception]: DETECTED pixel=(82,106) depth=0.341 m surface=(0.292,0.017,0.058) m center=(0.292,0.017,0.033) m conf=0.93 edge=3.0deg sides=(0.050,0.048)m sync_rate=13.74 Hz mask_px=1144[0m
[0m[INFO] [1789230268.824740666] [perception]: DETECTED pixel=(82,106) depth=0.341 m surface=(0.291,0.017,0.059) m center=(0.291,0.017,0.034) m conf=0.93 edge=1.8deg sides=(0.050,0.048)m sync_rate=13.74 Hz mask_px=1144[0m
[0m[INFO] [1789230269.881647924] [perception]: DETECTED pixel=(82,106) depth=0.341 m surface=(0.292,0.017,0.059) m center=(0.292,0.017,0.034) m conf=0.94 edge=3.0deg sides=(0.050,0.048)m sync_rate=13.74 Hz mask_px=1144[0m
[0m[INFO] [1789230270.938840254] [perception]: DETECTED pixel=(118,99) depth=0.324 m surface=(0.292,0.017,0.058) m center=(0.292,0.017,0.033) m conf=0.94 edge=2.2deg sides=(0.051,0.048)m sync_rate=13.74 Hz mask_px=322[0m
[0m[INFO] [1789230271.996072909] [perception]: NOT DETECTED[0m
[0m[INFO] [1789230273.040468168] [perception]: NOT DETECTED[0m
[0m[INFO] [1789230274.093626095] [perception]: NOT DETECTED[0m
[0m[INFO] [1789230281.770839872] [perception]: DETECTED pixel=(116,41) depth=0.117 m surface=(0.296,0.017,0.056) m center=(0.296,0.017,0.031) m conf=0.79 edge=-2.7deg sides=(0.050,0.039)m sync_rate=13.74 Hz mask_px=787[0m
[0m[INFO] [1789230282.780271544] [perception]: DETECTED pixel=(112,48) depth=0.119 m surface=(0.298,0.020,0.055) m center=(0.298,0.020,0.030) m conf=0.88 edge=4.6deg sides=(0.050,0.037)m sync_rate=13.74 Hz mask_px=852[0m
[0m[INFO] [1789230283.784194746] [perception]: DETECTED pixel=(111,48) depth=0.118 m surface=(0.298,0.020,0.056) m center=(0.298,0.020,0.031) m conf=0.89 edge=3.7deg sides=(0.050,0.037)m sync_rate=13.74 Hz mask_px=940[0m
[0m[INFO] [1789230284.786483142] [perception]: DETECTED pixel=(111,49) depth=0.118 m surface=(0.298,0.020,0.056) m center=(0.298,0.020,0.031) m conf=0.88 edge=3.9deg sides=(0.050,0.038)m sync_rate=13.74 Hz mask_px=969[0m
[0m[INFO] [1789230285.814153850] [perception]: DETECTED pixel=(111,49) depth=0.118 m surface=(0.298,0.020,0.058) m center=(0.298,0.020,0.033) m conf=0.88 edge=3.8deg sides=(0.050,0.038)m sync_rate=13.74 Hz mask_px=972[0m
[0m[INFO] [1789230286.875418600] [perception]: DETECTED pixel=(110,49) depth=0.118 m surface=(0.299,0.020,0.091) m center=(0.299,0.020,0.066) m conf=0.86 edge=3.9deg sides=(0.050,0.037)m sync_rate=13.74 Hz mask_px=966[0m
[0m[INFO] [1789230295.638021686] [perception]: DETECTED pixel=(111,49) depth=0.118 m surface=(0.302,0.019,0.087) m center=(0.302,0.019,0.062) m conf=0.78 edge=6.8deg sides=(0.050,0.037)m sync_rate=13.74 Hz mask_px=938[0m
[0m[INFO] [1789230296.667022064] [perception]: DETECTED pixel=(111,49) depth=0.118 m surface=(0.298,0.019,0.056) m center=(0.298,0.019,0.031) m conf=0.89 edge=4.9deg sides=(0.050,0.037)m sync_rate=13.74 Hz mask_px=956[0m
[0m[INFO] [1789230297.757301244] [perception]: DETECTED pixel=(110,49) depth=0.118 m surface=(0.299,0.019,0.056) m center=(0.299,0.019,0.031) m conf=0.89 edge=5.2deg sides=(0.050,0.038)m sync_rate=13.74 Hz mask_px=996[0m
[0m[INFO] [1789230298.820011879] [perception]: DETECTED pixel=(110,48) depth=0.118 m surface=(0.298,0.020,0.056) m center=(0.298,0.020,0.031) m conf=0.89 edge=4.7deg sides=(0.050,0.037)m sync_rate=13.74 Hz mask_px=1000[0m
[0m[INFO] [1789230299.853440907] [perception]: DETECTED pixel=(110,49) depth=0.118 m surface=(0.298,0.020,0.056) m center=(0.298,0.020,0.031) m conf=0.88 edge=3.8deg sides=(0.050,0.038)m sync_rate=13.74 Hz mask_px=999[0m
[0m[INFO] [1789230300.882833878] [perception]: DETECTED pixel=(110,48) depth=0.118 m surface=(0.299,0.019,0.056) m center=(0.299,0.019,0.031) m conf=0.89 edge=4.9deg sides=(0.050,0.038)m sync_rate=13.74 Hz mask_px=1000[0m
[0m[INFO] [1789230301.892160042] [perception]: DETECTED pixel=(110,49) depth=0.118 m surface=(0.298,0.020,0.056) m center=(0.298,0.020,0.031) m conf=0.89 edge=4.3deg sides=(0.050,0.038)m sync_rate=13.74 Hz mask_px=999[0m
[0m[INFO] [1789230302.980754605] [perception]: DETECTED pixel=(110,48) depth=0.118 m surface=(0.298,0.020,0.056) m center=(0.298,0.020,0.031) m conf=0.89 edge=3.9deg sides=(0.050,0.038)m sync_rate=13.74 Hz mask_px=1000[0m
[0m[INFO] [1789230304.021494033] [perception]: DETECTED pixel=(110,49) depth=0.118 m surface=(0.299,0.019,0.056) m center=(0.299,0.019,0.031) m conf=0.88 edge=6.3deg sides=(0.050,0.037)m sync_rate=13.74 Hz mask_px=999[0m
[0m[INFO] [1789230305.067759527] [perception]: NOT DETECTED[0m
[0m[INFO] [1789230306.089152387] [perception]: NOT DETECTED[0m
[0m[INFO] [1789230307.575138013] [perception]: DETECTED pixel=(91,115) depth=0.343 m surface=(0.290,0.016,0.049) m center=(0.290,0.016,0.024) m conf=0.81 edge=1.1deg sides=(0.050,0.050)m sync_rate=13.74 Hz mask_px=569[0m
[0m[INFO] [1789230308.590972207] [perception]: DETECTED pixel=(84,70) depth=0.339 m surface=(0.296,-0.035,0.049) m center=(0.296,-0.035,0.024) m conf=0.86 edge=-0.5deg sides=(0.050,0.050)m sync_rate=13.74 Hz mask_px=1384[0m
[0m[INFO] [1789230309.631796663] [perception]: DETECTED pixel=(84,70) depth=0.339 m surface=(0.295,-0.035,0.049) m center=(0.295,-0.035,0.024) m conf=0.96 edge=-0.3deg sides=(0.050,0.050)m sync_rate=13.74 Hz mask_px=1378[0m
[0m[INFO] [1789230310.670026001] [perception]: DETECTED pixel=(84,70) depth=0.339 m surface=(0.295,-0.035,0.049) m center=(0.295,-0.035,0.024) m conf=0.96 edge=-0.4deg sides=(0.050,0.050)m sync_rate=13.74 Hz mask_px=1383[0m
[0m[INFO] [1789230311.721834273] [perception]: DETECTED pixel=(84,70) depth=0.340 m surface=(0.296,-0.035,0.049) m center=(0.296,-0.035,0.024) m conf=0.96 edge=-0.4deg sides=(0.050,0.050)m sync_rate=13.74 Hz mask_px=1381[0m
[0m[INFO] [1789230312.730626836] [perception]: DETECTED pixel=(84,70) depth=0.339 m surface=(0.296,-0.035,0.049) m center=(0.296,-0.035,0.024) m conf=0.96 edge=-0.3deg sides=(0.050,0.050)m sync_rate=13.74 Hz mask_px=1378[0m
[0m[INFO] [1789230313.752025719] [perception]: DETECTED pixel=(84,70) depth=0.339 m surface=(0.296,-0.035,0.049) m center=(0.296,-0.035,0.024) m conf=0.96 edge=-0.3deg sides=(0.050,0.050)m sync_rate=13.74 Hz mask_px=1381[0m
[0m[INFO] [1789230314.793542081] [perception]: DETECTED pixel=(84,70) depth=0.339 m surface=(0.296,-0.035,0.049) m center=(0.296,-0.035,0.024) m conf=0.96 edge=-0.2deg sides=(0.050,0.050)m sync_rate=13.74 Hz mask_px=1365[0m
[0m[INFO] [1789230315.804129357] [perception]: DETECTED pixel=(84,71) depth=0.339 m surface=(0.295,-0.035,0.049) m center=(0.295,-0.035,0.024) m conf=0.96 edge=-0.1deg sides=(0.050,0.050)m sync_rate=13.74 Hz mask_px=1373[0m
[0m[INFO] [1789230316.827133365] [perception]: DETECTED pixel=(84,71) depth=0.339 m surface=(0.295,-0.035,0.049) m center=(0.295,-0.035,0.024) m conf=0.96 edge=-0.3deg sides=(0.050,0.050)m sync_rate=13.74 Hz mask_px=1369[0m
[0m[INFO] [1789230317.899630159] [perception]: DETECTED pixel=(84,70) depth=0.339 m surface=(0.295,-0.035,0.049) m center=(0.295,-0.035,0.024) m conf=0.96 edge=-0.4deg sides=(0.050,0.050)m sync_rate=13.74 Hz mask_px=1378[0m
[0m[INFO] [1789230318.943525683] [perception]: DETECTED pixel=(84,70) depth=0.339 m surface=(0.295,-0.035,0.049) m center=(0.295,-0.035,0.024) m conf=0.96 edge=-0.5deg sides=(0.050,0.050)m sync_rate=13.74 Hz mask_px=1382[0m
[0m[INFO] [1789230319.976193143] [perception]: DETECTED pixel=(84,70) depth=0.339 m surface=(0.295,-0.035,0.049) m center=(0.295,-0.035,0.024) m conf=0.96 edge=-0.3deg sides=(0.050,0.050)m sync_rate=13.74 Hz mask_px=1381[0m
[0m[INFO] [1789230321.040565076] [perception]: DETECTED pixel=(84,70) depth=0.339 m surface=(0.295,-0.036,0.049) m center=(0.295,-0.036,0.024) m conf=0.95 edge=-0.9deg sides=(0.050,0.050)m sync_rate=13.74 Hz mask_px=1380[0m
[0m[INFO] [1789230322.075081440] [perception]: DETECTED pixel=(84,70) depth=0.339 m surface=(0.295,-0.036,0.049) m center=(0.295,-0.036,0.024) m conf=0.96 edge=-0.8deg sides=(0.050,0.050)m sync_rate=13.74 Hz mask_px=1381[0m
[0m[INFO] [1789230323.113385286] [perception]: DETECTED pixel=(84,70) depth=0.339 m surface=(0.295,-0.035,0.049) m center=(0.295,-0.035,0.024) m conf=0.95 edge=-0.5deg sides=(0.050,0.050)m sync_rate=13.74 Hz mask_px=1381[0m
[0m[INFO] [1789230324.121977983] [perception]: DETECTED pixel=(84,70) depth=0.339 m surface=(0.295,-0.035,0.049) m center=(0.295,-0.035,0.024) m conf=0.96 edge=-0.2deg sides=(0.050,0.050)m sync_rate=13.74 Hz mask_px=1380[0m
[0m[INFO] [1789230325.180890816] [perception]: DETECTED pixel=(84,70) depth=0.339 m surface=(0.296,-0.035,0.049) m center=(0.296,-0.035,0.024) m conf=0.96 edge=-0.3deg sides=(0.050,0.050)m sync_rate=13.74 Hz mask_px=1381[0m
[0m[INFO] [1789230326.198015565] [perception]: DETECTED pixel=(84,70) depth=0.339 m surface=(0.295,-0.035,0.049) m center=(0.295,-0.035,0.024) m conf=0.96 edge=-0.2deg sides=(0.050,0.050)m sync_rate=13.74 Hz mask_px=1377[0m
[0m[INFO] [1789230327.203010483] [perception]: DETECTED pixel=(84,70) depth=0.339 m surface=(0.296,-0.036,0.049) m center=(0.296,-0.036,0.024) m conf=0.96 edge=-0.9deg sides=(0.050,0.050)m sync_rate=13.74 Hz mask_px=1376[0m
[0m[INFO] [1789230328.288447620] [perception]: DETECTED pixel=(84,70) depth=0.339 m surface=(0.295,-0.035,0.049) m center=(0.295,-0.035,0.024) m conf=0.96 edge=-0.4deg sides=(0.050,0.050)m sync_rate=13.74 Hz mask_px=1374[0m
[0m[INFO] [1789230329.321949014] [perception]: DETECTED pixel=(84,70) depth=0.339 m surface=(0.296,-0.035,0.049) m center=(0.296,-0.035,0.024) m conf=0.96 edge=-0.5deg sides=(0.050,0.050)m sync_rate=13.74 Hz mask_px=1381[0m
[0m[INFO] [1789230330.333069248] [perception]: DETECTED pixel=(84,70) depth=0.339 m surface=(0.295,-0.035,0.049) m center=(0.295,-0.035,0.024) m conf=0.96 edge=-0.3deg sides=(0.050,0.050)m sync_rate=13.74 Hz mask_px=1376[0m
[0m[INFO] [1789230331.395681764] [perception]: DETECTED pixel=(84,70) depth=0.339 m surface=(0.295,-0.035,0.049) m center=(0.295,-0.035,0.024) m conf=0.96 edge=0.0deg sides=(0.050,0.050)m sync_rate=13.74 Hz mask_px=1381[0m
[0m[INFO] [1789230332.439017924] [perception]: DETECTED pixel=(84,70) depth=0.339 m surface=(0.295,-0.035,0.049) m center=(0.295,-0.035,0.024) m conf=0.95 edge=-0.6deg sides=(0.050,0.050)m sync_rate=13.74 Hz mask_px=1381[0m
[0m[INFO] [1789230333.509129102] [perception]: DETECTED pixel=(84,70) depth=0.339 m surface=(0.295,-0.035,0.049) m center=(0.295,-0.035,0.024) m conf=0.96 edge=0.0deg sides=(0.050,0.050)m sync_rate=13.74 Hz mask_px=1372[0m
[0m[INFO] [1789230334.564962764] [perception]: DETECTED pixel=(84,71) depth=0.339 m surface=(0.295,-0.035,0.049) m center=(0.295,-0.035,0.024) m conf=0.96 edge=-0.2deg sides=(0.050,0.050)m sync_rate=13.75 Hz mask_px=1374[0m
[0m[INFO] [1789230335.599862022] [perception]: DETECTED pixel=(84,70) depth=0.339 m surface=(0.295,-0.035,0.049) m center=(0.295,-0.035,0.024) m conf=0.96 edge=-0.3deg sides=(0.050,0.050)m sync_rate=13.75 Hz mask_px=1381[0m
[0m[INFO] [1789230336.649514759] [perception]: DETECTED pixel=(84,70) depth=0.339 m surface=(0.295,-0.035,0.049) m center=(0.295,-0.035,0.024) m conf=0.96 edge=-0.6deg sides=(0.050,0.049)m sync_rate=13.75 Hz mask_px=1382[0m
[0m[INFO] [1789230337.697303650] [perception]: DETECTED pixel=(84,71) depth=0.339 m surface=(0.295,-0.036,0.049) m center=(0.295,-0.036,0.024) m conf=0.95 edge=-0.9deg sides=(0.050,0.050)m sync_rate=13.75 Hz mask_px=1372[0m
[0m[INFO] [1789230338.768174844] [perception]: DETECTED pixel=(84,70) depth=0.339 m surface=(0.300,-0.035,0.051) m center=(0.300,-0.035,0.026) m conf=0.86 edge=-0.6deg sides=(0.050,0.050)m sync_rate=13.75 Hz mask_px=1371[0m
[0m[INFO] [1789230339.809403153] [perception]: DETECTED pixel=(84,105) depth=0.339 m surface=(0.290,0.005,0.051) m center=(0.290,0.005,0.026) m conf=0.83 edge=-0.2deg sides=(0.050,0.041)m sync_rate=13.74 Hz mask_px=1019[0m
[0m[INFO] [1789230340.814544062] [perception]: DETECTED pixel=(84,105) depth=0.339 m surface=(0.290,0.005,0.051) m center=(0.290,0.005,0.026) m conf=0.94 edge=0.2deg sides=(0.050,0.041)m sync_rate=13.74 Hz mask_px=1015[0m
[0m[INFO] [1789230341.871658234] [perception]: DETECTED pixel=(84,105) depth=0.339 m surface=(0.290,0.005,0.051) m center=(0.290,0.005,0.026) m conf=0.93 edge=-0.0deg sides=(0.050,0.041)m sync_rate=13.74 Hz mask_px=1019[0m
[0m[INFO] [1789230342.903616397] [perception]: DETECTED pixel=(84,105) depth=0.339 m surface=(0.290,0.005,0.051) m center=(0.290,0.005,0.026) m conf=0.93 edge=0.3deg sides=(0.050,0.041)m sync_rate=13.74 Hz mask_px=1019[0m
[0m[INFO] [1789230343.960350420] [perception]: DETECTED pixel=(89,105) depth=0.343 m surface=(0.286,0.005,0.051) m center=(0.286,0.005,0.026) m conf=0.90 edge=1.0deg sides=(0.050,0.049)m sync_rate=13.74 Hz mask_px=561[0m
[0m[INFO] [1789230345.019957465] [perception]: NOT DETECTED[0m
[0m[INFO] [1789230346.032037159] [perception]: NOT DETECTED[0m
[0m[INFO] [1789230347.043343789] [perception]: NOT DETECTED[0m
[0m[INFO] [1789230348.060407247] [perception]: NOT DETECTED[0m
[0m[INFO] [1789230349.070380183] [perception]: NOT DETECTED[0m
[0m[INFO] [1789230350.096699697] [perception]: NOT DETECTED[0m
[0m[INFO] [1789230378.699781538] [perception]: NOT DETECTED[0m
[0m[INFO] [1789230379.715007951] [perception]: NOT DETECTED[0m
[0m[INFO] [1789230381.197605087] [perception]: DETECTED pixel=(118,99) depth=0.317 m surface=(0.288,0.003,0.051) m center=(0.288,0.003,0.026) m conf=0.84 edge=-0.2deg sides=(0.050,0.049)m sync_rate=13.74 Hz mask_px=276[0m
[0m[INFO] [1789230382.250269545] [perception]: DETECTED pixel=(76,81) depth=0.348 m surface=(0.324,-0.024,0.052) m center=(0.324,-0.024,0.027) m conf=0.87 edge=0.6deg sides=(0.050,0.049)m sync_rate=13.74 Hz mask_px=1532[0m
[0m[INFO] [1789230383.270963473] [perception]: DETECTED pixel=(76,81) depth=0.348 m surface=(0.324,-0.024,0.052) m center=(0.324,-0.024,0.027) m conf=0.96 edge=0.6deg sides=(0.050,0.049)m sync_rate=13.74 Hz mask_px=1546[0m
[0m[INFO] [1789230384.364104374] [perception]: DETECTED pixel=(76,81) depth=0.348 m surface=(0.324,-0.024,0.052) m center=(0.324,-0.024,0.027) m conf=0.96 edge=0.4deg sides=(0.050,0.049)m sync_rate=13.74 Hz mask_px=1539[0m
[0m[INFO] [1789230385.400961176] [perception]: DETECTED pixel=(76,81) depth=0.348 m surface=(0.323,-0.015,0.058) m center=(0.323,-0.015,0.033) m conf=0.97 edge=0.5deg sides=(0.050,0.049)m sync_rate=13.73 Hz mask_px=1545[0m
[0m[INFO] [1789230386.557522216] [perception]: DETECTED pixel=(75,82) depth=0.350 m surface=(0.327,-0.014,0.058) m center=(0.327,-0.014,0.033) m conf=0.97 edge=0.6deg sides=(0.051,0.050)m sync_rate=13.73 Hz mask_px=1638[0m
[0m[INFO] [1789230387.612733253] [perception]: DETECTED pixel=(75,82) depth=0.349 m surface=(0.327,-0.014,0.058) m center=(0.327,-0.014,0.033) m conf=0.96 edge=0.4deg sides=(0.050,0.050)m sync_rate=13.73 Hz mask_px=1638[0m
[0m[INFO] [1789230388.646770842] [perception]: DETECTED pixel=(75,82) depth=0.349 m surface=(0.327,-0.014,0.058) m center=(0.327,-0.014,0.033) m conf=0.96 edge=0.8deg sides=(0.050,0.050)m sync_rate=13.73 Hz mask_px=1639[0m
[0m[INFO] [1789230390.015343698] [perception]: NOT DETECTED[0m
[0m[INFO] [1789230391.015879744] [perception]: NOT DETECTED[0m
[0m[INFO] [1789230392.016561127] [perception]: NOT DETECTED[0m
[0m[INFO] [1789230393.027703139] [perception]: NOT DETECTED[0m
[0m[INFO] [1789230394.060178635] [perception]: NOT DETECTED[0m
[0m[INFO] [1789230395.074508514] [perception]: NOT DETECTED[0m
[0m[INFO] [1789230396.115510270] [perception]: NOT DETECTED[0m
[0m[INFO] [1789230397.161528683] [perception]: NOT DETECTED[0m
[0m[INFO] [1789230398.184051542] [perception]: NOT DETECTED[0m
[0m[INFO] [1789230400.660751629] [perception]: DETECTED pixel=(118,102) depth=0.122 m surface=(0.330,-0.012,0.052) m center=(0.330,-0.012,0.027) m conf=0.79 edge=-2.1deg sides=(0.050,0.039)m sync_rate=13.73 Hz mask_px=356[0m
[0m[INFO] [1789230401.718366949] [perception]: DETECTED pixel=(118,102) depth=0.124 m surface=(0.332,-0.011,0.051) m center=(0.332,-0.011,0.026) m conf=0.90 edge=-0.5deg sides=(0.050,0.039)m sync_rate=13.73 Hz mask_px=369[0m
[0m[INFO] [1789230402.798906716] [perception]: DETECTED pixel=(118,102) depth=0.122 m surface=(0.332,-0.011,0.052) m center=(0.332,-0.011,0.027) m conf=0.90 edge=0.3deg sides=(0.050,0.039)m sync_rate=13.73 Hz mask_px=436[0m
[0m[INFO] [1789230403.815169459] [perception]: DETECTED pixel=(118,102) depth=0.122 m surface=(0.332,-0.011,0.052) m center=(0.332,-0.011,0.027) m conf=0.89 edge=-0.1deg sides=(0.050,0.040)m sync_rate=13.73 Hz mask_px=471[0m
[0m[INFO] [1789230404.839716160] [perception]: DETECTED pixel=(118,102) depth=0.122 m surface=(0.332,-0.011,0.052) m center=(0.332,-0.011,0.027) m conf=0.90 edge=0.3deg sides=(0.050,0.039)m sync_rate=13.73 Hz mask_px=473[0m
[0m[INFO] [1789230405.852733350] [perception]: DETECTED pixel=(118,102) depth=0.122 m surface=(0.332,-0.011,0.054) m center=(0.332,-0.011,0.029) m conf=0.89 edge=0.4deg sides=(0.050,0.039)m sync_rate=13.73 Hz mask_px=474[0m
[0m[INFO] [1789230406.942621129] [perception]: DETECTED pixel=(118,102) depth=0.122 m surface=(0.333,-0.012,0.086) m center=(0.333,-0.012,0.061) m conf=0.88 edge=1.3deg sides=(0.050,0.038)m sync_rate=13.73 Hz mask_px=457[0m
[0m[INFO] [1789230415.555648047] [perception]: DETECTED pixel=(118,102) depth=0.123 m surface=(0.335,-0.012,0.077) m center=(0.335,-0.012,0.052) m conf=0.80 edge=1.9deg sides=(0.050,0.038)m sync_rate=13.73 Hz mask_px=450[0m
[0m[INFO] [1789230416.598453437] [perception]: DETECTED pixel=(118,102) depth=0.122 m surface=(0.332,-0.011,0.052) m center=(0.332,-0.011,0.027) m conf=0.90 edge=0.7deg sides=(0.050,0.039)m sync_rate=13.73 Hz mask_px=488[0m
[0m[INFO] [1789230417.630808064] [perception]: DETECTED pixel=(118,102) depth=0.122 m surface=(0.332,-0.011,0.052) m center=(0.332,-0.011,0.027) m conf=0.90 edge=0.9deg sides=(0.050,0.039)m sync_rate=13.73 Hz mask_px=490[0m
[0m[INFO] [1789230418.656782385] [perception]: DETECTED pixel=(118,102) depth=0.122 m surface=(0.332,-0.011,0.052) m center=(0.332,-0.011,0.027) m conf=0.89 edge=0.8deg sides=(0.050,0.039)m sync_rate=13.73 Hz mask_px=490[0m
[0m[INFO] [1789230419.682546961] [perception]: DETECTED pixel=(118,102) depth=0.122 m surface=(0.332,-0.011,0.052) m center=(0.332,-0.011,0.027) m conf=0.91 edge=0.9deg sides=(0.050,0.039)m sync_rate=13.73 Hz mask_px=490[0m
[0m[INFO] [1789230420.756648294] [perception]: DETECTED pixel=(118,102) depth=0.122 m surface=(0.332,-0.011,0.052) m center=(0.332,-0.011,0.027) m conf=0.90 edge=0.9deg sides=(0.050,0.039)m sync_rate=13.73 Hz mask_px=490[0m
[0m[INFO] [1789230421.761080559] [perception]: DETECTED pixel=(118,102) depth=0.121 m surface=(0.332,-0.011,0.053) m center=(0.332,-0.011,0.028) m conf=0.89 edge=1.2deg sides=(0.050,0.039)m sync_rate=13.73 Hz mask_px=485[0m
[0m[INFO] [1789230422.763279248] [perception]: DETECTED pixel=(118,102) depth=0.122 m surface=(0.332,-0.011,0.052) m center=(0.332,-0.011,0.027) m conf=0.93 edge=-0.0deg sides=(0.050,0.040)m sync_rate=13.73 Hz mask_px=458[0m
[0m[INFO] [1789230423.790234336] [perception]: DETECTED pixel=(118,102) depth=0.122 m surface=(0.331,-0.012,0.053) m center=(0.331,-0.012,0.028) m conf=0.93 edge=-0.7deg sides=(0.050,0.039)m sync_rate=13.73 Hz mask_px=435[0m
[0m[INFO] [1789230424.995128761] [perception]: NOT DETECTED[0m
[0m[INFO] [1789230426.053650057] [perception]: NOT DETECTED[0m
[0m[INFO] [1789230427.502964137] [perception]: DETECTED pixel=(89,87) depth=0.360 m surface=(0.322,-0.017,0.039) m center=(0.322,-0.017,0.014) m conf=0.82 edge=-0.2deg sides=(0.050,0.050)m sync_rate=13.73 Hz mask_px=658[0m
[0m[INFO] [1789230428.554772244] [perception]: DETECTED pixel=(78,91) depth=0.346 m surface=(0.306,-0.012,0.039) m center=(0.306,-0.012,0.014) m conf=0.87 edge=-0.3deg sides=(0.050,0.049)m sync_rate=13.73 Hz mask_px=1323[0m
[0m[INFO] [1789230429.565282954] [perception]: DETECTED pixel=(77,91) depth=0.347 m surface=(0.307,-0.012,0.039) m center=(0.307,-0.012,0.014) m conf=0.96 edge=-0.3deg sides=(0.051,0.050)m sync_rate=13.73 Hz mask_px=1361[0m
[0m[INFO] [1789230430.604917328] [perception]: DETECTED pixel=(77,91) depth=0.347 m surface=(0.307,-0.012,0.039) m center=(0.307,-0.012,0.014) m conf=0.97 edge=-0.2deg sides=(0.051,0.050)m sync_rate=13.73 Hz mask_px=1361[0m
[0m[INFO] [1789230431.642765843] [perception]: DETECTED pixel=(77,91) depth=0.347 m surface=(0.307,-0.012,0.039) m center=(0.307,-0.012,0.014) m conf=0.97 edge=-0.4deg sides=(0.051,0.050)m sync_rate=13.73 Hz mask_px=1361[0m
[0m[INFO] [1789230432.704446407] [perception]: NOT DETECTED[0m
[0m[INFO] [1789230433.723946575] [perception]: DETECTED pixel=(81,116) depth=0.342 m surface=(0.302,0.019,0.051) m center=(0.302,0.019,0.026) m conf=0.95 edge=-0.8deg sides=(0.051,0.050)m sync_rate=13.73 Hz mask_px=1309[0m
[0m[INFO] [1789230434.756856339] [perception]: DETECTED pixel=(81,116) depth=0.342 m surface=(0.302,0.019,0.051) m center=(0.302,0.019,0.026) m conf=0.95 edge=-0.7deg sides=(0.051,0.050)m sync_rate=13.72 Hz mask_px=1317[0m
[0m[INFO] [1789230435.791671158] [perception]: DETECTED pixel=(81,116) depth=0.342 m surface=(0.302,0.019,0.051) m center=(0.302,0.019,0.026) m conf=0.95 edge=-0.5deg sides=(0.051,0.050)m sync_rate=13.72 Hz mask_px=1303[0m
[0m[INFO] [1789230437.254223299] [perception]: NOT DETECTED[0m
[0m[INFO] [1789230438.263014754] [perception]: NOT DETECTED[0m
[0m[INFO] [1789230439.301649323] [perception]: NOT DETECTED[0m
[0m[INFO] [1789230440.362878583] [perception]: NOT DETECTED[0m
[0m[INFO] [1789230441.423644928] [perception]: NOT DETECTED[0m
[0m[INFO] [1789230472.623090049] [perception]: NOT DETECTED[0m
[0m[INFO] [1789230473.704023238] [perception]: NOT DETECTED[0m
[0m[INFO] [1789230475.001404528] [perception]: DETECTED pixel=(91,116) depth=0.345 m surface=(0.301,0.015,0.049) m center=(0.301,0.015,0.024) m conf=0.81 edge=-1.3deg sides=(0.051,0.050)m sync_rate=13.72 Hz mask_px=572[0m
[0m[INFO] [1789230476.048555697] [perception]: DETECTED pixel=(76,110) depth=0.348 m surface=(0.316,0.009,0.049) m center=(0.316,0.009,0.024) m conf=0.87 edge=-0.1deg sides=(0.051,0.050)m sync_rate=13.72 Hz mask_px=1438[0m
[0m[INFO] [1789230477.111891648] [perception]: DETECTED pixel=(76,110) depth=0.348 m surface=(0.316,0.009,0.049) m center=(0.316,0.009,0.024) m conf=0.97 edge=-0.1deg sides=(0.051,0.050)m sync_rate=13.72 Hz mask_px=1438[0m
[0m[INFO] [1789230478.134070973] [perception]: DETECTED pixel=(76,110) depth=0.348 m surface=(0.316,0.009,0.049) m center=(0.316,0.009,0.024) m conf=0.96 edge=0.0deg sides=(0.051,0.050)m sync_rate=13.72 Hz mask_px=1438[0m
[0m[INFO] [1789230479.157018146] [perception]: DETECTED pixel=(76,110) depth=0.348 m surface=(0.316,0.009,0.049) m center=(0.316,0.009,0.024) m conf=0.97 edge=-0.1deg sides=(0.051,0.050)m sync_rate=13.71 Hz mask_px=1438[0m
[0m[INFO] [1789230480.450368475] [perception]: NOT DETECTED[0m
[0m[INFO] [1789230481.452763198] [perception]: NOT DETECTED[0m
[0m[INFO] [1789230482.476923785] [perception]: NOT DETECTED[0m
[0m[INFO] [1789230483.502492423] [perception]: NOT DETECTED[0m
[0m[INFO] [1789230484.557526413] [perception]: NOT DETECTED[0m
[0m[INFO] [1789230515.064685265] [perception]: NOT DETECTED[0m
[0m[INFO] [1789230516.130519318] [perception]: NOT DETECTED[0m
[0m[INFO] [1789230517.219435080] [perception]: DETECTED pixel=(90,108) depth=0.352 m surface=(0.322,-0.000,0.056) m center=(0.322,-0.000,0.031) m conf=0.80 edge=-4.2deg sides=(0.050,0.049)m sync_rate=13.71 Hz mask_px=461[0m
[0m[INFO] [1789230518.319720136] [perception]: DETECTED pixel=(82,121) depth=0.341 m surface=(0.300,0.014,0.056) m center=(0.300,0.014,0.031) m conf=0.86 edge=-0.5deg sides=(0.050,0.050)m sync_rate=13.71 Hz mask_px=1318[0m
[0m[INFO] [1789230519.351561416] [perception]: DETECTED pixel=(82,121) depth=0.342 m surface=(0.300,0.014,0.056) m center=(0.300,0.014,0.031) m conf=0.96 edge=-0.4deg sides=(0.050,0.050)m sync_rate=13.71 Hz mask_px=1318[0m
[0m[INFO] [1789230520.444370681] [perception]: DETECTED pixel=(82,121) depth=0.341 m surface=(0.300,0.014,0.056) m center=(0.300,0.014,0.031) m conf=0.96 edge=-0.5deg sides=(0.050,0.050)m sync_rate=13.71 Hz mask_px=1318[0m
[0m[INFO] [1789230521.492495822] [perception]: DETECTED pixel=(82,121) depth=0.341 m surface=(0.300,0.014,0.056) m center=(0.300,0.014,0.031) m conf=0.95 edge=-0.4deg sides=(0.050,0.050)m sync_rate=13.71 Hz mask_px=1318[0m
[0m[INFO] [1789230522.592579620] [perception]: NOT DETECTED[0m
[0m[INFO] [1789230523.662498944] [perception]: NOT DETECTED[0m
[0m[INFO] [1789230524.668258599] [perception]: NOT DETECTED[0m
[0m[INFO] [1789230525.692338408] [perception]: NOT DETECTED[0m
[0m[INFO] [1789230526.705474243] [perception]: NOT DETECTED[0m
[0m[INFO] [1789230527.724076305] [perception]: NOT DETECTED[0m
[0m[INFO] [1789230528.751079283] [perception]: DETECTED pixel=(118,162) depth=0.129 m surface=(0.300,0.024,0.053) m center=(0.300,0.024,0.028) m conf=0.87 edge=-0.6deg sides=(0.050,0.040)m sync_rate=13.71 Hz mask_px=453[0m
[0m[INFO] [1789230529.770256378] [perception]: DETECTED pixel=(118,158) depth=0.125 m surface=(0.297,0.022,0.053) m center=(0.297,0.022,0.028) m conf=0.89 edge=-0.9deg sides=(0.050,0.036)m sync_rate=13.71 Hz mask_px=388[0m
[0m[INFO] [1789230531.777658629] [perception]: DETECTED pixel=(118,158) depth=0.115 m surface=(0.297,0.013,0.054) m center=(0.297,0.013,0.029) m conf=0.80 edge=-0.6deg sides=(0.050,0.050)m sync_rate=13.71 Hz mask_px=986[0m
[0m[INFO] [1789230532.820445787] [perception]: DETECTED pixel=(113,155) depth=0.115 m surface=(0.298,0.012,0.055) m center=(0.298,0.012,0.030) m conf=0.91 edge=-1.0deg sides=(0.050,0.050)m sync_rate=13.71 Hz mask_px=720[0m
[0m[INFO] [1789230534.518967711] [perception]: DETECTED pixel=(111,151) depth=0.117 m surface=(0.308,0.009,0.054) m center=(0.308,0.009,0.029) m conf=0.78 edge=0.9deg sides=(0.050,0.035)m sync_rate=13.71 Hz mask_px=816[0m
[0m[INFO] [1789230535.532467287] [perception]: DETECTED pixel=(110,151) depth=0.117 m surface=(0.308,0.009,0.054) m center=(0.308,0.009,0.029) m conf=0.87 edge=1.5deg sides=(0.050,0.036)m sync_rate=13.71 Hz mask_px=877[0m
[0m[INFO] [1789230536.597882676] [perception]: DETECTED pixel=(110,151) depth=0.116 m surface=(0.307,0.010,0.055) m center=(0.307,0.010,0.030) m conf=0.88 edge=0.0deg sides=(0.050,0.036)m sync_rate=13.71 Hz mask_px=902[0m
[0m[INFO] [1789230537.609732350] [perception]: DETECTED pixel=(110,151) depth=0.116 m surface=(0.307,0.010,0.058) m center=(0.307,0.010,0.033) m conf=0.87 edge=-0.3deg sides=(0.050,0.036)m sync_rate=13.71 Hz mask_px=901[0m
[0m[INFO] [1789230547.293295261] [perception]: DETECTED pixel=(109,150) depth=0.117 m surface=(0.310,0.009,0.088) m center=(0.310,0.009,0.063) m conf=0.79 edge=-0.0deg sides=(0.050,0.035)m sync_rate=13.70 Hz mask_px=893[0m
[0m[INFO] [1789230548.326654802] [perception]: DETECTED pixel=(110,150) depth=0.117 m surface=(0.310,0.008,0.055) m center=(0.310,0.008,0.030) m conf=0.88 edge=4.6deg sides=(0.050,0.036)m sync_rate=13.70 Hz mask_px=890[0m
[0m[INFO] [1789230549.364567817] [perception]: DETECTED pixel=(109,150) depth=0.116 m surface=(0.307,0.009,0.055) m center=(0.307,0.009,0.030) m conf=0.88 edge=0.0deg sides=(0.050,0.036)m sync_rate=13.70 Hz mask_px=957[0m
[0m[INFO] [1789230550.415576897] [perception]: DETECTED pixel=(109,150) depth=0.116 m surface=(0.308,0.009,0.055) m center=(0.308,0.009,0.030) m conf=0.89 edge=0.2deg sides=(0.050,0.036)m sync_rate=13.70 Hz mask_px=957[0m
[0m[INFO] [1789230551.454459570] [perception]: DETECTED pixel=(109,150) depth=0.116 m surface=(0.308,0.009,0.055) m center=(0.308,0.009,0.030) m conf=0.89 edge=-0.3deg sides=(0.050,0.036)m sync_rate=13.70 Hz mask_px=957[0m
[0m[INFO] [1789230552.466706555] [perception]: DETECTED pixel=(109,150) depth=0.116 m surface=(0.308,0.009,0.055) m center=(0.308,0.009,0.030) m conf=0.89 edge=0.1deg sides=(0.050,0.036)m sync_rate=13.70 Hz mask_px=958[0m
[0m[INFO] [1789230553.500289354] [perception]: DETECTED pixel=(109,150) depth=0.116 m surface=(0.308,0.009,0.055) m center=(0.308,0.009,0.030) m conf=0.88 edge=0.5deg sides=(0.050,0.036)m sync_rate=13.70 Hz mask_px=960[0m
[0m[INFO] [1789230554.501252169] [perception]: DETECTED pixel=(110,151) depth=0.116 m surface=(0.309,0.009,0.055) m center=(0.309,0.009,0.030) m conf=0.88 edge=3.7deg sides=(0.050,0.035)m sync_rate=13.70 Hz mask_px=915[0m
[0m[INFO] [1789230555.502399113] [perception]: DETECTED pixel=(110,152) depth=0.116 m surface=(0.307,0.010,0.055) m center=(0.307,0.010,0.030) m conf=0.88 edge=1.2deg sides=(0.050,0.035)m sync_rate=13.70 Hz mask_px=889[0m
[0m[INFO] [1789230556.588880633] [perception]: DETECTED pixel=(114,153) depth=0.115 m surface=(0.307,0.010,0.055) m center=(0.307,0.010,0.030) m conf=0.88 edge=0.8deg sides=(0.050,0.035)m sync_rate=13.70 Hz mask_px=1008[0m
[0m[INFO] [1789230557.639841347] [perception]: NOT DETECTED[0m
[0m[INFO] [1789230558.704720333] [perception]: NOT DETECTED[0m
[0m[INFO] [1789230559.744051728] [perception]: DETECTED pixel=(87,113) depth=0.346 m surface=(0.304,0.014,0.045) m center=(0.304,0.014,0.020) m conf=0.84 edge=1.8deg sides=(0.050,0.037)m sync_rate=13.70 Hz mask_px=844[0m
[0m[INFO] [1789230560.750598659] [perception]: DETECTED pixel=(79,127) depth=0.345 m surface=(0.316,0.032,0.045) m center=(0.316,0.032,0.020) m conf=0.96 edge=-0.4deg sides=(0.050,0.050)m sync_rate=13.70 Hz mask_px=1665[0m
[0m[INFO] [1789230561.808470958] [perception]: DETECTED pixel=(79,127) depth=0.345 m surface=(0.316,0.032,0.045) m center=(0.316,0.032,0.020) m conf=0.97 edge=-0.1deg sides=(0.050,0.050)m sync_rate=13.70 Hz mask_px=1665[0m
[0m[INFO] [1789230562.844860854] [perception]: DETECTED pixel=(79,127) depth=0.345 m surface=(0.316,0.032,0.045) m center=(0.316,0.032,0.020) m conf=0.96 edge=0.3deg sides=(0.050,0.050)m sync_rate=13.70 Hz mask_px=1666[0m
[0m[INFO] [1789230563.906423853] [perception]: NOT DETECTED[0m
[0m[INFO] [1789230564.930436342] [perception]: DETECTED pixel=(79,105) depth=0.345 m surface=(0.297,0.006,0.043) m center=(0.297,0.006,0.018) m conf=0.96 edge=0.6deg sides=(0.050,0.050)m sync_rate=13.70 Hz mask_px=1313[0m
[0m[INFO] [1789230565.991986305] [perception]: DETECTED pixel=(79,105) depth=0.344 m surface=(0.297,0.006,0.043) m center=(0.297,0.006,0.018) m conf=0.96 edge=0.5deg sides=(0.050,0.050)m sync_rate=13.70 Hz mask_px=1309[0m
[0m[INFO] [1789230567.016484230] [perception]: DETECTED pixel=(79,105) depth=0.345 m surface=(0.297,0.006,0.043) m center=(0.297,0.006,0.018) m conf=0.96 edge=0.4deg sides=(0.050,0.050)m sync_rate=13.70 Hz mask_px=1312[0m
[0m[INFO] [1789230568.072881573] [perception]: DETECTED pixel=(79,105) depth=0.345 m surface=(0.297,0.006,0.043) m center=(0.297,0.006,0.018) m conf=0.96 edge=0.6deg sides=(0.050,0.050)m sync_rate=13.70 Hz mask_px=1312[0m
[0m[INFO] [1789230569.109002511] [perception]: DETECTED pixel=(79,105) depth=0.345 m surface=(0.297,0.006,0.043) m center=(0.297,0.006,0.018) m conf=0.96 edge=0.6deg sides=(0.050,0.050)m sync_rate=13.70 Hz mask_px=1305[0m
[0m[INFO] [1789230570.152652933] [perception]: DETECTED pixel=(79,105) depth=0.345 m surface=(0.297,0.006,0.043) m center=(0.297,0.006,0.018) m conf=0.96 edge=0.7deg sides=(0.050,0.050)m sync_rate=13.70 Hz mask_px=1312[0m
[0m[INFO] [1789230571.183810018] [perception]: DETECTED pixel=(79,105) depth=0.344 m surface=(0.297,0.006,0.043) m center=(0.297,0.006,0.018) m conf=0.96 edge=0.7deg sides=(0.050,0.050)m sync_rate=13.70 Hz mask_px=1301[0m
[0m[INFO] [1789230572.188065200] [perception]: DETECTED pixel=(79,105) depth=0.344 m surface=(0.297,0.006,0.043) m center=(0.297,0.006,0.018) m conf=0.97 edge=0.6deg sides=(0.050,0.050)m sync_rate=13.70 Hz mask_px=1312[0m
[0m[INFO] [1789230573.273185688] [perception]: DETECTED pixel=(79,105) depth=0.344 m surface=(0.297,0.006,0.043) m center=(0.297,0.006,0.018) m conf=0.97 edge=0.7deg sides=(0.050,0.050)m sync_rate=13.70 Hz mask_px=1310[0m
[0m[INFO] [1789230574.338061556] [perception]: DETECTED pixel=(79,105) depth=0.344 m surface=(0.297,0.006,0.043) m center=(0.297,0.006,0.018) m conf=0.97 edge=0.7deg sides=(0.050,0.050)m sync_rate=13.70 Hz mask_px=1312[0m
[0m[INFO] [1789230575.399619723] [perception]: DETECTED pixel=(79,105) depth=0.345 m surface=(0.297,0.006,0.043) m center=(0.297,0.006,0.018) m conf=0.96 edge=0.6deg sides=(0.050,0.050)m sync_rate=13.70 Hz mask_px=1305[0m
[0m[INFO] [1789230576.410126481] [perception]: DETECTED pixel=(79,105) depth=0.344 m surface=(0.297,0.006,0.043) m center=(0.297,0.006,0.018) m conf=0.97 edge=0.7deg sides=(0.050,0.050)m sync_rate=13.70 Hz mask_px=1311[0m
[0m[INFO] [1789230577.478867431] [perception]: DETECTED pixel=(79,105) depth=0.344 m surface=(0.297,0.006,0.043) m center=(0.297,0.006,0.018) m conf=0.95 edge=0.7deg sides=(0.050,0.050)m sync_rate=13.70 Hz mask_px=1312[0m
[0m[INFO] [1789230578.486294127] [perception]: DETECTED pixel=(79,105) depth=0.345 m surface=(0.297,0.006,0.043) m center=(0.297,0.006,0.018) m conf=0.96 edge=0.7deg sides=(0.050,0.050)m sync_rate=13.71 Hz mask_px=1312[0m
[0m[INFO] [1789230579.495298095] [perception]: DETECTED pixel=(79,105) depth=0.344 m surface=(0.297,0.006,0.043) m center=(0.297,0.006,0.018) m conf=0.95 edge=0.6deg sides=(0.050,0.050)m sync_rate=13.71 Hz mask_px=1308[0m
[0m[INFO] [1789230580.555765934] [perception]: DETECTED pixel=(79,105) depth=0.345 m surface=(0.297,0.006,0.043) m center=(0.297,0.006,0.018) m conf=0.96 edge=0.7deg sides=(0.050,0.050)m sync_rate=13.71 Hz mask_px=1312[0m
[0m[INFO] [1789230581.569169612] [perception]: DETECTED pixel=(79,105) depth=0.345 m surface=(0.297,0.006,0.043) m center=(0.297,0.006,0.018) m conf=0.96 edge=0.6deg sides=(0.050,0.050)m sync_rate=13.71 Hz mask_px=1312[0m
[0m[INFO] [1789230582.623980703] [perception]: DETECTED pixel=(79,105) depth=0.345 m surface=(0.297,0.006,0.043) m center=(0.297,0.006,0.018) m conf=0.96 edge=0.6deg sides=(0.050,0.050)m sync_rate=13.71 Hz mask_px=1312[0m
[0m[INFO] [1789230583.628141053] [perception]: DETECTED pixel=(79,105) depth=0.344 m surface=(0.297,0.006,0.043) m center=(0.297,0.006,0.018) m conf=0.96 edge=0.7deg sides=(0.050,0.050)m sync_rate=13.71 Hz mask_px=1309[0m
[0m[INFO] [1789230584.656218004] [perception]: DETECTED pixel=(79,105) depth=0.344 m surface=(0.297,0.006,0.043) m center=(0.297,0.006,0.018) m conf=0.96 edge=0.5deg sides=(0.050,0.050)m sync_rate=13.71 Hz mask_px=1310[0m
[0m[INFO] [1789230585.721385429] [perception]: DETECTED pixel=(79,105) depth=0.345 m surface=(0.297,0.006,0.043) m center=(0.297,0.006,0.018) m conf=0.96 edge=0.7deg sides=(0.050,0.050)m sync_rate=13.71 Hz mask_px=1312[0m
[0m[INFO] [1789230586.729651610] [perception]: DETECTED pixel=(79,105) depth=0.344 m surface=(0.297,0.006,0.043) m center=(0.297,0.006,0.018) m conf=0.97 edge=0.9deg sides=(0.050,0.050)m sync_rate=13.71 Hz mask_px=1312[0m
[0m[INFO] [1789230587.802301456] [perception]: DETECTED pixel=(79,105) depth=0.344 m surface=(0.297,0.006,0.043) m center=(0.297,0.006,0.018) m conf=0.96 edge=0.6deg sides=(0.050,0.050)m sync_rate=13.71 Hz mask_px=1312[0m
[0m[INFO] [1789230588.832671251] [perception]: DETECTED pixel=(79,105) depth=0.344 m surface=(0.297,0.006,0.043) m center=(0.297,0.006,0.018) m conf=0.96 edge=0.7deg sides=(0.050,0.050)m sync_rate=13.71 Hz mask_px=1311[0m
[0m[INFO] [1789230589.892770150] [perception]: DETECTED pixel=(79,105) depth=0.344 m surface=(0.297,0.006,0.043) m center=(0.297,0.006,0.018) m conf=0.96 edge=0.6deg sides=(0.050,0.050)m sync_rate=13.71 Hz mask_px=1312[0m
[0m[INFO] [1789230590.952198939] [perception]: DETECTED pixel=(79,105) depth=0.344 m surface=(0.297,0.006,0.043) m center=(0.297,0.006,0.018) m conf=0.96 edge=0.6deg sides=(0.050,0.050)m sync_rate=13.71 Hz mask_px=1312[0m
[0m[INFO] [1789230591.995204021] [perception]: DETECTED pixel=(79,105) depth=0.345 m surface=(0.297,0.006,0.043) m center=(0.297,0.006,0.018) m conf=0.96 edge=0.7deg sides=(0.050,0.050)m sync_rate=13.71 Hz mask_px=1312[0m
[0m[INFO] [1789230593.054336052] [perception]: DETECTED pixel=(79,105) depth=0.345 m surface=(0.297,0.006,0.043) m center=(0.297,0.006,0.018) m conf=0.96 edge=1.0deg sides=(0.050,0.050)m sync_rate=13.71 Hz mask_px=1312[0m
[0m[INFO] [1789230594.120512437] [perception]: DETECTED pixel=(79,105) depth=0.344 m surface=(0.307,0.001,0.057) m center=(0.307,0.001,0.032) m conf=0.96 edge=0.1deg sides=(0.050,0.050)m sync_rate=13.71 Hz mask_px=1304[0m
[0m[INFO] [1789230595.166019772] [perception]: DETECTED pixel=(79,119) depth=0.345 m surface=(0.311,0.017,0.058) m center=(0.311,0.017,0.033) m conf=0.97 edge=-0.2deg sides=(0.050,0.049)m sync_rate=13.71 Hz mask_px=1361[0m
[0m[INFO] [1789230596.194437534] [perception]: DETECTED pixel=(79,118) depth=0.344 m surface=(0.311,0.017,0.058) m center=(0.311,0.017,0.033) m conf=0.96 edge=-0.3deg sides=(0.050,0.049)m sync_rate=13.71 Hz mask_px=1384[0m
[0m[INFO] [1789230597.226689618] [perception]: DETECTED pixel=(79,118) depth=0.345 m surface=(0.311,0.017,0.058) m center=(0.311,0.017,0.033) m conf=0.96 edge=0.0deg sides=(0.050,0.049)m sync_rate=13.70 Hz mask_px=1373[0m
[0m[INFO] [1789230598.269214134] [perception]: DETECTED pixel=(79,118) depth=0.345 m surface=(0.311,0.017,0.058) m center=(0.311,0.017,0.033) m conf=0.97 edge=-0.0deg sides=(0.050,0.049)m sync_rate=13.70 Hz mask_px=1364[0m
[0m[INFO] [1789230599.285408138] [perception]: NOT DETECTED[0m
[0m[INFO] [1789230600.308482369] [perception]: NOT DETECTED[0m
[0m[INFO] [1789230601.325021368] [perception]: NOT DETECTED[0m
[0m[INFO] [1789230602.394444714] [perception]: NOT DETECTED[0m
[0m[INFO] [1789230603.405946944] [perception]: NOT DETECTED[0m
[0m[INFO] [1789230604.437781170] [perception]: NOT DETECTED[0m
[0m[INFO] [1789230605.504340759] [perception]: NOT DETECTED[0m
[0m[INFO] [1789230606.585600327] [perception]: NOT DETECTED[0m
[0m[INFO] [1789230608.241018971] [perception]: DETECTED pixel=(119,97) depth=0.120 m surface=(0.322,0.027,0.056) m center=(0.322,0.027,0.031) m conf=0.81 edge=44.4deg sides=(0.070,0.036)m sync_rate=13.70 Hz mask_px=427[0m
[0m[INFO] [1789230609.734182864] [perception]: DETECTED pixel=(118,97) depth=0.119 m surface=(0.320,0.012,0.056) m center=(0.320,0.012,0.031) m conf=0.80 edge=3.3deg sides=(0.050,0.035)m sync_rate=13.70 Hz mask_px=529[0m
[0m[INFO] [1789230610.761714753] [perception]: DETECTED pixel=(118,97) depth=0.120 m surface=(0.321,0.012,0.055) m center=(0.321,0.012,0.030) m conf=0.90 edge=2.5deg sides=(0.050,0.036)m sync_rate=13.70 Hz mask_px=572[0m
[0m[INFO] [1789230611.774981188] [perception]: DETECTED pixel=(118,97) depth=0.120 m surface=(0.321,0.012,0.055) m center=(0.321,0.012,0.030) m conf=0.90 edge=2.8deg sides=(0.050,0.037)m sync_rate=13.70 Hz mask_px=606[0m
[0m[INFO] [1789230612.795856164] [perception]: DETECTED pixel=(118,97) depth=0.119 m surface=(0.321,0.012,0.056) m center=(0.321,0.012,0.031) m conf=0.91 edge=3.3deg sides=(0.050,0.036)m sync_rate=13.70 Hz mask_px=631[0m
[0m[INFO] [1789230613.828125409] [perception]: DETECTED pixel=(117,46) depth=0.120 m surface=(0.321,0.012,0.056) m center=(0.321,0.012,0.031) m conf=0.89 edge=2.9deg sides=(0.050,0.037)m sync_rate=13.70 Hz mask_px=649[0m
[0m[INFO] [1789230614.849502363] [perception]: DETECTED pixel=(116,46) depth=0.119 m surface=(0.321,0.012,0.056) m center=(0.321,0.012,0.031) m conf=0.89 edge=3.2deg sides=(0.050,0.036)m sync_rate=13.70 Hz mask_px=652[0m
[0m[INFO] [1789230615.860169917] [perception]: DETECTED pixel=(116,46) depth=0.120 m surface=(0.321,0.012,0.063) m center=(0.321,0.012,0.038) m conf=0.87 edge=1.9deg sides=(0.050,0.036)m sync_rate=13.70 Hz mask_px=651[0m
[0m[INFO] [1789230616.913252916] [perception]: DETECTED pixel=(117,46) depth=0.120 m surface=(0.321,0.013,0.095) m center=(0.321,0.013,0.070) m conf=0.87 edge=-0.2deg sides=(0.050,0.037)m sync_rate=13.70 Hz mask_px=644[0m
[0m[INFO] [1789230625.386299049] [perception]: DETECTED pixel=(117,45) depth=0.120 m surface=(0.325,0.012,0.090) m center=(0.325,0.012,0.065) m conf=0.79 edge=4.1deg sides=(0.050,0.035)m sync_rate=13.70 Hz mask_px=620[0m
[0m[INFO] [1789230626.403678518] [perception]: DETECTED pixel=(118,97) depth=0.120 m surface=(0.321,0.012,0.056) m center=(0.321,0.012,0.031) m conf=0.91 edge=2.4deg sides=(0.050,0.037)m sync_rate=13.70 Hz mask_px=611[0m
[0m[INFO] [1789230627.455431857] [perception]: DETECTED pixel=(116,45) depth=0.120 m surface=(0.321,0.012,0.056) m center=(0.321,0.012,0.031) m conf=0.89 edge=1.9deg sides=(0.050,0.037)m sync_rate=13.70 Hz mask_px=677[0m
[0m[INFO] [1789230628.489213533] [perception]: DETECTED pixel=(116,45) depth=0.120 m surface=(0.321,0.012,0.056) m center=(0.321,0.012,0.031) m conf=0.90 edge=2.3deg sides=(0.050,0.037)m sync_rate=13.70 Hz mask_px=672[0m
[0m[INFO] [1789230629.506684107] [perception]: DETECTED pixel=(116,45) depth=0.120 m surface=(0.321,0.012,0.056) m center=(0.321,0.012,0.031) m conf=0.79 edge=1.8deg sides=(0.050,0.037)m sync_rate=13.70 Hz mask_px=677[0m
[0m[INFO] [1789230630.545667731] [perception]: DETECTED pixel=(116,45) depth=0.119 m surface=(0.321,0.012,0.056) m center=(0.321,0.012,0.031) m conf=0.89 edge=2.5deg sides=(0.050,0.037)m sync_rate=13.70 Hz mask_px=677[0m
[0m[INFO] [1789230631.558032416] [perception]: DETECTED pixel=(116,45) depth=0.120 m surface=(0.321,0.012,0.056) m center=(0.321,0.012,0.031) m conf=0.90 edge=1.8deg sides=(0.050,0.037)m sync_rate=13.70 Hz mask_px=677[0m
[0m[INFO] [1789230632.582973069] [perception]: DETECTED pixel=(117,45) depth=0.119 m surface=(0.321,0.012,0.056) m center=(0.321,0.012,0.031) m conf=0.88 edge=2.3deg sides=(0.050,0.037)m sync_rate=13.70 Hz mask_px=679[0m
[0m[INFO] [1789230633.712765533] [perception]: NOT DETECTED[0m
[0m[INFO] [1789230634.727256695] [perception]: NOT DETECTED[0m
[0m[INFO] [1789230636.189379325] [perception]: DETECTED pixel=(91,115) depth=0.351 m surface=(0.304,0.015,0.048) m center=(0.304,0.015,0.023) m conf=0.80 edge=-0.0deg sides=(0.050,0.049)m sync_rate=13.70 Hz mask_px=561[0m
[0m[INFO] [1789230637.220326732] [perception]: DETECTED pixel=(75,111) depth=0.349 m surface=(0.313,0.011,0.048) m center=(0.313,0.011,0.023) m conf=0.87 edge=0.2deg sides=(0.051,0.050)m sync_rate=13.70 Hz mask_px=1511[0m
[0m[INFO] [1789230638.226754084] [perception]: DETECTED pixel=(75,111) depth=0.349 m surface=(0.313,0.011,0.048) m center=(0.313,0.011,0.023) m conf=0.96 edge=0.3deg sides=(0.050,0.050)m sync_rate=13.70 Hz mask_px=1512[0m
[0m[INFO] [1789230639.251040604] [perception]: DETECTED pixel=(75,111) depth=0.349 m surface=(0.313,0.011,0.048) m center=(0.313,0.011,0.023) m conf=0.97 edge=0.4deg sides=(0.050,0.050)m sync_rate=13.70 Hz mask_px=1512[0m
[0m[INFO] [1789230640.279609333] [perception]: DETECTED pixel=(75,111) depth=0.349 m surface=(0.313,0.011,0.048) m center=(0.313,0.011,0.023) m conf=0.97 edge=0.1deg sides=(0.050,0.050)m sync_rate=13.70 Hz mask_px=1512[0m
[0m[INFO] [1789230641.725865428] [perception]: NOT DETECTED[0m
[0m[INFO] [1789230642.793017998] [perception]: NOT DETECTED[0m
[0m[INFO] [1789230643.826027547] [perception]: NOT DETECTED[0m
[0m[INFO] [1789230674.336075133] [perception]: DETECTED pixel=(91,96) depth=0.113 m surface=(0.324,0.008,0.050) m center=(0.324,0.008,0.025) m conf=0.74 edge=0.8deg sides=(0.050,0.037)m sync_rate=13.69 Hz mask_px=4436[0m
[0m[INFO] [1789230675.345450235] [perception]: DETECTED pixel=(92,97) depth=0.113 m surface=(0.324,0.008,0.050) m center=(0.324,0.008,0.025) m conf=0.84 edge=0.6deg sides=(0.050,0.037)m sync_rate=13.69 Hz mask_px=4589[0m
[0m[INFO] [1789230676.484865209] [perception]: NOT DETECTED[0m
[0m[INFO] [1789230677.518683622] [perception]: NOT DETECTED[0m
[0m[INFO] [1789230678.586347955] [perception]: DETECTED pixel=(83,108) depth=0.354 m surface=(0.318,0.003,0.047) m center=(0.318,0.003,0.022) m conf=0.89 edge=-0.5deg sides=(0.050,0.048)m sync_rate=13.69 Hz mask_px=1078[0m
[0m[INFO] [1789230679.644589148] [perception]: DETECTED pixel=(78,107) depth=0.346 m surface=(0.299,0.000,0.046) m center=(0.299,0.000,0.021) m conf=0.96 edge=-0.7deg sides=(0.051,0.050)m sync_rate=13.69 Hz mask_px=1330[0m
[0m[INFO] [1789230680.708235417] [perception]: DETECTED pixel=(78,107) depth=0.346 m surface=(0.299,0.000,0.046) m center=(0.299,0.000,0.021) m conf=0.96 edge=-0.6deg sides=(0.051,0.050)m sync_rate=13.69 Hz mask_px=1336[0m
[0m[INFO] [1789230681.746973147] [perception]: DETECTED pixel=(78,107) depth=0.346 m surface=(0.299,0.000,0.046) m center=(0.299,0.000,0.021) m conf=0.95 edge=-0.5deg sides=(0.051,0.050)m sync_rate=13.69 Hz mask_px=1336[0m
[0m[INFO] [1789230682.810591824] [perception]: DETECTED pixel=(78,107) depth=0.346 m surface=(0.298,0.000,0.046) m center=(0.298,0.000,0.021) m conf=0.96 edge=-0.5deg sides=(0.051,0.050)m sync_rate=13.69 Hz mask_px=1336[0m
[0m[INFO] [1789230683.837125822] [perception]: DETECTED pixel=(91,109) depth=0.350 m surface=(0.298,0.001,0.047) m center=(0.298,0.001,0.022) m conf=0.87 edge=-1.6deg sides=(0.051,0.049)m sync_rate=13.69 Hz mask_px=444[0m
[0m[INFO] [1789230684.907050486] [perception]: NOT DETECTED[0m
[0m[INFO] [1789230685.926735369] [perception]: NOT DETECTED[0m
[0m[INFO] [1789230686.947656205] [perception]: DETECTED pixel=(124,158) depth=0.141 m surface=(0.308,0.009,0.052) m center=(0.308,0.009,0.027) m conf=0.87 edge=-0.4deg sides=(0.038,0.037)m sync_rate=13.69 Hz mask_px=427[0m
[0m[INFO] [1789230689.441683192] [perception]: DETECTED pixel=(115,159) depth=0.127 m surface=(0.317,0.011,0.050) m center=(0.317,0.011,0.025) m conf=0.78 edge=43.7deg sides=(0.058,0.035)m sync_rate=13.69 Hz mask_px=1255[0m
[0m[INFO] [1789230690.483034711] [perception]: DETECTED pixel=(111,156) depth=0.122 m surface=(0.305,0.003,0.051) m center=(0.305,0.003,0.026) m conf=0.87 edge=-0.4deg sides=(0.050,0.042)m sync_rate=13.69 Hz mask_px=1750[0m
[0m[INFO] [1789230691.483220771] [perception]: DETECTED pixel=(103,136) depth=0.117 m surface=(0.305,0.002,0.052) m center=(0.305,0.002,0.027) m conf=0.78 edge=-0.8deg sides=(0.050,0.043)m sync_rate=13.69 Hz mask_px=2692[0m
[0m[INFO] [1789230692.484353884] [perception]: DETECTED pixel=(99,129) depth=0.113 m surface=(0.304,0.000,0.053) m center=(0.304,0.000,0.028) m conf=0.80 edge=0.0deg sides=(0.050,0.044)m sync_rate=13.69 Hz mask_px=3436[0m
[0m[INFO] [1789230718.937130570] [perception]: DETECTED pixel=(97,100) depth=0.113 m surface=(0.306,-0.005,0.053) m center=(0.306,-0.005,0.028) m conf=0.69 edge=-0.2deg sides=(0.050,0.045)m sync_rate=13.69 Hz mask_px=3725[0m
[0m[INFO] [1789230719.974446683] [perception]: NOT DETECTED[0m
[0m[INFO] [1789230721.425108704] [perception]: DETECTED pixel=(118,99) depth=0.320 m surface=(0.316,-0.002,0.059) m center=(0.316,-0.002,0.034) m conf=0.83 edge=-0.5deg sides=(0.050,0.049)m sync_rate=13.69 Hz mask_px=333[0m
[0m[INFO] [1789230722.480372758] [perception]: NOT DETECTED[0m
[0m[INFO] [1789230723.512559436] [perception]: NOT DETECTED[0m
[0m[INFO] [1789230724.543399424] [perception]: NOT DETECTED[0m
[0m[INFO] [1789230725.581255139] [perception]: NOT DETECTED[0m
[0m[INFO] [1789230726.627251662] [perception]: NOT DETECTED[0m
[0m[INFO] [1789230727.660937420] [perception]: NOT DETECTED[0m
[0m[INFO] [1789230728.697639020] [perception]: NOT DETECTED[0m
[0m[INFO] [1789230729.735779445] [perception]: NOT DETECTED[0m
[0m[INFO] [1789230730.769191065] [perception]: NOT DETECTED[0m
[0m[INFO] [1789230731.815979748] [perception]: NOT DETECTED[0m
[0m[INFO] [1789230732.848271996] [perception]: NOT DETECTED[0m
[0m[INFO] [1789230733.891682646] [perception]: NOT DETECTED[0m
[0m[INFO] [1789230734.947614499] [perception]: NOT DETECTED[0m
[0m[INFO] [1789230735.979689082] [perception]: NOT DETECTED[0m
[0m[INFO] [1789230737.028796691] [perception]: NOT DETECTED[0m
[0m[INFO] [1789230738.067317088] [perception]: NOT DETECTED[0m
[0m[INFO] [1789230739.116839139] [perception]: NOT DETECTED[0m
[0m[INFO] [1789230740.143975958] [perception]: NOT DETECTED[0m
[0m[INFO] [1789230741.188027526] [perception]: NOT DETECTED[0m
[0m[INFO] [1789230742.227784943] [perception]: NOT DETECTED[0m
[0m[INFO] [1789230743.248323371] [perception]: NOT DETECTED[0m
[0m[INFO] [1789230744.286890310] [perception]: NOT DETECTED[0m
[0m[INFO] [1789230745.331165040] [perception]: NOT DETECTED[0m
[0m[INFO] [1789230746.367668262] [perception]: NOT DETECTED[0m
[0m[INFO] [1789230747.395903453] [perception]: NOT DETECTED[0m
[0m[INFO] [1789230748.427745489] [perception]: NOT DETECTED[0m
[0m[INFO] [1789230749.460509170] [perception]: NOT DETECTED[0m
[0m[INFO] [1789230750.531871893] [perception]: NOT DETECTED[0m
[0m[INFO] [1789230751.565454670] [perception]: NOT DETECTED[0m
[0m[INFO] [1789230752.579671922] [perception]: NOT DETECTED[0m
[0m[INFO] [1789230753.617938307] [perception]: DETECTED pixel=(83,118) depth=0.340 m surface=(0.298,0.020,0.048) m center=(0.298,0.020,0.023) m conf=0.94 edge=0.9deg sides=(0.050,0.050)m sync_rate=13.69 Hz mask_px=1220[0m
[0m[INFO] [1789230754.662766238] [perception]: DETECTED pixel=(83,118) depth=0.340 m surface=(0.298,0.020,0.048) m center=(0.298,0.020,0.023) m conf=0.94 edge=0.2deg sides=(0.051,0.050)m sync_rate=13.69 Hz mask_px=1220[0m
[0m[INFO] [1789230755.725496719] [perception]: DETECTED pixel=(83,118) depth=0.340 m surface=(0.298,0.020,0.048) m center=(0.298,0.020,0.023) m conf=0.95 edge=0.2deg sides=(0.051,0.050)m sync_rate=13.69 Hz mask_px=1220[0m
[0m[INFO] [1789230756.777939606] [perception]: DETECTED pixel=(83,118) depth=0.340 m surface=(0.297,0.020,0.048) m center=(0.297,0.020,0.023) m conf=0.94 edge=-0.0deg sides=(0.050,0.050)m sync_rate=13.69 Hz mask_px=1220[0m
[0m[INFO] [1789230757.798445051] [perception]: DETECTED pixel=(83,118) depth=0.340 m surface=(0.298,0.020,0.048) m center=(0.298,0.020,0.023) m conf=0.94 edge=0.7deg sides=(0.051,0.050)m sync_rate=13.69 Hz mask_px=1220[0m
[0m[INFO] [1789230758.805144889] [perception]: DETECTED pixel=(83,118) depth=0.340 m surface=(0.298,0.020,0.048) m center=(0.298,0.020,0.023) m conf=0.95 edge=0.5deg sides=(0.050,0.050)m sync_rate=13.69 Hz mask_px=1220[0m
[0m[INFO] [1789230759.867628468] [perception]: DETECTED pixel=(83,118) depth=0.340 m surface=(0.297,0.020,0.048) m center=(0.297,0.020,0.023) m conf=0.93 edge=-0.1deg sides=(0.051,0.050)m sync_rate=13.69 Hz mask_px=1220[0m
[0m[INFO] [1789230760.900825833] [perception]: DETECTED pixel=(83,118) depth=0.340 m surface=(0.297,0.020,0.048) m center=(0.297,0.020,0.023) m conf=0.94 edge=-0.0deg sides=(0.051,0.050)m sync_rate=13.69 Hz mask_px=1220[0m
[0m[INFO] [1789230761.949682358] [perception]: DETECTED pixel=(83,118) depth=0.340 m surface=(0.298,0.020,0.048) m center=(0.298,0.020,0.023) m conf=0.95 edge=0.2deg sides=(0.051,0.050)m sync_rate=13.69 Hz mask_px=1220[0m
[0m[INFO] [1789230762.997521171] [perception]: DETECTED pixel=(83,118) depth=0.340 m surface=(0.298,0.020,0.048) m center=(0.298,0.020,0.023) m conf=0.94 edge=0.4deg sides=(0.051,0.050)m sync_rate=13.69 Hz mask_px=1220[0m
[0m[INFO] [1789230764.065159039] [perception]: DETECTED pixel=(83,118) depth=0.340 m surface=(0.298,0.020,0.048) m center=(0.298,0.020,0.023) m conf=0.94 edge=-0.1deg sides=(0.051,0.050)m sync_rate=13.69 Hz mask_px=1220[0m
[0m[INFO] [1789230765.113224687] [perception]: DETECTED pixel=(83,118) depth=0.340 m surface=(0.298,0.020,0.048) m center=(0.298,0.020,0.023) m conf=0.95 edge=1.1deg sides=(0.051,0.050)m sync_rate=13.69 Hz mask_px=1220[0m
[0m[INFO] [1789230766.137954149] [perception]: DETECTED pixel=(83,118) depth=0.340 m surface=(0.298,0.020,0.048) m center=(0.298,0.020,0.023) m conf=0.94 edge=-0.1deg sides=(0.051,0.050)m sync_rate=13.69 Hz mask_px=1220[0m
[0m[INFO] [1789230767.197867487] [perception]: DETECTED pixel=(83,118) depth=0.340 m surface=(0.298,0.020,0.048) m center=(0.298,0.020,0.023) m conf=0.93 edge=0.3deg sides=(0.050,0.050)m sync_rate=13.70 Hz mask_px=1220[0m
[0m[INFO] [1789230768.203680764] [perception]: DETECTED pixel=(83,118) depth=0.340 m surface=(0.298,0.020,0.048) m center=(0.298,0.020,0.023) m conf=0.95 edge=0.0deg sides=(0.050,0.050)m sync_rate=13.70 Hz mask_px=1220[0m
[0m[INFO] [1789230769.245385827] [perception]: DETECTED pixel=(83,118) depth=0.340 m surface=(0.298,0.020,0.048) m center=(0.298,0.020,0.023) m conf=0.94 edge=0.7deg sides=(0.050,0.050)m sync_rate=13.70 Hz mask_px=1220[0m
[0m[INFO] [1789230770.313109824] [perception]: DETECTED pixel=(83,118) depth=0.340 m surface=(0.297,0.020,0.048) m center=(0.297,0.020,0.023) m conf=0.93 edge=0.1deg sides=(0.051,0.050)m sync_rate=13.70 Hz mask_px=1220[0m
[0m[INFO] [1789230771.365232654] [perception]: DETECTED pixel=(83,118) depth=0.340 m surface=(0.298,0.020,0.048) m center=(0.298,0.020,0.023) m conf=0.95 edge=1.5deg sides=(0.050,0.050)m sync_rate=13.70 Hz mask_px=1220[0m
[0m[INFO] [1789230772.371743022] [perception]: DETECTED pixel=(83,118) depth=0.340 m surface=(0.298,0.020,0.048) m center=(0.298,0.020,0.023) m conf=0.95 edge=0.2deg sides=(0.051,0.050)m sync_rate=13.70 Hz mask_px=1220[0m
[0m[INFO] [1789230773.399597441] [perception]: DETECTED pixel=(83,118) depth=0.340 m surface=(0.298,0.020,0.048) m center=(0.298,0.020,0.023) m conf=0.94 edge=0.2deg sides=(0.050,0.050)m sync_rate=13.70 Hz mask_px=1220[0m
[0m[INFO] [1789230774.424450757] [perception]: DETECTED pixel=(83,118) depth=0.340 m surface=(0.297,0.020,0.048) m center=(0.297,0.020,0.023) m conf=0.94 edge=0.2deg sides=(0.051,0.050)m sync_rate=13.70 Hz mask_px=1220[0m
[0m[INFO] [1789230775.439797705] [perception]: DETECTED pixel=(83,118) depth=0.340 m surface=(0.297,0.020,0.048) m center=(0.297,0.020,0.023) m conf=0.94 edge=-0.1deg sides=(0.050,0.050)m sync_rate=13.70 Hz mask_px=1220[0m
[0m[INFO] [1789230776.467707425] [perception]: DETECTED pixel=(83,118) depth=0.340 m surface=(0.298,0.020,0.048) m center=(0.298,0.020,0.023) m conf=0.95 edge=0.1deg sides=(0.051,0.050)m sync_rate=13.70 Hz mask_px=1220[0m
[0m[INFO] [1789230777.515494378] [perception]: DETECTED pixel=(83,118) depth=0.340 m surface=(0.298,0.020,0.048) m center=(0.298,0.020,0.023) m conf=0.94 edge=0.6deg sides=(0.050,0.050)m sync_rate=13.70 Hz mask_px=1220[0m
[0m[INFO] [1789230778.575105131] [perception]: DETECTED pixel=(83,118) depth=0.340 m surface=(0.298,0.020,0.048) m center=(0.298,0.020,0.023) m conf=0.94 edge=0.6deg sides=(0.050,0.050)m sync_rate=13.70 Hz mask_px=1220[0m
[0m[INFO] [1789230779.650024435] [perception]: DETECTED pixel=(83,118) depth=0.340 m surface=(0.297,0.020,0.048) m center=(0.297,0.020,0.023) m conf=0.94 edge=0.1deg sides=(0.051,0.050)m sync_rate=13.70 Hz mask_px=1220[0m
[0m[INFO] [1789230780.663512347] [perception]: DETECTED pixel=(83,118) depth=0.340 m surface=(0.298,0.020,0.048) m center=(0.298,0.020,0.023) m conf=0.95 edge=0.2deg sides=(0.050,0.050)m sync_rate=13.70 Hz mask_px=1220[0m
[0m[INFO] [1789230781.714920176] [perception]: DETECTED pixel=(83,118) depth=0.340 m surface=(0.298,0.020,0.048) m center=(0.298,0.020,0.023) m conf=0.93 edge=-0.2deg sides=(0.050,0.050)m sync_rate=13.70 Hz mask_px=1220[0m
[0m[INFO] [1789230782.769016120] [perception]: DETECTED pixel=(83,118) depth=0.340 m surface=(0.298,0.020,0.048) m center=(0.298,0.020,0.023) m conf=0.94 edge=0.4deg sides=(0.050,0.050)m sync_rate=13.70 Hz mask_px=1220[0m
[0m[INFO] [1789230783.782182332] [perception]: DETECTED pixel=(83,118) depth=0.340 m surface=(0.286,0.023,0.045) m center=(0.286,0.023,0.020) m conf=0.94 edge=1.0deg sides=(0.050,0.050)m sync_rate=13.70 Hz mask_px=1217[0m
[0m[INFO] [1789230784.801165844] [perception]: DETECTED pixel=(74,102) depth=0.350 m surface=(0.315,0.005,0.044) m center=(0.315,0.005,0.019) m conf=0.96 edge=-0.9deg sides=(0.051,0.050)m sync_rate=13.70 Hz mask_px=1423[0m
[0m[INFO] [1789230785.848653001] [perception]: DETECTED pixel=(75,102) depth=0.349 m surface=(0.316,0.005,0.044) m center=(0.316,0.005,0.019) m conf=0.97 edge=0.4deg sides=(0.050,0.050)m sync_rate=13.70 Hz mask_px=1466[0m
[0m[INFO] [1789230786.868066530] [perception]: DETECTED pixel=(75,102) depth=0.349 m surface=(0.316,0.005,0.044) m center=(0.316,0.005,0.019) m conf=0.96 edge=0.2deg sides=(0.050,0.050)m sync_rate=13.69 Hz mask_px=1471[0m
[0m[INFO] [1789230787.940173879] [perception]: DETECTED pixel=(74,102) depth=0.350 m surface=(0.315,0.005,0.044) m center=(0.315,0.005,0.019) m conf=0.97 edge=-0.7deg sides=(0.051,0.050)m sync_rate=13.69 Hz mask_px=1448[0m
[0m[INFO] [1789230789.077240104] [perception]: NOT DETECTED[0m
[0m[INFO] [1789230790.139719340] [perception]: NOT DETECTED[0m
[0m[INFO] [1789230791.153859743] [perception]: NOT DETECTED[0m
[0m[INFO] [1789230794.894401006] [perception]: DETECTED pixel=(110,48) depth=0.119 m surface=(0.322,0.002,0.049) m center=(0.322,0.002,0.024) m conf=0.80 edge=0.6deg sides=(0.050,0.043)m sync_rate=13.69 Hz mask_px=1470[0m
[0m[INFO] [1789230795.959191430] [perception]: DETECTED pixel=(106,51) depth=0.116 m surface=(0.321,0.002,0.049) m center=(0.321,0.002,0.024) m conf=0.86 edge=0.7deg sides=(0.050,0.044)m sync_rate=13.69 Hz mask_px=2214[0m
[0m[INFO] [1789230823.319364277] [perception]: DETECTED pixel=(102,98) depth=0.118 m surface=(0.323,0.004,0.049) m center=(0.323,0.004,0.024) m conf=0.66 edge=1.4deg sides=(0.050,0.046)m sync_rate=13.69 Hz mask_px=2508[0m
[0m[INFO] [1789230824.393504826] [perception]: NOT DETECTED[0m
[0m[INFO] [1789230825.675492428] [perception]: DETECTED pixel=(118,99) depth=0.327 m surface=(0.332,0.018,0.053) m center=(0.332,0.018,0.028) m conf=0.84 edge=1.1deg sides=(0.050,0.049)m sync_rate=13.69 Hz mask_px=270[0m
[0m[INFO] [1789230826.781921973] [perception]: NOT DETECTED[0m
[0m[INFO] [1789230827.857338896] [perception]: DETECTED pixel=(79,100) depth=0.344 m surface=(0.311,0.014,0.053) m center=(0.311,0.014,0.028) m conf=0.96 edge=0.8deg sides=(0.050,0.049)m sync_rate=13.69 Hz mask_px=1262[0m
[0m[INFO] [1789230828.894999608] [perception]: DETECTED pixel=(79,100) depth=0.344 m surface=(0.310,0.014,0.053) m center=(0.310,0.014,0.028) m conf=0.96 edge=0.7deg sides=(0.050,0.049)m sync_rate=13.69 Hz mask_px=1262[0m
[0m[INFO] [1789230829.920375477] [perception]: DETECTED pixel=(79,100) depth=0.344 m surface=(0.310,0.014,0.053) m center=(0.310,0.014,0.028) m conf=0.95 edge=0.6deg sides=(0.050,0.049)m sync_rate=13.69 Hz mask_px=1262[0m
[0m[INFO] [1789230831.170333908] [perception]: NOT DETECTED[0m
[0m[INFO] [1789230832.180316014] [perception]: NOT DETECTED[0m
[0m[INFO] [1789230833.210512450] [perception]: NOT DETECTED[0m
[0m[INFO] [1789230834.211481990] [perception]: NOT DETECTED[0m
[0m[INFO] [1789230835.227084971] [perception]: NOT DETECTED[0m
[0m[INFO] [1789230836.245324828] [perception]: NOT DETECTED[0m
[0m[INFO] [1789230837.303337021] [perception]: NOT DETECTED[0m
[0m[INFO] [1789230838.341884720] [perception]: NOT DETECTED[0m
[0m[INFO] [1789230839.350943418] [perception]: NOT DETECTED[0m
[0m[INFO] [1789230840.395700893] [perception]: DETECTED pixel=(89,76) depth=0.335 m surface=(0.281,-0.021,0.043) m center=(0.281,-0.021,0.018) m conf=0.91 edge=-28.9deg sides=(0.050,0.038)m sync_rate=13.69 Hz mask_px=1058[0m
[0m[INFO] [1789230841.447570529] [perception]: DETECTED pixel=(77,88) depth=0.347 m surface=(0.310,-0.010,0.043) m center=(0.310,-0.010,0.018) m conf=0.96 edge=-0.1deg sides=(0.051,0.050)m sync_rate=13.68 Hz mask_px=1383[0m
[0m[INFO] [1789230842.480730820] [perception]: DETECTED pixel=(77,88) depth=0.346 m surface=(0.310,-0.010,0.043) m center=(0.310,-0.010,0.018) m conf=0.97 edge=-0.7deg sides=(0.051,0.050)m sync_rate=13.68 Hz mask_px=1383[0m
[0m[INFO] [1789230843.556059380] [perception]: DETECTED pixel=(77,88) depth=0.347 m surface=(0.310,-0.010,0.043) m center=(0.310,-0.010,0.018) m conf=0.96 edge=-0.2deg sides=(0.051,0.050)m sync_rate=13.68 Hz mask_px=1383[0m
[0m[INFO] [1789230844.582193557] [perception]: DETECTED pixel=(84,88) depth=0.351 m surface=(0.311,-0.010,0.043) m center=(0.311,-0.010,0.018) m conf=0.93 edge=-2.2deg sides=(0.050,0.047)m sync_rate=13.68 Hz mask_px=1051[0m
[0m[INFO] [1789230845.585012532] [perception]: NOT DETECTED[0m
[0m[INFO] [1789230846.608318328] [perception]: NOT DETECTED[0m
[0m[INFO] [1789230847.654973070] [perception]: NOT DETECTED[0m
[0m[INFO] [1789230850.797554306] [perception]: DETECTED pixel=(113,46) depth=0.116 m surface=(0.318,-0.008,0.046) m center=(0.318,-0.008,0.021) m conf=0.78 edge=-0.7deg sides=(0.050,0.039)m sync_rate=13.68 Hz mask_px=1146[0m
[0m[INFO] [1789230851.810676784] [perception]: DETECTED pixel=(110,47) depth=0.112 m surface=(0.317,-0.008,0.046) m center=(0.317,-0.008,0.021) m conf=0.87 edge=-0.7deg sides=(0.050,0.040)m sync_rate=13.68 Hz mask_px=1721[0m
[0m[INFO] [1789230878.435415600] [perception]: DETECTED pixel=(111,151) depth=0.116 m surface=(0.320,-0.006,0.046) m center=(0.320,-0.006,0.021) m conf=0.77 edge=-0.8deg sides=(0.050,0.040)m sync_rate=13.68 Hz mask_px=1440[0m
[0m[INFO] [1789230879.458422376] [perception]: NOT DETECTED[0m
[0m[INFO] [1789230880.849825687] [perception]: DETECTED pixel=(118,100) depth=0.326 m surface=(0.315,-0.011,0.050) m center=(0.315,-0.011,0.025) m conf=0.83 edge=-0.2deg sides=(0.049,0.049)m sync_rate=13.68 Hz mask_px=338[0m
[0m[INFO] [1789230881.933090085] [perception]: NOT DETECTED[0m
[0m[INFO] [1789230882.970021546] [perception]: DETECTED pixel=(76,95) depth=0.348 m surface=(0.316,-0.006,0.050) m center=(0.316,-0.006,0.025) m conf=0.96 edge=-0.1deg sides=(0.050,0.050)m sync_rate=13.68 Hz mask_px=1378[0m
[0m[INFO] [1789230883.974515838] [perception]: DETECTED pixel=(76,95) depth=0.348 m surface=(0.316,-0.006,0.050) m center=(0.316,-0.006,0.025) m conf=0.97 edge=-0.1deg sides=(0.050,0.050)m sync_rate=13.68 Hz mask_px=1378[0m
[0m[INFO] [1789230885.018500201] [perception]: DETECTED pixel=(76,95) depth=0.348 m surface=(0.316,-0.006,0.050) m center=(0.316,-0.006,0.025) m conf=0.96 edge=0.5deg sides=(0.050,0.050)m sync_rate=13.68 Hz mask_px=1378[0m
[0m[INFO] [1789230886.389983411] [perception]: NOT DETECTED[0m
[0m[INFO] [1789230887.461285540] [perception]: NOT DETECTED[0m
[0m[INFO] [1789230888.533279062] [perception]: NOT DETECTED[0m
[0m[INFO] [1789230889.547408521] [perception]: NOT DETECTED[0m
[0m[INFO] [1789230890.555786178] [perception]: NOT DETECTED[0m
[0m[INFO] [1789230891.618050510] [perception]: NOT DETECTED[0m
[0m[INFO] [1789230893.065208233] [perception]: DETECTED pixel=(123,156) depth=0.120 m surface=(0.324,-0.005,0.050) m center=(0.324,-0.005,0.025) m conf=0.77 edge=-0.4deg sides=(0.050,0.035)m sync_rate=13.68 Hz mask_px=485[0m
[0m[INFO] [1789230894.082537283] [perception]: DETECTED pixel=(119,155) depth=0.116 m surface=(0.323,-0.006,0.050) m center=(0.323,-0.006,0.025) m conf=0.87 edge=0.6deg sides=(0.050,0.036)m sync_rate=13.68 Hz mask_px=803[0m
[0m[INFO] [1789230897.158263947] [perception]: DETECTED pixel=(108,50) depth=0.115 m surface=(0.324,-0.006,0.049) m center=(0.324,-0.006,0.024) m conf=0.79 edge=0.8deg sides=(0.050,0.039)m sync_rate=13.68 Hz mask_px=1153[0m
[0m[INFO] [1789230919.813677415] [perception]: DETECTED pixel=(113,152) depth=0.114 m surface=(0.324,-0.006,0.050) m center=(0.324,-0.006,0.025) m conf=0.78 edge=0.1deg sides=(0.050,0.040)m sync_rate=13.67 Hz mask_px=1369[0m
[0m[INFO] [1789230920.827849721] [perception]: NOT DETECTED[0m
[0m[INFO] [1789230921.836873295] [perception]: NOT DETECTED[0m
[0m[INFO] [1789230922.851022753] [perception]: DETECTED pixel=(77,95) depth=0.349 m surface=(0.320,-0.008,0.052) m center=(0.320,-0.008,0.027) m conf=0.96 edge=0.8deg sides=(0.050,0.050)m sync_rate=13.67 Hz mask_px=1328[0m
[0m[INFO] [1789230923.988125264] [perception]: DETECTED pixel=(87,129) depth=0.336 m surface=(0.289,0.030,0.052) m center=(0.289,0.030,0.027) m conf=0.94 edge=0.6deg sides=(0.051,0.050)m sync_rate=13.67 Hz mask_px=1152[0m
[0m[INFO] [1789230925.014655021] [perception]: DETECTED pixel=(88,129) depth=0.335 m surface=(0.289,0.030,0.052) m center=(0.289,0.030,0.027) m conf=0.93 edge=1.1deg sides=(0.051,0.050)m sync_rate=13.67 Hz mask_px=1139[0m
[0m[INFO] [1789230926.075200517] [perception]: DETECTED pixel=(87,129) depth=0.336 m surface=(0.288,0.030,0.052) m center=(0.288,0.030,0.027) m conf=0.94 edge=1.0deg sides=(0.051,0.050)m sync_rate=13.67 Hz mask_px=1153[0m
[0m[INFO] [1789230927.107629798] [perception]: DETECTED pixel=(91,128) depth=0.338 m surface=(0.288,0.030,0.052) m center=(0.288,0.030,0.027) m conf=0.91 edge=0.4deg sides=(0.051,0.050)m sync_rate=13.67 Hz mask_px=854[0m
[0m[INFO] [1789230928.107810219] [perception]: NOT DETECTED[0m
[0m[INFO] [1789230929.175034961] [perception]: NOT DETECTED[0m
[0m[INFO] [1789230930.203191738] [perception]: NOT DETECTED[0m
[0m[INFO] [1789230931.217633327] [perception]: NOT DETECTED[0m
[0m[INFO] [1789230932.222969637] [perception]: NOT DETECTED[0m
[0m[INFO] [1789230936.216331592] [perception]: DETECTED pixel=(111,152) depth=0.111 m surface=(0.288,0.030,0.050) m center=(0.288,0.030,0.025) m conf=0.80 edge=0.7deg sides=(0.050,0.050)m sync_rate=13.67 Hz mask_px=1288[0m
[0m[INFO] [1789230937.836279919] [perception]: DETECTED pixel=(105,147) depth=0.109 m surface=(0.295,0.029,0.050) m center=(0.295,0.029,0.025) m conf=0.79 edge=0.7deg sides=(0.050,0.035)m sync_rate=13.67 Hz mask_px=1324[0m
[0m[INFO] [1789230938.845110940] [perception]: DETECTED pixel=(114,44) depth=0.110 m surface=(0.298,0.028,0.049) m center=(0.298,0.028,0.024) m conf=0.78 edge=6.3deg sides=(0.050,0.035)m sync_rate=13.67 Hz mask_px=1388[0m
[0m[INFO] [1789230939.895635862] [perception]: DETECTED pixel=(113,44) depth=0.109 m surface=(0.298,0.028,0.049) m center=(0.298,0.028,0.024) m conf=0.79 edge=4.7deg sides=(0.050,0.036)m sync_rate=13.67 Hz mask_px=1440[0m
[0m[INFO] [1789230940.923012509] [perception]: DETECTED pixel=(113,44) depth=0.109 m surface=(0.297,0.028,0.049) m center=(0.297,0.028,0.024) m conf=0.87 edge=4.4deg sides=(0.050,0.036)m sync_rate=13.67 Hz mask_px=1492[0m
[0m[INFO] [1789230942.050823765] [perception]: DETECTED pixel=(113,44) depth=0.108 m surface=(0.297,0.028,0.050) m center=(0.297,0.028,0.025) m conf=0.78 edge=2.8deg sides=(0.050,0.036)m sync_rate=13.67 Hz mask_px=1525[0m
[0m[INFO] [1789230943.122977123] [perception]: DETECTED pixel=(113,44) depth=0.108 m surface=(0.298,0.028,0.050) m center=(0.298,0.028,0.025) m conf=0.87 edge=7.0deg sides=(0.051,0.035)m sync_rate=13.67 Hz mask_px=1535[0m
[0m[INFO] [1789230944.146450620] [perception]: DETECTED pixel=(113,44) depth=0.108 m surface=(0.296,0.029,0.064) m center=(0.296,0.029,0.039) m conf=0.78 edge=1.0deg sides=(0.050,0.036)m sync_rate=13.67 Hz mask_px=1530[0m
[0m[INFO] [1789230954.345342449] [perception]: DETECTED pixel=(113,43) depth=0.109 m surface=(0.299,0.028,0.083) m center=(0.299,0.028,0.058) m conf=0.79 edge=2.3deg sides=(0.050,0.036)m sync_rate=13.67 Hz mask_px=1489[0m
[0m[INFO] [1789230955.432092852] [perception]: DETECTED pixel=(113,43) depth=0.109 m surface=(0.297,0.028,0.050) m center=(0.297,0.028,0.025) m conf=0.87 edge=2.9deg sides=(0.050,0.036)m sync_rate=13.67 Hz mask_px=1466[0m
[0m[INFO] [1789230956.480344241] [perception]: DETECTED pixel=(112,43) depth=0.108 m surface=(0.296,0.028,0.050) m center=(0.296,0.028,0.025) m conf=0.88 edge=2.0deg sides=(0.050,0.036)m sync_rate=13.67 Hz mask_px=1578[0m
[0m[INFO] [1789230957.538513687] [perception]: DETECTED pixel=(112,43) depth=0.108 m surface=(0.296,0.028,0.050) m center=(0.296,0.028,0.025) m conf=0.89 edge=1.9deg sides=(0.050,0.036)m sync_rate=13.66 Hz mask_px=1581[0m
[0m[INFO] [1789230958.643993840] [perception]: DETECTED pixel=(112,43) depth=0.108 m surface=(0.296,0.028,0.050) m center=(0.296,0.028,0.025) m conf=0.78 edge=1.5deg sides=(0.050,0.036)m sync_rate=13.66 Hz mask_px=1577[0m
[0m[INFO] [1789230959.659232449] [perception]: DETECTED pixel=(112,43) depth=0.108 m surface=(0.297,0.028,0.050) m center=(0.297,0.028,0.025) m conf=0.87 edge=3.7deg sides=(0.050,0.036)m sync_rate=13.67 Hz mask_px=1572[0m
[0m[INFO] [1789230960.728474586] [perception]: DETECTED pixel=(112,43) depth=0.108 m surface=(0.296,0.028,0.050) m center=(0.296,0.028,0.025) m conf=0.88 edge=1.3deg sides=(0.050,0.036)m sync_rate=13.67 Hz mask_px=1577[0m
[0m[INFO] [1789230961.747704103] [perception]: DETECTED pixel=(106,147) depth=0.109 m surface=(0.296,0.028,0.050) m center=(0.296,0.028,0.025) m conf=0.87 edge=1.5deg sides=(0.050,0.036)m sync_rate=13.67 Hz mask_px=1691[0m
[0m[INFO] [1789230962.752096013] [perception]: NOT DETECTED[0m
[0m[INFO] [1789230963.779283942] [perception]: NOT DETECTED[0m
[0m[INFO] [1789230964.842374444] [perception]: NOT DETECTED[0m
[0m[INFO] [1789230966.062751035] [perception]: DETECTED pixel=(77,106) depth=0.347 m surface=(0.310,0.002,0.045) m center=(0.310,0.002,0.020) m conf=0.87 edge=0.0deg sides=(0.050,0.049)m sync_rate=13.66 Hz mask_px=1346[0m
[0m[INFO] [1789230967.077850202] [perception]: DETECTED pixel=(77,106) depth=0.347 m surface=(0.310,0.002,0.045) m center=(0.310,0.002,0.020) m conf=0.96 edge=-0.1deg sides=(0.050,0.049)m sync_rate=13.66 Hz mask_px=1346[0m
[0m[INFO] [1789230968.102567868] [perception]: DETECTED pixel=(77,106) depth=0.347 m surface=(0.310,0.002,0.045) m center=(0.310,0.002,0.020) m conf=0.96 edge=0.2deg sides=(0.050,0.049)m sync_rate=13.66 Hz mask_px=1346[0m
[0m[INFO] [1789230969.114102521] [perception]: DETECTED pixel=(77,106) depth=0.347 m surface=(0.310,0.002,0.045) m center=(0.310,0.002,0.020) m conf=0.97 edge=0.5deg sides=(0.050,0.049)m sync_rate=13.66 Hz mask_px=1346[0m
[0m[INFO] [1789230970.163580785] [perception]: DETECTED pixel=(80,106) depth=0.350 m surface=(0.311,0.002,0.045) m center=(0.311,0.002,0.020) m conf=0.96 edge=0.3deg sides=(0.050,0.050)m sync_rate=13.66 Hz mask_px=1229[0m
[0m[INFO] [1789230971.211493690] [perception]: NOT DETECTED[0m
[0m[INFO] [1789230972.281206588] [perception]: NOT DETECTED[0m
[0m[INFO] [1789230973.288757364] [perception]: NOT DETECTED[0m
[0m[INFO] [1789230974.296944093] [perception]: DETECTED pixel=(124,159) depth=0.132 m surface=(0.319,0.011,0.045) m center=(0.319,0.011,0.020) m conf=0.86 edge=-0.4deg sides=(0.036,0.035)m sync_rate=13.66 Hz mask_px=457[0m
[0m[INFO] [1789230976.320311581] [perception]: DETECTED pixel=(118,157) depth=0.124 m surface=(0.316,0.002,0.046) m center=(0.316,0.002,0.021) m conf=0.78 edge=0.3deg sides=(0.050,0.039)m sync_rate=13.66 Hz mask_px=824[0m
[0m[INFO] [1789230977.352331821] [perception]: DETECTED pixel=(113,155) depth=0.119 m surface=(0.316,0.001,0.046) m center=(0.316,0.001,0.021) m conf=0.88 edge=0.1deg sides=(0.050,0.040)m sync_rate=13.66 Hz mask_px=1234[0m
[0m[INFO] [1789230978.396913352] [perception]: DETECTED pixel=(109,152) depth=0.115 m surface=(0.315,-0.001,0.046) m center=(0.315,-0.001,0.021) m conf=0.88 edge=0.7deg sides=(0.050,0.041)m sync_rate=13.66 Hz mask_px=1797[0m
[0m[INFO] [1789231006.834360087] [perception]: DETECTED pixel=(104,54) depth=0.115 m surface=(0.317,-0.003,0.046) m center=(0.317,-0.003,0.021) m conf=0.75 edge=1.3deg sides=(0.050,0.043)m sync_rate=13.66 Hz mask_px=2260[0m
[0m[INFO] [1789231007.838010280] [perception]: NOT DETECTED[0m
[0m[INFO] [1789231009.303404204] [perception]: DETECTED pixel=(90,101) depth=0.349 m surface=(0.320,0.001,0.053) m center=(0.320,0.001,0.028) m conf=0.78 edge=1.3deg sides=(0.050,0.049)m sync_rate=13.66 Hz mask_px=473[0m
[0m[INFO] [1789231010.416149566] [perception]: DETECTED pixel=(85,119) depth=0.338 m surface=(0.290,0.022,0.053) m center=(0.290,0.022,0.028) m conf=0.84 edge=0.3deg sides=(0.049,0.049)m sync_rate=13.66 Hz mask_px=1118[0m
[0m[INFO] [1789231011.423137190] [perception]: DETECTED pixel=(85,119) depth=0.338 m surface=(0.290,0.022,0.053) m center=(0.290,0.022,0.028) m conf=0.93 edge=0.3deg sides=(0.049,0.049)m sync_rate=13.66 Hz mask_px=1117[0m
[0m[INFO] [1789231012.448111668] [perception]: DETECTED pixel=(85,119) depth=0.338 m surface=(0.290,0.022,0.053) m center=(0.290,0.022,0.028) m conf=0.93 edge=0.6deg sides=(0.049,0.049)m sync_rate=13.66 Hz mask_px=1112[0m
[0m[INFO] [1789231013.486671998] [perception]: DETECTED pixel=(85,119) depth=0.338 m surface=(0.290,0.022,0.053) m center=(0.290,0.022,0.028) m conf=0.94 edge=0.4deg sides=(0.049,0.049)m sync_rate=13.66 Hz mask_px=1113[0m
[0m[INFO] [1789231014.790300314] [perception]: NOT DETECTED[0m
[0m[INFO] [1789231015.842733185] [perception]: NOT DETECTED[0m
[0m[INFO] [1789231016.894002692] [perception]: NOT DETECTED[0m
[0m[INFO] [1789231017.982737395] [perception]: NOT DETECTED[0m
[0m[INFO] [1789231019.014595557] [perception]: NOT DETECTED[0m
[0m[INFO] [1789231020.030724331] [perception]: NOT DETECTED[0m
[0m[INFO] [1789231049.109671870] [perception]: NOT DETECTED[0m
[0m[INFO] [1789231050.121829264] [perception]: NOT DETECTED[0m
[0m[INFO] [1789231051.483356792] [perception]: DETECTED pixel=(94,124) depth=0.339 m surface=(0.290,0.022,0.052) m center=(0.290,0.022,0.027) m conf=0.80 edge=26.0deg sides=(0.064,0.036)m sync_rate=13.65 Hz mask_px=417[0m
[0m[INFO] [1789231052.523840687] [perception]: DETECTED pixel=(80,100) depth=0.343 m surface=(0.301,0.000,0.052) m center=(0.301,0.000,0.027) m conf=0.87 edge=0.2deg sides=(0.050,0.050)m sync_rate=13.65 Hz mask_px=1245[0m
[0m[INFO] [1789231053.581876554] [perception]: DETECTED pixel=(80,100) depth=0.344 m surface=(0.301,0.000,0.052) m center=(0.301,0.000,0.027) m conf=0.96 edge=0.2deg sides=(0.050,0.050)m sync_rate=13.65 Hz mask_px=1245[0m
[0m[INFO] [1789231054.619815511] [perception]: DETECTED pixel=(80,100) depth=0.343 m surface=(0.301,0.000,0.053) m center=(0.301,0.000,0.028) m conf=0.96 edge=0.6deg sides=(0.050,0.050)m sync_rate=13.65 Hz mask_px=1245[0m
[0m[INFO] [1789231055.653820163] [perception]: DETECTED pixel=(80,100) depth=0.344 m surface=(0.301,0.000,0.053) m center=(0.301,0.000,0.028) m conf=0.96 edge=0.1deg sides=(0.050,0.050)m sync_rate=13.65 Hz mask_px=1245[0m
[0m[INFO] [1789231056.663609783] [perception]: DETECTED pixel=(82,100) depth=0.345 m surface=(0.303,0.000,0.053) m center=(0.303,0.000,0.028) m conf=0.93 edge=0.5deg sides=(0.050,0.048)m sync_rate=13.65 Hz mask_px=1160[0m
[0m[INFO] [1789231057.690515282] [perception]: NOT DETECTED[0m
[0m[INFO] [1789231058.745730167] [perception]: NOT DETECTED[0m
[0m[INFO] [1789231059.750034821] [perception]: NOT DETECTED[0m
[0m[INFO] [1789231060.761107049] [perception]: NOT DETECTED[0m
[0m[INFO] [1789231061.828904305] [perception]: NOT DETECTED[0m
[0m[INFO] [1789231062.841713839] [perception]: NOT DETECTED[0m
[0m[INFO] [1789231090.803468330] [perception]: NOT DETECTED[0m
[0m[INFO] [1789231091.876207008] [perception]: NOT DETECTED[0m
[0m[INFO] [1789231093.242720156] [perception]: DETECTED pixel=(90,100) depth=0.346 m surface=(0.302,0.000,0.050) m center=(0.302,0.000,0.025) m conf=0.79 edge=-0.1deg sides=(0.051,0.050)m sync_rate=13.65 Hz mask_px=476[0m
[0m[INFO] [1789231094.275026561] [perception]: DETECTED pixel=(82,74) depth=0.342 m surface=(0.305,-0.030,0.050) m center=(0.305,-0.030,0.025) m conf=0.86 edge=-0.5deg sides=(0.051,0.049)m sync_rate=13.65 Hz mask_px=1436[0m
[0m[INFO] [1789231095.368318325] [perception]: DETECTED pixel=(82,74) depth=0.342 m surface=(0.305,-0.030,0.050) m center=(0.305,-0.030,0.025) m conf=0.97 edge=0.5deg sides=(0.051,0.050)m sync_rate=13.65 Hz mask_px=1433[0m
[0m[INFO] [1789231096.399830107] [perception]: DETECTED pixel=(82,74) depth=0.341 m surface=(0.305,-0.030,0.050) m center=(0.305,-0.030,0.025) m conf=0.97 edge=0.4deg sides=(0.050,0.050)m sync_rate=13.65 Hz mask_px=1437[0m
[0m[INFO] [1789231097.421417446] [perception]: DETECTED pixel=(82,74) depth=0.341 m surface=(0.305,-0.030,0.050) m center=(0.305,-0.030,0.025) m conf=0.96 edge=-0.1deg sides=(0.050,0.050)m sync_rate=13.65 Hz mask_px=1437[0m
[0m[INFO] [1789231098.469262874] [perception]: NOT DETECTED[0m
[0m[INFO] [1789231099.473062703] [perception]: DETECTED pixel=(78,81) depth=0.345 m surface=(0.308,-0.028,0.043) m center=(0.308,-0.028,0.018) m conf=0.95 edge=-0.3deg sides=(0.050,0.049)m sync_rate=13.65 Hz mask_px=1437[0m
[0m[INFO] [1789231100.515621383] [perception]: DETECTED pixel=(78,81) depth=0.346 m surface=(0.308,-0.028,0.043) m center=(0.308,-0.028,0.018) m conf=0.96 edge=-0.4deg sides=(0.050,0.049)m sync_rate=13.65 Hz mask_px=1430[0m
[0m[INFO] [1789231101.565363002] [perception]: DETECTED pixel=(78,81) depth=0.346 m surface=(0.308,-0.028,0.043) m center=(0.308,-0.028,0.018) m conf=0.95 edge=-0.8deg sides=(0.050,0.049)m sync_rate=13.65 Hz mask_px=1433[0m
[0m[INFO] [1789231102.623918523] [perception]: DETECTED pixel=(78,81) depth=0.346 m surface=(0.308,-0.028,0.043) m center=(0.308,-0.028,0.018) m conf=0.96 edge=-1.0deg sides=(0.050,0.049)m sync_rate=13.65 Hz mask_px=1432[0m
[0m[INFO] [1789231103.693833184] [perception]: DETECTED pixel=(78,81) depth=0.346 m surface=(0.308,-0.028,0.043) m center=(0.308,-0.028,0.018) m conf=0.96 edge=-0.5deg sides=(0.050,0.049)m sync_rate=13.65 Hz mask_px=1426[0m
[0m[INFO] [1789231104.711352020] [perception]: DETECTED pixel=(78,81) depth=0.346 m surface=(0.308,-0.028,0.043) m center=(0.308,-0.028,0.018) m conf=0.96 edge=-0.3deg sides=(0.050,0.049)m sync_rate=13.65 Hz mask_px=1420[0m
[0m[INFO] [1789231105.752954857] [perception]: DETECTED pixel=(78,81) depth=0.346 m surface=(0.308,-0.028,0.043) m center=(0.308,-0.028,0.018) m conf=0.96 edge=-0.3deg sides=(0.050,0.049)m sync_rate=13.65 Hz mask_px=1436[0m
[0m[INFO] [1789231106.791334154] [perception]: DETECTED pixel=(78,81) depth=0.346 m surface=(0.308,-0.028,0.043) m center=(0.308,-0.028,0.018) m conf=0.95 edge=-1.0deg sides=(0.050,0.049)m sync_rate=13.65 Hz mask_px=1434[0m
[0m[INFO] [1789231107.861808090] [perception]: DETECTED pixel=(78,81) depth=0.346 m surface=(0.308,-0.028,0.043) m center=(0.308,-0.028,0.018) m conf=0.95 edge=-0.4deg sides=(0.050,0.049)m sync_rate=13.65 Hz mask_px=1435[0m
[0m[INFO] [1789231108.931763236] [perception]: DETECTED pixel=(78,81) depth=0.346 m surface=(0.308,-0.028,0.043) m center=(0.308,-0.028,0.018) m conf=0.95 edge=-1.0deg sides=(0.050,0.049)m sync_rate=13.65 Hz mask_px=1435[0m
[0m[INFO] [1789231109.967571416] [perception]: DETECTED pixel=(78,81) depth=0.345 m surface=(0.308,-0.028,0.043) m center=(0.308,-0.028,0.018) m conf=0.96 edge=-0.6deg sides=(0.050,0.049)m sync_rate=13.65 Hz mask_px=1439[0m
[0m[INFO] [1789231110.978435737] [perception]: DETECTED pixel=(78,81) depth=0.346 m surface=(0.308,-0.028,0.043) m center=(0.308,-0.028,0.018) m conf=0.96 edge=-0.4deg sides=(0.050,0.049)m sync_rate=13.65 Hz mask_px=1443[0m
[0m[INFO] [1789231112.043121295] [perception]: DETECTED pixel=(78,82) depth=0.345 m surface=(0.308,-0.028,0.043) m center=(0.308,-0.028,0.018) m conf=0.96 edge=-0.5deg sides=(0.050,0.049)m sync_rate=13.65 Hz mask_px=1420[0m
[0m[INFO] [1789231113.074934860] [perception]: DETECTED pixel=(78,81) depth=0.345 m surface=(0.308,-0.028,0.043) m center=(0.308,-0.028,0.018) m conf=0.96 edge=-0.6deg sides=(0.050,0.049)m sync_rate=13.65 Hz mask_px=1438[0m
[0m[INFO] [1789231114.119089670] [perception]: DETECTED pixel=(78,81) depth=0.346 m surface=(0.308,-0.028,0.043) m center=(0.308,-0.028,0.018) m conf=0.96 edge=-0.4deg sides=(0.050,0.049)m sync_rate=13.65 Hz mask_px=1435[0m
[0m[INFO] [1789231115.137015573] [perception]: DETECTED pixel=(78,81) depth=0.346 m surface=(0.308,-0.028,0.043) m center=(0.308,-0.028,0.018) m conf=0.96 edge=-0.8deg sides=(0.050,0.049)m sync_rate=13.65 Hz mask_px=1430[0m
[0m[INFO] [1789231116.168577365] [perception]: DETECTED pixel=(78,81) depth=0.346 m surface=(0.308,-0.028,0.043) m center=(0.308,-0.028,0.018) m conf=0.97 edge=-0.3deg sides=(0.050,0.049)m sync_rate=13.65 Hz mask_px=1430[0m
[0m[INFO] [1789231117.238655101] [perception]: DETECTED pixel=(78,81) depth=0.345 m surface=(0.308,-0.028,0.043) m center=(0.308,-0.028,0.018) m conf=0.96 edge=-0.2deg sides=(0.050,0.049)m sync_rate=13.65 Hz mask_px=1435[0m
[0m[INFO] [1789231118.270197297] [perception]: DETECTED pixel=(78,81) depth=0.346 m surface=(0.308,-0.028,0.043) m center=(0.308,-0.028,0.018) m conf=0.96 edge=-0.3deg sides=(0.050,0.049)m sync_rate=13.65 Hz mask_px=1439[0m
[0m[INFO] [1789231119.273876193] [perception]: DETECTED pixel=(78,81) depth=0.346 m surface=(0.308,-0.028,0.043) m center=(0.308,-0.028,0.018) m conf=0.96 edge=-0.3deg sides=(0.050,0.049)m sync_rate=13.65 Hz mask_px=1440[0m
[0m[INFO] [1789231120.342908086] [perception]: DETECTED pixel=(78,81) depth=0.345 m surface=(0.308,-0.028,0.043) m center=(0.308,-0.028,0.018) m conf=0.96 edge=-0.7deg sides=(0.050,0.049)m sync_rate=13.65 Hz mask_px=1440[0m
[0m[INFO] [1789231121.401721818] [perception]: DETECTED pixel=(78,81) depth=0.346 m surface=(0.308,-0.028,0.043) m center=(0.308,-0.028,0.018) m conf=0.97 edge=-0.6deg sides=(0.050,0.049)m sync_rate=13.65 Hz mask_px=1439[0m
[0m[INFO] [1789231122.410898032] [perception]: DETECTED pixel=(78,81) depth=0.346 m surface=(0.308,-0.028,0.043) m center=(0.308,-0.028,0.018) m conf=0.96 edge=-0.3deg sides=(0.050,0.049)m sync_rate=13.65 Hz mask_px=1419[0m
[0m[INFO] [1789231123.430800827] [perception]: DETECTED pixel=(78,81) depth=0.346 m surface=(0.308,-0.028,0.043) m center=(0.308,-0.028,0.018) m conf=0.97 edge=-0.6deg sides=(0.050,0.049)m sync_rate=13.65 Hz mask_px=1433[0m
[0m[INFO] [1789231124.432464869] [perception]: DETECTED pixel=(78,81) depth=0.345 m surface=(0.308,-0.028,0.043) m center=(0.308,-0.028,0.018) m conf=0.96 edge=-0.3deg sides=(0.050,0.049)m sync_rate=13.65 Hz mask_px=1427[0m
[0m[INFO] [1789231125.481407200] [perception]: DETECTED pixel=(78,81) depth=0.346 m surface=(0.308,-0.028,0.043) m center=(0.308,-0.028,0.018) m conf=0.97 edge=-0.6deg sides=(0.050,0.049)m sync_rate=13.65 Hz mask_px=1439[0m
[0m[INFO] [1789231126.542856582] [perception]: DETECTED pixel=(78,81) depth=0.346 m surface=(0.308,-0.028,0.043) m center=(0.308,-0.028,0.018) m conf=0.96 edge=-0.3deg sides=(0.050,0.049)m sync_rate=13.65 Hz mask_px=1439[0m
[0m[INFO] [1789231127.583191236] [perception]: DETECTED pixel=(78,81) depth=0.346 m surface=(0.308,-0.028,0.043) m center=(0.308,-0.028,0.018) m conf=0.96 edge=-0.5deg sides=(0.050,0.049)m sync_rate=13.65 Hz mask_px=1438[0m
[0m[INFO] [1789231128.631458942] [perception]: DETECTED pixel=(78,81) depth=0.346 m surface=(0.313,-0.020,0.051) m center=(0.313,-0.020,0.026) m conf=0.97 edge=0.3deg sides=(0.050,0.049)m sync_rate=13.65 Hz mask_px=1439[0m
[0m[INFO] [1789231129.685033889] [perception]: DETECTED pixel=(85,95) depth=0.339 m surface=(0.288,-0.003,0.051) m center=(0.288,-0.003,0.026) m conf=0.91 edge=-1.5deg sides=(0.050,0.037)m sync_rate=13.65 Hz mask_px=939[0m
[0m[INFO] [1789231130.755394724] [perception]: DETECTED pixel=(85,95) depth=0.338 m surface=(0.288,-0.003,0.051) m center=(0.288,-0.003,0.026) m conf=0.92 edge=-1.7deg sides=(0.050,0.037)m sync_rate=13.65 Hz mask_px=939[0m
[0m[INFO] [1789231131.795833119] [perception]: DETECTED pixel=(85,95) depth=0.338 m surface=(0.288,-0.003,0.051) m center=(0.288,-0.003,0.026) m conf=0.92 edge=-1.7deg sides=(0.050,0.037)m sync_rate=13.65 Hz mask_px=939[0m
[0m[INFO] [1789231132.800043670] [perception]: DETECTED pixel=(85,95) depth=0.339 m surface=(0.288,-0.003,0.051) m center=(0.288,-0.003,0.026) m conf=0.91 edge=-1.5deg sides=(0.050,0.037)m sync_rate=13.65 Hz mask_px=938[0m
[0m[INFO] [1789231134.104701509] [perception]: NOT DETECTED[0m
[0m[INFO] [1789231135.105840522] [perception]: NOT DETECTED[0m
[0m[INFO] [1789231136.122781673] [perception]: NOT DETECTED[0m
[0m[INFO] [1789231137.181057618] [perception]: NOT DETECTED[0m
[0m[INFO] [1789231138.190210004] [perception]: NOT DETECTED[0m
[0m[INFO] [1789231139.195761006] [perception]: NOT DETECTED[0m
[0m[INFO] [1789231167.438008872] [perception]: NOT DETECTED[0m
[0m[INFO] [1789231168.442068250] [perception]: NOT DETECTED[0m
[0m[INFO] [1789231169.939593644] [perception]: DETECTED pixel=(118,99) depth=0.317 m surface=(0.292,-0.003,0.052) m center=(0.292,-0.003,0.027) m conf=0.84 edge=0.7deg sides=(0.050,0.049)m sync_rate=13.65 Hz mask_px=330[0m
[0m[INFO] [1789231170.974339764] [perception]: DETECTED pixel=(79,115) depth=0.345 m surface=(0.314,0.019,0.052) m center=(0.314,0.019,0.027) m conf=0.97 edge=0.7deg sides=(0.051,0.049)m sync_rate=13.65 Hz mask_px=1382[0m
[0m[INFO] [1789231172.025578729] [perception]: DETECTED pixel=(79,115) depth=0.345 m surface=(0.314,0.019,0.052) m center=(0.314,0.019,0.027) m conf=0.97 edge=1.0deg sides=(0.051,0.049)m sync_rate=13.65 Hz mask_px=1382[0m
[0m[INFO] [1789231173.095425952] [perception]: DETECTED pixel=(79,115) depth=0.344 m surface=(0.314,0.019,0.052) m center=(0.314,0.019,0.027) m conf=0.96 edge=0.9deg sides=(0.051,0.049)m sync_rate=13.65 Hz mask_px=1383[0m
[0m[INFO] [1789231174.164405418] [perception]: DETECTED pixel=(79,115) depth=0.345 m surface=(0.314,0.019,0.052) m center=(0.314,0.019,0.027) m conf=0.97 edge=0.9deg sides=(0.051,0.049)m sync_rate=13.65 Hz mask_px=1383[0m
[0m[INFO] [1789231175.222892989] [perception]: NOT DETECTED[0m
[0m[INFO] [1789231176.285875934] [perception]: NOT DETECTED[0m
[0m[INFO] [1789231177.315286948] [perception]: NOT DETECTED[0m
[0m[INFO] [1789231178.406873960] [perception]: NOT DETECTED[0m
[0m[INFO] [1789231179.426582223] [perception]: NOT DETECTED[0m
[0m[INFO] [1789231180.443162704] [perception]: NOT DETECTED[0m
[0m[INFO] [1789231181.460809132] [perception]: NOT DETECTED[0m
[0m[INFO] [1789231182.476890983] [perception]: NOT DETECTED[0m
[0m[INFO] [1789231183.532822693] [perception]: NOT DETECTED[0m
[0m[INFO] [1789231209.238827035] [perception]: NOT DETECTED[0m
[0m[INFO] [1789231210.243515938] [perception]: NOT DETECTED[0m
[0m[INFO] [1789231211.267360787] [perception]: NOT DETECTED[0m
[0m[INFO] [1789231212.281965656] [perception]: DETECTED pixel=(79,116) depth=0.346 m surface=(0.309,0.026,0.042) m center=(0.309,0.026,0.017) m conf=0.96 edge=0.6deg sides=(0.051,0.050)m sync_rate=13.64 Hz mask_px=1381[0m
[0m[INFO] [1789231213.315970430] [perception]: DETECTED pixel=(86,120) depth=0.337 m surface=(0.285,0.029,0.042) m center=(0.285,0.029,0.017) m conf=0.93 edge=0.3deg sides=(0.050,0.049)m sync_rate=13.64 Hz mask_px=1078[0m
[0m[INFO] [1789231214.364374067] [perception]: DETECTED pixel=(86,120) depth=0.337 m surface=(0.285,0.029,0.042) m center=(0.285,0.029,0.017) m conf=0.93 edge=0.3deg sides=(0.050,0.049)m sync_rate=13.64 Hz mask_px=1084[0m
[0m[INFO] [1789231215.425014511] [perception]: DETECTED pixel=(86,120) depth=0.337 m surface=(0.285,0.029,0.042) m center=(0.285,0.029,0.017) m conf=0.93 edge=0.5deg sides=(0.050,0.049)m sync_rate=13.64 Hz mask_px=1078[0m
[0m[INFO] [1789231216.471504786] [perception]: DETECTED pixel=(86,120) depth=0.337 m surface=(0.288,0.022,0.058) m center=(0.288,0.022,0.033) m conf=0.93 edge=-0.2deg sides=(0.050,0.049)m sync_rate=13.64 Hz mask_px=1084[0m
[0m[INFO] [1789231217.513045545] [perception]: DETECTED pixel=(86,76) depth=0.337 m surface=(0.288,-0.027,0.058) m center=(0.288,-0.027,0.033) m conf=0.94 edge=-0.2deg sides=(0.050,0.049)m sync_rate=13.64 Hz mask_px=1101[0m
[0m[INFO] [1789231218.599334926] [perception]: DETECTED pixel=(86,76) depth=0.337 m surface=(0.289,-0.027,0.058) m center=(0.289,-0.027,0.033) m conf=0.93 edge=-0.1deg sides=(0.050,0.050)m sync_rate=13.64 Hz mask_px=1096[0m
[0m[INFO] [1789231219.599323309] [perception]: DETECTED pixel=(86,76) depth=0.337 m surface=(0.289,-0.027,0.058) m center=(0.289,-0.027,0.033) m conf=0.94 edge=-0.1deg sides=(0.050,0.050)m sync_rate=13.64 Hz mask_px=1100[0m
[0m[INFO] [1789231220.637119406] [perception]: DETECTED pixel=(86,76) depth=0.337 m surface=(0.289,-0.027,0.058) m center=(0.289,-0.027,0.033) m conf=0.92 edge=-0.1deg sides=(0.050,0.050)m sync_rate=13.64 Hz mask_px=1099[0m
[0m[INFO] [1789231221.702979733] [perception]: NOT DETECTED[0m
[0m[INFO] [1789231222.774031528] [perception]: NOT DETECTED[0m
[0m[INFO] [1789231223.803564070] [perception]: NOT DETECTED[0m
[0m[INFO] [1789231224.812361956] [perception]: NOT DETECTED[0m
[0m[INFO] [1789231225.812924308] [perception]: NOT DETECTED[0m
[0m[INFO] [1789231226.820921512] [perception]: NOT DETECTED[0m
[0m[INFO] [1789231227.865510147] [perception]: NOT DETECTED[0m
[0m[INFO] [1789231255.053510718] [perception]: NOT DETECTED[0m
[0m[INFO] [1789231256.070651704] [perception]: NOT DETECTED[0m
[0m[INFO] [1789231257.105250970] [perception]: NOT DETECTED[0m
[0m[INFO] [1789231258.141292500] [perception]: DETECTED pixel=(87,75) depth=0.338 m surface=(0.289,-0.031,0.047) m center=(0.289,-0.031,0.022) m conf=0.93 edge=-1.1deg sides=(0.050,0.049)m sync_rate=13.64 Hz mask_px=1049[0m
[0m[INFO] [1789231259.265347967] [perception]: DETECTED pixel=(84,103) depth=0.339 m surface=(0.292,0.000,0.047) m center=(0.292,0.000,0.022) m conf=0.92 edge=-0.0deg sides=(0.050,0.037)m sync_rate=13.63 Hz mask_px=973[0m
[0m[INFO] [1789231260.338342421] [perception]: DETECTED pixel=(84,103) depth=0.339 m surface=(0.292,0.000,0.047) m center=(0.292,0.000,0.022) m conf=0.92 edge=0.2deg sides=(0.050,0.037)m sync_rate=13.63 Hz mask_px=973[0m
[0m[INFO] [1789231261.383250000] [perception]: DETECTED pixel=(84,103) depth=0.339 m surface=(0.292,0.000,0.047) m center=(0.292,0.000,0.022) m conf=0.92 edge=0.1deg sides=(0.050,0.037)m sync_rate=13.63 Hz mask_px=973[0m
[0m[INFO] [1789231262.425298872] [perception]: DETECTED pixel=(84,103) depth=0.340 m surface=(0.288,0.009,0.048) m center=(0.288,0.009,0.023) m conf=0.82 edge=1.7deg sides=(0.050,0.037)m sync_rate=13.64 Hz mask_px=973[0m
[0m[INFO] [1789231263.487556273] [perception]: NOT DETECTED[0m
[0m[INFO] [1789231264.500761457] [perception]: NOT DETECTED[0m
[0m[INFO] [1789231265.522983529] [perception]: NOT DETECTED[0m
[0m[INFO] [1789231266.565922122] [perception]: NOT DETECTED[0m
[0m[INFO] [1789231267.621321969] [perception]: NOT DETECTED[0m
[0m[INFO] [1789231268.650023860] [perception]: NOT DETECTED[0m
[0m[INFO] [1789231269.691884728] [perception]: NOT DETECTED[0m
[0m[INFO] [1789231270.717274478] [perception]: NOT DETECTED[0m
[0m[INFO] [1789231271.759083305] [perception]: NOT DETECTED[0m
[0m[INFO] [1789231272.808620705] [perception]: NOT DETECTED[0m
[0m[INFO] [1789231273.840019403] [perception]: NOT DETECTED[0m
[0m[INFO] [1789231274.894466645] [perception]: NOT DETECTED[0m
[0m[INFO] [1789231275.937426847] [perception]: NOT DETECTED[0m
[0m[INFO] [1789231276.974202255] [perception]: NOT DETECTED[0m
[0m[INFO] [1789231278.005340806] [perception]: NOT DETECTED[0m
[0m[INFO] [1789231279.050686809] [perception]: NOT DETECTED[0m
[0m[INFO] [1789231280.114824122] [perception]: NOT DETECTED[0m
[0m[INFO] [1789231281.156211344] [perception]: NOT DETECTED[0m
[0m[INFO] [1789231282.219026903] [perception]: NOT DETECTED[0m
[0m[INFO] [1789231283.264945547] [perception]: NOT DETECTED[0m
[0m[INFO] [1789231284.296398227] [perception]: NOT DETECTED[0m
[0m[INFO] [1789231285.321638914] [perception]: NOT DETECTED[0m
[0m[INFO] [1789231286.356745136] [perception]: NOT DETECTED[0m
[0m[INFO] [1789231287.405499347] [perception]: NOT DETECTED[0m
[0m[INFO] [1789231288.417448529] [perception]: NOT DETECTED[0m
[0m[INFO] [1789231289.464375793] [perception]: NOT DETECTED[0m
[0m[INFO] [1789231290.509423668] [perception]: NOT DETECTED[0m
[0m[INFO] [1789231291.526486605] [perception]: NOT DETECTED[0m
[0m[INFO] [1789231292.583710396] [perception]: NOT DETECTED[0m
[0m[INFO] [1789231293.613135411] [perception]: NOT DETECTED[0m
[0m[INFO] [1789231294.771554365] [perception]: DETECTED pixel=(76,98) depth=0.348 m surface=(0.320,-0.004,0.053) m center=(0.320,-0.004,0.028) m conf=0.97 edge=0.3deg sides=(0.050,0.050)m sync_rate=13.64 Hz mask_px=1405[0m
[0m[INFO] [1789231295.814748895] [perception]: DETECTED pixel=(76,98) depth=0.348 m surface=(0.320,-0.004,0.053) m center=(0.320,-0.004,0.028) m conf=0.96 edge=-0.7deg sides=(0.050,0.050)m sync_rate=13.64 Hz mask_px=1405[0m
[0m[INFO] [1789231296.827576971] [perception]: DETECTED pixel=(76,98) depth=0.348 m surface=(0.320,-0.004,0.053) m center=(0.320,-0.004,0.028) m conf=0.97 edge=0.1deg sides=(0.050,0.050)m sync_rate=13.64 Hz mask_px=1405[0m
[0m[INFO] [1789231297.849440793] [perception]: DETECTED pixel=(76,98) depth=0.348 m surface=(0.320,-0.004,0.053) m center=(0.320,-0.004,0.028) m conf=0.97 edge=-0.6deg sides=(0.050,0.050)m sync_rate=13.64 Hz mask_px=1397[0m
[0m[INFO] [1789231298.854497008] [perception]: NOT DETECTED[0m
[0m[INFO] [1789231299.897025235] [perception]: NOT DETECTED[0m
[0m[INFO] [1789231300.955698016] [perception]: NOT DETECTED[0m
[0m[INFO] [1789231301.982414445] [perception]: NOT DETECTED[0m
[0m[INFO] [1789231303.006158579] [perception]: NOT DETECTED[0m
[0m[INFO] [1789231304.048080235] [perception]: NOT DETECTED[0m
[0m[INFO] [1789231305.163179350] [perception]: NOT DETECTED[0m
[0m[INFO] [1789231306.218185121] [perception]: NOT DETECTED[0m
[0m[INFO] [1789231334.636535613] [perception]: NOT DETECTED[0m
[0m[INFO] [1789231335.638858822] [perception]: NOT DETECTED[0m
[0m[INFO] [1789231337.066636769] [perception]: DETECTED pixel=(90,97) depth=0.355 m surface=(0.322,-0.002,0.053) m center=(0.322,-0.002,0.028) m conf=0.78 edge=-2.9deg sides=(0.051,0.049)m sync_rate=13.63 Hz mask_px=437[0m
[0m[INFO] [1789231338.173489267] [perception]: DETECTED pixel=(80,103) depth=0.344 m surface=(0.301,0.004,0.053) m center=(0.301,0.004,0.028) m conf=0.86 edge=0.3deg sides=(0.050,0.050)m sync_rate=13.63 Hz mask_px=1246[0m
[0m[INFO] [1789231339.244906525] [perception]: DETECTED pixel=(80,103) depth=0.344 m surface=(0.301,0.004,0.053) m center=(0.301,0.004,0.028) m conf=0.95 edge=0.2deg sides=(0.050,0.049)m sync_rate=13.63 Hz mask_px=1242[0m
[0m[INFO] [1789231340.259540846] [perception]: DETECTED pixel=(80,103) depth=0.343 m surface=(0.301,0.004,0.053) m center=(0.301,0.004,0.028) m conf=0.96 edge=0.4deg sides=(0.050,0.049)m sync_rate=13.63 Hz mask_px=1244[0m
[0m[INFO] [1789231341.260938824] [perception]: DETECTED pixel=(80,103) depth=0.343 m surface=(0.301,0.004,0.053) m center=(0.301,0.004,0.028) m conf=0.96 edge=0.2deg sides=(0.050,0.049)m sync_rate=13.63 Hz mask_px=1247[0m
[0m[INFO] [1789231342.691245328] [perception]: NOT DETECTED[0m
[0m[INFO] [1789231343.699861405] [perception]: NOT DETECTED[0m
[0m[INFO] [1789231344.722422709] [perception]: NOT DETECTED[0m
[0m[INFO] [1789231345.722670449] [perception]: NOT DETECTED[0m
[0m[INFO] [1789231346.725968411] [perception]: NOT DETECTED[0m
[0m[INFO] [1789231347.748348973] [perception]: NOT DETECTED[0m
[0m[INFO] [1789231350.828352563] [perception]: DETECTED pixel=(118,44) depth=0.116 m surface=(0.310,0.004,0.052) m center=(0.310,0.004,0.027) m conf=0.80 edge=1.4deg sides=(0.050,0.035)m sync_rate=13.63 Hz mask_px=853[0m
[0m[INFO] [1789231351.833554869] [perception]: DETECTED pixel=(112,46) depth=0.113 m surface=(0.309,0.004,0.052) m center=(0.309,0.004,0.027) m conf=0.91 edge=2.5deg sides=(0.050,0.036)m sync_rate=13.63 Hz mask_px=1082[0m
[0m[INFO] [1789231352.855238931] [perception]: DETECTED pixel=(112,47) depth=0.113 m surface=(0.309,0.005,0.052) m center=(0.309,0.005,0.027) m conf=0.87 edge=1.2deg sides=(0.050,0.036)m sync_rate=13.63 Hz mask_px=1046[0m
[0m[INFO] [1789231353.901624061] [perception]: DETECTED pixel=(111,48) depth=0.115 m surface=(0.311,0.005,0.051) m center=(0.311,0.005,0.026) m conf=0.88 edge=3.1deg sides=(0.050,0.037)m sync_rate=13.63 Hz mask_px=1042[0m
[0m[INFO] [1789231355.032737357] [perception]: DETECTED pixel=(110,48) depth=0.115 m surface=(0.310,0.005,0.051) m center=(0.310,0.005,0.026) m conf=0.79 edge=0.9deg sides=(0.050,0.037)m sync_rate=13.63 Hz mask_px=1113[0m
[0m[INFO] [1789231356.119772211] [perception]: DETECTED pixel=(110,48) depth=0.115 m surface=(0.312,0.004,0.051) m center=(0.312,0.004,0.026) m conf=0.89 edge=5.4deg sides=(0.051,0.037)m sync_rate=13.63 Hz mask_px=1151[0m
[0m[INFO] [1789231357.160601380] [perception]: DETECTED pixel=(110,48) depth=0.114 m surface=(0.310,0.005,0.052) m center=(0.310,0.005,0.027) m conf=0.89 edge=1.3deg sides=(0.050,0.038)m sync_rate=13.63 Hz mask_px=1201[0m
[0m[INFO] [1789231358.163863196] [perception]: DETECTED pixel=(109,49) depth=0.114 m surface=(0.311,0.005,0.053) m center=(0.311,0.005,0.028) m conf=0.86 edge=2.5deg sides=(0.050,0.038)m sync_rate=13.63 Hz mask_px=1217[0m
[0m[INFO] [1789231359.176086629] [perception]: DETECTED pixel=(110,48) depth=0.114 m surface=(0.311,0.004,0.082) m center=(0.311,0.004,0.057) m conf=0.87 edge=4.5deg sides=(0.050,0.037)m sync_rate=13.63 Hz mask_px=1204[0m
[0m[INFO] [1789231367.775614934] [perception]: DETECTED pixel=(110,48) depth=0.114 m surface=(0.313,0.005,0.091) m center=(0.313,0.005,0.066) m conf=0.78 edge=1.3deg sides=(0.050,0.037)m sync_rate=13.62 Hz mask_px=1192[0m
[0m[INFO] [1789231368.799048180] [perception]: DETECTED pixel=(110,48) depth=0.115 m surface=(0.311,0.005,0.054) m center=(0.311,0.005,0.029) m conf=0.87 edge=2.4deg sides=(0.050,0.038)m sync_rate=13.62 Hz mask_px=1188[0m
[0m[INFO] [1789231369.913221890] [perception]: DETECTED pixel=(108,49) depth=0.113 m surface=(0.310,0.005,0.052) m center=(0.310,0.005,0.027) m conf=0.80 edge=1.2deg sides=(0.050,0.038)m sync_rate=13.62 Hz mask_px=1380[0m
[0m[INFO] [1789231370.947182645] [perception]: DETECTED pixel=(108,49) depth=0.113 m surface=(0.310,0.005,0.052) m center=(0.310,0.005,0.027) m conf=0.89 edge=1.1deg sides=(0.050,0.038)m sync_rate=13.62 Hz mask_px=1381[0m
[0m[INFO] [1789231371.976416179] [perception]: DETECTED pixel=(108,49) depth=0.113 m surface=(0.310,0.005,0.052) m center=(0.310,0.005,0.027) m conf=0.88 edge=0.9deg sides=(0.050,0.038)m sync_rate=13.62 Hz mask_px=1382[0m
[0m[INFO] [1789231373.044482692] [perception]: DETECTED pixel=(108,49) depth=0.113 m surface=(0.310,0.005,0.052) m center=(0.310,0.005,0.027) m conf=0.89 edge=0.7deg sides=(0.050,0.038)m sync_rate=13.62 Hz mask_px=1381[0m
[0m[INFO] [1789231374.052833178] [perception]: DETECTED pixel=(108,49) depth=0.113 m surface=(0.310,0.005,0.052) m center=(0.310,0.005,0.027) m conf=0.88 edge=1.0deg sides=(0.050,0.038)m sync_rate=13.62 Hz mask_px=1382[0m
[0m[INFO] [1789231375.099496179] [perception]: DETECTED pixel=(108,49) depth=0.113 m surface=(0.310,0.005,0.052) m center=(0.310,0.005,0.027) m conf=0.91 edge=0.3deg sides=(0.050,0.038)m sync_rate=13.62 Hz mask_px=1408[0m
[0m[INFO] [1789231376.153513383] [perception]: DETECTED pixel=(112,48) depth=0.114 m surface=(0.310,0.005,0.052) m center=(0.310,0.005,0.027) m conf=0.88 edge=0.4deg sides=(0.050,0.038)m sync_rate=13.62 Hz mask_px=1464[0m
[0m[INFO] [1789231377.178935481] [perception]: NOT DETECTED[0m
[0m[INFO] [1789231378.203879330] [perception]: NOT DETECTED[0m
[0m[INFO] [1789231379.272681383] [perception]: DETECTED pixel=(83,103) depth=0.345 m surface=(0.295,0.006,0.039) m center=(0.295,0.006,0.014) m conf=0.91 edge=2.0deg sides=(0.050,0.043)m sync_rate=13.62 Hz mask_px=1037[0m
[0m[INFO] [1789231380.325487081] [perception]: DETECTED pixel=(83,109) depth=0.340 m surface=(0.281,0.012,0.039) m center=(0.281,0.012,0.014) m conf=0.94 edge=-0.5deg sides=(0.050,0.049)m sync_rate=13.62 Hz mask_px=1138[0m
[0m[INFO] [1789231381.387884709] [perception]: DETECTED pixel=(83,109) depth=0.340 m surface=(0.281,0.012,0.039) m center=(0.281,0.012,0.014) m conf=0.94 edge=-0.5deg sides=(0.050,0.049)m sync_rate=13.62 Hz mask_px=1115[0m
[0m[INFO] [1789231382.415399541] [perception]: DETECTED pixel=(83,109) depth=0.340 m surface=(0.281,0.012,0.039) m center=(0.281,0.012,0.014) m conf=0.94 edge=-0.6deg sides=(0.050,0.049)m sync_rate=13.62 Hz mask_px=1106[0m
[0m[INFO] [1789231383.524898222] [perception]: DETECTED pixel=(83,109) depth=0.340 m surface=(0.296,0.008,0.057) m center=(0.296,0.008,0.032) m conf=0.85 edge=0.9deg sides=(0.050,0.049)m sync_rate=13.62 Hz mask_px=1161[0m
[0m[INFO] [1789231384.592972957] [perception]: DETECTED pixel=(74,102) depth=0.350 m surface=(0.329,0.001,0.057) m center=(0.329,0.001,0.032) m conf=0.87 edge=-0.0deg sides=(0.050,0.050)m sync_rate=13.62 Hz mask_px=1509[0m
[0m[INFO] [1789231385.629073080] [perception]: DETECTED pixel=(74,102) depth=0.350 m surface=(0.329,0.001,0.057) m center=(0.329,0.001,0.032) m conf=0.96 edge=0.2deg sides=(0.050,0.050)m sync_rate=13.62 Hz mask_px=1509[0m
[0m[INFO] [1789231386.703951538] [perception]: DETECTED pixel=(74,102) depth=0.350 m surface=(0.329,0.001,0.057) m center=(0.329,0.001,0.032) m conf=0.97 edge=0.0deg sides=(0.050,0.050)m sync_rate=13.62 Hz mask_px=1509[0m
[0m[INFO] [1789231387.713468660] [perception]: DETECTED pixel=(74,102) depth=0.350 m surface=(0.328,0.001,0.057) m center=(0.328,0.001,0.032) m conf=0.97 edge=0.1deg sides=(0.050,0.050)m sync_rate=13.62 Hz mask_px=1509[0m
[0m[INFO] [1789231388.779318801] [perception]: DETECTED pixel=(74,102) depth=0.350 m surface=(0.329,0.001,0.057) m center=(0.329,0.001,0.032) m conf=0.97 edge=0.3deg sides=(0.050,0.050)m sync_rate=13.62 Hz mask_px=1509[0m
[0m[INFO] [1789231390.109409527] [perception]: NOT DETECTED[0m
[0m[INFO] [1789231391.115404250] [perception]: NOT DETECTED[0m
[0m[INFO] [1789231392.145182321] [perception]: NOT DETECTED[0m
[0m[INFO] [1789231393.195848604] [perception]: NOT DETECTED[0m
[0m[INFO] [1789231394.261013823] [perception]: NOT DETECTED[0m
[0m[INFO] [1789231395.315523189] [perception]: NOT DETECTED[0m
[0m[INFO] [1789231396.338172933] [perception]: NOT DETECTED[0m
[0m[INFO] [1789231397.342368945] [perception]: NOT DETECTED[0m
[0m[INFO] [1789231398.344116499] [perception]: NOT DETECTED[0m
[0m[INFO] [1789231399.653389157] [perception]: NOT DETECTED[0m
[0m[INFO] [1789231400.681867784] [perception]: NOT DETECTED[0m
[0m[INFO] [1789231401.693716702] [perception]: DETECTED pixel=(120,99) depth=0.122 m surface=(0.340,-0.002,0.055) m center=(0.340,-0.002,0.030) m conf=0.80 edge=3.1deg sides=(0.050,0.035)m sync_rate=13.62 Hz mask_px=266[0m
[0m[INFO] [1789231402.776737593] [perception]: DETECTED pixel=(119,99) depth=0.122 m surface=(0.340,-0.002,0.056) m center=(0.340,-0.002,0.031) m conf=0.90 edge=3.2deg sides=(0.050,0.035)m sync_rate=13.62 Hz mask_px=311[0m
[0m[INFO] [1789231403.781986342] [perception]: DETECTED pixel=(119,99) depth=0.121 m surface=(0.340,-0.002,0.056) m center=(0.340,-0.002,0.031) m conf=0.88 edge=3.0deg sides=(0.050,0.035)m sync_rate=13.62 Hz mask_px=319[0m
[0m[INFO] [1789231404.787448138] [perception]: DETECTED pixel=(119,99) depth=0.121 m surface=(0.340,-0.002,0.056) m center=(0.340,-0.002,0.031) m conf=0.90 edge=3.7deg sides=(0.050,0.035)m sync_rate=13.62 Hz mask_px=320[0m
[0m[INFO] [1789231405.812645882] [perception]: DETECTED pixel=(119,99) depth=0.121 m surface=(0.341,-0.002,0.056) m center=(0.341,-0.002,0.031) m conf=0.90 edge=3.8deg sides=(0.050,0.036)m sync_rate=13.62 Hz mask_px=358[0m
[0m[INFO] [1789231406.843815578] [perception]: DETECTED pixel=(119,99) depth=0.121 m surface=(0.339,-0.002,0.056) m center=(0.339,-0.002,0.031) m conf=0.89 edge=1.0deg sides=(0.050,0.036)m sync_rate=13.62 Hz mask_px=358[0m
[0m[INFO] [1789231407.899419831] [perception]: DETECTED pixel=(119,99) depth=0.121 m surface=(0.340,-0.002,0.076) m center=(0.340,-0.002,0.051) m conf=0.88 edge=1.7deg sides=(0.050,0.036)m sync_rate=13.62 Hz mask_px=352[0m
[0m[INFO] [1789231416.914108314] [perception]: DETECTED pixel=(119,99) depth=0.122 m surface=(0.342,-0.002,0.087) m center=(0.342,-0.002,0.062) m conf=0.80 edge=1.9deg sides=(0.050,0.035)m sync_rate=13.62 Hz mask_px=313[0m
[0m[INFO] [1789231417.980412564] [perception]: DETECTED pixel=(119,99) depth=0.121 m surface=(0.340,-0.002,0.056) m center=(0.340,-0.002,0.031) m conf=0.89 edge=1.6deg sides=(0.050,0.036)m sync_rate=13.62 Hz mask_px=356[0m
[0m[INFO] [1789231419.035897383] [perception]: DETECTED pixel=(119,99) depth=0.121 m surface=(0.339,-0.002,0.056) m center=(0.339,-0.002,0.031) m conf=0.88 edge=0.7deg sides=(0.050,0.036)m sync_rate=13.62 Hz mask_px=358[0m
[0m[INFO] [1789231420.068132843] [perception]: DETECTED pixel=(119,99) depth=0.121 m surface=(0.339,-0.002,0.056) m center=(0.339,-0.002,0.031) m conf=0.88 edge=0.9deg sides=(0.050,0.036)m sync_rate=13.62 Hz mask_px=358[0m
[0m[INFO] [1789231421.097988462] [perception]: DETECTED pixel=(119,99) depth=0.121 m surface=(0.339,-0.002,0.056) m center=(0.339,-0.002,0.031) m conf=0.89 edge=0.6deg sides=(0.050,0.036)m sync_rate=13.62 Hz mask_px=358[0m
[0m[INFO] [1789231422.189679954] [perception]: DETECTED pixel=(119,99) depth=0.121 m surface=(0.340,-0.002,0.056) m center=(0.340,-0.002,0.031) m conf=0.89 edge=3.7deg sides=(0.050,0.036)m sync_rate=13.62 Hz mask_px=358[0m
[0m[INFO] [1789231423.249725850] [perception]: DETECTED pixel=(119,99) depth=0.121 m surface=(0.340,-0.002,0.056) m center=(0.340,-0.002,0.031) m conf=0.89 edge=2.7deg sides=(0.050,0.036)m sync_rate=13.62 Hz mask_px=358[0m
[0m[INFO] [1789231424.301048791] [perception]: DETECTED pixel=(119,99) depth=0.121 m surface=(0.339,-0.002,0.056) m center=(0.339,-0.002,0.031) m conf=0.89 edge=0.9deg sides=(0.050,0.036)m sync_rate=13.62 Hz mask_px=374[0m
[0m[INFO] [1789231425.350470547] [perception]: NOT DETECTED[0m
[0m[INFO] [1789231426.389481391] [perception]: NOT DETECTED[0m
[0m[INFO] [1789231427.690080137] [perception]: DETECTED pixel=(118,99) depth=0.341 m surface=(0.321,-0.001,0.045) m center=(0.321,-0.001,0.020) m conf=0.84 edge=-0.3deg sides=(0.049,0.048)m sync_rate=13.62 Hz mask_px=415[0m
[0m[INFO] [1789231428.726519749] [perception]: DETECTED pixel=(89,130) depth=0.335 m surface=(0.274,0.032,0.045) m center=(0.274,0.032,0.020) m conf=0.83 edge=0.3deg sides=(0.051,0.049)m sync_rate=13.62 Hz mask_px=1078[0m
[0m[INFO] [1789231429.798283395] [perception]: DETECTED pixel=(89,130) depth=0.334 m surface=(0.274,0.032,0.045) m center=(0.274,0.032,0.020) m conf=0.93 edge=0.2deg sides=(0.050,0.049)m sync_rate=13.62 Hz mask_px=1072[0m
[0m[INFO] [1789231430.801322097] [perception]: DETECTED pixel=(89,130) depth=0.334 m surface=(0.274,0.032,0.045) m center=(0.274,0.032,0.020) m conf=0.94 edge=0.7deg sides=(0.050,0.049)m sync_rate=13.62 Hz mask_px=1078[0m
[0m[INFO] [1789231431.814460446] [perception]: DETECTED pixel=(89,130) depth=0.334 m surface=(0.274,0.031,0.045) m center=(0.274,0.031,0.020) m conf=0.93 edge=-0.3deg sides=(0.051,0.049)m sync_rate=13.62 Hz mask_px=1073[0m
[0m[INFO] [1789231432.882668810] [perception]: NOT DETECTED[0m
[0m[INFO] [1789231433.931859796] [perception]: NOT DETECTED[0m
[0m[INFO] [1789231434.942295352] [perception]: NOT DETECTED[0m
[0m[INFO] [1789231436.192309867] [perception]: DETECTED pixel=(100,139) depth=0.124 m surface=(0.278,0.032,0.046) m center=(0.278,0.032,0.021) m conf=0.75 edge=-0.5deg sides=(0.050,0.042)m sync_rate=13.62 Hz mask_px=1419[0m
[0m[INFO] [1789231437.201592702] [perception]: DETECTED pixel=(99,138) depth=0.121 m surface=(0.278,0.032,0.046) m center=(0.278,0.032,0.021) m conf=0.83 edge=0.3deg sides=(0.050,0.043)m sync_rate=13.62 Hz mask_px=1956[0m
[0m[INFO] [1789231438.220646029] [perception]: DETECTED pixel=(98,101) depth=0.116 m surface=(0.278,0.032,0.046) m center=(0.278,0.032,0.021) m conf=0.76 edge=-0.0deg sides=(0.050,0.043)m sync_rate=13.62 Hz mask_px=2796[0m
[0m[INFO] [1789231439.237949277] [perception]: DETECTED pixel=(96,101) depth=0.113 m surface=(0.278,0.032,0.046) m center=(0.278,0.032,0.021) m conf=0.79 edge=0.1deg sides=(0.050,0.043)m sync_rate=13.62 Hz mask_px=3494[0m
[0m[INFO] [1789231440.249196233] [perception]: DETECTED pixel=(95,99) depth=0.109 m surface=(0.278,0.032,0.046) m center=(0.278,0.032,0.021) m conf=0.79 edge=0.3deg sides=(0.050,0.043)m sync_rate=13.62 Hz mask_px=4238[0m
[0m[INFO] [1789231441.315026047] [perception]: DETECTED pixel=(94,99) depth=0.105 m surface=(0.278,0.032,0.046) m center=(0.278,0.032,0.021) m conf=0.82 edge=0.0deg sides=(0.050,0.043)m sync_rate=13.62 Hz mask_px=5077[0m
[0m[INFO] [1789231444.047806211] [perception]: DETECTED pixel=(91,91) depth=0.104 m surface=(0.278,0.031,0.045) m center=(0.278,0.031,0.020) m conf=0.72 edge=0.3deg sides=(0.050,0.043)m sync_rate=13.62 Hz mask_px=5114[0m
[0m[INFO] [1789231467.287559825] [perception]: DETECTED pixel=(94,90) depth=0.104 m surface=(0.278,0.031,0.046) m center=(0.278,0.031,0.021) m conf=0.73 edge=0.0deg sides=(0.050,0.044)m sync_rate=13.62 Hz mask_px=5356[0m
[0m[INFO] [1789231468.401382685] [perception]: NOT DETECTED[0m
[0m[INFO] [1789231469.835382139] [perception]: NOT DETECTED[0m
[0m[INFO] [1789231470.844028670] [perception]: NOT DETECTED[0m
[0m[INFO] [1789231471.885207894] [perception]: NOT DETECTED[0m
[0m[INFO] [1789231472.915759000] [perception]: NOT DETECTED[0m
[0m[INFO] [1789231473.952489162] [perception]: NOT DETECTED[0m
[0m[INFO] [1789231475.002023694] [perception]: NOT DETECTED[0m
[0m[INFO] [1789231476.041877387] [perception]: NOT DETECTED[0m
[0m[INFO] [1789231477.079628223] [perception]: NOT DETECTED[0m
[0m[INFO] [1789231478.134736267] [perception]: NOT DETECTED[0m
[0m[INFO] [1789231479.171673166] [perception]: NOT DETECTED[0m
[0m[INFO] [1789231480.210081757] [perception]: NOT DETECTED[0m
[0m[INFO] [1789231481.250609773] [perception]: NOT DETECTED[0m
[0m[INFO] [1789231482.298350793] [perception]: NOT DETECTED[0m
[0m[INFO] [1789231483.324542604] [perception]: NOT DETECTED[0m
[0m[INFO] [1789231484.357109025] [perception]: NOT DETECTED[0m
[0m[INFO] [1789231485.407059391] [perception]: NOT DETECTED[0m
[0m[INFO] [1789231486.422402959] [perception]: NOT DETECTED[0m
[0m[INFO] [1789231487.468517949] [perception]: NOT DETECTED[0m
[0m[INFO] [1789231488.488002118] [perception]: NOT DETECTED[0m
[0m[INFO] [1789231489.529358106] [perception]: NOT DETECTED[0m
[0m[INFO] [1789231490.568099090] [perception]: NOT DETECTED[0m
[0m[INFO] [1789231491.610467719] [perception]: NOT DETECTED[0m
[0m[INFO] [1789231492.648729112] [perception]: NOT DETECTED[0m
[0m[INFO] [1789231493.687981332] [perception]: NOT DETECTED[0m
[0m[INFO] [1789231494.739858205] [perception]: NOT DETECTED[0m
[0m[INFO] [1789231495.794433969] [perception]: NOT DETECTED[0m
[0m[INFO] [1789231496.840722208] [perception]: NOT DETECTED[0m
[0m[INFO] [1789231497.883641031] [perception]: NOT DETECTED[0m
[0m[INFO] [1789231498.934158954] [perception]: NOT DETECTED[0m
[0m[INFO] [1789231499.987170617] [perception]: NOT DETECTED[0m
[0m[INFO] [1789231500.992666550] [perception]: NOT DETECTED[0m
[0m[INFO] [1789231502.046136695] [perception]: DETECTED pixel=(82,71) depth=0.341 m surface=(0.307,-0.039,0.050) m center=(0.307,-0.039,0.025) m conf=0.96 edge=0.3deg sides=(0.051,0.050)m sync_rate=13.62 Hz mask_px=1516[0m
[0m[INFO] [1789231503.077321995] [perception]: DETECTED pixel=(82,71) depth=0.341 m surface=(0.307,-0.039,0.050) m center=(0.307,-0.039,0.025) m conf=0.96 edge=-0.0deg sides=(0.051,0.050)m sync_rate=13.62 Hz mask_px=1516[0m
[0m[INFO] [1789231504.129767286] [perception]: DETECTED pixel=(82,71) depth=0.341 m surface=(0.307,-0.039,0.050) m center=(0.307,-0.039,0.025) m conf=0.96 edge=-0.1deg sides=(0.051,0.050)m sync_rate=13.62 Hz mask_px=1516[0m
[0m[INFO] [1789231505.200565618] [perception]: DETECTED pixel=(82,71) depth=0.341 m surface=(0.307,-0.039,0.050) m center=(0.307,-0.039,0.025) m conf=0.95 edge=-0.5deg sides=(0.051,0.050)m sync_rate=13.62 Hz mask_px=1516[0m
[0m[INFO] [1789231506.214192408] [perception]: DETECTED pixel=(82,71) depth=0.341 m surface=(0.307,-0.039,0.050) m center=(0.307,-0.039,0.025) m conf=0.96 edge=-0.6deg sides=(0.051,0.050)m sync_rate=13.62 Hz mask_px=1516[0m
[0m[INFO] [1789231507.270131256] [perception]: DETECTED pixel=(82,71) depth=0.341 m surface=(0.307,-0.039,0.050) m center=(0.307,-0.039,0.025) m conf=0.96 edge=0.1deg sides=(0.051,0.050)m sync_rate=13.62 Hz mask_px=1516[0m
[0m[INFO] [1789231508.295969651] [perception]: DETECTED pixel=(82,71) depth=0.341 m surface=(0.307,-0.039,0.050) m center=(0.307,-0.039,0.025) m conf=0.96 edge=0.0deg sides=(0.051,0.050)m sync_rate=13.62 Hz mask_px=1516[0m
[0m[INFO] [1789231509.329578232] [perception]: DETECTED pixel=(82,71) depth=0.341 m surface=(0.307,-0.039,0.050) m center=(0.307,-0.039,0.025) m conf=0.96 edge=0.1deg sides=(0.051,0.050)m sync_rate=13.62 Hz mask_px=1516[0m
[0m[INFO] [1789231510.372276608] [perception]: DETECTED pixel=(82,71) depth=0.341 m surface=(0.307,-0.039,0.050) m center=(0.307,-0.039,0.025) m conf=0.96 edge=0.2deg sides=(0.051,0.050)m sync_rate=13.62 Hz mask_px=1516[0m
[0m[INFO] [1789231511.411276439] [perception]: DETECTED pixel=(82,71) depth=0.341 m surface=(0.307,-0.039,0.050) m center=(0.307,-0.039,0.025) m conf=0.96 edge=-0.1deg sides=(0.051,0.050)m sync_rate=13.62 Hz mask_px=1516[0m
[0m[INFO] [1789231512.487677981] [perception]: DETECTED pixel=(82,71) depth=0.341 m surface=(0.307,-0.039,0.050) m center=(0.307,-0.039,0.025) m conf=0.96 edge=-0.0deg sides=(0.051,0.050)m sync_rate=13.62 Hz mask_px=1516[0m
[0m[INFO] [1789231513.543793688] [perception]: DETECTED pixel=(82,71) depth=0.341 m surface=(0.307,-0.039,0.050) m center=(0.307,-0.039,0.025) m conf=0.97 edge=0.0deg sides=(0.050,0.050)m sync_rate=13.62 Hz mask_px=1516[0m
[0m[INFO] [1789231514.603367620] [perception]: DETECTED pixel=(82,71) depth=0.341 m surface=(0.307,-0.039,0.050) m center=(0.307,-0.039,0.025) m conf=0.95 edge=0.1deg sides=(0.051,0.050)m sync_rate=13.62 Hz mask_px=1516[0m
[0m[INFO] [1789231515.638487417] [perception]: DETECTED pixel=(82,71) depth=0.341 m surface=(0.307,-0.039,0.050) m center=(0.307,-0.039,0.025) m conf=0.95 edge=-0.1deg sides=(0.051,0.050)m sync_rate=13.62 Hz mask_px=1516[0m
[0m[INFO] [1789231516.681704858] [perception]: DETECTED pixel=(82,71) depth=0.341 m surface=(0.307,-0.039,0.050) m center=(0.307,-0.039,0.025) m conf=0.97 edge=0.0deg sides=(0.051,0.050)m sync_rate=13.62 Hz mask_px=1516[0m
[0m[INFO] [1789231517.743401632] [perception]: DETECTED pixel=(82,71) depth=0.341 m surface=(0.307,-0.039,0.050) m center=(0.307,-0.039,0.025) m conf=0.97 edge=-0.0deg sides=(0.051,0.050)m sync_rate=13.62 Hz mask_px=1516[0m
[0m[INFO] [1789231518.792741798] [perception]: DETECTED pixel=(82,71) depth=0.341 m surface=(0.307,-0.039,0.050) m center=(0.307,-0.039,0.025) m conf=0.96 edge=0.1deg sides=(0.051,0.050)m sync_rate=13.62 Hz mask_px=1516[0m
[0m[INFO] [1789231519.843690509] [perception]: DETECTED pixel=(82,71) depth=0.341 m surface=(0.307,-0.039,0.050) m center=(0.307,-0.039,0.025) m conf=0.95 edge=0.1deg sides=(0.051,0.050)m sync_rate=13.63 Hz mask_px=1516[0m
[0m[INFO] [1789231520.852381614] [perception]: DETECTED pixel=(82,71) depth=0.341 m surface=(0.307,-0.039,0.050) m center=(0.307,-0.039,0.025) m conf=0.96 edge=0.4deg sides=(0.051,0.050)m sync_rate=13.63 Hz mask_px=1516[0m
[0m[INFO] [1789231521.898346082] [perception]: DETECTED pixel=(82,71) depth=0.341 m surface=(0.307,-0.039,0.050) m center=(0.307,-0.039,0.025) m conf=0.97 edge=0.3deg sides=(0.051,0.050)m sync_rate=13.63 Hz mask_px=1516[0m
[0m[INFO] [1789231522.927184303] [perception]: DETECTED pixel=(82,71) depth=0.341 m surface=(0.307,-0.039,0.050) m center=(0.307,-0.039,0.025) m conf=0.96 edge=-0.0deg sides=(0.051,0.050)m sync_rate=13.63 Hz mask_px=1516[0m
[0m[INFO] [1789231523.937907967] [perception]: DETECTED pixel=(82,71) depth=0.341 m surface=(0.307,-0.039,0.050) m center=(0.307,-0.039,0.025) m conf=0.96 edge=0.1deg sides=(0.051,0.050)m sync_rate=13.63 Hz mask_px=1516[0m
[0m[INFO] [1789231524.999874596] [perception]: DETECTED pixel=(82,71) depth=0.341 m surface=(0.307,-0.039,0.050) m center=(0.307,-0.039,0.025) m conf=0.96 edge=0.1deg sides=(0.051,0.050)m sync_rate=13.63 Hz mask_px=1516[0m
[0m[INFO] [1789231526.021784505] [perception]: DETECTED pixel=(82,71) depth=0.341 m surface=(0.307,-0.039,0.050) m center=(0.307,-0.039,0.025) m conf=0.96 edge=-0.0deg sides=(0.051,0.050)m sync_rate=13.63 Hz mask_px=1516[0m
[0m[INFO] [1789231527.042272216] [perception]: DETECTED pixel=(82,71) depth=0.341 m surface=(0.307,-0.039,0.050) m center=(0.307,-0.039,0.025) m conf=0.97 edge=0.1deg sides=(0.051,0.050)m sync_rate=13.63 Hz mask_px=1516[0m
[0m[INFO] [1789231528.105065125] [perception]: DETECTED pixel=(82,71) depth=0.341 m surface=(0.307,-0.039,0.050) m center=(0.307,-0.039,0.025) m conf=0.96 edge=0.3deg sides=(0.051,0.050)m sync_rate=13.63 Hz mask_px=1516[0m
[0m[INFO] [1789231529.164392143] [perception]: DETECTED pixel=(82,71) depth=0.341 m surface=(0.307,-0.039,0.050) m center=(0.307,-0.039,0.025) m conf=0.96 edge=0.1deg sides=(0.051,0.050)m sync_rate=13.63 Hz mask_px=1516[0m
[0m[INFO] [1789231530.219866698] [perception]: DETECTED pixel=(82,71) depth=0.341 m surface=(0.307,-0.039,0.050) m center=(0.307,-0.039,0.025) m conf=0.96 edge=0.1deg sides=(0.051,0.050)m sync_rate=13.63 Hz mask_px=1516[0m
[0m[INFO] [1789231531.270602080] [perception]: DETECTED pixel=(82,71) depth=0.341 m surface=(0.307,-0.039,0.050) m center=(0.307,-0.039,0.025) m conf=0.95 edge=-0.1deg sides=(0.051,0.050)m sync_rate=13.63 Hz mask_px=1516[0m
[0m[INFO] [1789231532.313295876] [perception]: NOT DETECTED[0m
[0m[INFO] [1789231533.317188640] [perception]: DETECTED pixel=(78,124) depth=0.346 m surface=(0.321,0.034,0.049) m center=(0.321,0.034,0.024) m conf=0.97 edge=0.4deg sides=(0.051,0.050)m sync_rate=13.63 Hz mask_px=1594[0m
[0m[INFO] [1789231534.371325875] [perception]: DETECTED pixel=(78,124) depth=0.346 m surface=(0.321,0.034,0.049) m center=(0.321,0.034,0.024) m conf=0.96 edge=0.5deg sides=(0.051,0.049)m sync_rate=13.63 Hz mask_px=1596[0m
[0m[INFO] [1789231535.412248377] [perception]: DETECTED pixel=(78,124) depth=0.346 m surface=(0.321,0.034,0.049) m center=(0.321,0.034,0.024) m conf=0.97 edge=0.1deg sides=(0.051,0.050)m sync_rate=13.63 Hz mask_px=1596[0m
[0m[INFO] [1789231536.457903125] [perception]: DETECTED pixel=(78,124) depth=0.345 m surface=(0.321,0.034,0.049) m center=(0.321,0.034,0.024) m conf=0.97 edge=0.1deg sides=(0.051,0.050)m sync_rate=13.63 Hz mask_px=1594[0m
[0m[INFO] [1789231537.463150036] [perception]: DETECTED pixel=(78,124) depth=0.346 m surface=(0.321,0.034,0.049) m center=(0.321,0.034,0.024) m conf=0.98 edge=0.3deg sides=(0.051,0.050)m sync_rate=13.63 Hz mask_px=1596[0m
[0m[INFO] [1789231538.520761434] [perception]: DETECTED pixel=(78,124) depth=0.346 m surface=(0.321,0.034,0.049) m center=(0.321,0.034,0.024) m conf=0.96 edge=0.3deg sides=(0.051,0.049)m sync_rate=13.63 Hz mask_px=1596[0m
[0m[INFO] [1789231539.574392583] [perception]: DETECTED pixel=(78,124) depth=0.346 m surface=(0.321,0.034,0.049) m center=(0.321,0.034,0.024) m conf=0.96 edge=0.4deg sides=(0.051,0.050)m sync_rate=13.63 Hz mask_px=1596[0m
[0m[INFO] [1789231540.591376624] [perception]: DETECTED pixel=(78,124) depth=0.346 m surface=(0.321,0.034,0.049) m center=(0.321,0.034,0.024) m conf=0.97 edge=0.3deg sides=(0.051,0.050)m sync_rate=13.63 Hz mask_px=1596[0m
[0m[INFO] [1789231541.647191408] [perception]: DETECTED pixel=(78,124) depth=0.346 m surface=(0.321,0.034,0.049) m center=(0.321,0.034,0.024) m conf=0.97 edge=0.1deg sides=(0.051,0.050)m sync_rate=13.63 Hz mask_px=1596[0m
[0m[INFO] [1789231542.658744056] [perception]: DETECTED pixel=(78,124) depth=0.346 m surface=(0.321,0.034,0.049) m center=(0.321,0.034,0.024) m conf=0.97 edge=0.4deg sides=(0.051,0.050)m sync_rate=13.63 Hz mask_px=1596[0m
[0m[INFO] [1789231543.690332311] [perception]: DETECTED pixel=(78,124) depth=0.346 m surface=(0.321,0.034,0.049) m center=(0.321,0.034,0.024) m conf=0.97 edge=0.3deg sides=(0.051,0.050)m sync_rate=13.63 Hz mask_px=1596[0m
[0m[INFO] [1789231544.692085324] [perception]: DETECTED pixel=(78,124) depth=0.346 m surface=(0.321,0.034,0.049) m center=(0.321,0.034,0.024) m conf=0.97 edge=0.4deg sides=(0.051,0.050)m sync_rate=13.63 Hz mask_px=1600[0m
[0m[INFO] [1789231545.754658791] [perception]: DETECTED pixel=(78,124) depth=0.346 m surface=(0.321,0.034,0.049) m center=(0.321,0.034,0.024) m conf=0.97 edge=0.3deg sides=(0.051,0.050)m sync_rate=13.63 Hz mask_px=1596[0m
[0m[INFO] [1789231546.796728806] [perception]: DETECTED pixel=(78,124) depth=0.346 m surface=(0.321,0.034,0.049) m center=(0.321,0.034,0.024) m conf=0.97 edge=0.4deg sides=(0.051,0.049)m sync_rate=13.63 Hz mask_px=1596[0m
[0m[INFO] [1789231547.862658595] [perception]: DETECTED pixel=(78,124) depth=0.345 m surface=(0.321,0.034,0.049) m center=(0.321,0.034,0.024) m conf=0.96 edge=0.0deg sides=(0.051,0.050)m sync_rate=13.63 Hz mask_px=1596[0m
[0m[INFO] [1789231548.915891501] [perception]: DETECTED pixel=(78,124) depth=0.346 m surface=(0.321,0.034,0.049) m center=(0.321,0.034,0.024) m conf=0.97 edge=0.3deg sides=(0.051,0.050)m sync_rate=13.63 Hz mask_px=1596[0m
[0m[INFO] [1789231549.943542363] [perception]: DETECTED pixel=(78,124) depth=0.346 m surface=(0.321,0.034,0.049) m center=(0.321,0.034,0.024) m conf=0.97 edge=0.4deg sides=(0.051,0.050)m sync_rate=13.63 Hz mask_px=1592[0m
[0m[INFO] [1789231550.951147726] [perception]: DETECTED pixel=(78,124) depth=0.346 m surface=(0.321,0.034,0.049) m center=(0.321,0.034,0.024) m conf=0.97 edge=0.4deg sides=(0.051,0.050)m sync_rate=13.63 Hz mask_px=1596[0m
[0m[INFO] [1789231551.951526213] [perception]: DETECTED pixel=(78,124) depth=0.346 m surface=(0.321,0.034,0.049) m center=(0.321,0.034,0.024) m conf=0.98 edge=0.0deg sides=(0.051,0.050)m sync_rate=13.63 Hz mask_px=1596[0m
[0m[INFO] [1789231553.013384690] [perception]: DETECTED pixel=(78,124) depth=0.345 m surface=(0.321,0.034,0.049) m center=(0.321,0.034,0.024) m conf=0.96 edge=-0.0deg sides=(0.051,0.050)m sync_rate=13.63 Hz mask_px=1596[0m
[0m[INFO] [1789231554.055765361] [perception]: DETECTED pixel=(78,124) depth=0.345 m surface=(0.322,0.034,0.049) m center=(0.322,0.034,0.024) m conf=0.97 edge=0.0deg sides=(0.051,0.050)m sync_rate=13.63 Hz mask_px=1596[0m
[0m[INFO] [1789231555.063131594] [perception]: DETECTED pixel=(78,124) depth=0.346 m surface=(0.321,0.034,0.049) m center=(0.321,0.034,0.024) m conf=0.96 edge=0.4deg sides=(0.051,0.050)m sync_rate=13.63 Hz mask_px=1596[0m
[0m[INFO] [1789231556.125682153] [perception]: DETECTED pixel=(78,124) depth=0.346 m surface=(0.321,0.034,0.049) m center=(0.321,0.034,0.024) m conf=0.97 edge=0.3deg sides=(0.051,0.050)m sync_rate=13.63 Hz mask_px=1596[0m
[0m[INFO] [1789231557.174533091] [perception]: DETECTED pixel=(78,124) depth=0.346 m surface=(0.321,0.034,0.049) m center=(0.321,0.034,0.024) m conf=0.97 edge=0.3deg sides=(0.051,0.050)m sync_rate=13.63 Hz mask_px=1596[0m
[0m[INFO] [1789231558.232749086] [perception]: DETECTED pixel=(78,124) depth=0.346 m surface=(0.321,0.034,0.049) m center=(0.321,0.034,0.024) m conf=0.97 edge=0.3deg sides=(0.051,0.050)m sync_rate=13.63 Hz mask_px=1596[0m
[0m[INFO] [1789231559.277166258] [perception]: DETECTED pixel=(78,124) depth=0.346 m surface=(0.321,0.034,0.049) m center=(0.321,0.034,0.024) m conf=0.96 edge=0.2deg sides=(0.051,0.050)m sync_rate=13.63 Hz mask_px=1596[0m
[0m[INFO] [1789231560.294505395] [perception]: DETECTED pixel=(78,124) depth=0.346 m surface=(0.321,0.034,0.049) m center=(0.321,0.034,0.024) m conf=0.97 edge=0.2deg sides=(0.051,0.050)m sync_rate=13.63 Hz mask_px=1596[0m
[0m[INFO] [1789231561.347083492] [perception]: DETECTED pixel=(78,124) depth=0.345 m surface=(0.321,0.034,0.049) m center=(0.321,0.034,0.024) m conf=0.97 edge=0.0deg sides=(0.051,0.050)m sync_rate=13.63 Hz mask_px=1596[0m
[0m[INFO] [1789231562.351424794] [perception]: DETECTED pixel=(78,124) depth=0.346 m surface=(0.321,0.034,0.049) m center=(0.321,0.034,0.024) m conf=0.96 edge=0.3deg sides=(0.051,0.050)m sync_rate=13.63 Hz mask_px=1597[0m
[0m[INFO] [1789231563.356887870] [perception]: DETECTED pixel=(75,99) depth=0.349 m surface=(0.324,0.004,0.049) m center=(0.324,0.004,0.024) m conf=0.96 edge=0.0deg sides=(0.050,0.050)m sync_rate=13.63 Hz mask_px=1439[0m
[0m[INFO] [1789231564.364168784] [perception]: DETECTED pixel=(75,99) depth=0.349 m surface=(0.324,0.004,0.049) m center=(0.324,0.004,0.024) m conf=0.97 edge=-0.2deg sides=(0.050,0.050)m sync_rate=13.63 Hz mask_px=1439[0m
[0m[INFO] [1789231565.410046346] [perception]: DETECTED pixel=(75,99) depth=0.349 m surface=(0.324,0.004,0.049) m center=(0.324,0.004,0.024) m conf=0.97 edge=-0.3deg sides=(0.050,0.050)m sync_rate=13.63 Hz mask_px=1439[0m
[0m[INFO] [1789231566.464663095] [perception]: DETECTED pixel=(75,99) depth=0.349 m surface=(0.324,0.004,0.049) m center=(0.324,0.004,0.024) m conf=0.98 edge=-0.3deg sides=(0.050,0.050)m sync_rate=13.63 Hz mask_px=1439[0m
[0m[INFO] [1789231567.508463375] [perception]: DETECTED pixel=(75,99) depth=0.349 m surface=(0.324,0.004,0.049) m center=(0.324,0.004,0.024) m conf=0.97 edge=-0.2deg sides=(0.050,0.050)m sync_rate=13.63 Hz mask_px=1439[0m
[0m[INFO] [1789231568.591291563] [perception]: DETECTED pixel=(75,99) depth=0.349 m surface=(0.324,0.004,0.049) m center=(0.324,0.004,0.024) m conf=0.97 edge=0.4deg sides=(0.050,0.050)m sync_rate=13.63 Hz mask_px=1439[0m
[0m[INFO] [1789231569.624760920] [perception]: DETECTED pixel=(75,99) depth=0.349 m surface=(0.324,0.004,0.049) m center=(0.324,0.004,0.024) m conf=0.97 edge=0.0deg sides=(0.050,0.050)m sync_rate=13.63 Hz mask_px=1439[0m
[0m[INFO] [1789231570.690179183] [perception]: DETECTED pixel=(75,99) depth=0.349 m surface=(0.324,0.004,0.049) m center=(0.324,0.004,0.024) m conf=0.97 edge=-0.2deg sides=(0.050,0.050)m sync_rate=13.63 Hz mask_px=1439[0m
[0m[INFO] [1789231571.741650728] [perception]: DETECTED pixel=(75,100) depth=0.349 m surface=(0.324,0.004,0.049) m center=(0.324,0.004,0.024) m conf=0.97 edge=-0.1deg sides=(0.050,0.050)m sync_rate=13.63 Hz mask_px=1440[0m
[0m[INFO] [1789231572.799548450] [perception]: DETECTED pixel=(75,99) depth=0.349 m surface=(0.324,0.004,0.049) m center=(0.324,0.004,0.024) m conf=0.97 edge=0.1deg sides=(0.050,0.050)m sync_rate=13.63 Hz mask_px=1439[0m
[0m[INFO] [1789231573.858140176] [perception]: DETECTED pixel=(75,99) depth=0.349 m surface=(0.324,0.004,0.049) m center=(0.324,0.004,0.024) m conf=0.97 edge=0.4deg sides=(0.050,0.050)m sync_rate=13.63 Hz mask_px=1439[0m
[0m[INFO] [1789231574.883092093] [perception]: DETECTED pixel=(75,99) depth=0.349 m surface=(0.324,0.004,0.049) m center=(0.324,0.004,0.024) m conf=0.96 edge=1.1deg sides=(0.050,0.050)m sync_rate=13.63 Hz mask_px=1439[0m
