/usr/lib/python3/dist-packages/scipy/__init__.py:146: UserWarning: A NumPy version >=1.17.3 and <1.25.0 is required for this version of SciPy (detected version 1.26.4
  warnings.warn(f"A NumPy version >={np_minversion} and <{np_maxversion}"
TRIAL=000 PHASE=CHECK_INTERFACES
DAY4_RESET_GRIPPER=OPEN ANGLE_RAD=1.570000 EFFORT_NM=1.200000
DAY4_RESET_GRIPPER=AFTER_INITIAL_MOVE ANGLE_RAD=1.570000 EFFORT_NM=1.200000
TRIAL=001 VISUAL_CENTER=[0.30341652035713196, 0.005521049723029137, 0.025348797230890542] SURFACE=[0.30341652035713196, 0.005521049723029137, 0.050348797230890543] CONTOUR_DEG=0.00 AXIS_STD_DEG=0.00 FOOTPRINT=[0.049975041300058365, 0.049975041300058365] CONFIDENCE=0.9755
TRIAL=001 SELECTED_CONTOUR_ORIENTATION=+90.00deg TILT=18.4 LEAN=+1 SYMMETRY=1 IK_FK_POS_ERROR=0.000002m IK_FK_ORIENTATION_ERROR=0.000000rad FINGER_FK_LIFT=0.080000m FINGER_FK_DRIFT=0.000000m JOINT_MOTION=3.004920rad
DAY4_MOTION_DONE=1 ELAPSED_SIM=1.202 INITIAL_ERR=0.01679 FINAL_ERR=0.00025 ARM_V=0.00280
DAY4_STEP=1 EPISODE=001 STEP=01 DIST=0.020243 YAW_ERR_DEG=0.006 REQUESTED_MOVE=0.005002 EXECUTED_MOVE=0.004921 ATTEMPT=0 SUCCESS=0 TERMINATED=0 TRUNCATED=0
DAY4_MOTION_DONE=1 ELAPSED_SIM=1.200 INITIAL_ERR=0.01724 FINAL_ERR=0.00026 ARM_V=0.00287
DAY4_STEP=1 EPISODE=001 STEP=02 DIST=0.015353 YAW_ERR_DEG=0.013 REQUESTED_MOVE=0.004969 EXECUTED_MOVE=0.004891 ATTEMPT=0 SUCCESS=0 TERMINATED=0 TRUNCATED=0
DAY4_MOTION_DONE=1 ELAPSED_SIM=1.202 INITIAL_ERR=0.01736 FINAL_ERR=0.00023 ARM_V=0.00260
DAY4_STEP=1 EPISODE=001 STEP=03 DIST=0.010467 YAW_ERR_DEG=0.018 REQUESTED_MOVE=0.004957 EXECUTED_MOVE=0.004887 ATTEMPT=0 SUCCESS=0 TERMINATED=0 TRUNCATED=0
DAY4_MOTION_DONE=1 ELAPSED_SIM=1.202 INITIAL_ERR=0.01743 FINAL_ERR=0.00026 ARM_V=0.00290
DAY4_GRASP_ATTEMPT=1
TRIAL=001 PHASE=CLOSE_SEARCH
TRIAL=001 LEFT_CONTACT=0 RIGHT_CONTACT=0 STALL=0
TRIAL=001 LEFT_CONTACT=0 RIGHT_CONTACT=0 STALL=0
TRIAL=001 PHASE=WAIT_DUAL_CONTACT
TRIAL=001 PHASE=WAIT_STALL
TRIAL=001 LEFT_CONTACT=1 RIGHT_CONTACT=1 STALL=0 GRIPPER_ERROR=0.07207 VELOCITY=0.04735 CLOSURE_M=0.00023
TRIAL=001 LEFT_CONTACT=1 RIGHT_CONTACT=1 STALL=0 GRIPPER_ERROR=0.04627 VELOCITY=0.01596 CLOSURE_M=0.00102
TRIAL=001 LEFT_CONTACT=1 RIGHT_CONTACT=1 STALL=0 GRIPPER_ERROR=0.03828 VELOCITY=0.00629 CLOSURE_M=0.00127
TRIAL=001 LEFT_CONTACT=1 RIGHT_CONTACT=1 STALL=0 GRIPPER_ERROR=0.03317 VELOCITY=0.00490 CLOSURE_M=0.00143
TRIAL=001 PHASE=LIFT_80_MM
TRIAL=001 ACTUAL_LIFT_M=-0.00005 LEFT_CONTACT=1 RIGHT_CONTACT=1
TRIAL=001 ACTUAL_LIFT_M=0.02793 LEFT_CONTACT=1 RIGHT_CONTACT=1
TRIAL=001 ACTUAL_LIFT_M=0.06017 LEFT_CONTACT=1 RIGHT_CONTACT=1
TRIAL=001 PHASE=HOLD
TRIAL=001 HOLD_SIM_SEC=0.000 HOLD_WALL_SEC=0.000 ACTUAL_LIFT_M=0.07193 RELATIVE_SLIP_M=0.00000 LEFT_CONTACT=1 RIGHT_CONTACT=1
TRIAL=001 HOLD_SIM_SEC=0.890 HOLD_WALL_SEC=1.000 ACTUAL_LIFT_M=0.07527 RELATIVE_SLIP_M=0.00000 LEFT_CONTACT=1 RIGHT_CONTACT=1
TRIAL=001 HOLD_SIM_SEC=1.836 HOLD_WALL_SEC=2.001 ACTUAL_LIFT_M=0.07520 RELATIVE_SLIP_M=0.00000 LEFT_CONTACT=1 RIGHT_CONTACT=1
TRIAL=001 HOLD_SIM_SEC=2.780 HOLD_WALL_SEC=3.001 ACTUAL_LIFT_M=0.07512 RELATIVE_SLIP_M=0.00000 LEFT_CONTACT=1 RIGHT_CONTACT=1
TRIAL=001 HOLD_SIM_SEC=3.714 HOLD_WALL_SEC=4.001 ACTUAL_LIFT_M=0.07503 RELATIVE_SLIP_M=0.00000 LEFT_CONTACT=1 RIGHT_CONTACT=1
TRIAL=001 HOLD_SIM_SEC=4.662 HOLD_WALL_SEC=5.001 ACTUAL_LIFT_M=0.07495 RELATIVE_SLIP_M=0.00000 LEFT_CONTACT=1 RIGHT_CONTACT=1
TRIAL=001 PHASE=PLACE_DOWN
TRIAL=001 PHASE=OPEN_GRIPPER
TRIAL=001 PHASE=RETREAT_PREGRASP
TRIAL=001 PHASE=GRASP_SUCCESS
TRIAL=001 DAY5_PLACE_RELEASE=PASS
DAY4_GRASP_RESULT=SUCCESS
DAY4_STEP=1 EPISODE=001 STEP=04 DIST=0.005598 YAW_ERR_DEG=0.021 REQUESTED_MOVE=0.004949 EXECUTED_MOVE=0.004872 ATTEMPT=1 SUCCESS=1 TERMINATED=1 TRUNCATED=0
DAY7_EPISODE=1 LEVEL=L0 VALID=1/50 TECHNICAL=False SUCCESS=True REASON=
DAY4_RESET_GRIPPER=OPEN ANGLE_RAD=1.570000 EFFORT_NM=1.200000
DAY4_RESET_GRIPPER=AFTER_INITIAL_MOVE ANGLE_RAD=1.570000 EFFORT_NM=1.200000
TRIAL=002 VISUAL_CENTER=[0.2989482879638672, -0.0010552462190389633, 0.02534802780991941] SURFACE=[0.2989482879638672, -0.0010552462190389633, 0.05034802780991941] CONTOUR_DEG=0.00 AXIS_STD_DEG=0.00 FOOTPRINT=[0.049932509660720825, 0.049932509660720825] CONFIDENCE=0.9745
TRIAL=002 SELECTED_CONTOUR_ORIENTATION=+90.00deg TILT=16.3 LEAN=+1 SYMMETRY=1 IK_FK_POS_ERROR=0.000000m IK_FK_ORIENTATION_ERROR=0.000000rad FINGER_FK_LIFT=0.080000m FINGER_FK_DRIFT=0.000000m JOINT_MOTION=3.002978rad
DAY4_MOTION_DONE=1 ELAPSED_SIM=1.202 INITIAL_ERR=0.01700 FINAL_ERR=0.00028 ARM_V=0.00315
DAY4_STEP=1 EPISODE=002 STEP=01 DIST=0.020240 YAW_ERR_DEG=0.008 REQUESTED_MOVE=0.005003 EXECUTED_MOVE=0.004914 ATTEMPT=0 SUCCESS=0 TERMINATED=0 TRUNCATED=0
DAY4_MOTION_DONE=1 ELAPSED_SIM=1.202 INITIAL_ERR=0.01736 FINAL_ERR=0.00023 ARM_V=0.00260
DAY4_STEP=1 EPISODE=002 STEP=02 DIST=0.015343 YAW_ERR_DEG=0.015 REQUESTED_MOVE=0.004969 EXECUTED_MOVE=0.004899 ATTEMPT=0 SUCCESS=0 TERMINATED=0 TRUNCATED=0
DAY4_MOTION_DONE=1 ELAPSED_SIM=1.202 INITIAL_ERR=0.01751 FINAL_ERR=0.00029 ARM_V=0.00324
DAY4_STEP=1 EPISODE=002 STEP=03 DIST=0.010472 YAW_ERR_DEG=0.020 REQUESTED_MOVE=0.004956 EXECUTED_MOVE=0.004872 ATTEMPT=0 SUCCESS=0 TERMINATED=0 TRUNCATED=0
DAY4_MOTION_DONE=1 ELAPSED_SIM=1.202 INITIAL_ERR=0.01752 FINAL_ERR=0.00032 ARM_V=0.00360
DAY4_GRASP_ATTEMPT=1
TRIAL=002 PHASE=CLOSE_SEARCH
TRIAL=002 LEFT_CONTACT=0 RIGHT_CONTACT=0 STALL=0
TRIAL=002 LEFT_CONTACT=0 RIGHT_CONTACT=0 STALL=0
TRIAL=002 PHASE=WAIT_DUAL_CONTACT
TRIAL=002 PHASE=WAIT_STALL
TRIAL=002 LEFT_CONTACT=1 RIGHT_CONTACT=1 STALL=0 GRIPPER_ERROR=0.07235 VELOCITY=0.04755 CLOSURE_M=0.00023
TRIAL=002 LEFT_CONTACT=1 RIGHT_CONTACT=1 STALL=0 GRIPPER_ERROR=0.04739 VELOCITY=0.01584 CLOSURE_M=0.00102
TRIAL=002 LEFT_CONTACT=1 RIGHT_CONTACT=1 STALL=0 GRIPPER_ERROR=0.03910 VELOCITY=0.00628 CLOSURE_M=0.00128
TRIAL=002 LEFT_CONTACT=1 RIGHT_CONTACT=1 STALL=0 GRIPPER_ERROR=0.03391 VELOCITY=0.00485 CLOSURE_M=0.00145
TRIAL=002 PHASE=LIFT_80_MM
TRIAL=002 ACTUAL_LIFT_M=-0.00018 LEFT_CONTACT=1 RIGHT_CONTACT=1
TRIAL=002 ACTUAL_LIFT_M=0.02743 LEFT_CONTACT=1 RIGHT_CONTACT=1
TRIAL=002 ACTUAL_LIFT_M=0.05960 LEFT_CONTACT=1 RIGHT_CONTACT=1
TRIAL=002 PHASE=HOLD
TRIAL=002 HOLD_SIM_SEC=0.000 HOLD_WALL_SEC=0.001 ACTUAL_LIFT_M=0.07201 RELATIVE_SLIP_M=0.00000 LEFT_CONTACT=1 RIGHT_CONTACT=1
TRIAL=002 HOLD_SIM_SEC=0.916 HOLD_WALL_SEC=1.001 ACTUAL_LIFT_M=0.07501 RELATIVE_SLIP_M=0.00028 LEFT_CONTACT=1 RIGHT_CONTACT=1
TRIAL=002 HOLD_SIM_SEC=1.854 HOLD_WALL_SEC=2.001 ACTUAL_LIFT_M=0.07494 RELATIVE_SLIP_M=0.00028 LEFT_CONTACT=1 RIGHT_CONTACT=1
TRIAL=002 HOLD_SIM_SEC=2.786 HOLD_WALL_SEC=3.001 ACTUAL_LIFT_M=0.07485 RELATIVE_SLIP_M=0.00028 LEFT_CONTACT=1 RIGHT_CONTACT=1
TRIAL=002 HOLD_SIM_SEC=3.722 HOLD_WALL_SEC=4.001 ACTUAL_LIFT_M=0.07477 RELATIVE_SLIP_M=0.00028 LEFT_CONTACT=1 RIGHT_CONTACT=1
TRIAL=002 HOLD_SIM_SEC=4.666 HOLD_WALL_SEC=5.001 ACTUAL_LIFT_M=0.07468 RELATIVE_SLIP_M=0.00028 LEFT_CONTACT=1 RIGHT_CONTACT=1
TRIAL=002 PHASE=PLACE_DOWN
TRIAL=002 PHASE=OPEN_GRIPPER
TRIAL=002 PHASE=RETREAT_PREGRASP
TRIAL=002 PHASE=GRASP_SUCCESS
TRIAL=002 DAY5_PLACE_RELEASE=PASS
DAY4_GRASP_RESULT=SUCCESS
DAY4_STEP=1 EPISODE=002 STEP=04 DIST=0.005611 YAW_ERR_DEG=0.024 REQUESTED_MOVE=0.004948 EXECUTED_MOVE=0.004855 ATTEMPT=1 SUCCESS=1 TERMINATED=1 TRUNCATED=0
DAY7_EPISODE=2 LEVEL=L0 VALID=2/50 TECHNICAL=False SUCCESS=True REASON=
DAY4_RESET_GRIPPER=OPEN ANGLE_RAD=1.570000 EFFORT_NM=1.200000
DAY4_RESET_GRIPPER=AFTER_INITIAL_MOVE ANGLE_RAD=1.570000 EFFORT_NM=1.200000
TRIAL=003 VISUAL_CENTER=[0.2990589141845703, -0.009187689051032066, 0.025348086981018154] SURFACE=[0.2990589141845703, -0.009187689051032066, 0.050348086981018156] CONTOUR_DEG=-0.06 AXIS_STD_DEG=0.00 FOOTPRINT=[0.04998450726270676, 0.04998450726270676] CONFIDENCE=0.9727
TRIAL=003 SELECTED_CONTOUR_ORIENTATION=+89.94deg TILT=16.4 LEAN=+1 SYMMETRY=1 IK_FK_POS_ERROR=0.000003m IK_FK_ORIENTATION_ERROR=0.000000rad FINGER_FK_LIFT=0.080000m FINGER_FK_DRIFT=0.000000m JOINT_MOTION=3.002851rad
DAY4_MOTION_DONE=1 ELAPSED_SIM=1.202 INITIAL_ERR=0.01699 FINAL_ERR=0.00025 ARM_V=0.00283
DAY4_STEP=1 EPISODE=003 STEP=01 DIST=0.020225 YAW_ERR_DEG=0.009 REQUESTED_MOVE=0.005003 EXECUTED_MOVE=0.004923 ATTEMPT=0 SUCCESS=0 TERMINATED=0 TRUNCATED=0
DAY4_MOTION_DONE=1 ELAPSED_SIM=1.202 INITIAL_ERR=0.01740 FINAL_ERR=0.00026 ARM_V=0.00290
DAY4_STEP=1 EPISODE=003 STEP=02 DIST=0.015328 YAW_ERR_DEG=0.016 REQUESTED_MOVE=0.004969 EXECUTED_MOVE=0.004891 ATTEMPT=0 SUCCESS=0 TERMINATED=0 TRUNCATED=0
DAY4_MOTION_DONE=1 ELAPSED_SIM=1.202 INITIAL_ERR=0.01751 FINAL_ERR=0.00026 ARM_V=0.00292
DAY4_STEP=1 EPISODE=003 STEP=03 DIST=0.010450 YAW_ERR_DEG=0.021 REQUESTED_MOVE=0.004957 EXECUTED_MOVE=0.004880 ATTEMPT=0 SUCCESS=0 TERMINATED=0 TRUNCATED=0
DAY4_MOTION_DONE=1 ELAPSED_SIM=1.202 INITIAL_ERR=0.01754 FINAL_ERR=0.00029 ARM_V=0.00325
DAY4_GRASP_ATTEMPT=1
TRIAL=003 PHASE=CLOSE_SEARCH
TRIAL=003 LEFT_CONTACT=0 RIGHT_CONTACT=0 STALL=0
TRIAL=003 LEFT_CONTACT=1 RIGHT_CONTACT=0 STALL=0
TRIAL=003 PHASE=WAIT_DUAL_CONTACT
TRIAL=003 PHASE=WAIT_STALL
TRIAL=003 LEFT_CONTACT=1 RIGHT_CONTACT=1 STALL=0 GRIPPER_ERROR=0.07167 VELOCITY=0.04681 CLOSURE_M=0.00025
TRIAL=003 LEFT_CONTACT=1 RIGHT_CONTACT=1 STALL=0 GRIPPER_ERROR=0.04422 VELOCITY=0.01680 CLOSURE_M=0.00109
TRIAL=003 LEFT_CONTACT=1 RIGHT_CONTACT=1 STALL=0 GRIPPER_ERROR=0.03588 VELOCITY=0.00647 CLOSURE_M=0.00136
TRIAL=003 LEFT_CONTACT=1 RIGHT_CONTACT=1 STALL=1 GRIPPER_ERROR=0.03062 VELOCITY=0.00493 CLOSURE_M=0.00152
TRIAL=003 PHASE=LIFT_80_MM
TRIAL=003 ACTUAL_LIFT_M=-0.00021 LEFT_CONTACT=1 RIGHT_CONTACT=1
TRIAL=003 ACTUAL_LIFT_M=0.02781 LEFT_CONTACT=1 RIGHT_CONTACT=1
TRIAL=003 ACTUAL_LIFT_M=0.05999 LEFT_CONTACT=1 RIGHT_CONTACT=1
TRIAL=003 PHASE=HOLD
TRIAL=003 HOLD_SIM_SEC=0.000 HOLD_WALL_SEC=0.000 ACTUAL_LIFT_M=0.07173 RELATIVE_SLIP_M=0.00000 LEFT_CONTACT=1 RIGHT_CONTACT=1
TRIAL=003 HOLD_SIM_SEC=0.894 HOLD_WALL_SEC=1.000 ACTUAL_LIFT_M=0.07498 RELATIVE_SLIP_M=0.00000 LEFT_CONTACT=1 RIGHT_CONTACT=1
TRIAL=003 HOLD_SIM_SEC=1.838 HOLD_WALL_SEC=2.001 ACTUAL_LIFT_M=0.07490 RELATIVE_SLIP_M=0.00000 LEFT_CONTACT=1 RIGHT_CONTACT=1
TRIAL=003 HOLD_SIM_SEC=2.782 HOLD_WALL_SEC=3.001 ACTUAL_LIFT_M=0.07482 RELATIVE_SLIP_M=0.00000 LEFT_CONTACT=1 RIGHT_CONTACT=1
TRIAL=003 HOLD_SIM_SEC=3.732 HOLD_WALL_SEC=4.001 ACTUAL_LIFT_M=0.07472 RELATIVE_SLIP_M=0.00000 LEFT_CONTACT=1 RIGHT_CONTACT=1
TRIAL=003 HOLD_SIM_SEC=4.672 HOLD_WALL_SEC=5.002 ACTUAL_LIFT_M=0.07465 RELATIVE_SLIP_M=0.00000 LEFT_CONTACT=1 RIGHT_CONTACT=1
TRIAL=003 PHASE=PLACE_DOWN
TRIAL=003 PHASE=OPEN_GRIPPER
TRIAL=003 PHASE=RETREAT_PREGRASP
TRIAL=003 PHASE=GRASP_SUCCESS
TRIAL=003 DAY5_PLACE_RELEASE=PASS
DAY4_GRASP_RESULT=SUCCESS
DAY4_STEP=1 EPISODE=003 STEP=04 DIST=0.005581 YAW_ERR_DEG=0.025 REQUESTED_MOVE=0.004948 EXECUTED_MOVE=0.004864 ATTEMPT=1 SUCCESS=1 TERMINATED=1 TRUNCATED=0
DAY7_EPISODE=3 LEVEL=L0 VALID=3/50 TECHNICAL=False SUCCESS=True REASON=
DAY4_RESET_GRIPPER=OPEN ANGLE_RAD=1.570000 EFFORT_NM=1.200000
DAY4_RESET_GRIPPER=AFTER_INITIAL_MOVE ANGLE_RAD=1.570000 EFFORT_NM=1.200000
TRIAL=004 VISUAL_CENTER=[0.3054352402687073, 0.0029330365359783173, 0.025350166548610963] SURFACE=[0.3054352402687073, 0.0029330365359783173, 0.050350166548610964] CONTOUR_DEG=0.00 AXIS_STD_DEG=0.00 FOOTPRINT=[0.04993202164769173, 0.04993202164769173] CONFIDENCE=0.9756
TRIAL=004 SELECTED_CONTOUR_ORIENTATION=+90.00deg TILT=19.3 LEAN=+1 SYMMETRY=1 IK_FK_POS_ERROR=0.000001m IK_FK_ORIENTATION_ERROR=0.000000rad FINGER_FK_LIFT=0.080000m FINGER_FK_DRIFT=0.000000m JOINT_MOTION=3.006139rad
DAY4_MOTION_DONE=1 ELAPSED_SIM=1.202 INITIAL_ERR=0.01670 FINAL_ERR=0.00023 ARM_V=0.00251
DAY4_STEP=1 EPISODE=004 STEP=01 DIST=0.020250 YAW_ERR_DEG=0.007 REQUESTED_MOVE=0.005002 EXECUTED_MOVE=0.004928 ATTEMPT=0 SUCCESS=0 TERMINATED=0 TRUNCATED=0
DAY4_MOTION_DONE=1 ELAPSED_SIM=1.202 INITIAL_ERR=0.01716 FINAL_ERR=0.00026 ARM_V=0.00286
DAY4_STEP=1 EPISODE=004 STEP=02 DIST=0.015360 YAW_ERR_DEG=0.013 REQUESTED_MOVE=0.004969 EXECUTED_MOVE=0.004891 ATTEMPT=0 SUCCESS=0 TERMINATED=0 TRUNCATED=0
DAY4_MOTION_DONE=1 ELAPSED_SIM=1.202 INITIAL_ERR=0.01730 FINAL_ERR=0.00023 ARM_V=0.00259
DAY4_STEP=1 EPISODE=004 STEP=03 DIST=0.010473 YAW_ERR_DEG=0.018 REQUESTED_MOVE=0.004957 EXECUTED_MOVE=0.004888 ATTEMPT=0 SUCCESS=0 TERMINATED=0 TRUNCATED=0
DAY4_MOTION_DONE=1 ELAPSED_SIM=1.202 INITIAL_ERR=0.01735 FINAL_ERR=0.00026 ARM_V=0.00289
DAY4_GRASP_ATTEMPT=1
TRIAL=004 PHASE=CLOSE_SEARCH
TRIAL=004 LEFT_CONTACT=0 RIGHT_CONTACT=0 STALL=0
TRIAL=004 LEFT_CONTACT=1 RIGHT_CONTACT=0 STALL=0
TRIAL=004 PHASE=WAIT_DUAL_CONTACT
TRIAL=004 PHASE=WAIT_STALL
TRIAL=004 LEFT_CONTACT=1 RIGHT_CONTACT=1 STALL=0 GRIPPER_ERROR=0.07435 VELOCITY=0.04526 CLOSURE_M=0.00017
TRIAL=004 LEFT_CONTACT=1 RIGHT_CONTACT=1 STALL=0 GRIPPER_ERROR=0.04726 VELOCITY=0.01754 CLOSURE_M=0.00100
TRIAL=004 LEFT_CONTACT=1 RIGHT_CONTACT=1 STALL=0 GRIPPER_ERROR=0.03861 VELOCITY=0.00673 CLOSURE_M=0.00127
TRIAL=004 LEFT_CONTACT=1 RIGHT_CONTACT=1 STALL=0 GRIPPER_ERROR=0.03324 VELOCITY=0.00500 CLOSURE_M=0.00144
TRIAL=004 PHASE=LIFT_80_MM
TRIAL=004 ACTUAL_LIFT_M=-0.00009 LEFT_CONTACT=1 RIGHT_CONTACT=1
TRIAL=004 ACTUAL_LIFT_M=0.02783 LEFT_CONTACT=1 RIGHT_CONTACT=1
TRIAL=004 ACTUAL_LIFT_M=0.06076 LEFT_CONTACT=1 RIGHT_CONTACT=1
TRIAL=004 PHASE=HOLD
TRIAL=004 HOLD_SIM_SEC=0.000 HOLD_WALL_SEC=0.000 ACTUAL_LIFT_M=0.07182 RELATIVE_SLIP_M=0.00000 LEFT_CONTACT=1 RIGHT_CONTACT=1
TRIAL=004 HOLD_SIM_SEC=0.886 HOLD_WALL_SEC=1.000 ACTUAL_LIFT_M=0.07523 RELATIVE_SLIP_M=0.00000 LEFT_CONTACT=1 RIGHT_CONTACT=1
TRIAL=004 HOLD_SIM_SEC=1.816 HOLD_WALL_SEC=2.001 ACTUAL_LIFT_M=0.07517 RELATIVE_SLIP_M=0.00000 LEFT_CONTACT=1 RIGHT_CONTACT=1
TRIAL=004 HOLD_SIM_SEC=2.754 HOLD_WALL_SEC=3.001 ACTUAL_LIFT_M=0.07509 RELATIVE_SLIP_M=0.00000 LEFT_CONTACT=1 RIGHT_CONTACT=1
TRIAL=004 HOLD_SIM_SEC=3.710 HOLD_WALL_SEC=4.001 ACTUAL_LIFT_M=0.07500 RELATIVE_SLIP_M=0.00000 LEFT_CONTACT=1 RIGHT_CONTACT=1
TRIAL=004 HOLD_SIM_SEC=4.670 HOLD_WALL_SEC=5.002 ACTUAL_LIFT_M=0.07492 RELATIVE_SLIP_M=0.00000 LEFT_CONTACT=1 RIGHT_CONTACT=1
TRIAL=004 PHASE=PLACE_DOWN
TRIAL=004 PHASE=OPEN_GRIPPER
TRIAL=004 PHASE=RETREAT_PREGRASP
TRIAL=004 PHASE=GRASP_SUCCESS
TRIAL=004 DAY5_PLACE_RELEASE=PASS
DAY4_GRASP_RESULT=SUCCESS
DAY4_STEP=1 EPISODE=004 STEP=04 DIST=0.005603 YAW_ERR_DEG=0.022 REQUESTED_MOVE=0.004949 EXECUTED_MOVE=0.004873 ATTEMPT=1 SUCCESS=1 TERMINATED=1 TRUNCATED=0
DAY7_EPISODE=4 LEVEL=L0 VALID=4/50 TECHNICAL=False SUCCESS=True REASON=
DAY4_RESET_GRIPPER=OPEN ANGLE_RAD=1.570000 EFFORT_NM=1.200000
DAY4_RESET_GRIPPER=AFTER_INITIAL_MOVE ANGLE_RAD=1.570000 EFFORT_NM=1.200000
TRIAL=005 VISUAL_CENTER=[0.2990957796573639, 0.0028575174510478973, 0.025348264500859495] SURFACE=[0.2990957796573639, 0.0028575174510478973, 0.050348264500859496] CONTOUR_DEG=0.00 AXIS_STD_DEG=0.00 FOOTPRINT=[0.049915362149477005, 0.049915362149477005] CONFIDENCE=0.9746
TRIAL=005 SELECTED_CONTOUR_ORIENTATION=+90.00deg TILT=16.4 LEAN=+1 SYMMETRY=1 IK_FK_POS_ERROR=0.000001m IK_FK_ORIENTATION_ERROR=0.000000rad FINGER_FK_LIFT=0.080000m FINGER_FK_DRIFT=0.000000m JOINT_MOTION=3.002112rad
DAY4_MOTION_DONE=1 ELAPSED_SIM=1.202 INITIAL_ERR=0.01700 FINAL_ERR=0.00026 ARM_V=0.00283
DAY4_STEP=1 EPISODE=005 STEP=01 DIST=0.020231 YAW_ERR_DEG=0.007 REQUESTED_MOVE=0.005003 EXECUTED_MOVE=0.004922 ATTEMPT=0 SUCCESS=0 TERMINATED=0 TRUNCATED=0
DAY4_MOTION_DONE=1 ELAPSED_SIM=1.200 INITIAL_ERR=0.01740 FINAL_ERR=0.00026 ARM_V=0.00290
DAY4_STEP=1 EPISODE=005 STEP=02 DIST=0.015342 YAW_ERR_DEG=0.014 REQUESTED_MOVE=0.004968 EXECUTED_MOVE=0.004891 ATTEMPT=0 SUCCESS=0 TERMINATED=0 TRUNCATED=0
DAY4_MOTION_DONE=1 ELAPSED_SIM=1.202 INITIAL_ERR=0.01749 FINAL_ERR=0.00026 ARM_V=0.00291
DAY4_STEP=1 EPISODE=005 STEP=03 DIST=0.010463 YAW_ERR_DEG=0.019 REQUESTED_MOVE=0.004956 EXECUTED_MOVE=0.004880 ATTEMPT=0 SUCCESS=0 TERMINATED=0 TRUNCATED=0
DAY4_MOTION_DONE=1 ELAPSED_SIM=1.202 INITIAL_ERR=0.01757 FINAL_ERR=0.00024 ARM_V=0.00263
DAY4_GRASP_ATTEMPT=1
TRIAL=005 PHASE=CLOSE_SEARCH
TRIAL=005 LEFT_CONTACT=0 RIGHT_CONTACT=0 STALL=0
TRIAL=005 LEFT_CONTACT=1 RIGHT_CONTACT=0 STALL=0
TRIAL=005 PHASE=WAIT_DUAL_CONTACT
TRIAL=005 PHASE=WAIT_STALL
TRIAL=005 LEFT_CONTACT=1 RIGHT_CONTACT=1 STALL=0 GRIPPER_ERROR=0.07457 VELOCITY=0.04287 CLOSURE_M=0.00016
TRIAL=005 LEFT_CONTACT=1 RIGHT_CONTACT=1 STALL=0 GRIPPER_ERROR=0.04684 VELOCITY=0.01720 CLOSURE_M=0.00102
TRIAL=005 LEFT_CONTACT=1 RIGHT_CONTACT=1 STALL=0 GRIPPER_ERROR=0.03826 VELOCITY=0.00669 CLOSURE_M=0.00129
TRIAL=005 LEFT_CONTACT=1 RIGHT_CONTACT=1 STALL=0 GRIPPER_ERROR=0.03290 VELOCITY=0.00499 CLOSURE_M=0.00146
TRIAL=005 PHASE=LIFT_80_MM
TRIAL=005 ACTUAL_LIFT_M=-0.00013 LEFT_CONTACT=1 RIGHT_CONTACT=1
TRIAL=005 ACTUAL_LIFT_M=0.02763 LEFT_CONTACT=1 RIGHT_CONTACT=1
TRIAL=005 ACTUAL_LIFT_M=0.05984 LEFT_CONTACT=1 RIGHT_CONTACT=1
TRIAL=005 PHASE=HOLD
TRIAL=005 HOLD_SIM_SEC=0.000 HOLD_WALL_SEC=0.001 ACTUAL_LIFT_M=0.07225 RELATIVE_SLIP_M=0.00000 LEFT_CONTACT=1 RIGHT_CONTACT=1
TRIAL=005 HOLD_SIM_SEC=0.894 HOLD_WALL_SEC=1.001 ACTUAL_LIFT_M=0.07512 RELATIVE_SLIP_M=0.00031 LEFT_CONTACT=1 RIGHT_CONTACT=1
TRIAL=005 HOLD_SIM_SEC=1.838 HOLD_WALL_SEC=2.001 ACTUAL_LIFT_M=0.07506 RELATIVE_SLIP_M=0.00031 LEFT_CONTACT=1 RIGHT_CONTACT=1
TRIAL=005 HOLD_SIM_SEC=2.776 HOLD_WALL_SEC=3.001 ACTUAL_LIFT_M=0.07498 RELATIVE_SLIP_M=0.00031 LEFT_CONTACT=1 RIGHT_CONTACT=1
TRIAL=005 HOLD_SIM_SEC=3.714 HOLD_WALL_SEC=4.001 ACTUAL_LIFT_M=0.07489 RELATIVE_SLIP_M=0.00031 LEFT_CONTACT=1 RIGHT_CONTACT=1
TRIAL=005 HOLD_SIM_SEC=4.654 HOLD_WALL_SEC=5.002 ACTUAL_LIFT_M=0.07480 RELATIVE_SLIP_M=0.00031 LEFT_CONTACT=1 RIGHT_CONTACT=1
TRIAL=005 PHASE=PLACE_DOWN
TRIAL=005 PHASE=OPEN_GRIPPER
TRIAL=005 PHASE=RETREAT_PREGRASP
TRIAL=005 PHASE=GRASP_SUCCESS
TRIAL=005 DAY5_PLACE_RELEASE=PASS
DAY4_GRASP_RESULT=SUCCESS
DAY4_STEP=1 EPISODE=005 STEP=04 DIST=0.005587 YAW_ERR_DEG=0.023 REQUESTED_MOVE=0.004948 EXECUTED_MOVE=0.004879 ATTEMPT=1 SUCCESS=1 TERMINATED=1 TRUNCATED=0
DAY7_EPISODE=5 LEVEL=L0 VALID=5/50 TECHNICAL=False SUCCESS=True REASON=
DAY4_RESET_GRIPPER=OPEN ANGLE_RAD=1.570000 EFFORT_NM=1.200000
DAY4_RESET_GRIPPER=AFTER_INITIAL_MOVE ANGLE_RAD=1.570000 EFFORT_NM=1.200000
TRIAL=006 VISUAL_CENTER=[0.30761122703552246, 0.004660755395889282, 0.025352525057846305] SURFACE=[0.30761122703552246, 0.004660755395889282, 0.050352525057846306] CONTOUR_DEG=0.00 AXIS_STD_DEG=0.00 FOOTPRINT=[0.04997378960251808, 0.04997378960251808] CONFIDENCE=0.9799
TRIAL=006 SELECTED_CONTOUR_ORIENTATION=+90.00deg TILT=20.3 LEAN=+1 SYMMETRY=1 IK_FK_POS_ERROR=0.000002m IK_FK_ORIENTATION_ERROR=0.000000rad FINGER_FK_LIFT=0.080000m FINGER_FK_DRIFT=0.000000m JOINT_MOTION=3.008428rad
DAY4_MOTION_DONE=1 ELAPSED_SIM=1.202 INITIAL_ERR=0.01660 FINAL_ERR=0.00022 ARM_V=0.00249
DAY4_STEP=1 EPISODE=006 STEP=01 DIST=0.020259 YAW_ERR_DEG=0.006 REQUESTED_MOVE=0.005001 EXECUTED_MOVE=0.004928 ATTEMPT=0 SUCCESS=0 TERMINATED=0 TRUNCATED=0
DAY4_MOTION_DONE=1 ELAPSED_SIM=1.202 INITIAL_ERR=0.01709 FINAL_ERR=0.00023 ARM_V=0.00256
DAY4_STEP=1 EPISODE=006 STEP=02 DIST=0.015362 YAW_ERR_DEG=0.013 REQUESTED_MOVE=0.004969 EXECUTED_MOVE=0.004899 ATTEMPT=0 SUCCESS=0 TERMINATED=0 TRUNCATED=0
DAY4_MOTION_DONE=1 ELAPSED_SIM=1.200 INITIAL_ERR=0.01723 FINAL_ERR=0.00026 ARM_V=0.00287
DAY4_STEP=1 EPISODE=006 STEP=03 DIST=0.010476 YAW_ERR_DEG=0.018 REQUESTED_MOVE=0.004958 EXECUTED_MOVE=0.004881 ATTEMPT=0 SUCCESS=0 TERMINATED=0 TRUNCATED=0
DAY4_MOTION_DONE=1 ELAPSED_SIM=1.200 INITIAL_ERR=0.01731 FINAL_ERR=0.00023 ARM_V=0.00259
DAY4_GRASP_ATTEMPT=1
TRIAL=006 PHASE=CLOSE_SEARCH
TRIAL=006 LEFT_CONTACT=0 RIGHT_CONTACT=0 STALL=0
TRIAL=006 LEFT_CONTACT=1 RIGHT_CONTACT=0 STALL=0
TRIAL=006 PHASE=WAIT_DUAL_CONTACT
TRIAL=006 PHASE=WAIT_STALL
TRIAL=006 LEFT_CONTACT=1 RIGHT_CONTACT=1 STALL=0 GRIPPER_ERROR=0.07217 VELOCITY=0.04760 CLOSURE_M=0.00023
TRIAL=006 LEFT_CONTACT=1 RIGHT_CONTACT=1 STALL=0 GRIPPER_ERROR=0.04787 VELOCITY=0.01642 CLOSURE_M=0.00096
TRIAL=006 LEFT_CONTACT=1 RIGHT_CONTACT=1 STALL=0 GRIPPER_ERROR=0.03945 VELOCITY=0.00646 CLOSURE_M=0.00123
TRIAL=006 LEFT_CONTACT=1 RIGHT_CONTACT=1 STALL=0 GRIPPER_ERROR=0.03420 VELOCITY=0.00495 CLOSURE_M=0.00139
TRIAL=006 LEFT_CONTACT=1 RIGHT_CONTACT=1 STALL=1 GRIPPER_ERROR=0.02973 VELOCITY=0.00449 CLOSURE_M=0.00153
TRIAL=006 PHASE=LIFT_80_MM
TRIAL=006 ACTUAL_LIFT_M=-0.00003 LEFT_CONTACT=1 RIGHT_CONTACT=1
TRIAL=006 ACTUAL_LIFT_M=0.02803 LEFT_CONTACT=1 RIGHT_CONTACT=1
TRIAL=006 ACTUAL_LIFT_M=0.05958 LEFT_CONTACT=1 RIGHT_CONTACT=1
TRIAL=006 PHASE=HOLD
TRIAL=006 HOLD_SIM_SEC=0.000 HOLD_WALL_SEC=0.000 ACTUAL_LIFT_M=0.07203 RELATIVE_SLIP_M=0.00000 LEFT_CONTACT=1 RIGHT_CONTACT=1
TRIAL=006 HOLD_SIM_SEC=0.862 HOLD_WALL_SEC=1.001 ACTUAL_LIFT_M=0.07531 RELATIVE_SLIP_M=0.00000 LEFT_CONTACT=1 RIGHT_CONTACT=1
TRIAL=006 HOLD_SIM_SEC=1.762 HOLD_WALL_SEC=2.001 ACTUAL_LIFT_M=0.07525 RELATIVE_SLIP_M=0.00000 LEFT_CONTACT=1 RIGHT_CONTACT=1
TRIAL=006 HOLD_SIM_SEC=2.662 HOLD_WALL_SEC=3.001 ACTUAL_LIFT_M=0.07517 RELATIVE_SLIP_M=0.00000 LEFT_CONTACT=1 RIGHT_CONTACT=1
TRIAL=006 HOLD_SIM_SEC=3.594 HOLD_WALL_SEC=4.001 ACTUAL_LIFT_M=0.07509 RELATIVE_SLIP_M=0.00000 LEFT_CONTACT=1 RIGHT_CONTACT=1
TRIAL=006 HOLD_SIM_SEC=4.526 HOLD_WALL_SEC=5.001 ACTUAL_LIFT_M=0.07500 RELATIVE_SLIP_M=0.00000 LEFT_CONTACT=1 RIGHT_CONTACT=1
TRIAL=006 PHASE=PLACE_DOWN
TRIAL=006 PHASE=OPEN_GRIPPER
TRIAL=006 PHASE=RETREAT_PREGRASP
TRIAL=006 PHASE=GRASP_SUCCESS
TRIAL=006 DAY5_PLACE_RELEASE=PASS
DAY4_GRASP_RESULT=SUCCESS
DAY4_STEP=1 EPISODE=006 STEP=04 DIST=0.005598 YAW_ERR_DEG=0.021 REQUESTED_MOVE=0.004950 EXECUTED_MOVE=0.004880 ATTEMPT=1 SUCCESS=1 TERMINATED=1 TRUNCATED=0
DAY7_EPISODE=6 LEVEL=L0 VALID=6/50 TECHNICAL=False SUCCESS=True REASON=
DAY4_RESET_GRIPPER=OPEN ANGLE_RAD=1.570000 EFFORT_NM=1.200000
DAY4_RESET_GRIPPER=AFTER_INITIAL_MOVE ANGLE_RAD=1.570000 EFFORT_NM=1.200000
TRIAL=007 VISUAL_CENTER=[0.30714359879493713, 0.001865641213953495, 0.025351535256359824] SURFACE=[0.30714359879493713, 0.001865641213953495, 0.050351535256359825] CONTOUR_DEG=0.00 AXIS_STD_DEG=0.00 FOOTPRINT=[0.04996420815587044, 0.04996420815587044] CONFIDENCE=0.9772
TRIAL=007 SELECTED_CONTOUR_ORIENTATION=+90.00deg TILT=20.1 LEAN=+1 SYMMETRY=1 IK_FK_POS_ERROR=0.000001m IK_FK_ORIENTATION_ERROR=0.000000rad FINGER_FK_LIFT=0.080000m FINGER_FK_DRIFT=0.000000m JOINT_MOTION=3.007804rad
DAY4_MOTION_DONE=1 ELAPSED_SIM=1.202 INITIAL_ERR=0.01662 FINAL_ERR=0.00025 ARM_V=0.00277
DAY4_STEP=1 EPISODE=007 STEP=01 DIST=0.020265 YAW_ERR_DEG=0.007 REQUESTED_MOVE=0.005002 EXECUTED_MOVE=0.004920 ATTEMPT=0 SUCCESS=0 TERMINATED=0 TRUNCATED=0
DAY4_MOTION_DONE=1 ELAPSED_SIM=1.202 INITIAL_ERR=0.01708 FINAL_ERR=0.00026 ARM_V=0.00285
DAY4_STEP=1 EPISODE=007 STEP=02 DIST=0.015375 YAW_ERR_DEG=0.013 REQUESTED_MOVE=0.004969 EXECUTED_MOVE=0.004891 ATTEMPT=0 SUCCESS=0 TERMINATED=0 TRUNCATED=0
DAY4_MOTION_DONE=1 ELAPSED_SIM=1.202 INITIAL_ERR=0.01722 FINAL_ERR=0.00026 ARM_V=0.00287
DAY4_STEP=1 EPISODE=007 STEP=03 DIST=0.010496 YAW_ERR_DEG=0.018 REQUESTED_MOVE=0.004958 EXECUTED_MOVE=0.004881 ATTEMPT=0 SUCCESS=0 TERMINATED=0 TRUNCATED=0
DAY4_MOTION_DONE=1 ELAPSED_SIM=1.202 INITIAL_ERR=0.01731 FINAL_ERR=0.00023 ARM_V=0.00260
DAY4_GRASP_ATTEMPT=1
TRIAL=007 PHASE=CLOSE_SEARCH
TRIAL=007 LEFT_CONTACT=0 RIGHT_CONTACT=0 STALL=0
TRIAL=007 LEFT_CONTACT=0 RIGHT_CONTACT=0 STALL=0
TRIAL=007 PHASE=WAIT_DUAL_CONTACT
TRIAL=007 PHASE=WAIT_STALL
TRIAL=007 LEFT_CONTACT=1 RIGHT_CONTACT=1 STALL=0 GRIPPER_ERROR=0.07280 VELOCITY=0.04782 CLOSURE_M=0.00022
TRIAL=007 LEFT_CONTACT=1 RIGHT_CONTACT=1 STALL=0 GRIPPER_ERROR=0.04944 VELOCITY=0.01511 CLOSURE_M=0.00093
TRIAL=007 LEFT_CONTACT=1 RIGHT_CONTACT=1 STALL=0 GRIPPER_ERROR=0.04174 VELOCITY=0.00609 CLOSURE_M=0.00117
TRIAL=007 LEFT_CONTACT=1 RIGHT_CONTACT=1 STALL=0 GRIPPER_ERROR=0.03669 VELOCITY=0.00483 CLOSURE_M=0.00134
TRIAL=007 LEFT_CONTACT=1 RIGHT_CONTACT=1 STALL=0 GRIPPER_ERROR=0.03236 VELOCITY=0.00446 CLOSURE_M=0.00147
TRIAL=007 PHASE=LIFT_80_MM
TRIAL=007 ACTUAL_LIFT_M=-0.00003 LEFT_CONTACT=1 RIGHT_CONTACT=1
TRIAL=007 ACTUAL_LIFT_M=0.02752 LEFT_CONTACT=1 RIGHT_CONTACT=1
TRIAL=007 ACTUAL_LIFT_M=0.06040 LEFT_CONTACT=1 RIGHT_CONTACT=1
TRIAL=007 PHASE=HOLD
TRIAL=007 HOLD_SIM_SEC=0.000 HOLD_WALL_SEC=0.001 ACTUAL_LIFT_M=0.07213 RELATIVE_SLIP_M=0.00000 LEFT_CONTACT=1 RIGHT_CONTACT=1
TRIAL=007 HOLD_SIM_SEC=0.890 HOLD_WALL_SEC=1.001 ACTUAL_LIFT_M=0.07520 RELATIVE_SLIP_M=0.00028 LEFT_CONTACT=1 RIGHT_CONTACT=1
TRIAL=007 HOLD_SIM_SEC=1.814 HOLD_WALL_SEC=2.001 ACTUAL_LIFT_M=0.07514 RELATIVE_SLIP_M=0.00028 LEFT_CONTACT=1 RIGHT_CONTACT=1
TRIAL=007 HOLD_SIM_SEC=2.744 HOLD_WALL_SEC=3.002 ACTUAL_LIFT_M=0.07506 RELATIVE_SLIP_M=0.00028 LEFT_CONTACT=1 RIGHT_CONTACT=1
TRIAL=007 HOLD_SIM_SEC=3.676 HOLD_WALL_SEC=4.002 ACTUAL_LIFT_M=0.07498 RELATIVE_SLIP_M=0.00028 LEFT_CONTACT=1 RIGHT_CONTACT=1
TRIAL=007 HOLD_SIM_SEC=4.614 HOLD_WALL_SEC=5.002 ACTUAL_LIFT_M=0.07489 RELATIVE_SLIP_M=0.00028 LEFT_CONTACT=1 RIGHT_CONTACT=1
TRIAL=007 PHASE=PLACE_DOWN
TRIAL=007 PHASE=OPEN_GRIPPER
TRIAL=007 PHASE=RETREAT_PREGRASP
TRIAL=007 PHASE=GRASP_SUCCESS
TRIAL=007 DAY5_PLACE_RELEASE=PASS
DAY4_GRASP_RESULT=SUCCESS
DAY4_STEP=1 EPISODE=007 STEP=04 DIST=0.005618 YAW_ERR_DEG=0.022 REQUESTED_MOVE=0.004950 EXECUTED_MOVE=0.004880 ATTEMPT=1 SUCCESS=1 TERMINATED=1 TRUNCATED=0
DAY7_EPISODE=7 LEVEL=L0 VALID=7/50 TECHNICAL=False SUCCESS=True REASON=
DAY4_RESET_GRIPPER=OPEN ANGLE_RAD=1.570000 EFFORT_NM=1.200000
DAY4_RESET_GRIPPER=AFTER_INITIAL_MOVE ANGLE_RAD=1.570000 EFFORT_NM=1.200000
TRIAL=008 VISUAL_CENTER=[0.3088487386703491, 0.007243808824568987, 0.025352641945328165] SURFACE=[0.3088487386703491, 0.007243808824568987, 0.050352641945328167] CONTOUR_DEG=0.00 AXIS_STD_DEG=0.00 FOOTPRINT=[0.04994649440050125, 0.04994649440050125] CONFIDENCE=0.9818
TRIAL=008 SELECTED_CONTOUR_ORIENTATION=+90.00deg TILT=20.9 LEAN=+1 SYMMETRY=1 IK_FK_POS_ERROR=0.000003m IK_FK_ORIENTATION_ERROR=0.000000rad FINGER_FK_LIFT=0.080000m FINGER_FK_DRIFT=0.000000m JOINT_MOTION=3.009835rad
DAY4_MOTION_DONE=1 ELAPSED_SIM=1.202 INITIAL_ERR=0.01654 FINAL_ERR=0.00025 ARM_V=0.00276
DAY4_STEP=1 EPISODE=008 STEP=01 DIST=0.020263 YAW_ERR_DEG=0.005 REQUESTED_MOVE=0.005001 EXECUTED_MOVE=0.004920 ATTEMPT=0 SUCCESS=0 TERMINATED=0 TRUNCATED=0
DAY4_MOTION_DONE=1 ELAPSED_SIM=1.200 INITIAL_ERR=0.01704 FINAL_ERR=0.00026 ARM_V=0.00284
DAY4_STEP=1 EPISODE=008 STEP=02 DIST=0.015374 YAW_ERR_DEG=0.012 REQUESTED_MOVE=0.004970 EXECUTED_MOVE=0.004891 ATTEMPT=0 SUCCESS=0 TERMINATED=0 TRUNCATED=0
DAY4_MOTION_DONE=1 ELAPSED_SIM=1.200 INITIAL_ERR=0.01719 FINAL_ERR=0.00026 ARM_V=0.00286
DAY4_STEP=1 EPISODE=008 STEP=03 DIST=0.010494 YAW_ERR_DEG=0.017 REQUESTED_MOVE=0.004958 EXECUTED_MOVE=0.004881 ATTEMPT=0 SUCCESS=0 TERMINATED=0 TRUNCATED=0
DAY4_MOTION_DONE=1 ELAPSED_SIM=1.202 INITIAL_ERR=0.01726 FINAL_ERR=0.00023 ARM_V=0.00259
DAY4_GRASP_ATTEMPT=1
TRIAL=008 PHASE=CLOSE_SEARCH
TRIAL=008 LEFT_CONTACT=0 RIGHT_CONTACT=0 STALL=0
TRIAL=008 LEFT_CONTACT=1 RIGHT_CONTACT=0 STALL=0
TRIAL=008 PHASE=WAIT_DUAL_CONTACT
TRIAL=008 PHASE=WAIT_STALL
TRIAL=008 LEFT_CONTACT=1 RIGHT_CONTACT=1 STALL=0 GRIPPER_ERROR=0.07426 VELOCITY=0.04223 CLOSURE_M=0.00017
TRIAL=008 LEFT_CONTACT=1 RIGHT_CONTACT=1 STALL=0 GRIPPER_ERROR=0.04591 VELOCITY=0.01618 CLOSURE_M=0.00101
TRIAL=008 LEFT_CONTACT=1 RIGHT_CONTACT=1 STALL=0 GRIPPER_ERROR=0.03697 VELOCITY=0.00700 CLOSURE_M=0.00128
TRIAL=008 LEFT_CONTACT=1 RIGHT_CONTACT=1 STALL=0 GRIPPER_ERROR=0.03138 VELOCITY=0.00505 CLOSURE_M=0.00145
TRIAL=008 PHASE=LIFT_80_MM
TRIAL=008 ACTUAL_LIFT_M=-0.00005 LEFT_CONTACT=1 RIGHT_CONTACT=1
TRIAL=008 ACTUAL_LIFT_M=0.02842 LEFT_CONTACT=1 RIGHT_CONTACT=1
TRIAL=008 ACTUAL_LIFT_M=0.06059 LEFT_CONTACT=1 RIGHT_CONTACT=1
TRIAL=008 PHASE=HOLD
TRIAL=008 HOLD_SIM_SEC=0.000 HOLD_WALL_SEC=0.000 ACTUAL_LIFT_M=0.07163 RELATIVE_SLIP_M=0.00000 LEFT_CONTACT=1 RIGHT_CONTACT=1
TRIAL=008 HOLD_SIM_SEC=0.896 HOLD_WALL_SEC=1.001 ACTUAL_LIFT_M=0.07511 RELATIVE_SLIP_M=0.00000 LEFT_CONTACT=1 RIGHT_CONTACT=1
TRIAL=008 HOLD_SIM_SEC=1.860 HOLD_WALL_SEC=2.001 ACTUAL_LIFT_M=0.07504 RELATIVE_SLIP_M=0.00000 LEFT_CONTACT=1 RIGHT_CONTACT=1
TRIAL=008 HOLD_SIM_SEC=2.808 HOLD_WALL_SEC=3.001 ACTUAL_LIFT_M=0.07496 RELATIVE_SLIP_M=0.00000 LEFT_CONTACT=1 RIGHT_CONTACT=1
TRIAL=008 HOLD_SIM_SEC=3.758 HOLD_WALL_SEC=4.002 ACTUAL_LIFT_M=0.07487 RELATIVE_SLIP_M=0.00000 LEFT_CONTACT=1 RIGHT_CONTACT=1
TRIAL=008 HOLD_SIM_SEC=4.696 HOLD_WALL_SEC=5.002 ACTUAL_LIFT_M=0.07478 RELATIVE_SLIP_M=0.00000 LEFT_CONTACT=1 RIGHT_CONTACT=1
TRIAL=008 PHASE=PLACE_DOWN
TRIAL=008 PHASE=OPEN_GRIPPER
TRIAL=008 PHASE=RETREAT_PREGRASP
TRIAL=008 PHASE=GRASP_SUCCESS
TRIAL=008 DAY5_PLACE_RELEASE=PASS
DAY4_GRASP_RESULT=SUCCESS
DAY4_STEP=1 EPISODE=008 STEP=04 DIST=0.005617 YAW_ERR_DEG=0.020 REQUESTED_MOVE=0.004950 EXECUTED_MOVE=0.004880 ATTEMPT=1 SUCCESS=1 TERMINATED=1 TRUNCATED=0
DAY7_EPISODE=8 LEVEL=L0 VALID=8/50 TECHNICAL=False SUCCESS=True REASON=
DAY4_RESET_GRIPPER=OPEN ANGLE_RAD=1.570000 EFFORT_NM=1.200000
DAY4_RESET_GRIPPER=AFTER_INITIAL_MOVE ANGLE_RAD=1.570000 EFFORT_NM=1.200000
TRIAL=009 VISUAL_CENTER=[0.3015068471431732, 0.0018442869186401367, 0.025348284224982955] SURFACE=[0.3015068471431732, 0.0018442869186401367, 0.050348284224982956] CONTOUR_DEG=0.00 AXIS_STD_DEG=0.00 FOOTPRINT=[0.050006747245788574, 0.050006747245788574] CONFIDENCE=0.9740
TRIAL=009 SELECTED_CONTOUR_ORIENTATION=+90.00deg TILT=17.5 LEAN=+1 SYMMETRY=1 IK_FK_POS_ERROR=0.000001m IK_FK_ORIENTATION_ERROR=0.000000rad FINGER_FK_LIFT=0.080000m FINGER_FK_DRIFT=0.000000m JOINT_MOTION=3.003652rad
DAY4_MOTION_DONE=1 ELAPSED_SIM=1.200 INITIAL_ERR=0.01687 FINAL_ERR=0.00023 ARM_V=0.00253
DAY4_STEP=1 EPISODE=009 STEP=01 DIST=0.020236 YAW_ERR_DEG=0.007 REQUESTED_MOVE=0.005003 EXECUTED_MOVE=0.004929 ATTEMPT=0 SUCCESS=0 TERMINATED=0 TRUNCATED=0
DAY4_MOTION_DONE=1 ELAPSED_SIM=1.200 INITIAL_ERR=0.01730 FINAL_ERR=0.00026 ARM_V=0.00288
DAY4_STEP=1 EPISODE=009 STEP=02 DIST=0.015346 YAW_ERR_DEG=0.014 REQUESTED_MOVE=0.004969 EXECUTED_MOVE=0.004891 ATTEMPT=0 SUCCESS=0 TERMINATED=0 TRUNCATED=0
DAY4_MOTION_DONE=1 ELAPSED_SIM=1.202 INITIAL_ERR=0.01741 FINAL_ERR=0.00029 ARM_V=0.00322
DAY4_STEP=1 EPISODE=009 STEP=03 DIST=0.010468 YAW_ERR_DEG=0.019 REQUESTED_MOVE=0.004957 EXECUTED_MOVE=0.004872 ATTEMPT=0 SUCCESS=0 TERMINATED=0 TRUNCATED=0
DAY4_MOTION_DONE=1 ELAPSED_SIM=1.200 INITIAL_ERR=0.01749 FINAL_ERR=0.00026 ARM_V=0.00291
DAY4_GRASP_ATTEMPT=1
TRIAL=009 PHASE=CLOSE_SEARCH
TRIAL=009 LEFT_CONTACT=0 RIGHT_CONTACT=0 STALL=0
TRIAL=009 LEFT_CONTACT=1 RIGHT_CONTACT=0 STALL=0
TRIAL=009 PHASE=WAIT_DUAL_CONTACT
TRIAL=009 PHASE=WAIT_STALL
TRIAL=009 LEFT_CONTACT=1 RIGHT_CONTACT=1 STALL=0 GRIPPER_ERROR=0.07439 VELOCITY=0.04517 CLOSURE_M=0.00017
TRIAL=009 LEFT_CONTACT=1 RIGHT_CONTACT=1 STALL=0 GRIPPER_ERROR=0.04727 VELOCITY=0.01692 CLOSURE_M=0.00101
TRIAL=009 LEFT_CONTACT=1 RIGHT_CONTACT=1 STALL=0 GRIPPER_ERROR=0.03849 VELOCITY=0.00658 CLOSURE_M=0.00129
TRIAL=009 LEFT_CONTACT=1 RIGHT_CONTACT=1 STALL=0 GRIPPER_ERROR=0.03324 VELOCITY=0.00496 CLOSURE_M=0.00146
TRIAL=009 PHASE=LIFT_80_MM
TRIAL=009 ACTUAL_LIFT_M=-0.00013 LEFT_CONTACT=1 RIGHT_CONTACT=1
TRIAL=009 ACTUAL_LIFT_M=0.02834 LEFT_CONTACT=1 RIGHT_CONTACT=1
TRIAL=009 ACTUAL_LIFT_M=0.06059 LEFT_CONTACT=1 RIGHT_CONTACT=1
TRIAL=009 PHASE=HOLD
TRIAL=009 HOLD_SIM_SEC=0.000 HOLD_WALL_SEC=0.000 ACTUAL_LIFT_M=0.07233 RELATIVE_SLIP_M=0.00000 LEFT_CONTACT=1 RIGHT_CONTACT=1
TRIAL=009 HOLD_SIM_SEC=0.902 HOLD_WALL_SEC=1.001 ACTUAL_LIFT_M=0.07521 RELATIVE_SLIP_M=0.00028 LEFT_CONTACT=1 RIGHT_CONTACT=1
TRIAL=009 HOLD_SIM_SEC=1.848 HOLD_WALL_SEC=2.001 ACTUAL_LIFT_M=0.07514 RELATIVE_SLIP_M=0.00028 LEFT_CONTACT=1 RIGHT_CONTACT=1
TRIAL=009 HOLD_SIM_SEC=2.796 HOLD_WALL_SEC=3.001 ACTUAL_LIFT_M=0.07506 RELATIVE_SLIP_M=0.00028 LEFT_CONTACT=1 RIGHT_CONTACT=1
TRIAL=009 HOLD_SIM_SEC=3.752 HOLD_WALL_SEC=4.001 ACTUAL_LIFT_M=0.07497 RELATIVE_SLIP_M=0.00028 LEFT_CONTACT=1 RIGHT_CONTACT=1
TRIAL=009 HOLD_SIM_SEC=4.644 HOLD_WALL_SEC=5.002 ACTUAL_LIFT_M=0.07489 RELATIVE_SLIP_M=0.00028 LEFT_CONTACT=1 RIGHT_CONTACT=1
TRIAL=009 PHASE=PLACE_DOWN
TRIAL=009 PHASE=OPEN_GRIPPER
TRIAL=009 PHASE=RETREAT_PREGRASP
TRIAL=009 PHASE=GRASP_SUCCESS
TRIAL=009 DAY5_PLACE_RELEASE=PASS
DAY4_GRASP_RESULT=SUCCESS
DAY4_STEP=1 EPISODE=009 STEP=04 DIST=0.005598 YAW_ERR_DEG=0.023 REQUESTED_MOVE=0.004949 EXECUTED_MOVE=0.004872 ATTEMPT=1 SUCCESS=1 TERMINATED=1 TRUNCATED=0
DAY7_EPISODE=9 LEVEL=L0 VALID=9/50 TECHNICAL=False SUCCESS=True REASON=
DAY4_RESET_GRIPPER=OPEN ANGLE_RAD=1.570000 EFFORT_NM=1.200000
DAY4_RESET_GRIPPER=AFTER_INITIAL_MOVE ANGLE_RAD=1.570000 EFFORT_NM=1.200000
TRIAL=010 VISUAL_CENTER=[0.30099326372146606, -0.008289486169815063, 0.02534800808345509] SURFACE=[0.30099326372146606, -0.008289486169815063, 0.05034800808345509] CONTOUR_DEG=0.00 AXIS_STD_DEG=0.00 FOOTPRINT=[0.04992424696683884, 0.04992424696683884] CONFIDENCE=0.9749
TRIAL=010 SELECTED_CONTOUR_ORIENTATION=+90.00deg TILT=17.3 LEAN=+1 SYMMETRY=1 IK_FK_POS_ERROR=0.000003m IK_FK_ORIENTATION_ERROR=0.000000rad FINGER_FK_LIFT=0.080000m FINGER_FK_DRIFT=0.000000m JOINT_MOTION=3.003437rad
DAY4_MOTION_DONE=1 ELAPSED_SIM=1.202 INITIAL_ERR=0.01690 FINAL_ERR=0.00025 ARM_V=0.00282
DAY4_STEP=1 EPISODE=010 STEP=01 DIST=0.020240 YAW_ERR_DEG=0.009 REQUESTED_MOVE=0.005003 EXECUTED_MOVE=0.004922 ATTEMPT=0 SUCCESS=0 TERMINATED=0 TRUNCATED=0
DAY4_MOTION_DONE=1 ELAPSED_SIM=1.200 INITIAL_ERR=0.01732 FINAL_ERR=0.00023 ARM_V=0.00260
DAY4_STEP=1 EPISODE=010 STEP=02 DIST=0.015343 YAW_ERR_DEG=0.016 REQUESTED_MOVE=0.004969 EXECUTED_MOVE=0.004899 ATTEMPT=0 SUCCESS=0 TERMINATED=0 TRUNCATED=0
DAY4_MOTION_DONE=1 ELAPSED_SIM=1.200 INITIAL_ERR=0.01745 FINAL_ERR=0.00026 ARM_V=0.00291
DAY4_STEP=1 EPISODE=010 STEP=03 DIST=0.010457 YAW_ERR_DEG=0.021 REQUESTED_MOVE=0.004957 EXECUTED_MOVE=0.004880 ATTEMPT=0 SUCCESS=0 TERMINATED=0 TRUNCATED=0
DAY4_MOTION_DONE=1 ELAPSED_SIM=1.200 INITIAL_ERR=0.01751 FINAL_ERR=0.00026 ARM_V=0.00292
DAY4_GRASP_ATTEMPT=1
TRIAL=010 PHASE=CLOSE_SEARCH
TRIAL=010 LEFT_CONTACT=0 RIGHT_CONTACT=0 STALL=0
TRIAL=010 LEFT_CONTACT=1 RIGHT_CONTACT=0 STALL=0
TRIAL=010 PHASE=WAIT_DUAL_CONTACT
TRIAL=010 PHASE=WAIT_STALL
TRIAL=010 LEFT_CONTACT=1 RIGHT_CONTACT=1 STALL=0 GRIPPER_ERROR=0.07416 VELOCITY=0.04273 CLOSURE_M=0.00017
TRIAL=010 LEFT_CONTACT=1 RIGHT_CONTACT=1 STALL=0 GRIPPER_ERROR=0.04658 VELOCITY=0.01804 CLOSURE_M=0.00102
TRIAL=010 LEFT_CONTACT=1 RIGHT_CONTACT=1 STALL=0 GRIPPER_ERROR=0.03762 VELOCITY=0.00682 CLOSURE_M=0.00130
TRIAL=010 LEFT_CONTACT=1 RIGHT_CONTACT=1 STALL=0 GRIPPER_ERROR=0.03218 VELOCITY=0.00503 CLOSURE_M=0.00147
TRIAL=010 PHASE=LIFT_80_MM
TRIAL=010 ACTUAL_LIFT_M=-0.00014 LEFT_CONTACT=1 RIGHT_CONTACT=1
TRIAL=010 ACTUAL_LIFT_M=0.02822 LEFT_CONTACT=1 RIGHT_CONTACT=1
TRIAL=010 ACTUAL_LIFT_M=0.06109 LEFT_CONTACT=1 RIGHT_CONTACT=1
TRIAL=010 PHASE=HOLD
TRIAL=010 HOLD_SIM_SEC=0.000 HOLD_WALL_SEC=0.001 ACTUAL_LIFT_M=0.07211 RELATIVE_SLIP_M=0.00000 LEFT_CONTACT=1 RIGHT_CONTACT=1
TRIAL=010 HOLD_SIM_SEC=0.880 HOLD_WALL_SEC=1.001 ACTUAL_LIFT_M=0.07504 RELATIVE_SLIP_M=0.00028 LEFT_CONTACT=1 RIGHT_CONTACT=1
TRIAL=010 HOLD_SIM_SEC=1.824 HOLD_WALL_SEC=2.001 ACTUAL_LIFT_M=0.07496 RELATIVE_SLIP_M=0.00028 LEFT_CONTACT=1 RIGHT_CONTACT=1
TRIAL=010 HOLD_SIM_SEC=2.768 HOLD_WALL_SEC=3.001 ACTUAL_LIFT_M=0.07488 RELATIVE_SLIP_M=0.00028 LEFT_CONTACT=1 RIGHT_CONTACT=1
TRIAL=010 HOLD_SIM_SEC=3.700 HOLD_WALL_SEC=4.001 ACTUAL_LIFT_M=0.07479 RELATIVE_SLIP_M=0.00028 LEFT_CONTACT=1 RIGHT_CONTACT=1
TRIAL=010 HOLD_SIM_SEC=4.642 HOLD_WALL_SEC=5.001 ACTUAL_LIFT_M=0.07471 RELATIVE_SLIP_M=0.00028 LEFT_CONTACT=1 RIGHT_CONTACT=1
TRIAL=010 PHASE=PLACE_DOWN
TRIAL=010 PHASE=OPEN_GRIPPER
TRIAL=010 PHASE=RETREAT_PREGRASP
TRIAL=010 PHASE=GRASP_SUCCESS
TRIAL=010 DAY5_PLACE_RELEASE=PASS
DAY4_GRASP_RESULT=SUCCESS
DAY4_STEP=1 EPISODE=010 STEP=04 DIST=0.005580 YAW_ERR_DEG=0.025 REQUESTED_MOVE=0.004949 EXECUTED_MOVE=0.004872 ATTEMPT=1 SUCCESS=1 TERMINATED=1 TRUNCATED=0
DAY7_EPISODE=10 LEVEL=L0 VALID=10/50 TECHNICAL=False SUCCESS=True REASON=
DAY4_RESET_GRIPPER=OPEN ANGLE_RAD=1.570000 EFFORT_NM=1.200000
DAY4_RESET_GRIPPER=AFTER_INITIAL_MOVE ANGLE_RAD=1.570000 EFFORT_NM=1.200000
TRIAL=011 VISUAL_CENTER=[0.3088091015815735, -0.005481800064444542, 0.025352408177573775] SURFACE=[0.3088091015815735, -0.005481800064444542, 0.050352408177573776] CONTOUR_DEG=0.00 AXIS_STD_DEG=0.00 FOOTPRINT=[0.05001482367515564, 0.05001482367515564] CONFIDENCE=0.9798
TRIAL=011 SELECTED_CONTOUR_ORIENTATION=+90.00deg TILT=20.9 LEAN=+1 SYMMETRY=1 IK_FK_POS_ERROR=0.000002m IK_FK_ORIENTATION_ERROR=0.000000rad FINGER_FK_LIFT=0.080000m FINGER_FK_DRIFT=0.000000m JOINT_MOTION=3.009946rad
DAY4_MOTION_DONE=1 ELAPSED_SIM=1.202 INITIAL_ERR=0.01653 FINAL_ERR=0.00025 ARM_V=0.00276
DAY4_STEP=1 EPISODE=011 STEP=01 DIST=0.020272 YAW_ERR_DEG=0.008 REQUESTED_MOVE=0.005002 EXECUTED_MOVE=0.004920 ATTEMPT=0 SUCCESS=0 TERMINATED=0 TRUNCATED=0
DAY4_MOTION_DONE=1 ELAPSED_SIM=1.200 INITIAL_ERR=0.01703 FINAL_ERR=0.00023 ARM_V=0.00255
DAY4_STEP=1 EPISODE=011 STEP=02 DIST=0.015375 YAW_ERR_DEG=0.015 REQUESTED_MOVE=0.004970 EXECUTED_MOVE=0.004899 ATTEMPT=0 SUCCESS=0 TERMINATED=0 TRUNCATED=0
DAY4_MOTION_DONE=1 ELAPSED_SIM=1.200 INITIAL_ERR=0.01719 FINAL_ERR=0.00023 ARM_V=0.00258
DAY4_STEP=1 EPISODE=011 STEP=03 DIST=0.010488 YAW_ERR_DEG=0.020 REQUESTED_MOVE=0.004958 EXECUTED_MOVE=0.004888 ATTEMPT=0 SUCCESS=0 TERMINATED=0 TRUNCATED=0
DAY4_MOTION_DONE=1 ELAPSED_SIM=1.200 INITIAL_ERR=0.01730 FINAL_ERR=0.00023 ARM_V=0.00259
DAY4_GRASP_ATTEMPT=1
TRIAL=011 PHASE=CLOSE_SEARCH
TRIAL=011 LEFT_CONTACT=0 RIGHT_CONTACT=0 STALL=0
TRIAL=011 LEFT_CONTACT=1 RIGHT_CONTACT=0 STALL=0
TRIAL=011 PHASE=WAIT_DUAL_CONTACT
TRIAL=011 PHASE=WAIT_STALL
TRIAL=011 LEFT_CONTACT=1 RIGHT_CONTACT=1 STALL=0 GRIPPER_ERROR=0.07211 VELOCITY=0.04859 CLOSURE_M=0.00023
TRIAL=011 LEFT_CONTACT=1 RIGHT_CONTACT=1 STALL=0 GRIPPER_ERROR=0.04599 VELOCITY=0.01632 CLOSURE_M=0.00103
TRIAL=011 LEFT_CONTACT=1 RIGHT_CONTACT=1 STALL=0 GRIPPER_ERROR=0.03785 VELOCITY=0.00646 CLOSURE_M=0.00128
TRIAL=011 LEFT_CONTACT=1 RIGHT_CONTACT=1 STALL=0 GRIPPER_ERROR=0.03253 VELOCITY=0.00495 CLOSURE_M=0.00145
TRIAL=011 PHASE=LIFT_80_MM
TRIAL=011 ACTUAL_LIFT_M=-0.00007 LEFT_CONTACT=1 RIGHT_CONTACT=1
TRIAL=011 ACTUAL_LIFT_M=0.02848 LEFT_CONTACT=1 RIGHT_CONTACT=1
TRIAL=011 ACTUAL_LIFT_M=0.06063 LEFT_CONTACT=1 RIGHT_CONTACT=1
TRIAL=011 PHASE=HOLD
TRIAL=011 HOLD_SIM_SEC=0.000 HOLD_WALL_SEC=0.000 ACTUAL_LIFT_M=0.07166 RELATIVE_SLIP_M=0.00000 LEFT_CONTACT=1 RIGHT_CONTACT=1
TRIAL=011 HOLD_SIM_SEC=0.892 HOLD_WALL_SEC=1.001 ACTUAL_LIFT_M=0.07505 RELATIVE_SLIP_M=0.00000 LEFT_CONTACT=1 RIGHT_CONTACT=1
TRIAL=011 HOLD_SIM_SEC=1.840 HOLD_WALL_SEC=2.001 ACTUAL_LIFT_M=0.07498 RELATIVE_SLIP_M=0.00000 LEFT_CONTACT=1 RIGHT_CONTACT=1
TRIAL=011 HOLD_SIM_SEC=2.784 HOLD_WALL_SEC=3.001 ACTUAL_LIFT_M=0.07490 RELATIVE_SLIP_M=0.00000 LEFT_CONTACT=1 RIGHT_CONTACT=1
TRIAL=011 HOLD_SIM_SEC=3.732 HOLD_WALL_SEC=4.001 ACTUAL_LIFT_M=0.07481 RELATIVE_SLIP_M=0.00000 LEFT_CONTACT=1 RIGHT_CONTACT=1
TRIAL=011 HOLD_SIM_SEC=4.664 HOLD_WALL_SEC=5.002 ACTUAL_LIFT_M=0.07473 RELATIVE_SLIP_M=0.00000 LEFT_CONTACT=1 RIGHT_CONTACT=1
TRIAL=011 PHASE=PLACE_DOWN
TRIAL=011 PHASE=OPEN_GRIPPER
TRIAL=011 PHASE=RETREAT_PREGRASP
TRIAL=011 PHASE=GRASP_SUCCESS
TRIAL=011 DAY5_PLACE_RELEASE=PASS
DAY4_GRASP_RESULT=SUCCESS
DAY4_STEP=1 EPISODE=011 STEP=04 DIST=0.005610 YAW_ERR_DEG=0.024 REQUESTED_MOVE=0.004950 EXECUTED_MOVE=0.004881 ATTEMPT=1 SUCCESS=1 TERMINATED=1 TRUNCATED=0
DAY7_EPISODE=11 LEVEL=L0 VALID=11/50 TECHNICAL=False SUCCESS=True REASON=
DAY4_RESET_GRIPPER=OPEN ANGLE_RAD=1.570000 EFFORT_NM=1.200000
DAY4_RESET_GRIPPER=AFTER_INITIAL_MOVE ANGLE_RAD=1.570000 EFFORT_NM=1.200000
TRIAL=012 VISUAL_CENTER=[0.30975769460201263, -0.004049726761877537, 0.025353180553273715] SURFACE=[0.30975769460201263, -0.004049726761877537, 0.050353180553273716] CONTOUR_DEG=0.00 AXIS_STD_DEG=0.00 FOOTPRINT=[0.049971966072916985, 0.049971966072916985] CONFIDENCE=0.9766
TRIAL=012 SELECTED_CONTOUR_ORIENTATION=+90.00deg TILT=21.3 LEAN=+1 SYMMETRY=1 IK_FK_POS_ERROR=0.000002m IK_FK_ORIENTATION_ERROR=0.000000rad FINGER_FK_LIFT=0.080000m FINGER_FK_DRIFT=0.000000m JOINT_MOTION=3.010712rad
DAY4_MOTION_DONE=1 ELAPSED_SIM=1.202 INITIAL_ERR=0.01650 FINAL_ERR=0.00022 ARM_V=0.00248
DAY4_STEP=1 EPISODE=012 STEP=01 DIST=0.020266 YAW_ERR_DEG=0.008 REQUESTED_MOVE=0.005001 EXECUTED_MOVE=0.004927 ATTEMPT=0 SUCCESS=0 TERMINATED=0 TRUNCATED=0
DAY4_MOTION_DONE=1 ELAPSED_SIM=1.200 INITIAL_ERR=0.01701 FINAL_ERR=0.00023 ARM_V=0.00255
DAY4_STEP=1 EPISODE=012 STEP=02 DIST=0.015369 YAW_ERR_DEG=0.015 REQUESTED_MOVE=0.004970 EXECUTED_MOVE=0.004899 ATTEMPT=0 SUCCESS=0 TERMINATED=0 TRUNCATED=0
DAY4_MOTION_DONE=1 ELAPSED_SIM=1.202 INITIAL_ERR=0.01716 FINAL_ERR=0.00023 ARM_V=0.00257
DAY4_STEP=1 EPISODE=012 STEP=03 DIST=0.010482 YAW_ERR_DEG=0.020 REQUESTED_MOVE=0.004958 EXECUTED_MOVE=0.004888 ATTEMPT=0 SUCCESS=0 TERMINATED=0 TRUNCATED=0
DAY4_MOTION_DONE=1 ELAPSED_SIM=1.200 INITIAL_ERR=0.01724 FINAL_ERR=0.00026 ARM_V=0.00287
DAY4_GRASP_ATTEMPT=1
TRIAL=012 PHASE=CLOSE_SEARCH
TRIAL=012 LEFT_CONTACT=0 RIGHT_CONTACT=0 STALL=0
TRIAL=012 LEFT_CONTACT=1 RIGHT_CONTACT=0 STALL=0
TRIAL=012 PHASE=WAIT_DUAL_CONTACT
TRIAL=012 PHASE=WAIT_STALL
TRIAL=012 LEFT_CONTACT=1 RIGHT_CONTACT=1 STALL=0 GRIPPER_ERROR=0.07238 VELOCITY=0.04661 CLOSURE_M=0.00023
TRIAL=012 LEFT_CONTACT=1 RIGHT_CONTACT=1 STALL=0 GRIPPER_ERROR=0.04781 VELOCITY=0.01622 CLOSURE_M=0.00098
TRIAL=012 LEFT_CONTACT=1 RIGHT_CONTACT=1 STALL=0 GRIPPER_ERROR=0.03958 VELOCITY=0.00641 CLOSURE_M=0.00123
TRIAL=012 LEFT_CONTACT=1 RIGHT_CONTACT=1 STALL=0 GRIPPER_ERROR=0.03436 VELOCITY=0.00493 CLOSURE_M=0.00140
TRIAL=012 LEFT_CONTACT=1 RIGHT_CONTACT=1 STALL=1 GRIPPER_ERROR=0.02997 VELOCITY=0.00450 CLOSURE_M=0.00154
TRIAL=012 PHASE=LIFT_80_MM
TRIAL=012 ACTUAL_LIFT_M=-0.00003 LEFT_CONTACT=1 RIGHT_CONTACT=1
TRIAL=012 ACTUAL_LIFT_M=0.02775 LEFT_CONTACT=1 RIGHT_CONTACT=1
TRIAL=012 ACTUAL_LIFT_M=0.05999 LEFT_CONTACT=1 RIGHT_CONTACT=1
TRIAL=012 PHASE=HOLD
TRIAL=012 HOLD_SIM_SEC=0.000 HOLD_WALL_SEC=0.000 ACTUAL_LIFT_M=0.07242 RELATIVE_SLIP_M=0.00000 LEFT_CONTACT=1 RIGHT_CONTACT=1
TRIAL=012 HOLD_SIM_SEC=0.884 HOLD_WALL_SEC=1.001 ACTUAL_LIFT_M=0.07529 RELATIVE_SLIP_M=0.00028 LEFT_CONTACT=1 RIGHT_CONTACT=1
TRIAL=012 HOLD_SIM_SEC=1.840 HOLD_WALL_SEC=2.001 ACTUAL_LIFT_M=0.07523 RELATIVE_SLIP_M=0.00028 LEFT_CONTACT=1 RIGHT_CONTACT=1
TRIAL=012 HOLD_SIM_SEC=2.782 HOLD_WALL_SEC=3.001 ACTUAL_LIFT_M=0.07514 RELATIVE_SLIP_M=0.00028 LEFT_CONTACT=1 RIGHT_CONTACT=1
TRIAL=012 HOLD_SIM_SEC=3.716 HOLD_WALL_SEC=4.001 ACTUAL_LIFT_M=0.07506 RELATIVE_SLIP_M=0.00028 LEFT_CONTACT=1 RIGHT_CONTACT=1
TRIAL=012 HOLD_SIM_SEC=4.660 HOLD_WALL_SEC=5.002 ACTUAL_LIFT_M=0.07498 RELATIVE_SLIP_M=0.00028 LEFT_CONTACT=1 RIGHT_CONTACT=1
TRIAL=012 PHASE=PLACE_DOWN
TRIAL=012 PHASE=OPEN_GRIPPER
TRIAL=012 PHASE=RETREAT_PREGRASP
TRIAL=012 PHASE=GRASP_SUCCESS
TRIAL=012 DAY5_PLACE_RELEASE=PASS
DAY4_GRASP_RESULT=SUCCESS
DAY4_STEP=1 EPISODE=012 STEP=04 DIST=0.005611 YAW_ERR_DEG=0.023 REQUESTED_MOVE=0.004950 EXECUTED_MOVE=0.004873 ATTEMPT=1 SUCCESS=1 TERMINATED=1 TRUNCATED=0
DAY7_EPISODE=12 LEVEL=L0 VALID=12/50 TECHNICAL=False SUCCESS=True REASON=
DAY4_RESET_GRIPPER=OPEN ANGLE_RAD=1.570000 EFFORT_NM=1.200000
DAY4_RESET_GRIPPER=AFTER_INITIAL_MOVE ANGLE_RAD=1.570000 EFFORT_NM=1.200000
DAY7_EPISODE=13 LEVEL=L0 VALID=12/50 TECHNICAL=True SUCCESS=False REASON=TestFailure: RESET_FAIL: Day4 reset failed after 1 attempts: RESET_FAIL: ign set_pose did not return true
DAY4_RESET_GRIPPER=OPEN ANGLE_RAD=1.570000 EFFORT_NM=1.200000
DAY4_RESET_GRIPPER=AFTER_INITIAL_MOVE ANGLE_RAD=1.570000 EFFORT_NM=1.200000
TRIAL=014 VISUAL_CENTER=[0.3010675311088562, 0.002672530710697174, 0.02534826447814354] SURFACE=[0.3010675311088562, 0.002672530710697174, 0.05034826447814354] CONTOUR_DEG=0.00 AXIS_STD_DEG=0.00 FOOTPRINT=[0.04995330795645714, 0.04995330795645714] CONFIDENCE=0.9755
TRIAL=014 SELECTED_CONTOUR_ORIENTATION=+90.00deg TILT=17.3 LEAN=+1 SYMMETRY=1 IK_FK_POS_ERROR=0.000001m IK_FK_ORIENTATION_ERROR=0.000000rad FINGER_FK_LIFT=0.080000m FINGER_FK_DRIFT=0.000000m JOINT_MOTION=3.003206rad
DAY4_MOTION_DONE=1 ELAPSED_SIM=1.200 INITIAL_ERR=0.01690 FINAL_ERR=0.00025 ARM_V=0.00282
DAY4_STEP=1 EPISODE=014 STEP=01 DIST=0.020241 YAW_ERR_DEG=0.007 REQUESTED_MOVE=0.005003 EXECUTED_MOVE=0.004922 ATTEMPT=0 SUCCESS=0 TERMINATED=0 TRUNCATED=0
DAY4_MOTION_DONE=1 ELAPSED_SIM=1.200 INITIAL_ERR=0.01731 FINAL_ERR=0.00026 ARM_V=0.00288
DAY4_STEP=1 EPISODE=014 STEP=02 DIST=0.015351 YAW_ERR_DEG=0.014 REQUESTED_MOVE=0.004969 EXECUTED_MOVE=0.004891 ATTEMPT=0 SUCCESS=0 TERMINATED=0 TRUNCATED=0
DAY4_MOTION_DONE=1 ELAPSED_SIM=1.200 INITIAL_ERR=0.01743 FINAL_ERR=0.00026 ARM_V=0.00290
DAY4_STEP=1 EPISODE=014 STEP=03 DIST=0.010472 YAW_ERR_DEG=0.019 REQUESTED_MOVE=0.004957 EXECUTED_MOVE=0.004880 ATTEMPT=0 SUCCESS=0 TERMINATED=0 TRUNCATED=0
DAY4_MOTION_DONE=1 ELAPSED_SIM=1.202 INITIAL_ERR=0.01750 FINAL_ERR=0.00026 ARM_V=0.00291
DAY4_GRASP_ATTEMPT=1
TRIAL=014 PHASE=CLOSE_SEARCH
TRIAL=014 LEFT_CONTACT=0 RIGHT_CONTACT=0 STALL=0
TRIAL=014 LEFT_CONTACT=0 RIGHT_CONTACT=0 STALL=0
TRIAL=014 PHASE=WAIT_DUAL_CONTACT
TRIAL=014 PHASE=WAIT_STALL
TRIAL=014 LEFT_CONTACT=1 RIGHT_CONTACT=1 STALL=0 GRIPPER_ERROR=0.06980 VELOCITY=0.04624 CLOSURE_M=0.00031
TRIAL=014 LEFT_CONTACT=1 RIGHT_CONTACT=1 STALL=0 GRIPPER_ERROR=0.04569 VELOCITY=0.01588 CLOSURE_M=0.00105
TRIAL=014 LEFT_CONTACT=1 RIGHT_CONTACT=1 STALL=0 GRIPPER_ERROR=0.03748 VELOCITY=0.00645 CLOSURE_M=0.00131
TRIAL=014 LEFT_CONTACT=1 RIGHT_CONTACT=1 STALL=0 GRIPPER_ERROR=0.03217 VELOCITY=0.00488 CLOSURE_M=0.00148
TRIAL=014 PHASE=LIFT_80_MM
TRIAL=014 ACTUAL_LIFT_M=-0.00017 LEFT_CONTACT=1 RIGHT_CONTACT=1
TRIAL=014 ACTUAL_LIFT_M=0.02793 LEFT_CONTACT=1 RIGHT_CONTACT=1
TRIAL=014 ACTUAL_LIFT_M=0.06082 LEFT_CONTACT=1 RIGHT_CONTACT=1
TRIAL=014 PHASE=HOLD
TRIAL=014 HOLD_SIM_SEC=0.000 HOLD_WALL_SEC=0.000 ACTUAL_LIFT_M=0.07187 RELATIVE_SLIP_M=0.00000 LEFT_CONTACT=1 RIGHT_CONTACT=1
TRIAL=014 HOLD_SIM_SEC=0.900 HOLD_WALL_SEC=1.001 ACTUAL_LIFT_M=0.07507 RELATIVE_SLIP_M=0.00000 LEFT_CONTACT=1 RIGHT_CONTACT=1
TRIAL=014 HOLD_SIM_SEC=1.848 HOLD_WALL_SEC=2.001 ACTUAL_LIFT_M=0.07500 RELATIVE_SLIP_M=0.00000 LEFT_CONTACT=1 RIGHT_CONTACT=1
TRIAL=014 HOLD_SIM_SEC=2.774 HOLD_WALL_SEC=3.001 ACTUAL_LIFT_M=0.07492 RELATIVE_SLIP_M=0.00000 LEFT_CONTACT=1 RIGHT_CONTACT=1
TRIAL=014 HOLD_SIM_SEC=3.716 HOLD_WALL_SEC=4.001 ACTUAL_LIFT_M=0.07483 RELATIVE_SLIP_M=0.00000 LEFT_CONTACT=1 RIGHT_CONTACT=1
TRIAL=014 HOLD_SIM_SEC=4.668 HOLD_WALL_SEC=5.001 ACTUAL_LIFT_M=0.07475 RELATIVE_SLIP_M=0.00000 LEFT_CONTACT=1 RIGHT_CONTACT=1
TRIAL=014 PHASE=PLACE_DOWN
TRIAL=014 PHASE=OPEN_GRIPPER
TRIAL=014 PHASE=RETREAT_PREGRASP
TRIAL=014 PHASE=GRASP_SUCCESS
TRIAL=014 DAY5_PLACE_RELEASE=PASS
DAY4_GRASP_RESULT=SUCCESS
DAY4_STEP=1 EPISODE=014 STEP=04 DIST=0.005603 YAW_ERR_DEG=0.022 REQUESTED_MOVE=0.004948 EXECUTED_MOVE=0.004872 ATTEMPT=1 SUCCESS=1 TERMINATED=1 TRUNCATED=0
DAY7_EPISODE=14 LEVEL=L0 VALID=13/50 TECHNICAL=False SUCCESS=True REASON=
DAY4_RESET_GRIPPER=OPEN ANGLE_RAD=1.570000 EFFORT_NM=1.200000
DAY4_RESET_GRIPPER=AFTER_INITIAL_MOVE ANGLE_RAD=1.570000 EFFORT_NM=1.200000
TRIAL=015 VISUAL_CENTER=[0.3075553774833679, -0.006020821630954742, 0.02535234972808182] SURFACE=[0.3075553774833679, -0.006020821630954742, 0.05035234972808182] CONTOUR_DEG=0.00 AXIS_STD_DEG=0.00 FOOTPRINT=[0.04991421103477478, 0.04991421103477478] CONFIDENCE=0.9767
TRIAL=015 SELECTED_CONTOUR_ORIENTATION=+90.00deg TILT=20.3 LEAN=+1 SYMMETRY=1 IK_FK_POS_ERROR=0.000003m IK_FK_ORIENTATION_ERROR=0.000000rad FINGER_FK_LIFT=0.080000m FINGER_FK_DRIFT=0.000000m JOINT_MOTION=3.008200rad
DAY4_MOTION_DONE=1 ELAPSED_SIM=1.200 INITIAL_ERR=0.01660 FINAL_ERR=0.00025 ARM_V=0.00277
DAY4_STEP=1 EPISODE=015 STEP=01 DIST=0.020258 YAW_ERR_DEG=0.008 REQUESTED_MOVE=0.005002 EXECUTED_MOVE=0.004920 ATTEMPT=0 SUCCESS=0 TERMINATED=0 TRUNCATED=0
DAY4_MOTION_DONE=1 ELAPSED_SIM=1.202 INITIAL_ERR=0.01708 FINAL_ERR=0.00026 ARM_V=0.00285
DAY4_STEP=1 EPISODE=015 STEP=02 DIST=0.015368 YAW_ERR_DEG=0.015 REQUESTED_MOVE=0.004970 EXECUTED_MOVE=0.004891 ATTEMPT=0 SUCCESS=0 TERMINATED=0 TRUNCATED=0
DAY4_MOTION_DONE=1 ELAPSED_SIM=1.200 INITIAL_ERR=0.01723 FINAL_ERR=0.00023 ARM_V=0.00258
DAY4_STEP=1 EPISODE=015 STEP=03 DIST=0.010481 YAW_ERR_DEG=0.020 REQUESTED_MOVE=0.004958 EXECUTED_MOVE=0.004888 ATTEMPT=0 SUCCESS=0 TERMINATED=0 TRUNCATED=0
DAY4_MOTION_DONE=1 ELAPSED_SIM=1.202 INITIAL_ERR=0.01731 FINAL_ERR=0.00023 ARM_V=0.00259
DAY4_GRASP_ATTEMPT=1
TRIAL=015 PHASE=CLOSE_SEARCH
TRIAL=015 LEFT_CONTACT=0 RIGHT_CONTACT=0 STALL=0
TRIAL=015 LEFT_CONTACT=1 RIGHT_CONTACT=0 STALL=0
TRIAL=015 PHASE=WAIT_DUAL_CONTACT
TRIAL=015 PHASE=WAIT_STALL
TRIAL=015 LEFT_CONTACT=1 RIGHT_CONTACT=1 STALL=0 GRIPPER_ERROR=0.07216 VELOCITY=0.04744 CLOSURE_M=0.00023
TRIAL=015 LEFT_CONTACT=1 RIGHT_CONTACT=1 STALL=0 GRIPPER_ERROR=0.04725 VELOCITY=0.01573 CLOSURE_M=0.00099
TRIAL=015 LEFT_CONTACT=1 RIGHT_CONTACT=1 STALL=0 GRIPPER_ERROR=0.03921 VELOCITY=0.00631 CLOSURE_M=0.00124
TRIAL=015 LEFT_CONTACT=1 RIGHT_CONTACT=1 STALL=0 GRIPPER_ERROR=0.03405 VELOCITY=0.00490 CLOSURE_M=0.00141
TRIAL=015 LEFT_CONTACT=1 RIGHT_CONTACT=1 STALL=1 GRIPPER_ERROR=0.02968 VELOCITY=0.00447 CLOSURE_M=0.00154
TRIAL=015 PHASE=LIFT_80_MM
TRIAL=015 ACTUAL_LIFT_M=-0.00005 LEFT_CONTACT=1 RIGHT_CONTACT=1
TRIAL=015 ACTUAL_LIFT_M=0.02792 LEFT_CONTACT=1 RIGHT_CONTACT=1
TRIAL=015 ACTUAL_LIFT_M=0.06083 LEFT_CONTACT=1 RIGHT_CONTACT=1
TRIAL=015 PHASE=HOLD
TRIAL=015 HOLD_SIM_SEC=0.000 HOLD_WALL_SEC=0.000 ACTUAL_LIFT_M=0.07189 RELATIVE_SLIP_M=0.00000 LEFT_CONTACT=1 RIGHT_CONTACT=1
TRIAL=015 HOLD_SIM_SEC=0.894 HOLD_WALL_SEC=1.001 ACTUAL_LIFT_M=0.07522 RELATIVE_SLIP_M=0.00000 LEFT_CONTACT=1 RIGHT_CONTACT=1
TRIAL=015 HOLD_SIM_SEC=1.828 HOLD_WALL_SEC=2.001 ACTUAL_LIFT_M=0.07515 RELATIVE_SLIP_M=0.00000 LEFT_CONTACT=1 RIGHT_CONTACT=1
TRIAL=015 HOLD_SIM_SEC=2.764 HOLD_WALL_SEC=3.001 ACTUAL_LIFT_M=0.07507 RELATIVE_SLIP_M=0.00000 LEFT_CONTACT=1 RIGHT_CONTACT=1
TRIAL=015 HOLD_SIM_SEC=3.724 HOLD_WALL_SEC=4.001 ACTUAL_LIFT_M=0.07499 RELATIVE_SLIP_M=0.00000 LEFT_CONTACT=1 RIGHT_CONTACT=1
TRIAL=015 HOLD_SIM_SEC=4.660 HOLD_WALL_SEC=5.001 ACTUAL_LIFT_M=0.07491 RELATIVE_SLIP_M=0.00000 LEFT_CONTACT=1 RIGHT_CONTACT=1
TRIAL=015 PHASE=PLACE_DOWN
TRIAL=015 PHASE=OPEN_GRIPPER
TRIAL=015 PHASE=RETREAT_PREGRASP
TRIAL=015 PHASE=GRASP_SUCCESS
TRIAL=015 DAY5_PLACE_RELEASE=PASS
DAY4_GRASP_RESULT=SUCCESS
DAY4_STEP=1 EPISODE=015 STEP=04 DIST=0.005603 YAW_ERR_DEG=0.024 REQUESTED_MOVE=0.004950 EXECUTED_MOVE=0.004881 ATTEMPT=1 SUCCESS=1 TERMINATED=1 TRUNCATED=0
DAY7_EPISODE=15 LEVEL=L0 VALID=14/50 TECHNICAL=False SUCCESS=True REASON=
DAY4_RESET_GRIPPER=OPEN ANGLE_RAD=1.570000 EFFORT_NM=1.200000
DAY4_RESET_GRIPPER=AFTER_INITIAL_MOVE ANGLE_RAD=1.570000 EFFORT_NM=1.200000
TRIAL=016 VISUAL_CENTER=[0.3009182810783386, -0.0006585642695426941, 0.025348284234991976] SURFACE=[0.3009182810783386, -0.0006585642695426941, 0.05034828423499198] CONTOUR_DEG=0.00 AXIS_STD_DEG=0.00 FOOTPRINT=[0.04998356103897095, 0.04998356103897095] CONFIDENCE=0.9762
TRIAL=016 SELECTED_CONTOUR_ORIENTATION=+90.00deg TILT=17.2 LEAN=+1 SYMMETRY=1 IK_FK_POS_ERROR=0.000000m IK_FK_ORIENTATION_ERROR=0.000000rad FINGER_FK_LIFT=0.080000m FINGER_FK_DRIFT=0.000000m JOINT_MOTION=3.026442rad
DAY4_MOTION_DONE=1 ELAPSED_SIM=1.202 INITIAL_ERR=0.01690 FINAL_ERR=0.00025 ARM_V=0.00282
DAY4_STEP=1 EPISODE=016 STEP=01 DIST=0.020240 YAW_ERR_DEG=0.007 REQUESTED_MOVE=0.005003 EXECUTED_MOVE=0.004922 ATTEMPT=0 SUCCESS=0 TERMINATED=0 TRUNCATED=0
DAY4_MOTION_DONE=1 ELAPSED_SIM=1.202 INITIAL_ERR=0.01729 FINAL_ERR=0.00029 ARM_V=0.00320
DAY4_STEP=1 EPISODE=016 STEP=02 DIST=0.015359 YAW_ERR_DEG=0.014 REQUESTED_MOVE=0.004969 EXECUTED_MOVE=0.004883 ATTEMPT=0 SUCCESS=0 TERMINATED=0 TRUNCATED=0
DAY4_MOTION_DONE=1 ELAPSED_SIM=1.200 INITIAL_ERR=0.01740 FINAL_ERR=0.00032 ARM_V=0.00358
DAY4_STEP=1 EPISODE=016 STEP=03 DIST=0.010488 YAW_ERR_DEG=0.020 REQUESTED_MOVE=0.004957 EXECUTED_MOVE=0.004863 ATTEMPT=0 SUCCESS=0 TERMINATED=0 TRUNCATED=0
DAY4_MOTION_DONE=1 ELAPSED_SIM=1.200 INITIAL_ERR=0.01745 FINAL_ERR=0.00029 ARM_V=0.00323
DAY4_GRASP_ATTEMPT=1
TRIAL=016 PHASE=CLOSE_SEARCH
TRIAL=016 LEFT_CONTACT=0 RIGHT_CONTACT=0 STALL=0
TRIAL=016 LEFT_CONTACT=0 RIGHT_CONTACT=0 STALL=0
TRIAL=016 PHASE=WAIT_DUAL_CONTACT
TRIAL=016 PHASE=WAIT_STALL
TRIAL=016 LEFT_CONTACT=1 RIGHT_CONTACT=1 STALL=0 GRIPPER_ERROR=0.07435 VELOCITY=0.04514 CLOSURE_M=0.00017
TRIAL=016 LEFT_CONTACT=1 RIGHT_CONTACT=1 STALL=0 GRIPPER_ERROR=0.04774 VELOCITY=0.01622 CLOSURE_M=0.00100
TRIAL=016 LEFT_CONTACT=1 RIGHT_CONTACT=1 STALL=0 GRIPPER_ERROR=0.03942 VELOCITY=0.00645 CLOSURE_M=0.00127
TRIAL=016 LEFT_CONTACT=1 RIGHT_CONTACT=1 STALL=0 GRIPPER_ERROR=0.03415 VELOCITY=0.00490 CLOSURE_M=0.00144
TRIAL=016 PHASE=LIFT_80_MM
TRIAL=016 ACTUAL_LIFT_M=-0.00012 LEFT_CONTACT=1 RIGHT_CONTACT=1
TRIAL=016 ACTUAL_LIFT_M=0.02824 LEFT_CONTACT=1 RIGHT_CONTACT=1
TRIAL=016 ACTUAL_LIFT_M=0.06042 LEFT_CONTACT=1 RIGHT_CONTACT=1
TRIAL=016 PHASE=HOLD
TRIAL=016 HOLD_SIM_SEC=0.000 HOLD_WALL_SEC=0.000 ACTUAL_LIFT_M=0.07214 RELATIVE_SLIP_M=0.00000 LEFT_CONTACT=1 RIGHT_CONTACT=1
TRIAL=016 HOLD_SIM_SEC=0.896 HOLD_WALL_SEC=1.001 ACTUAL_LIFT_M=0.07507 RELATIVE_SLIP_M=0.00028 LEFT_CONTACT=1 RIGHT_CONTACT=1
TRIAL=016 HOLD_SIM_SEC=1.834 HOLD_WALL_SEC=2.001 ACTUAL_LIFT_M=0.07501 RELATIVE_SLIP_M=0.00028 LEFT_CONTACT=1 RIGHT_CONTACT=1
TRIAL=016 HOLD_SIM_SEC=2.770 HOLD_WALL_SEC=3.001 ACTUAL_LIFT_M=0.07493 RELATIVE_SLIP_M=0.00028 LEFT_CONTACT=1 RIGHT_CONTACT=1
TRIAL=016 HOLD_SIM_SEC=3.722 HOLD_WALL_SEC=4.001 ACTUAL_LIFT_M=0.07484 RELATIVE_SLIP_M=0.00028 LEFT_CONTACT=1 RIGHT_CONTACT=1
TRIAL=016 HOLD_SIM_SEC=4.656 HOLD_WALL_SEC=5.001 ACTUAL_LIFT_M=0.07476 RELATIVE_SLIP_M=0.00028 LEFT_CONTACT=1 RIGHT_CONTACT=1
TRIAL=016 PHASE=PLACE_DOWN
TRIAL=016 PHASE=OPEN_GRIPPER
TRIAL=016 PHASE=RETREAT_PREGRASP
TRIAL=016 PHASE=GRASP_SUCCESS
TRIAL=016 DAY5_PLACE_RELEASE=PASS
DAY4_GRASP_RESULT=SUCCESS
DAY4_STEP=1 EPISODE=016 STEP=04 DIST=0.005627 YAW_ERR_DEG=0.023 REQUESTED_MOVE=0.004948 EXECUTED_MOVE=0.004864 ATTEMPT=1 SUCCESS=1 TERMINATED=1 TRUNCATED=0
DAY7_EPISODE=16 LEVEL=L0 VALID=15/50 TECHNICAL=False SUCCESS=True REASON=
DAY4_RESET_GRIPPER=OPEN ANGLE_RAD=1.570000 EFFORT_NM=1.200000
DAY4_RESET_GRIPPER=AFTER_INITIAL_MOVE ANGLE_RAD=1.570000 EFFORT_NM=1.200000
TRIAL=017 VISUAL_CENTER=[0.30303244292736053, -0.006887025199830532, 0.02534861048984418] SURFACE=[0.30303244292736053, -0.006887025199830532, 0.05034861048984418] CONTOUR_DEG=0.00 AXIS_STD_DEG=0.00 FOOTPRINT=[0.049946246668696404, 0.049946246668696404] CONFIDENCE=0.9768
TRIAL=017 SELECTED_CONTOUR_ORIENTATION=+90.00deg TILT=18.2 LEAN=+1 SYMMETRY=1 IK_FK_POS_ERROR=0.000003m IK_FK_ORIENTATION_ERROR=0.000000rad FINGER_FK_LIFT=0.080000m FINGER_FK_DRIFT=0.000000m JOINT_MOTION=3.004630rad
DAY4_MOTION_DONE=1 ELAPSED_SIM=1.200 INITIAL_ERR=0.01681 FINAL_ERR=0.00023 ARM_V=0.00252
DAY4_STEP=1 EPISODE=017 STEP=01 DIST=0.020241 YAW_ERR_DEG=0.009 REQUESTED_MOVE=0.005002 EXECUTED_MOVE=0.004929 ATTEMPT=0 SUCCESS=0 TERMINATED=0 TRUNCATED=0
DAY4_MOTION_DONE=1 ELAPSED_SIM=1.200 INITIAL_ERR=0.01725 FINAL_ERR=0.00026 ARM_V=0.00287
DAY4_STEP=1 EPISODE=017 STEP=02 DIST=0.015351 YAW_ERR_DEG=0.016 REQUESTED_MOVE=0.004969 EXECUTED_MOVE=0.004891 ATTEMPT=0 SUCCESS=0 TERMINATED=0 TRUNCATED=0
DAY4_MOTION_DONE=1 ELAPSED_SIM=1.202 INITIAL_ERR=0.01737 FINAL_ERR=0.00023 ARM_V=0.00260
DAY4_STEP=1 EPISODE=017 STEP=03 DIST=0.010465 YAW_ERR_DEG=0.021 REQUESTED_MOVE=0.004957 EXECUTED_MOVE=0.004888 ATTEMPT=0 SUCCESS=0 TERMINATED=0 TRUNCATED=0
DAY4_MOTION_DONE=1 ELAPSED_SIM=1.200 INITIAL_ERR=0.01744 FINAL_ERR=0.00024 ARM_V=0.00261
DAY4_GRASP_ATTEMPT=1
TRIAL=017 PHASE=CLOSE_SEARCH
TRIAL=017 LEFT_CONTACT=0 RIGHT_CONTACT=0 STALL=0
TRIAL=017 LEFT_CONTACT=1 RIGHT_CONTACT=0 STALL=0
TRIAL=017 PHASE=WAIT_DUAL_CONTACT
TRIAL=017 PHASE=WAIT_STALL
TRIAL=017 LEFT_CONTACT=1 RIGHT_CONTACT=1 STALL=0 GRIPPER_ERROR=0.07427 VELOCITY=0.04580 CLOSURE_M=0.00017
TRIAL=017 LEFT_CONTACT=1 RIGHT_CONTACT=1 STALL=0 GRIPPER_ERROR=0.04717 VELOCITY=0.01622 CLOSURE_M=0.00100
TRIAL=017 LEFT_CONTACT=1 RIGHT_CONTACT=1 STALL=0 GRIPPER_ERROR=0.03909 VELOCITY=0.00635 CLOSURE_M=0.00126
TRIAL=017 LEFT_CONTACT=1 RIGHT_CONTACT=1 STALL=0 GRIPPER_ERROR=0.03389 VELOCITY=0.00491 CLOSURE_M=0.00142
TRIAL=017 PHASE=LIFT_80_MM
TRIAL=017 ACTUAL_LIFT_M=-0.00005 LEFT_CONTACT=1 RIGHT_CONTACT=1
TRIAL=017 ACTUAL_LIFT_M=0.02791 LEFT_CONTACT=1 RIGHT_CONTACT=1
TRIAL=017 ACTUAL_LIFT_M=0.06078 LEFT_CONTACT=1 RIGHT_CONTACT=1
TRIAL=017 PHASE=HOLD
TRIAL=017 HOLD_SIM_SEC=0.000 HOLD_WALL_SEC=0.000 ACTUAL_LIFT_M=0.07183 RELATIVE_SLIP_M=0.00000 LEFT_CONTACT=1 RIGHT_CONTACT=1
TRIAL=017 HOLD_SIM_SEC=0.880 HOLD_WALL_SEC=1.000 ACTUAL_LIFT_M=0.07515 RELATIVE_SLIP_M=0.00000 LEFT_CONTACT=1 RIGHT_CONTACT=1
TRIAL=017 HOLD_SIM_SEC=1.820 HOLD_WALL_SEC=2.001 ACTUAL_LIFT_M=0.07508 RELATIVE_SLIP_M=0.00000 LEFT_CONTACT=1 RIGHT_CONTACT=1
TRIAL=017 HOLD_SIM_SEC=2.770 HOLD_WALL_SEC=3.001 ACTUAL_LIFT_M=0.07500 RELATIVE_SLIP_M=0.00000 LEFT_CONTACT=1 RIGHT_CONTACT=1
TRIAL=017 HOLD_SIM_SEC=3.712 HOLD_WALL_SEC=4.001 ACTUAL_LIFT_M=0.07491 RELATIVE_SLIP_M=0.00000 LEFT_CONTACT=1 RIGHT_CONTACT=1
TRIAL=017 HOLD_SIM_SEC=4.640 HOLD_WALL_SEC=5.001 ACTUAL_LIFT_M=0.07483 RELATIVE_SLIP_M=0.00000 LEFT_CONTACT=1 RIGHT_CONTACT=1
TRIAL=017 PHASE=PLACE_DOWN
TRIAL=017 PHASE=OPEN_GRIPPER
TRIAL=017 PHASE=RETREAT_PREGRASP
TRIAL=017 PHASE=GRASP_SUCCESS
TRIAL=017 DAY5_PLACE_RELEASE=PASS
DAY4_GRASP_RESULT=SUCCESS
DAY4_STEP=1 EPISODE=017 STEP=04 DIST=0.005588 YAW_ERR_DEG=0.025 REQUESTED_MOVE=0.004949 EXECUTED_MOVE=0.004880 ATTEMPT=1 SUCCESS=1 TERMINATED=1 TRUNCATED=0
DAY7_EPISODE=17 LEVEL=L0 VALID=16/50 TECHNICAL=False SUCCESS=True REASON=
DAY4_RESET_GRIPPER=OPEN ANGLE_RAD=1.570000 EFFORT_NM=1.200000
DAY4_RESET_GRIPPER=AFTER_INITIAL_MOVE ANGLE_RAD=1.570000 EFFORT_NM=1.200000
TRIAL=018 VISUAL_CENTER=[0.29907292127609253, -0.006466064602136612, 0.025348047545931736] SURFACE=[0.29907292127609253, -0.006466064602136612, 0.05034804754593174] CONTOUR_DEG=0.00 AXIS_STD_DEG=0.00 FOOTPRINT=[0.049991682171821594, 0.049991682171821594] CONFIDENCE=0.9751
TRIAL=018 SELECTED_CONTOUR_ORIENTATION=+90.00deg TILT=16.4 LEAN=+1 SYMMETRY=1 IK_FK_POS_ERROR=0.000002m IK_FK_ORIENTATION_ERROR=0.000000rad FINGER_FK_LIFT=0.080000m FINGER_FK_DRIFT=0.000000m JOINT_MOTION=3.002637rad
DAY4_MOTION_DONE=1 ELAPSED_SIM=1.200 INITIAL_ERR=0.01699 FINAL_ERR=0.00025 ARM_V=0.00283
DAY4_STEP=1 EPISODE=018 STEP=01 DIST=0.020226 YAW_ERR_DEG=0.008 REQUESTED_MOVE=0.005003 EXECUTED_MOVE=0.004923 ATTEMPT=0 SUCCESS=0 TERMINATED=0 TRUNCATED=0
DAY4_MOTION_DONE=1 ELAPSED_SIM=1.200 INITIAL_ERR=0.01740 FINAL_ERR=0.00026 ARM_V=0.00290
DAY4_STEP=1 EPISODE=018 STEP=02 DIST=0.015329 YAW_ERR_DEG=0.016 REQUESTED_MOVE=0.004969 EXECUTED_MOVE=0.004891 ATTEMPT=0 SUCCESS=0 TERMINATED=0 TRUNCATED=0
DAY4_MOTION_DONE=1 ELAPSED_SIM=1.202 INITIAL_ERR=0.01754 FINAL_ERR=0.00026 ARM_V=0.00292
DAY4_STEP=1 EPISODE=018 STEP=03 DIST=0.010450 YAW_ERR_DEG=0.021 REQUESTED_MOVE=0.004957 EXECUTED_MOVE=0.004880 ATTEMPT=0 SUCCESS=0 TERMINATED=0 TRUNCATED=0
DAY4_MOTION_DONE=1 ELAPSED_SIM=1.202 INITIAL_ERR=0.01757 FINAL_ERR=0.00024 ARM_V=0.00263
DAY4_GRASP_ATTEMPT=1
TRIAL=018 PHASE=CLOSE_SEARCH
TRIAL=018 LEFT_CONTACT=0 RIGHT_CONTACT=0 STALL=0
TRIAL=018 LEFT_CONTACT=1 RIGHT_CONTACT=0 STALL=0
TRIAL=018 PHASE=WAIT_DUAL_CONTACT
TRIAL=018 PHASE=WAIT_STALL
TRIAL=018 LEFT_CONTACT=1 RIGHT_CONTACT=1 STALL=0 GRIPPER_ERROR=0.07440 VELOCITY=0.04361 CLOSURE_M=0.00017
TRIAL=018 LEFT_CONTACT=1 RIGHT_CONTACT=1 STALL=0 GRIPPER_ERROR=0.04605 VELOCITY=0.01769 CLOSURE_M=0.00104
TRIAL=018 LEFT_CONTACT=1 RIGHT_CONTACT=1 STALL=0 GRIPPER_ERROR=0.03703 VELOCITY=0.00673 CLOSURE_M=0.00133
TRIAL=018 LEFT_CONTACT=1 RIGHT_CONTACT=1 STALL=0 GRIPPER_ERROR=0.03176 VELOCITY=0.00501 CLOSURE_M=0.00150
TRIAL=018 PHASE=LIFT_80_MM
TRIAL=018 ACTUAL_LIFT_M=-0.00022 LEFT_CONTACT=1 RIGHT_CONTACT=1
TRIAL=018 ACTUAL_LIFT_M=0.02814 LEFT_CONTACT=1 RIGHT_CONTACT=1
TRIAL=018 ACTUAL_LIFT_M=0.06034 LEFT_CONTACT=1 RIGHT_CONTACT=1
TRIAL=018 PHASE=HOLD
TRIAL=018 HOLD_SIM_SEC=0.000 HOLD_WALL_SEC=0.000 ACTUAL_LIFT_M=0.07206 RELATIVE_SLIP_M=0.00000 LEFT_CONTACT=1 RIGHT_CONTACT=1
TRIAL=018 HOLD_SIM_SEC=0.898 HOLD_WALL_SEC=1.000 ACTUAL_LIFT_M=0.07498 RELATIVE_SLIP_M=0.00028 LEFT_CONTACT=1 RIGHT_CONTACT=1
TRIAL=018 HOLD_SIM_SEC=1.832 HOLD_WALL_SEC=2.001 ACTUAL_LIFT_M=0.07491 RELATIVE_SLIP_M=0.00028 LEFT_CONTACT=1 RIGHT_CONTACT=1
TRIAL=018 HOLD_SIM_SEC=2.760 HOLD_WALL_SEC=3.001 ACTUAL_LIFT_M=0.07483 RELATIVE_SLIP_M=0.00028 LEFT_CONTACT=1 RIGHT_CONTACT=1
TRIAL=018 HOLD_SIM_SEC=3.694 HOLD_WALL_SEC=4.001 ACTUAL_LIFT_M=0.07474 RELATIVE_SLIP_M=0.00028 LEFT_CONTACT=1 RIGHT_CONTACT=1
TRIAL=018 HOLD_SIM_SEC=4.636 HOLD_WALL_SEC=5.001 ACTUAL_LIFT_M=0.07466 RELATIVE_SLIP_M=0.00028 LEFT_CONTACT=1 RIGHT_CONTACT=1
TRIAL=018 PHASE=PLACE_DOWN
TRIAL=018 PHASE=OPEN_GRIPPER
TRIAL=018 PHASE=RETREAT_PREGRASP
TRIAL=018 PHASE=GRASP_SUCCESS
TRIAL=018 DAY5_PLACE_RELEASE=PASS
DAY4_GRASP_RESULT=SUCCESS
DAY4_STEP=1 EPISODE=018 STEP=04 DIST=0.005574 YAW_ERR_DEG=0.025 REQUESTED_MOVE=0.004948 EXECUTED_MOVE=0.004879 ATTEMPT=1 SUCCESS=1 TERMINATED=1 TRUNCATED=0
DAY7_EPISODE=18 LEVEL=L0 VALID=17/50 TECHNICAL=False SUCCESS=True REASON=
DAY4_RESET_GRIPPER=OPEN ANGLE_RAD=1.570000 EFFORT_NM=1.200000
DAY4_RESET_GRIPPER=AFTER_INITIAL_MOVE ANGLE_RAD=1.570000 EFFORT_NM=1.200000
TRIAL=019 VISUAL_CENTER=[0.30669867992401123, -0.0008915066719055176, 0.02535128119563488] SURFACE=[0.30669867992401123, -0.0008915066719055176, 0.05035128119563488] CONTOUR_DEG=0.00 AXIS_STD_DEG=0.00 FOOTPRINT=[0.050012536346912384, 0.050012536346912384] CONFIDENCE=0.9830
TRIAL=019 SELECTED_CONTOUR_ORIENTATION=+90.00deg TILT=19.9 LEAN=+1 SYMMETRY=1 IK_FK_POS_ERROR=0.000000m IK_FK_ORIENTATION_ERROR=0.000000rad FINGER_FK_LIFT=0.080000m FINGER_FK_DRIFT=0.000000m JOINT_MOTION=3.014365rad
DAY4_MOTION_DONE=1 ELAPSED_SIM=1.202 INITIAL_ERR=0.01663 FINAL_ERR=0.00028 ARM_V=0.00308
DAY4_STEP=1 EPISODE=019 STEP=01 DIST=0.020264 YAW_ERR_DEG=0.007 REQUESTED_MOVE=0.005002 EXECUTED_MOVE=0.004912 ATTEMPT=0 SUCCESS=0 TERMINATED=0 TRUNCATED=0
DAY4_MOTION_DONE=1 ELAPSED_SIM=1.202 INITIAL_ERR=0.01711 FINAL_ERR=0.00028 ARM_V=0.00316
DAY4_STEP=1 EPISODE=019 STEP=02 DIST=0.015374 YAW_ERR_DEG=0.014 REQUESTED_MOVE=0.004969 EXECUTED_MOVE=0.004883 ATTEMPT=0 SUCCESS=0 TERMINATED=0 TRUNCATED=0
DAY4_MOTION_DONE=1 ELAPSED_SIM=1.200 INITIAL_ERR=0.01724 FINAL_ERR=0.00026 ARM_V=0.00287
DAY4_STEP=1 EPISODE=019 STEP=03 DIST=0.010488 YAW_ERR_DEG=0.019 REQUESTED_MOVE=0.004958 EXECUTED_MOVE=0.004881 ATTEMPT=0 SUCCESS=0 TERMINATED=0 TRUNCATED=0
DAY4_MOTION_DONE=1 ELAPSED_SIM=1.202 INITIAL_ERR=0.01731 FINAL_ERR=0.00029 ARM_V=0.00320
DAY4_GRASP_ATTEMPT=1
TRIAL=019 PHASE=CLOSE_SEARCH
TRIAL=019 LEFT_CONTACT=0 RIGHT_CONTACT=0 STALL=0
TRIAL=019 LEFT_CONTACT=1 RIGHT_CONTACT=0 STALL=0
TRIAL=019 PHASE=WAIT_DUAL_CONTACT
TRIAL=019 PHASE=WAIT_STALL
TRIAL=019 LEFT_CONTACT=1 RIGHT_CONTACT=1 STALL=0 GRIPPER_ERROR=0.07236 VELOCITY=0.04808 CLOSURE_M=0.00023
TRIAL=019 LEFT_CONTACT=1 RIGHT_CONTACT=1 STALL=0 GRIPPER_ERROR=0.04687 VELOCITY=0.01640 CLOSURE_M=0.00102
TRIAL=019 LEFT_CONTACT=1 RIGHT_CONTACT=1 STALL=0 GRIPPER_ERROR=0.03830 VELOCITY=0.00639 CLOSURE_M=0.00130
TRIAL=019 LEFT_CONTACT=1 RIGHT_CONTACT=1 STALL=0 GRIPPER_ERROR=0.03308 VELOCITY=0.00493 CLOSURE_M=0.00146
TRIAL=019 PHASE=LIFT_80_MM
TRIAL=019 ACTUAL_LIFT_M=-0.00019 LEFT_CONTACT=1 RIGHT_CONTACT=1
TRIAL=019 ACTUAL_LIFT_M=0.02807 LEFT_CONTACT=1 RIGHT_CONTACT=1
TRIAL=019 ACTUAL_LIFT_M=0.06022 LEFT_CONTACT=1 RIGHT_CONTACT=1
TRIAL=019 PHASE=HOLD
TRIAL=019 HOLD_SIM_SEC=0.000 HOLD_WALL_SEC=0.000 ACTUAL_LIFT_M=0.07192 RELATIVE_SLIP_M=0.00000 LEFT_CONTACT=1 RIGHT_CONTACT=1
TRIAL=019 HOLD_SIM_SEC=0.890 HOLD_WALL_SEC=1.001 ACTUAL_LIFT_M=0.07492 RELATIVE_SLIP_M=0.00028 LEFT_CONTACT=1 RIGHT_CONTACT=1
TRIAL=019 HOLD_SIM_SEC=1.830 HOLD_WALL_SEC=2.001 ACTUAL_LIFT_M=0.07485 RELATIVE_SLIP_M=0.00028 LEFT_CONTACT=1 RIGHT_CONTACT=1
TRIAL=019 HOLD_SIM_SEC=2.778 HOLD_WALL_SEC=3.001 ACTUAL_LIFT_M=0.07477 RELATIVE_SLIP_M=0.00028 LEFT_CONTACT=1 RIGHT_CONTACT=1
TRIAL=019 HOLD_SIM_SEC=3.724 HOLD_WALL_SEC=4.001 ACTUAL_LIFT_M=0.07469 RELATIVE_SLIP_M=0.00028 LEFT_CONTACT=1 RIGHT_CONTACT=1
TRIAL=019 HOLD_SIM_SEC=4.662 HOLD_WALL_SEC=5.002 ACTUAL_LIFT_M=0.07461 RELATIVE_SLIP_M=0.00028 LEFT_CONTACT=1 RIGHT_CONTACT=1
TRIAL=019 PHASE=PLACE_DOWN
TRIAL=019 PHASE=OPEN_GRIPPER
TRIAL=019 PHASE=RETREAT_PREGRASP
TRIAL=019 PHASE=GRASP_SUCCESS
TRIAL=019 DAY5_PLACE_RELEASE=PASS
DAY4_GRASP_RESULT=SUCCESS
DAY4_STEP=1 EPISODE=019 STEP=04 DIST=0.005618 YAW_ERR_DEG=0.023 REQUESTED_MOVE=0.004950 EXECUTED_MOVE=0.004865 ATTEMPT=1 SUCCESS=1 TERMINATED=1 TRUNCATED=0
DAY7_EPISODE=19 LEVEL=L0 VALID=18/50 TECHNICAL=False SUCCESS=True REASON=
DAY4_RESET_GRIPPER=OPEN ANGLE_RAD=1.570000 EFFORT_NM=1.200000
DAY4_RESET_GRIPPER=AFTER_INITIAL_MOVE ANGLE_RAD=1.570000 EFFORT_NM=1.200000
TRIAL=020 VISUAL_CENTER=[0.302960067987442, 0.0051038917154073715, 0.025349180635981954] SURFACE=[0.302960067987442, 0.0051038917154073715, 0.050349180635981955] CONTOUR_DEG=0.00 AXIS_STD_DEG=0.00 FOOTPRINT=[0.049981940537691116, 0.049981940537691116] CONFIDENCE=0.9772
TRIAL=020 SELECTED_CONTOUR_ORIENTATION=+90.00deg TILT=18.2 LEAN=+1 SYMMETRY=1 IK_FK_POS_ERROR=0.000002m IK_FK_ORIENTATION_ERROR=0.000000rad FINGER_FK_LIFT=0.080000m FINGER_FK_DRIFT=0.000000m JOINT_MOTION=3.004607rad
DAY4_MOTION_DONE=1 ELAPSED_SIM=1.200 INITIAL_ERR=0.01681 FINAL_ERR=0.00023 ARM_V=0.00252
DAY4_STEP=1 EPISODE=020 STEP=01 DIST=0.020241 YAW_ERR_DEG=0.006 REQUESTED_MOVE=0.005002 EXECUTED_MOVE=0.004929 ATTEMPT=0 SUCCESS=0 TERMINATED=0 TRUNCATED=0
DAY4_MOTION_DONE=1 ELAPSED_SIM=1.202 INITIAL_ERR=0.01725 FINAL_ERR=0.00026 ARM_V=0.00287
DAY4_STEP=1 EPISODE=020 STEP=02 DIST=0.015344 YAW_ERR_DEG=0.013 REQUESTED_MOVE=0.004969 EXECUTED_MOVE=0.004891 ATTEMPT=0 SUCCESS=0 TERMINATED=0 TRUNCATED=0
DAY4_MOTION_DONE=1 ELAPSED_SIM=1.200 INITIAL_ERR=0.01739 FINAL_ERR=0.00023 ARM_V=0.00261
DAY4_STEP=1 EPISODE=020 STEP=03 DIST=0.010458 YAW_ERR_DEG=0.018 REQUESTED_MOVE=0.004957 EXECUTED_MOVE=0.004887 ATTEMPT=0 SUCCESS=0 TERMINATED=0 TRUNCATED=0
DAY4_MOTION_DONE=1 ELAPSED_SIM=1.200 INITIAL_ERR=0.01745 FINAL_ERR=0.00024 ARM_V=0.00262
DAY4_GRASP_ATTEMPT=1
TRIAL=020 PHASE=CLOSE_SEARCH
TRIAL=020 LEFT_CONTACT=0 RIGHT_CONTACT=0 STALL=0
TRIAL=020 LEFT_CONTACT=0 RIGHT_CONTACT=0 STALL=0
TRIAL=020 PHASE=WAIT_DUAL_CONTACT
TRIAL=020 PHASE=WAIT_STALL
TRIAL=020 LEFT_CONTACT=1 RIGHT_CONTACT=1 STALL=0 GRIPPER_ERROR=0.07438 VELOCITY=0.04187 CLOSURE_M=0.00017
TRIAL=020 LEFT_CONTACT=1 RIGHT_CONTACT=1 STALL=0 GRIPPER_ERROR=0.04584 VELOCITY=0.01766 CLOSURE_M=0.00103
TRIAL=020 LEFT_CONTACT=1 RIGHT_CONTACT=1 STALL=0 GRIPPER_ERROR=0.03706 VELOCITY=0.00663 CLOSURE_M=0.00131
TRIAL=020 LEFT_CONTACT=1 RIGHT_CONTACT=1 STALL=0 GRIPPER_ERROR=0.03177 VELOCITY=0.00499 CLOSURE_M=0.00148
TRIAL=020 PHASE=LIFT_80_MM
TRIAL=020 ACTUAL_LIFT_M=-0.00012 LEFT_CONTACT=1 RIGHT_CONTACT=1
TRIAL=020 ACTUAL_LIFT_M=0.02838 LEFT_CONTACT=1 RIGHT_CONTACT=1
TRIAL=020 ACTUAL_LIFT_M=0.06059 LEFT_CONTACT=1 RIGHT_CONTACT=1
TRIAL=020 PHASE=HOLD
TRIAL=020 HOLD_SIM_SEC=0.000 HOLD_WALL_SEC=0.000 ACTUAL_LIFT_M=0.07164 RELATIVE_SLIP_M=0.00000 LEFT_CONTACT=1 RIGHT_CONTACT=1
TRIAL=020 HOLD_SIM_SEC=0.918 HOLD_WALL_SEC=1.001 ACTUAL_LIFT_M=0.07512 RELATIVE_SLIP_M=0.00000 LEFT_CONTACT=1 RIGHT_CONTACT=1
TRIAL=020 HOLD_SIM_SEC=1.832 HOLD_WALL_SEC=2.001 ACTUAL_LIFT_M=0.07505 RELATIVE_SLIP_M=0.00000 LEFT_CONTACT=1 RIGHT_CONTACT=1
TRIAL=020 HOLD_SIM_SEC=2.770 HOLD_WALL_SEC=3.001 ACTUAL_LIFT_M=0.07497 RELATIVE_SLIP_M=0.00000 LEFT_CONTACT=1 RIGHT_CONTACT=1
TRIAL=020 HOLD_SIM_SEC=3.726 HOLD_WALL_SEC=4.001 ACTUAL_LIFT_M=0.07488 RELATIVE_SLIP_M=0.00000 LEFT_CONTACT=1 RIGHT_CONTACT=1
TRIAL=020 HOLD_SIM_SEC=4.660 HOLD_WALL_SEC=5.001 ACTUAL_LIFT_M=0.07479 RELATIVE_SLIP_M=0.00000 LEFT_CONTACT=1 RIGHT_CONTACT=1
TRIAL=020 PHASE=PLACE_DOWN
TRIAL=020 PHASE=OPEN_GRIPPER
TRIAL=020 PHASE=RETREAT_PREGRASP
TRIAL=020 PHASE=GRASP_SUCCESS
TRIAL=020 DAY5_PLACE_RELEASE=PASS
DAY4_GRASP_RESULT=SUCCESS
DAY4_STEP=1 EPISODE=020 STEP=04 DIST=0.005581 YAW_ERR_DEG=0.022 REQUESTED_MOVE=0.004949 EXECUTED_MOVE=0.004880 ATTEMPT=1 SUCCESS=1 TERMINATED=1 TRUNCATED=0
DAY7_EPISODE=20 LEVEL=L0 VALID=19/50 TECHNICAL=False SUCCESS=True REASON=
DAY4_RESET_GRIPPER=OPEN ANGLE_RAD=1.570000 EFFORT_NM=1.200000
DAY4_RESET_GRIPPER=AFTER_INITIAL_MOVE ANGLE_RAD=1.570000 EFFORT_NM=1.200000
TRIAL=021 VISUAL_CENTER=[0.3053208589553833, 0.0015765093266963959, 0.02535018614712089] SURFACE=[0.3053208589553833, 0.0015765093266963959, 0.05035018614712089] CONTOUR_DEG=0.00 AXIS_STD_DEG=0.00 FOOTPRINT=[0.04995157569646835, 0.04995157569646835] CONFIDENCE=0.9757
TRIAL=021 SELECTED_CONTOUR_ORIENTATION=+90.00deg TILT=19.3 LEAN=+1 SYMMETRY=1 IK_FK_POS_ERROR=0.000001m IK_FK_ORIENTATION_ERROR=0.000000rad FINGER_FK_LIFT=0.080000m FINGER_FK_DRIFT=0.000000m JOINT_MOTION=3.006084rad
DAY4_MOTION_DONE=1 ELAPSED_SIM=1.202 INITIAL_ERR=0.01670 FINAL_ERR=0.00023 ARM_V=0.00251
DAY4_STEP=1 EPISODE=021 STEP=01 DIST=0.020249 YAW_ERR_DEG=0.007 REQUESTED_MOVE=0.005002 EXECUTED_MOVE=0.004928 ATTEMPT=0 SUCCESS=0 TERMINATED=0 TRUNCATED=0
DAY4_MOTION_DONE=1 ELAPSED_SIM=1.200 INITIAL_ERR=0.01716 FINAL_ERR=0.00026 ARM_V=0.00286
DAY4_STEP=1 EPISODE=021 STEP=02 DIST=0.015360 YAW_ERR_DEG=0.014 REQUESTED_MOVE=0.004969 EXECUTED_MOVE=0.004891 ATTEMPT=0 SUCCESS=0 TERMINATED=0 TRUNCATED=0
DAY4_MOTION_DONE=1 ELAPSED_SIM=1.200 INITIAL_ERR=0.01730 FINAL_ERR=0.00026 ARM_V=0.00288
DAY4_STEP=1 EPISODE=021 STEP=03 DIST=0.010473 YAW_ERR_DEG=0.019 REQUESTED_MOVE=0.004957 EXECUTED_MOVE=0.004880 ATTEMPT=0 SUCCESS=0 TERMINATED=0 TRUNCATED=0
DAY4_MOTION_DONE=1 ELAPSED_SIM=1.202 INITIAL_ERR=0.01736 FINAL_ERR=0.00029 ARM_V=0.00321
DAY4_GRASP_ATTEMPT=1
TRIAL=021 PHASE=CLOSE_SEARCH
TRIAL=021 LEFT_CONTACT=0 RIGHT_CONTACT=0 STALL=0
TRIAL=021 LEFT_CONTACT=0 RIGHT_CONTACT=0 STALL=0
TRIAL=021 PHASE=WAIT_DUAL_CONTACT
TRIAL=021 PHASE=WAIT_STALL
TRIAL=021 LEFT_CONTACT=1 RIGHT_CONTACT=1 STALL=0 GRIPPER_ERROR=0.07283 VELOCITY=0.11607 CLOSURE_M=0.00022
TRIAL=021 LEFT_CONTACT=1 RIGHT_CONTACT=1 STALL=0 GRIPPER_ERROR=0.04941 VELOCITY=0.01248 CLOSURE_M=0.00094
TRIAL=021 LEFT_CONTACT=1 RIGHT_CONTACT=1 STALL=0 GRIPPER_ERROR=0.04031 VELOCITY=0.00672 CLOSURE_M=0.00122
TRIAL=021 LEFT_CONTACT=1 RIGHT_CONTACT=1 STALL=0 GRIPPER_ERROR=0.03505 VELOCITY=0.00497 CLOSURE_M=0.00139
TRIAL=021 LEFT_CONTACT=1 RIGHT_CONTACT=1 STALL=1 GRIPPER_ERROR=0.03070 VELOCITY=0.00451 CLOSURE_M=0.00153
TRIAL=021 PHASE=LIFT_80_MM
TRIAL=021 ACTUAL_LIFT_M=-0.00005 LEFT_CONTACT=1 RIGHT_CONTACT=1
TRIAL=021 ACTUAL_LIFT_M=0.02739 LEFT_CONTACT=1 RIGHT_CONTACT=1
TRIAL=021 ACTUAL_LIFT_M=0.06029 LEFT_CONTACT=1 RIGHT_CONTACT=1
TRIAL=021 PHASE=HOLD
TRIAL=021 HOLD_SIM_SEC=0.000 HOLD_WALL_SEC=0.001 ACTUAL_LIFT_M=0.07205 RELATIVE_SLIP_M=0.00000 LEFT_CONTACT=1 RIGHT_CONTACT=1
TRIAL=021 HOLD_SIM_SEC=0.882 HOLD_WALL_SEC=1.001 ACTUAL_LIFT_M=0.07525 RELATIVE_SLIP_M=0.00000 LEFT_CONTACT=1 RIGHT_CONTACT=1
TRIAL=021 HOLD_SIM_SEC=1.818 HOLD_WALL_SEC=2.001 ACTUAL_LIFT_M=0.07518 RELATIVE_SLIP_M=0.00000 LEFT_CONTACT=1 RIGHT_CONTACT=1
TRIAL=021 HOLD_SIM_SEC=2.766 HOLD_WALL_SEC=3.001 ACTUAL_LIFT_M=0.07510 RELATIVE_SLIP_M=0.00000 LEFT_CONTACT=1 RIGHT_CONTACT=1
TRIAL=021 HOLD_SIM_SEC=3.692 HOLD_WALL_SEC=4.001 ACTUAL_LIFT_M=0.07502 RELATIVE_SLIP_M=0.00000 LEFT_CONTACT=1 RIGHT_CONTACT=1
TRIAL=021 HOLD_SIM_SEC=4.648 HOLD_WALL_SEC=5.002 ACTUAL_LIFT_M=0.07494 RELATIVE_SLIP_M=0.00000 LEFT_CONTACT=1 RIGHT_CONTACT=1
TRIAL=021 PHASE=PLACE_DOWN
TRIAL=021 PHASE=OPEN_GRIPPER
TRIAL=021 PHASE=RETREAT_PREGRASP
TRIAL=021 PHASE=GRASP_SUCCESS
TRIAL=021 DAY5_PLACE_RELEASE=PASS
DAY4_GRASP_RESULT=SUCCESS
DAY4_STEP=1 EPISODE=021 STEP=04 DIST=0.005612 YAW_ERR_DEG=0.022 REQUESTED_MOVE=0.004949 EXECUTED_MOVE=0.004865 ATTEMPT=1 SUCCESS=1 TERMINATED=1 TRUNCATED=0
DAY7_EPISODE=21 LEVEL=L0 VALID=20/50 TECHNICAL=False SUCCESS=True REASON=
DAY4_RESET_GRIPPER=OPEN ANGLE_RAD=1.570000 EFFORT_NM=1.200000
DAY4_RESET_GRIPPER=AFTER_INITIAL_MOVE ANGLE_RAD=1.570000 EFFORT_NM=1.200000
TRIAL=022 VISUAL_CENTER=[0.30767306685447693, -0.0029910728335380554, 0.025352622467503062] SURFACE=[0.30767306685447693, -0.0029910728335380554, 0.050352622467503064] CONTOUR_DEG=0.00 AXIS_STD_DEG=0.00 FOOTPRINT=[0.04991471767425537, 0.04991471767425537] CONFIDENCE=0.9743
TRIAL=022 SELECTED_CONTOUR_ORIENTATION=+90.00deg TILT=20.4 LEAN=+1 SYMMETRY=1 IK_FK_POS_ERROR=0.000001m IK_FK_ORIENTATION_ERROR=0.000000rad FINGER_FK_LIFT=0.080000m FINGER_FK_DRIFT=0.000000m JOINT_MOTION=3.008126rad
DAY4_MOTION_DONE=1 ELAPSED_SIM=1.200 INITIAL_ERR=0.01660 FINAL_ERR=0.00022 ARM_V=0.00249
DAY4_STEP=1 EPISODE=022 STEP=01 DIST=0.020258 YAW_ERR_DEG=0.008 REQUESTED_MOVE=0.005001 EXECUTED_MOVE=0.004928 ATTEMPT=0 SUCCESS=0 TERMINATED=0 TRUNCATED=0
DAY4_MOTION_DONE=1 ELAPSED_SIM=1.202 INITIAL_ERR=0.01708 FINAL_ERR=0.00026 ARM_V=0.00285
DAY4_STEP=1 EPISODE=022 STEP=02 DIST=0.015361 YAW_ERR_DEG=0.015 REQUESTED_MOVE=0.004970 EXECUTED_MOVE=0.004891 ATTEMPT=0 SUCCESS=0 TERMINATED=0 TRUNCATED=0
DAY4_MOTION_DONE=1 ELAPSED_SIM=1.202 INITIAL_ERR=0.01723 FINAL_ERR=0.00023 ARM_V=0.00258
DAY4_STEP=1 EPISODE=022 STEP=03 DIST=0.010474 YAW_ERR_DEG=0.020 REQUESTED_MOVE=0.004958 EXECUTED_MOVE=0.004888 ATTEMPT=0 SUCCESS=0 TERMINATED=0 TRUNCATED=0
DAY4_MOTION_DONE=1 ELAPSED_SIM=1.200 INITIAL_ERR=0.01731 FINAL_ERR=0.00026 ARM_V=0.00288
DAY4_GRASP_ATTEMPT=1
TRIAL=022 PHASE=CLOSE_SEARCH
TRIAL=022 LEFT_CONTACT=0 RIGHT_CONTACT=0 STALL=0
TRIAL=022 LEFT_CONTACT=1 RIGHT_CONTACT=0 STALL=0
TRIAL=022 PHASE=WAIT_DUAL_CONTACT
TRIAL=022 PHASE=WAIT_STALL
TRIAL=022 LEFT_CONTACT=1 RIGHT_CONTACT=1 STALL=0 GRIPPER_ERROR=0.07225 VELOCITY=0.04455 CLOSURE_M=0.00023
TRIAL=022 LEFT_CONTACT=1 RIGHT_CONTACT=1 STALL=0 GRIPPER_ERROR=0.04599 VELOCITY=0.01718 CLOSURE_M=0.00104
TRIAL=022 LEFT_CONTACT=1 RIGHT_CONTACT=1 STALL=0 GRIPPER_ERROR=0.03733 VELOCITY=0.00665 CLOSURE_M=0.00131
TRIAL=022 LEFT_CONTACT=1 RIGHT_CONTACT=1 STALL=0 GRIPPER_ERROR=0.03199 VELOCITY=0.00498 CLOSURE_M=0.00148
TRIAL=022 PHASE=LIFT_80_MM
TRIAL=022 ACTUAL_LIFT_M=-0.00017 LEFT_CONTACT=1 RIGHT_CONTACT=1
TRIAL=022 ACTUAL_LIFT_M=0.02693 LEFT_CONTACT=1 RIGHT_CONTACT=1
TRIAL=022 ACTUAL_LIFT_M=0.05916 LEFT_CONTACT=1 RIGHT_CONTACT=1
TRIAL=022 PHASE=HOLD
TRIAL=022 HOLD_SIM_SEC=0.000 HOLD_WALL_SEC=0.000 ACTUAL_LIFT_M=0.07227 RELATIVE_SLIP_M=0.00000 LEFT_CONTACT=1 RIGHT_CONTACT=1
TRIAL=022 HOLD_SIM_SEC=0.878 HOLD_WALL_SEC=1.001 ACTUAL_LIFT_M=0.07515 RELATIVE_SLIP_M=0.00053 LEFT_CONTACT=1 RIGHT_CONTACT=1
TRIAL=022 HOLD_SIM_SEC=1.810 HOLD_WALL_SEC=2.001 ACTUAL_LIFT_M=0.07508 RELATIVE_SLIP_M=0.00053 LEFT_CONTACT=1 RIGHT_CONTACT=1
TRIAL=022 HOLD_SIM_SEC=2.758 HOLD_WALL_SEC=3.001 ACTUAL_LIFT_M=0.07500 RELATIVE_SLIP_M=0.00053 LEFT_CONTACT=1 RIGHT_CONTACT=1
TRIAL=022 HOLD_SIM_SEC=3.708 HOLD_WALL_SEC=4.001 ACTUAL_LIFT_M=0.07491 RELATIVE_SLIP_M=0.00053 LEFT_CONTACT=1 RIGHT_CONTACT=1
TRIAL=022 HOLD_SIM_SEC=4.662 HOLD_WALL_SEC=5.001 ACTUAL_LIFT_M=0.07483 RELATIVE_SLIP_M=0.00053 LEFT_CONTACT=1 RIGHT_CONTACT=1
TRIAL=022 PHASE=PLACE_DOWN
TRIAL=022 PHASE=OPEN_GRIPPER
TRIAL=022 PHASE=RETREAT_PREGRASP
TRIAL=022 PHASE=GRASP_SUCCESS
TRIAL=022 DAY5_PLACE_RELEASE=PASS
DAY4_GRASP_RESULT=SUCCESS
DAY4_STEP=1 EPISODE=022 STEP=04 DIST=0.005604 YAW_ERR_DEG=0.023 REQUESTED_MOVE=0.004950 EXECUTED_MOVE=0.004873 ATTEMPT=1 SUCCESS=1 TERMINATED=1 TRUNCATED=0
DAY7_EPISODE=22 LEVEL=L0 VALID=21/50 TECHNICAL=False SUCCESS=True REASON=
DAY4_RESET_GRIPPER=OPEN ANGLE_RAD=1.570000 EFFORT_NM=1.200000
DAY4_RESET_GRIPPER=AFTER_INITIAL_MOVE ANGLE_RAD=1.570000 EFFORT_NM=1.200000
TRIAL=023 VISUAL_CENTER=[0.3013739287853241, 0.0008231336250901222, 0.025347771414979327] SURFACE=[0.3013739287853241, 0.0008231336250901222, 0.05034777141497933] CONTOUR_DEG=0.00 AXIS_STD_DEG=0.00 FOOTPRINT=[0.049920883029699326, 0.049920883029699326] CONFIDENCE=0.9741
TRIAL=023 SELECTED_CONTOUR_ORIENTATION=+90.00deg TILT=17.4 LEAN=+1 SYMMETRY=1 IK_FK_POS_ERROR=0.000000m IK_FK_ORIENTATION_ERROR=0.000000rad FINGER_FK_LIFT=0.080000m FINGER_FK_DRIFT=0.000000m JOINT_MOTION=3.017828rad
DAY4_MOTION_DONE=1 ELAPSED_SIM=1.200 INITIAL_ERR=0.01689 FINAL_ERR=0.00025 ARM_V=0.00282
DAY4_STEP=1 EPISODE=023 STEP=01 DIST=0.020234 YAW_ERR_DEG=0.007 REQUESTED_MOVE=0.005002 EXECUTED_MOVE=0.004922 ATTEMPT=0 SUCCESS=0 TERMINATED=0 TRUNCATED=0
DAY4_MOTION_DONE=1 ELAPSED_SIM=1.200 INITIAL_ERR=0.01732 FINAL_ERR=0.00032 ARM_V=0.00356
DAY4_STEP=1 EPISODE=023 STEP=02 DIST=0.015352 YAW_ERR_DEG=0.014 REQUESTED_MOVE=0.004969 EXECUTED_MOVE=0.004874 ATTEMPT=0 SUCCESS=0 TERMINATED=0 TRUNCATED=0
DAY4_MOTION_DONE=1 ELAPSED_SIM=1.200 INITIAL_ERR=0.01741 FINAL_ERR=0.00026 ARM_V=0.00290
DAY4_STEP=1 EPISODE=023 STEP=03 DIST=0.010473 YAW_ERR_DEG=0.019 REQUESTED_MOVE=0.004957 EXECUTED_MOVE=0.004880 ATTEMPT=0 SUCCESS=0 TERMINATED=0 TRUNCATED=0
DAY4_MOTION_DONE=1 ELAPSED_SIM=1.200 INITIAL_ERR=0.01749 FINAL_ERR=0.00026 ARM_V=0.00291
DAY4_GRASP_ATTEMPT=1
TRIAL=023 PHASE=CLOSE_SEARCH
TRIAL=023 LEFT_CONTACT=0 RIGHT_CONTACT=0 STALL=0
TRIAL=023 LEFT_CONTACT=0 RIGHT_CONTACT=0 STALL=0
TRIAL=023 PHASE=WAIT_DUAL_CONTACT
TRIAL=023 PHASE=WAIT_STALL
TRIAL=023 LEFT_CONTACT=1 RIGHT_CONTACT=1 STALL=0 GRIPPER_ERROR=0.07218 VELOCITY=0.04678 CLOSURE_M=0.00024
TRIAL=023 LEFT_CONTACT=1 RIGHT_CONTACT=1 STALL=0 GRIPPER_ERROR=0.04676 VELOCITY=0.01461 CLOSURE_M=0.00103
TRIAL=023 LEFT_CONTACT=1 RIGHT_CONTACT=1 STALL=0 GRIPPER_ERROR=0.03847 VELOCITY=0.00657 CLOSURE_M=0.00129
TRIAL=023 LEFT_CONTACT=1 RIGHT_CONTACT=1 STALL=0 GRIPPER_ERROR=0.03321 VELOCITY=0.00493 CLOSURE_M=0.00146
TRIAL=023 PHASE=LIFT_80_MM
TRIAL=023 ACTUAL_LIFT_M=-0.00014 LEFT_CONTACT=1 RIGHT_CONTACT=1
TRIAL=023 ACTUAL_LIFT_M=0.02791 LEFT_CONTACT=1 RIGHT_CONTACT=1
TRIAL=023 ACTUAL_LIFT_M=0.06014 LEFT_CONTACT=1 RIGHT_CONTACT=1
TRIAL=023 PHASE=HOLD
TRIAL=023 HOLD_SIM_SEC=0.000 HOLD_WALL_SEC=0.000 ACTUAL_LIFT_M=0.07190 RELATIVE_SLIP_M=0.00000 LEFT_CONTACT=1 RIGHT_CONTACT=1
TRIAL=023 HOLD_SIM_SEC=0.884 HOLD_WALL_SEC=1.000 ACTUAL_LIFT_M=0.07517 RELATIVE_SLIP_M=0.00000 LEFT_CONTACT=1 RIGHT_CONTACT=1
TRIAL=023 HOLD_SIM_SEC=1.818 HOLD_WALL_SEC=2.001 ACTUAL_LIFT_M=0.07510 RELATIVE_SLIP_M=0.00000 LEFT_CONTACT=1 RIGHT_CONTACT=1
TRIAL=023 HOLD_SIM_SEC=2.770 HOLD_WALL_SEC=3.001 ACTUAL_LIFT_M=0.07502 RELATIVE_SLIP_M=0.00000 LEFT_CONTACT=1 RIGHT_CONTACT=1
TRIAL=023 HOLD_SIM_SEC=3.724 HOLD_WALL_SEC=4.001 ACTUAL_LIFT_M=0.07493 RELATIVE_SLIP_M=0.00000 LEFT_CONTACT=1 RIGHT_CONTACT=1
TRIAL=023 HOLD_SIM_SEC=4.646 HOLD_WALL_SEC=5.001 ACTUAL_LIFT_M=0.07485 RELATIVE_SLIP_M=0.00000 LEFT_CONTACT=1 RIGHT_CONTACT=1
TRIAL=023 PHASE=PLACE_DOWN
TRIAL=023 PHASE=OPEN_GRIPPER
TRIAL=023 PHASE=RETREAT_PREGRASP
TRIAL=023 PHASE=GRASP_SUCCESS
TRIAL=023 DAY5_PLACE_RELEASE=PASS
DAY4_GRASP_RESULT=SUCCESS
DAY4_STEP=1 EPISODE=023 STEP=04 DIST=0.005604 YAW_ERR_DEG=0.023 REQUESTED_MOVE=0.004949 EXECUTED_MOVE=0.004872 ATTEMPT=1 SUCCESS=1 TERMINATED=1 TRUNCATED=0
DAY7_EPISODE=23 LEVEL=L0 VALID=22/50 TECHNICAL=False SUCCESS=True REASON=
DAY4_RESET_GRIPPER=OPEN ANGLE_RAD=1.570000 EFFORT_NM=1.200000
DAY4_RESET_GRIPPER=AFTER_INITIAL_MOVE ANGLE_RAD=1.570000 EFFORT_NM=1.200000
TRIAL=024 VISUAL_CENTER=[0.304657906293869, 0.005805931054055691, 0.02534961770433459] SURFACE=[0.304657906293869, 0.005805931054055691, 0.05034961770433459] CONTOUR_DEG=0.00 AXIS_STD_DEG=0.00 FOOTPRINT=[0.04996540583670139, 0.04996540583670139] CONFIDENCE=0.9808
TRIAL=024 SELECTED_CONTOUR_ORIENTATION=+90.00deg TILT=19.0 LEAN=+1 SYMMETRY=1 IK_FK_POS_ERROR=0.000002m IK_FK_ORIENTATION_ERROR=0.000000rad FINGER_FK_LIFT=0.080000m FINGER_FK_DRIFT=0.000000m JOINT_MOTION=3.005837rad
DAY4_MOTION_DONE=1 ELAPSED_SIM=1.202 INITIAL_ERR=0.01672 FINAL_ERR=0.00025 ARM_V=0.00279
DAY4_STEP=1 EPISODE=024 STEP=01 DIST=0.020255 YAW_ERR_DEG=0.006 REQUESTED_MOVE=0.005002 EXECUTED_MOVE=0.004921 ATTEMPT=0 SUCCESS=0 TERMINATED=0 TRUNCATED=0
DAY4_MOTION_DONE=1 ELAPSED_SIM=1.200 INITIAL_ERR=0.01717 FINAL_ERR=0.00026 ARM_V=0.00286
DAY4_STEP=1 EPISODE=024 STEP=02 DIST=0.015365 YAW_ERR_DEG=0.013 REQUESTED_MOVE=0.004969 EXECUTED_MOVE=0.004891 ATTEMPT=0 SUCCESS=0 TERMINATED=0 TRUNCATED=0
DAY4_MOTION_DONE=1 ELAPSED_SIM=1.200 INITIAL_ERR=0.01732 FINAL_ERR=0.00026 ARM_V=0.00289
DAY4_STEP=1 EPISODE=024 STEP=03 DIST=0.010479 YAW_ERR_DEG=0.018 REQUESTED_MOVE=0.004957 EXECUTED_MOVE=0.004880 ATTEMPT=0 SUCCESS=0 TERMINATED=0 TRUNCATED=0
DAY4_MOTION_DONE=1 ELAPSED_SIM=1.200 INITIAL_ERR=0.01739 FINAL_ERR=0.00023 ARM_V=0.00261
DAY4_GRASP_ATTEMPT=1
TRIAL=024 PHASE=CLOSE_SEARCH
TRIAL=024 LEFT_CONTACT=0 RIGHT_CONTACT=0 STALL=0
TRIAL=024 LEFT_CONTACT=1 RIGHT_CONTACT=0 STALL=0
TRIAL=024 PHASE=WAIT_DUAL_CONTACT
TRIAL=024 PHASE=WAIT_STALL
TRIAL=024 LEFT_CONTACT=1 RIGHT_CONTACT=1 STALL=0 GRIPPER_ERROR=0.07223 VELOCITY=0.04817 CLOSURE_M=0.00023
TRIAL=024 LEFT_CONTACT=1 RIGHT_CONTACT=1 STALL=0 GRIPPER_ERROR=0.04690 VELOCITY=0.01604 CLOSURE_M=0.00100
TRIAL=024 LEFT_CONTACT=1 RIGHT_CONTACT=1 STALL=0 GRIPPER_ERROR=0.03882 VELOCITY=0.00629 CLOSURE_M=0.00125
TRIAL=024 LEFT_CONTACT=1 RIGHT_CONTACT=1 STALL=0 GRIPPER_ERROR=0.03362 VELOCITY=0.00487 CLOSURE_M=0.00141
TRIAL=024 PHASE=LIFT_80_MM
TRIAL=024 ACTUAL_LIFT_M=-0.00005 LEFT_CONTACT=1 RIGHT_CONTACT=1
TRIAL=024 ACTUAL_LIFT_M=0.02802 LEFT_CONTACT=1 RIGHT_CONTACT=1
TRIAL=024 ACTUAL_LIFT_M=0.06088 LEFT_CONTACT=1 RIGHT_CONTACT=1
TRIAL=024 PHASE=HOLD
TRIAL=024 HOLD_SIM_SEC=0.000 HOLD_WALL_SEC=0.001 ACTUAL_LIFT_M=0.07192 RELATIVE_SLIP_M=0.00000 LEFT_CONTACT=1 RIGHT_CONTACT=1
TRIAL=024 HOLD_SIM_SEC=0.904 HOLD_WALL_SEC=1.001 ACTUAL_LIFT_M=0.07511 RELATIVE_SLIP_M=0.00000 LEFT_CONTACT=1 RIGHT_CONTACT=1
TRIAL=024 HOLD_SIM_SEC=1.832 HOLD_WALL_SEC=2.001 ACTUAL_LIFT_M=0.07505 RELATIVE_SLIP_M=0.00000 LEFT_CONTACT=1 RIGHT_CONTACT=1
TRIAL=024 HOLD_SIM_SEC=2.774 HOLD_WALL_SEC=3.001 ACTUAL_LIFT_M=0.07497 RELATIVE_SLIP_M=0.00000 LEFT_CONTACT=1 RIGHT_CONTACT=1
TRIAL=024 HOLD_SIM_SEC=3.724 HOLD_WALL_SEC=4.001 ACTUAL_LIFT_M=0.07488 RELATIVE_SLIP_M=0.00000 LEFT_CONTACT=1 RIGHT_CONTACT=1
TRIAL=024 HOLD_SIM_SEC=4.678 HOLD_WALL_SEC=5.001 ACTUAL_LIFT_M=0.07479 RELATIVE_SLIP_M=0.00000 LEFT_CONTACT=1 RIGHT_CONTACT=1
TRIAL=024 PHASE=PLACE_DOWN
TRIAL=024 PHASE=OPEN_GRIPPER
TRIAL=024 PHASE=RETREAT_PREGRASP
TRIAL=024 PHASE=GRASP_SUCCESS
TRIAL=024 DAY5_PLACE_RELEASE=PASS
DAY4_GRASP_RESULT=SUCCESS
DAY4_STEP=1 EPISODE=024 STEP=04 DIST=0.005602 YAW_ERR_DEG=0.021 REQUESTED_MOVE=0.004949 EXECUTED_MOVE=0.004880 ATTEMPT=1 SUCCESS=1 TERMINATED=1 TRUNCATED=0
DAY7_EPISODE=24 LEVEL=L0 VALID=23/50 TECHNICAL=False SUCCESS=True REASON=
DAY4_RESET_GRIPPER=OPEN ANGLE_RAD=1.570000 EFFORT_NM=1.200000
DAY4_RESET_GRIPPER=AFTER_INITIAL_MOVE ANGLE_RAD=1.570000 EFFORT_NM=1.200000
TRIAL=025 VISUAL_CENTER=[0.3054031729698181, -0.008704239502549171, 0.025350146958192703] SURFACE=[0.3054031729698181, -0.008704239502549171, 0.050350146958192704] CONTOUR_DEG=0.00 AXIS_STD_DEG=0.00 FOOTPRINT=[0.049925681203603745, 0.049925681203603745] CONFIDENCE=0.9747
TRIAL=025 SELECTED_CONTOUR_ORIENTATION=+90.00deg TILT=19.4 LEAN=+1 SYMMETRY=1 IK_FK_POS_ERROR=0.000004m IK_FK_ORIENTATION_ERROR=0.000000rad FINGER_FK_LIFT=0.080000m FINGER_FK_DRIFT=0.000000m JOINT_MOTION=3.006552rad
DAY4_MOTION_DONE=1 ELAPSED_SIM=1.200 INITIAL_ERR=0.01669 FINAL_ERR=0.00023 ARM_V=0.00250
DAY4_STEP=1 EPISODE=025 STEP=01 DIST=0.020250 YAW_ERR_DEG=0.009 REQUESTED_MOVE=0.005002 EXECUTED_MOVE=0.004929 ATTEMPT=0 SUCCESS=0 TERMINATED=0 TRUNCATED=0
DAY4_MOTION_DONE=1 ELAPSED_SIM=1.202 INITIAL_ERR=0.01716 FINAL_ERR=0.00023 ARM_V=0.00257
DAY4_STEP=1 EPISODE=025 STEP=02 DIST=0.015346 YAW_ERR_DEG=0.016 REQUESTED_MOVE=0.004969 EXECUTED_MOVE=0.004899 ATTEMPT=0 SUCCESS=0 TERMINATED=0 TRUNCATED=0
DAY4_MOTION_DONE=1 ELAPSED_SIM=1.202 INITIAL_ERR=0.01726 FINAL_ERR=0.00036 ARM_V=0.00394
DAY4_STEP=1 EPISODE=025 STEP=03 DIST=0.010494 YAW_ERR_DEG=0.021 REQUESTED_MOVE=0.004958 EXECUTED_MOVE=0.004853 ATTEMPT=0 SUCCESS=0 TERMINATED=0 TRUNCATED=0
DAY4_MOTION_DONE=1 ELAPSED_SIM=1.202 INITIAL_ERR=0.01732 FINAL_ERR=0.00026 ARM_V=0.00288
DAY4_GRASP_ATTEMPT=1
TRIAL=025 PHASE=CLOSE_SEARCH
TRIAL=025 LEFT_CONTACT=0 RIGHT_CONTACT=0 STALL=0
TRIAL=025 LEFT_CONTACT=1 RIGHT_CONTACT=0 STALL=0
TRIAL=025 PHASE=WAIT_DUAL_CONTACT
TRIAL=025 PHASE=WAIT_STALL
TRIAL=025 LEFT_CONTACT=1 RIGHT_CONTACT=1 STALL=0 GRIPPER_ERROR=0.07391 VELOCITY=0.04440 CLOSURE_M=0.00018
TRIAL=025 LEFT_CONTACT=1 RIGHT_CONTACT=1 STALL=0 GRIPPER_ERROR=0.04618 VELOCITY=0.01642 CLOSURE_M=0.00102
TRIAL=025 LEFT_CONTACT=1 RIGHT_CONTACT=1 STALL=0 GRIPPER_ERROR=0.03759 VELOCITY=0.00653 CLOSURE_M=0.00129
TRIAL=025 LEFT_CONTACT=1 RIGHT_CONTACT=1 STALL=0 GRIPPER_ERROR=0.03226 VELOCITY=0.00494 CLOSURE_M=0.00146
TRIAL=025 PHASE=LIFT_80_MM
TRIAL=025 ACTUAL_LIFT_M=-0.00009 LEFT_CONTACT=1 RIGHT_CONTACT=1
TRIAL=025 ACTUAL_LIFT_M=0.02780 LEFT_CONTACT=1 RIGHT_CONTACT=1
TRIAL=025 ACTUAL_LIFT_M=0.06000 LEFT_CONTACT=1 RIGHT_CONTACT=1
TRIAL=025 PHASE=HOLD
TRIAL=025 HOLD_SIM_SEC=0.000 HOLD_WALL_SEC=0.000 ACTUAL_LIFT_M=0.07174 RELATIVE_SLIP_M=0.00000 LEFT_CONTACT=1 RIGHT_CONTACT=1
TRIAL=025 HOLD_SIM_SEC=0.892 HOLD_WALL_SEC=1.001 ACTUAL_LIFT_M=0.07513 RELATIVE_SLIP_M=0.00000 LEFT_CONTACT=1 RIGHT_CONTACT=1
TRIAL=025 HOLD_SIM_SEC=1.826 HOLD_WALL_SEC=2.001 ACTUAL_LIFT_M=0.07506 RELATIVE_SLIP_M=0.00000 LEFT_CONTACT=1 RIGHT_CONTACT=1
TRIAL=025 HOLD_SIM_SEC=2.790 HOLD_WALL_SEC=3.001 ACTUAL_LIFT_M=0.07498 RELATIVE_SLIP_M=0.00000 LEFT_CONTACT=1 RIGHT_CONTACT=1
TRIAL=025 HOLD_SIM_SEC=3.738 HOLD_WALL_SEC=4.001 ACTUAL_LIFT_M=0.07489 RELATIVE_SLIP_M=0.00000 LEFT_CONTACT=1 RIGHT_CONTACT=1
TRIAL=025 HOLD_SIM_SEC=4.670 HOLD_WALL_SEC=5.001 ACTUAL_LIFT_M=0.07481 RELATIVE_SLIP_M=0.00000 LEFT_CONTACT=1 RIGHT_CONTACT=1
TRIAL=025 PHASE=PLACE_DOWN
TRIAL=025 PHASE=OPEN_GRIPPER
TRIAL=025 PHASE=RETREAT_PREGRASP
TRIAL=025 PHASE=GRASP_SUCCESS
TRIAL=025 DAY5_PLACE_RELEASE=PASS
DAY4_GRASP_RESULT=SUCCESS
DAY4_STEP=1 EPISODE=025 STEP=04 DIST=0.005617 YAW_ERR_DEG=0.025 REQUESTED_MOVE=0.004950 EXECUTED_MOVE=0.004873 ATTEMPT=1 SUCCESS=1 TERMINATED=1 TRUNCATED=0
DAY7_EPISODE=25 LEVEL=L0 VALID=24/50 TECHNICAL=False SUCCESS=True REASON=
DAY4_RESET_GRIPPER=OPEN ANGLE_RAD=1.570000 EFFORT_NM=1.200000
DAY4_RESET_GRIPPER=AFTER_INITIAL_MOVE ANGLE_RAD=1.570000 EFFORT_NM=1.200000
TRIAL=026 VISUAL_CENTER=[0.30882343649864197, 0.004159813746809959, 0.02535264194823434] SURFACE=[0.30882343649864197, 0.004159813746809959, 0.05035264194823434] CONTOUR_DEG=0.00 AXIS_STD_DEG=0.00 FOOTPRINT=[0.050024114549160004, 0.050024114549160004] CONFIDENCE=0.9830
TRIAL=026 SELECTED_CONTOUR_ORIENTATION=+90.00deg TILT=20.9 LEAN=+1 SYMMETRY=1 IK_FK_POS_ERROR=0.000002m IK_FK_ORIENTATION_ERROR=0.000000rad FINGER_FK_LIFT=0.080000m FINGER_FK_DRIFT=0.000000m JOINT_MOTION=3.009904rad
DAY4_MOTION_DONE=1 ELAPSED_SIM=1.200 INITIAL_ERR=0.01654 FINAL_ERR=0.00025 ARM_V=0.00276
DAY4_STEP=1 EPISODE=026 STEP=01 DIST=0.020265 YAW_ERR_DEG=0.006 REQUESTED_MOVE=0.005001 EXECUTED_MOVE=0.004920 ATTEMPT=0 SUCCESS=0 TERMINATED=0 TRUNCATED=0
DAY4_MOTION_DONE=1 ELAPSED_SIM=1.200 INITIAL_ERR=0.01704 FINAL_ERR=0.00026 ARM_V=0.00284
DAY4_STEP=1 EPISODE=026 STEP=02 DIST=0.015368 YAW_ERR_DEG=0.013 REQUESTED_MOVE=0.004970 EXECUTED_MOVE=0.004891 ATTEMPT=0 SUCCESS=0 TERMINATED=0 TRUNCATED=0
DAY4_MOTION_DONE=1 ELAPSED_SIM=1.200 INITIAL_ERR=0.01720 FINAL_ERR=0.00023 ARM_V=0.00258
DAY4_STEP=1 EPISODE=026 STEP=03 DIST=0.010481 YAW_ERR_DEG=0.018 REQUESTED_MOVE=0.004958 EXECUTED_MOVE=0.004888 ATTEMPT=0 SUCCESS=0 TERMINATED=0 TRUNCATED=0
DAY4_MOTION_DONE=1 ELAPSED_SIM=1.200 INITIAL_ERR=0.01727 FINAL_ERR=0.00026 ARM_V=0.00288
DAY4_GRASP_ATTEMPT=1
TRIAL=026 PHASE=CLOSE_SEARCH
TRIAL=026 LEFT_CONTACT=0 RIGHT_CONTACT=0 STALL=0
TRIAL=026 LEFT_CONTACT=1 RIGHT_CONTACT=0 STALL=0
TRIAL=026 PHASE=WAIT_DUAL_CONTACT
TRIAL=026 PHASE=WAIT_STALL
TRIAL=026 LEFT_CONTACT=1 RIGHT_CONTACT=1 STALL=0 GRIPPER_ERROR=0.07453 VELOCITY=0.04208 CLOSURE_M=0.00016
TRIAL=026 LEFT_CONTACT=1 RIGHT_CONTACT=1 STALL=0 GRIPPER_ERROR=0.04818 VELOCITY=0.01816 CLOSURE_M=0.00095
TRIAL=026 LEFT_CONTACT=1 RIGHT_CONTACT=1 STALL=0 GRIPPER_ERROR=0.03902 VELOCITY=0.00689 CLOSURE_M=0.00124
TRIAL=026 LEFT_CONTACT=1 RIGHT_CONTACT=1 STALL=0 GRIPPER_ERROR=0.03353 VELOCITY=0.00507 CLOSURE_M=0.00141
TRIAL=026 PHASE=LIFT_80_MM
TRIAL=026 ACTUAL_LIFT_M=-0.00005 LEFT_CONTACT=1 RIGHT_CONTACT=1
TRIAL=026 ACTUAL_LIFT_M=0.02884 LEFT_CONTACT=1 RIGHT_CONTACT=1
TRIAL=026 ACTUAL_LIFT_M=0.06170 LEFT_CONTACT=1 RIGHT_CONTACT=1
TRIAL=026 PHASE=HOLD
TRIAL=026 HOLD_SIM_SEC=0.000 HOLD_WALL_SEC=0.001 ACTUAL_LIFT_M=0.07205 RELATIVE_SLIP_M=0.00000 LEFT_CONTACT=1 RIGHT_CONTACT=1
TRIAL=026 HOLD_SIM_SEC=0.896 HOLD_WALL_SEC=1.001 ACTUAL_LIFT_M=0.07511 RELATIVE_SLIP_M=0.00028 LEFT_CONTACT=1 RIGHT_CONTACT=1
TRIAL=026 HOLD_SIM_SEC=1.836 HOLD_WALL_SEC=2.001 ACTUAL_LIFT_M=0.07505 RELATIVE_SLIP_M=0.00028 LEFT_CONTACT=1 RIGHT_CONTACT=1
TRIAL=026 HOLD_SIM_SEC=2.790 HOLD_WALL_SEC=3.001 ACTUAL_LIFT_M=0.07496 RELATIVE_SLIP_M=0.00028 LEFT_CONTACT=1 RIGHT_CONTACT=1
TRIAL=026 HOLD_SIM_SEC=3.744 HOLD_WALL_SEC=4.002 ACTUAL_LIFT_M=0.07488 RELATIVE_SLIP_M=0.00028 LEFT_CONTACT=1 RIGHT_CONTACT=1
TRIAL=026 HOLD_SIM_SEC=4.686 HOLD_WALL_SEC=5.002 ACTUAL_LIFT_M=0.07479 RELATIVE_SLIP_M=0.00028 LEFT_CONTACT=1 RIGHT_CONTACT=1
TRIAL=026 PHASE=PLACE_DOWN
TRIAL=026 PHASE=OPEN_GRIPPER
TRIAL=026 PHASE=RETREAT_PREGRASP
TRIAL=026 PHASE=GRASP_SUCCESS
TRIAL=026 DAY5_PLACE_RELEASE=PASS
DAY4_GRASP_RESULT=SUCCESS
DAY4_STEP=1 EPISODE=026 STEP=04 DIST=0.005611 YAW_ERR_DEG=0.021 REQUESTED_MOVE=0.004950 EXECUTED_MOVE=0.004873 ATTEMPT=1 SUCCESS=1 TERMINATED=1 TRUNCATED=0
DAY7_EPISODE=26 LEVEL=L0 VALID=25/50 TECHNICAL=False SUCCESS=True REASON=
DAY4_RESET_GRIPPER=OPEN ANGLE_RAD=1.570000 EFFORT_NM=1.200000
DAY4_RESET_GRIPPER=AFTER_INITIAL_MOVE ANGLE_RAD=1.570000 EFFORT_NM=1.200000
TRIAL=027 VISUAL_CENTER=[0.30052971839904785, -0.004692733287811279, 0.025348284220226718] SURFACE=[0.30052971839904785, -0.004692733287811279, 0.05034828422022672] CONTOUR_DEG=0.00 AXIS_STD_DEG=0.00 FOOTPRINT=[0.04996761307120323, 0.04996761307120323] CONFIDENCE=0.9748
TRIAL=027 SELECTED_CONTOUR_ORIENTATION=+90.00deg TILT=17.1 LEAN=+1 SYMMETRY=1 IK_FK_POS_ERROR=0.000002m IK_FK_ORIENTATION_ERROR=0.000000rad FINGER_FK_LIFT=0.080000m FINGER_FK_DRIFT=0.000000m JOINT_MOTION=3.003078rad
DAY4_MOTION_DONE=1 ELAPSED_SIM=1.200 INITIAL_ERR=0.01692 FINAL_ERR=0.00025 ARM_V=0.00282
DAY4_STEP=1 EPISODE=027 STEP=01 DIST=0.020231 YAW_ERR_DEG=0.008 REQUESTED_MOVE=0.005003 EXECUTED_MOVE=0.004922 ATTEMPT=0 SUCCESS=0 TERMINATED=0 TRUNCATED=0
DAY4_MOTION_DONE=1 ELAPSED_SIM=1.200 INITIAL_ERR=0.01735 FINAL_ERR=0.00026 ARM_V=0.00289
DAY4_STEP=1 EPISODE=027 STEP=02 DIST=0.015342 YAW_ERR_DEG=0.015 REQUESTED_MOVE=0.004969 EXECUTED_MOVE=0.004891 ATTEMPT=0 SUCCESS=0 TERMINATED=0 TRUNCATED=0
DAY4_MOTION_DONE=1 ELAPSED_SIM=1.200 INITIAL_ERR=0.01746 FINAL_ERR=0.00024 ARM_V=0.00262
DAY4_STEP=1 EPISODE=027 STEP=03 DIST=0.010456 YAW_ERR_DEG=0.021 REQUESTED_MOVE=0.004957 EXECUTED_MOVE=0.004887 ATTEMPT=0 SUCCESS=0 TERMINATED=0 TRUNCATED=0
DAY4_MOTION_DONE=1 ELAPSED_SIM=1.200 INITIAL_ERR=0.01750 FINAL_ERR=0.00029 ARM_V=0.00324
DAY4_GRASP_ATTEMPT=1
TRIAL=027 PHASE=CLOSE_SEARCH
TRIAL=027 LEFT_CONTACT=0 RIGHT_CONTACT=0 STALL=0
TRIAL=027 LEFT_CONTACT=1 RIGHT_CONTACT=0 STALL=0
TRIAL=027 PHASE=WAIT_DUAL_CONTACT
TRIAL=027 PHASE=WAIT_STALL
TRIAL=027 LEFT_CONTACT=1 RIGHT_CONTACT=1 STALL=0 GRIPPER_ERROR=0.07444 VELOCITY=0.04101 CLOSURE_M=0.00017
TRIAL=027 LEFT_CONTACT=1 RIGHT_CONTACT=1 STALL=0 GRIPPER_ERROR=0.04644 VELOCITY=0.01756 CLOSURE_M=0.00103
TRIAL=027 LEFT_CONTACT=1 RIGHT_CONTACT=1 STALL=0 GRIPPER_ERROR=0.03767 VELOCITY=0.00675 CLOSURE_M=0.00131
TRIAL=027 LEFT_CONTACT=1 RIGHT_CONTACT=1 STALL=0 GRIPPER_ERROR=0.03211 VELOCITY=0.00497 CLOSURE_M=0.00149
TRIAL=027 PHASE=LIFT_80_MM
TRIAL=027 ACTUAL_LIFT_M=-0.00024 LEFT_CONTACT=1 RIGHT_CONTACT=1
TRIAL=027 ACTUAL_LIFT_M=0.02762 LEFT_CONTACT=1 RIGHT_CONTACT=1
TRIAL=027 ACTUAL_LIFT_M=0.05976 LEFT_CONTACT=1 RIGHT_CONTACT=1
TRIAL=027 PHASE=HOLD
TRIAL=027 HOLD_SIM_SEC=0.000 HOLD_WALL_SEC=0.000 ACTUAL_LIFT_M=0.07147 RELATIVE_SLIP_M=0.00000 LEFT_CONTACT=1 RIGHT_CONTACT=1
TRIAL=027 HOLD_SIM_SEC=0.880 HOLD_WALL_SEC=1.000 ACTUAL_LIFT_M=0.07486 RELATIVE_SLIP_M=0.00000 LEFT_CONTACT=1 RIGHT_CONTACT=1
TRIAL=027 HOLD_SIM_SEC=1.778 HOLD_WALL_SEC=2.001 ACTUAL_LIFT_M=0.07479 RELATIVE_SLIP_M=0.00000 LEFT_CONTACT=1 RIGHT_CONTACT=1
TRIAL=027 HOLD_SIM_SEC=2.704 HOLD_WALL_SEC=3.001 ACTUAL_LIFT_M=0.07471 RELATIVE_SLIP_M=0.00000 LEFT_CONTACT=1 RIGHT_CONTACT=1
TRIAL=027 HOLD_SIM_SEC=3.652 HOLD_WALL_SEC=4.001 ACTUAL_LIFT_M=0.07463 RELATIVE_SLIP_M=0.00000 LEFT_CONTACT=1 RIGHT_CONTACT=1
TRIAL=027 HOLD_SIM_SEC=4.588 HOLD_WALL_SEC=5.001 ACTUAL_LIFT_M=0.07454 RELATIVE_SLIP_M=0.00000 LEFT_CONTACT=1 RIGHT_CONTACT=1
TRIAL=027 PHASE=PLACE_DOWN
TRIAL=027 PHASE=OPEN_GRIPPER
TRIAL=027 PHASE=RETREAT_PREGRASP
TRIAL=027 PHASE=GRASP_SUCCESS
TRIAL=027 DAY5_PLACE_RELEASE=PASS
DAY4_GRASP_RESULT=SUCCESS
DAY4_STEP=1 EPISODE=027 STEP=04 DIST=0.005586 YAW_ERR_DEG=0.024 REQUESTED_MOVE=0.004948 EXECUTED_MOVE=0.004864 ATTEMPT=1 SUCCESS=1 TERMINATED=1 TRUNCATED=0
DAY7_EPISODE=27 LEVEL=L0 VALID=26/50 TECHNICAL=False SUCCESS=True REASON=
DAY4_RESET_GRIPPER=OPEN ANGLE_RAD=1.570000 EFFORT_NM=1.200000
DAY4_RESET_GRIPPER=AFTER_INITIAL_MOVE ANGLE_RAD=1.570000 EFFORT_NM=1.200000
TRIAL=028 VISUAL_CENTER=[0.3031383752822876, -0.008468559011816978, 0.02534860064957436] SURFACE=[0.3031383752822876, -0.008468559011816978, 0.05034860064957436] CONTOUR_DEG=0.00 AXIS_STD_DEG=0.00 FOOTPRINT=[0.049967119470238686, 0.049967119470238686] CONFIDENCE=0.9750
TRIAL=028 SELECTED_CONTOUR_ORIENTATION=+90.00deg TILT=18.3 LEAN=+1 SYMMETRY=1 IK_FK_POS_ERROR=0.000003m IK_FK_ORIENTATION_ERROR=0.000000rad FINGER_FK_LIFT=0.080000m FINGER_FK_DRIFT=0.000000m JOINT_MOTION=3.004974rad
DAY4_MOTION_DONE=1 ELAPSED_SIM=1.200 INITIAL_ERR=0.01678 FINAL_ERR=0.00025 ARM_V=0.00280
DAY4_STEP=1 EPISODE=028 STEP=01 DIST=0.020242 YAW_ERR_DEG=0.009 REQUESTED_MOVE=0.005003 EXECUTED_MOVE=0.004922 ATTEMPT=0 SUCCESS=0 TERMINATED=0 TRUNCATED=0
DAY4_MOTION_DONE=1 ELAPSED_SIM=1.202 INITIAL_ERR=0.01725 FINAL_ERR=0.00023 ARM_V=0.00259
DAY4_STEP=1 EPISODE=028 STEP=02 DIST=0.015345 YAW_ERR_DEG=0.016 REQUESTED_MOVE=0.004969 EXECUTED_MOVE=0.004899 ATTEMPT=0 SUCCESS=0 TERMINATED=0 TRUNCATED=0
DAY4_MOTION_DONE=1 ELAPSED_SIM=1.200 INITIAL_ERR=0.01738 FINAL_ERR=0.00026 ARM_V=0.00289
DAY4_STEP=1 EPISODE=028 STEP=03 DIST=0.010466 YAW_ERR_DEG=0.021 REQUESTED_MOVE=0.004957 EXECUTED_MOVE=0.004880 ATTEMPT=0 SUCCESS=0 TERMINATED=0 TRUNCATED=0
DAY4_MOTION_DONE=1 ELAPSED_SIM=1.200 INITIAL_ERR=0.01743 FINAL_ERR=0.00024 ARM_V=0.00261
DAY4_GRASP_ATTEMPT=1
TRIAL=028 PHASE=CLOSE_SEARCH
TRIAL=028 LEFT_CONTACT=0 RIGHT_CONTACT=0 STALL=0
TRIAL=028 LEFT_CONTACT=1 RIGHT_CONTACT=0 STALL=0
TRIAL=028 PHASE=WAIT_DUAL_CONTACT
TRIAL=028 PHASE=WAIT_STALL
TRIAL=028 LEFT_CONTACT=1 RIGHT_CONTACT=1 STALL=0 GRIPPER_ERROR=0.07421 VELOCITY=0.04420 CLOSURE_M=0.00017
TRIAL=028 LEFT_CONTACT=1 RIGHT_CONTACT=1 STALL=0 GRIPPER_ERROR=0.04848 VELOCITY=0.01593 CLOSURE_M=0.00095
TRIAL=028 LEFT_CONTACT=1 RIGHT_CONTACT=1 STALL=0 GRIPPER_ERROR=0.04026 VELOCITY=0.00633 CLOSURE_M=0.00121
TRIAL=028 LEFT_CONTACT=1 RIGHT_CONTACT=1 STALL=0 GRIPPER_ERROR=0.03509 VELOCITY=0.00489 CLOSURE_M=0.00137
TRIAL=028 LEFT_CONTACT=1 RIGHT_CONTACT=1 STALL=1 GRIPPER_ERROR=0.03077 VELOCITY=0.00449 CLOSURE_M=0.00151
TRIAL=028 PHASE=LIFT_80_MM
TRIAL=028 ACTUAL_LIFT_M=-0.00003 LEFT_CONTACT=1 RIGHT_CONTACT=1
TRIAL=028 ACTUAL_LIFT_M=0.02765 LEFT_CONTACT=1 RIGHT_CONTACT=1
TRIAL=028 ACTUAL_LIFT_M=0.05983 LEFT_CONTACT=1 RIGHT_CONTACT=1
TRIAL=028 PHASE=HOLD
TRIAL=028 HOLD_SIM_SEC=0.000 HOLD_WALL_SEC=0.000 ACTUAL_LIFT_M=0.07224 RELATIVE_SLIP_M=0.00000 LEFT_CONTACT=1 RIGHT_CONTACT=1
TRIAL=028 HOLD_SIM_SEC=0.894 HOLD_WALL_SEC=1.000 ACTUAL_LIFT_M=0.07517 RELATIVE_SLIP_M=0.00028 LEFT_CONTACT=1 RIGHT_CONTACT=1
TRIAL=028 HOLD_SIM_SEC=1.826 HOLD_WALL_SEC=2.001 ACTUAL_LIFT_M=0.07510 RELATIVE_SLIP_M=0.00028 LEFT_CONTACT=1 RIGHT_CONTACT=1
TRIAL=028 HOLD_SIM_SEC=2.758 HOLD_WALL_SEC=3.001 ACTUAL_LIFT_M=0.07501 RELATIVE_SLIP_M=0.00028 LEFT_CONTACT=1 RIGHT_CONTACT=1
TRIAL=028 HOLD_SIM_SEC=3.682 HOLD_WALL_SEC=4.001 ACTUAL_LIFT_M=0.07493 RELATIVE_SLIP_M=0.00028 LEFT_CONTACT=1 RIGHT_CONTACT=1
TRIAL=028 HOLD_SIM_SEC=4.636 HOLD_WALL_SEC=5.002 ACTUAL_LIFT_M=0.07484 RELATIVE_SLIP_M=0.00028 LEFT_CONTACT=1 RIGHT_CONTACT=1
TRIAL=028 PHASE=PLACE_DOWN
TRIAL=028 PHASE=OPEN_GRIPPER
TRIAL=028 PHASE=RETREAT_PREGRASP
TRIAL=028 PHASE=GRASP_SUCCESS
TRIAL=028 DAY5_PLACE_RELEASE=PASS
DAY4_GRASP_RESULT=SUCCESS
DAY4_STEP=1 EPISODE=028 STEP=04 DIST=0.005589 YAW_ERR_DEG=0.025 REQUESTED_MOVE=0.004949 EXECUTED_MOVE=0.004880 ATTEMPT=1 SUCCESS=1 TERMINATED=1 TRUNCATED=0
DAY7_EPISODE=28 LEVEL=L0 VALID=27/50 TECHNICAL=False SUCCESS=True REASON=
DAY4_RESET_GRIPPER=OPEN ANGLE_RAD=1.570000 EFFORT_NM=1.200000
DAY4_RESET_GRIPPER=AFTER_INITIAL_MOVE ANGLE_RAD=1.570000 EFFORT_NM=1.200000
TRIAL=029 VISUAL_CENTER=[0.29924434423446655, 0.005728473886847496, 0.025347554491938852] SURFACE=[0.29924434423446655, 0.005728473886847496, 0.05034755449193885] CONTOUR_DEG=0.00 AXIS_STD_DEG=0.00 FOOTPRINT=[0.04993259906768799, 0.04993259906768799] CONFIDENCE=0.9749
TRIAL=029 SELECTED_CONTOUR_ORIENTATION=+90.00deg TILT=16.5 LEAN=+1 SYMMETRY=1 IK_FK_POS_ERROR=0.000002m IK_FK_ORIENTATION_ERROR=0.000000rad FINGER_FK_LIFT=0.080000m FINGER_FK_DRIFT=0.000000m JOINT_MOTION=3.002401rad
DAY4_MOTION_DONE=1 ELAPSED_SIM=1.200 INITIAL_ERR=0.01699 FINAL_ERR=0.00023 ARM_V=0.00255
DAY4_STEP=1 EPISODE=029 STEP=01 DIST=0.020226 YAW_ERR_DEG=0.007 REQUESTED_MOVE=0.005003 EXECUTED_MOVE=0.004930 ATTEMPT=0 SUCCESS=0 TERMINATED=0 TRUNCATED=0
DAY4_MOTION_DONE=1 ELAPSED_SIM=1.200 INITIAL_ERR=0.01740 FINAL_ERR=0.00023 ARM_V=0.00261
DAY4_STEP=1 EPISODE=029 STEP=02 DIST=0.015329 YAW_ERR_DEG=0.013 REQUESTED_MOVE=0.004968 EXECUTED_MOVE=0.004898 ATTEMPT=0 SUCCESS=0 TERMINATED=0 TRUNCATED=0
DAY4_MOTION_DONE=1 ELAPSED_SIM=1.200 INITIAL_ERR=0.01751 FINAL_ERR=0.00024 ARM_V=0.00263
DAY4_STEP=1 EPISODE=029 STEP=03 DIST=0.010443 YAW_ERR_DEG=0.018 REQUESTED_MOVE=0.004956 EXECUTED_MOVE=0.004887 ATTEMPT=0 SUCCESS=0 TERMINATED=0 TRUNCATED=0
DAY4_MOTION_DONE=1 ELAPSED_SIM=1.200 INITIAL_ERR=0.01754 FINAL_ERR=0.00026 ARM_V=0.00292
DAY4_GRASP_ATTEMPT=1
TRIAL=029 PHASE=CLOSE_SEARCH
TRIAL=029 LEFT_CONTACT=0 RIGHT_CONTACT=0 STALL=0
TRIAL=029 LEFT_CONTACT=0 RIGHT_CONTACT=0 STALL=0
TRIAL=029 PHASE=WAIT_DUAL_CONTACT
TRIAL=029 PHASE=WAIT_STALL
TRIAL=029 LEFT_CONTACT=1 RIGHT_CONTACT=1 STALL=0 GRIPPER_ERROR=0.07223 VELOCITY=0.11881 CLOSURE_M=0.00023
TRIAL=029 LEFT_CONTACT=1 RIGHT_CONTACT=1 STALL=0 GRIPPER_ERROR=0.04744 VELOCITY=0.01278 CLOSURE_M=0.00099
TRIAL=029 LEFT_CONTACT=1 RIGHT_CONTACT=1 STALL=0 GRIPPER_ERROR=0.03847 VELOCITY=0.00679 CLOSURE_M=0.00127
TRIAL=029 LEFT_CONTACT=1 RIGHT_CONTACT=1 STALL=0 GRIPPER_ERROR=0.03308 VELOCITY=0.00495 CLOSURE_M=0.00144
TRIAL=029 PHASE=LIFT_80_MM
TRIAL=029 ACTUAL_LIFT_M=-0.00008 LEFT_CONTACT=1 RIGHT_CONTACT=1
TRIAL=029 ACTUAL_LIFT_M=0.02749 LEFT_CONTACT=1 RIGHT_CONTACT=1
TRIAL=029 ACTUAL_LIFT_M=0.05972 LEFT_CONTACT=1 RIGHT_CONTACT=1
TRIAL=029 PHASE=HOLD
TRIAL=029 HOLD_SIM_SEC=0.000 HOLD_WALL_SEC=0.000 ACTUAL_LIFT_M=0.07216 RELATIVE_SLIP_M=0.00000 LEFT_CONTACT=1 RIGHT_CONTACT=1
TRIAL=029 HOLD_SIM_SEC=0.890 HOLD_WALL_SEC=1.001 ACTUAL_LIFT_M=0.07523 RELATIVE_SLIP_M=0.00028 LEFT_CONTACT=1 RIGHT_CONTACT=1
TRIAL=029 HOLD_SIM_SEC=1.838 HOLD_WALL_SEC=2.001 ACTUAL_LIFT_M=0.07516 RELATIVE_SLIP_M=0.00028 LEFT_CONTACT=1 RIGHT_CONTACT=1
TRIAL=029 HOLD_SIM_SEC=2.784 HOLD_WALL_SEC=3.001 ACTUAL_LIFT_M=0.07508 RELATIVE_SLIP_M=0.00028 LEFT_CONTACT=1 RIGHT_CONTACT=1
TRIAL=029 HOLD_SIM_SEC=3.724 HOLD_WALL_SEC=4.001 ACTUAL_LIFT_M=0.07499 RELATIVE_SLIP_M=0.00028 LEFT_CONTACT=1 RIGHT_CONTACT=1
TRIAL=029 HOLD_SIM_SEC=4.666 HOLD_WALL_SEC=5.001 ACTUAL_LIFT_M=0.07490 RELATIVE_SLIP_M=0.00028 LEFT_CONTACT=1 RIGHT_CONTACT=1
TRIAL=029 PHASE=PLACE_DOWN
TRIAL=029 PHASE=OPEN_GRIPPER
TRIAL=029 PHASE=RETREAT_PREGRASP
TRIAL=029 PHASE=GRASP_SUCCESS
TRIAL=029 DAY5_PLACE_RELEASE=PASS
DAY4_GRASP_RESULT=SUCCESS
DAY4_STEP=1 EPISODE=029 STEP=04 DIST=0.005574 YAW_ERR_DEG=0.022 REQUESTED_MOVE=0.004948 EXECUTED_MOVE=0.004872 ATTEMPT=1 SUCCESS=1 TERMINATED=1 TRUNCATED=0
DAY7_EPISODE=29 LEVEL=L0 VALID=28/50 TECHNICAL=False SUCCESS=True REASON=
DAY4_RESET_GRIPPER=OPEN ANGLE_RAD=1.570000 EFFORT_NM=1.200000
DAY4_RESET_GRIPPER=AFTER_INITIAL_MOVE ANGLE_RAD=1.570000 EFFORT_NM=1.200000
TRIAL=030 VISUAL_CENTER=[0.29899898171424866, -0.0065987445414066315, 0.02534800809597864] SURFACE=[0.29899898171424866, -0.0065987445414066315, 0.05034800809597864] CONTOUR_DEG=-0.05 AXIS_STD_DEG=0.00 FOOTPRINT=[0.049903858453035355, 0.049903858453035355] CONFIDENCE=0.9751
TRIAL=030 SELECTED_CONTOUR_ORIENTATION=+89.95deg TILT=16.4 LEAN=+1 SYMMETRY=1 IK_FK_POS_ERROR=0.000002m IK_FK_ORIENTATION_ERROR=0.000000rad FINGER_FK_LIFT=0.080000m FINGER_FK_DRIFT=0.000000m JOINT_MOTION=3.002225rad
DAY4_MOTION_DONE=1 ELAPSED_SIM=1.200 INITIAL_ERR=0.01700 FINAL_ERR=0.00026 ARM_V=0.00283
DAY4_STEP=1 EPISODE=030 STEP=01 DIST=0.020231 YAW_ERR_DEG=0.008 REQUESTED_MOVE=0.005003 EXECUTED_MOVE=0.004923 ATTEMPT=0 SUCCESS=0 TERMINATED=0 TRUNCATED=0
DAY4_MOTION_DONE=1 ELAPSED_SIM=1.200 INITIAL_ERR=0.01740 FINAL_ERR=0.00026 ARM_V=0.00290
DAY4_STEP=1 EPISODE=030 STEP=02 DIST=0.015342 YAW_ERR_DEG=0.016 REQUESTED_MOVE=0.004969 EXECUTED_MOVE=0.004891 ATTEMPT=0 SUCCESS=0 TERMINATED=0 TRUNCATED=0
DAY4_MOTION_DONE=1 ELAPSED_SIM=1.200 INITIAL_ERR=0.01749 FINAL_ERR=0.00026 ARM_V=0.00291
DAY4_STEP=1 EPISODE=030 STEP=03 DIST=0.010463 YAW_ERR_DEG=0.021 REQUESTED_MOVE=0.004956 EXECUTED_MOVE=0.004880 ATTEMPT=0 SUCCESS=0 TERMINATED=0 TRUNCATED=0
DAY4_MOTION_DONE=1 ELAPSED_SIM=1.200 INITIAL_ERR=0.01756 FINAL_ERR=0.00024 ARM_V=0.00263
DAY4_GRASP_ATTEMPT=1
TRIAL=030 PHASE=CLOSE_SEARCH
TRIAL=030 LEFT_CONTACT=0 RIGHT_CONTACT=0 STALL=0
TRIAL=030 LEFT_CONTACT=1 RIGHT_CONTACT=0 STALL=0
TRIAL=030 PHASE=WAIT_DUAL_CONTACT
TRIAL=030 PHASE=WAIT_STALL
TRIAL=030 LEFT_CONTACT=1 RIGHT_CONTACT=1 STALL=0 GRIPPER_ERROR=0.07429 VELOCITY=0.04238 CLOSURE_M=0.00017
TRIAL=030 LEFT_CONTACT=1 RIGHT_CONTACT=1 STALL=0 GRIPPER_ERROR=0.04770 VELOCITY=0.01754 CLOSURE_M=0.00099
TRIAL=030 LEFT_CONTACT=1 RIGHT_CONTACT=1 STALL=0 GRIPPER_ERROR=0.03870 VELOCITY=0.00675 CLOSURE_M=0.00127
TRIAL=030 LEFT_CONTACT=1 RIGHT_CONTACT=1 STALL=0 GRIPPER_ERROR=0.03332 VELOCITY=0.00499 CLOSURE_M=0.00145
TRIAL=030 PHASE=LIFT_80_MM
TRIAL=030 ACTUAL_LIFT_M=-0.00011 LEFT_CONTACT=1 RIGHT_CONTACT=1
TRIAL=030 ACTUAL_LIFT_M=0.02831 LEFT_CONTACT=1 RIGHT_CONTACT=1
TRIAL=030 ACTUAL_LIFT_M=0.06187 LEFT_CONTACT=1 RIGHT_CONTACT=1
TRIAL=030 PHASE=HOLD
TRIAL=030 HOLD_SIM_SEC=0.000 HOLD_WALL_SEC=0.000 ACTUAL_LIFT_M=0.07220 RELATIVE_SLIP_M=0.00000 LEFT_CONTACT=1 RIGHT_CONTACT=1
TRIAL=030 HOLD_SIM_SEC=0.866 HOLD_WALL_SEC=1.001 ACTUAL_LIFT_M=0.07506 RELATIVE_SLIP_M=0.00028 LEFT_CONTACT=1 RIGHT_CONTACT=1
TRIAL=030 HOLD_SIM_SEC=1.816 HOLD_WALL_SEC=2.001 ACTUAL_LIFT_M=0.07499 RELATIVE_SLIP_M=0.00028 LEFT_CONTACT=1 RIGHT_CONTACT=1
TRIAL=030 HOLD_SIM_SEC=2.766 HOLD_WALL_SEC=3.001 ACTUAL_LIFT_M=0.07491 RELATIVE_SLIP_M=0.00028 LEFT_CONTACT=1 RIGHT_CONTACT=1
TRIAL=030 HOLD_SIM_SEC=3.702 HOLD_WALL_SEC=4.001 ACTUAL_LIFT_M=0.07482 RELATIVE_SLIP_M=0.00028 LEFT_CONTACT=1 RIGHT_CONTACT=1
TRIAL=030 HOLD_SIM_SEC=4.652 HOLD_WALL_SEC=5.002 ACTUAL_LIFT_M=0.07473 RELATIVE_SLIP_M=0.00028 LEFT_CONTACT=1 RIGHT_CONTACT=1
TRIAL=030 PHASE=PLACE_DOWN
TRIAL=030 PHASE=OPEN_GRIPPER
TRIAL=030 PHASE=RETREAT_PREGRASP
TRIAL=030 PHASE=GRASP_SUCCESS
TRIAL=030 DAY5_PLACE_RELEASE=PASS
DAY4_GRASP_RESULT=SUCCESS
DAY4_STEP=1 EPISODE=030 STEP=04 DIST=0.005587 YAW_ERR_DEG=0.025 REQUESTED_MOVE=0.004948 EXECUTED_MOVE=0.004879 ATTEMPT=1 SUCCESS=1 TERMINATED=1 TRUNCATED=0
DAY7_EPISODE=30 LEVEL=L0 VALID=29/50 TECHNICAL=False SUCCESS=True REASON=
DAY4_RESET_GRIPPER=OPEN ANGLE_RAD=1.570000 EFFORT_NM=1.200000
DAY4_RESET_GRIPPER=AFTER_INITIAL_MOVE ANGLE_RAD=1.570000 EFFORT_NM=1.200000
TRIAL=031 VISUAL_CENTER=[0.3049682378768921, 0.003047080710530281, 0.025350342953707992] SURFACE=[0.3049682378768921, 0.003047080710530281, 0.050350342953707994] CONTOUR_DEG=0.00 AXIS_STD_DEG=0.00 FOOTPRINT=[0.04997917637228966, 0.04997917637228966] CONFIDENCE=0.9776
TRIAL=031 SELECTED_CONTOUR_ORIENTATION=+90.00deg TILT=19.1 LEAN=+1 SYMMETRY=1 IK_FK_POS_ERROR=0.000001m IK_FK_ORIENTATION_ERROR=0.000000rad FINGER_FK_LIFT=0.080000m FINGER_FK_DRIFT=0.000000m JOINT_MOTION=3.005976rad
DAY4_MOTION_DONE=1 ELAPSED_SIM=1.200 INITIAL_ERR=0.01672 FINAL_ERR=0.00025 ARM_V=0.00279
DAY4_STEP=1 EPISODE=031 STEP=01 DIST=0.020256 YAW_ERR_DEG=0.007 REQUESTED_MOVE=0.005002 EXECUTED_MOVE=0.004921 ATTEMPT=0 SUCCESS=0 TERMINATED=0 TRUNCATED=0
DAY4_MOTION_DONE=1 ELAPSED_SIM=1.202 INITIAL_ERR=0.01717 FINAL_ERR=0.00029 ARM_V=0.00317
DAY4_STEP=1 EPISODE=031 STEP=02 DIST=0.015366 YAW_ERR_DEG=0.013 REQUESTED_MOVE=0.004969 EXECUTED_MOVE=0.004883 ATTEMPT=0 SUCCESS=0 TERMINATED=0 TRUNCATED=0
DAY4_MOTION_DONE=1 ELAPSED_SIM=1.200 INITIAL_ERR=0.01731 FINAL_ERR=0.00026 ARM_V=0.00288
DAY4_STEP=1 EPISODE=031 STEP=03 DIST=0.010487 YAW_ERR_DEG=0.018 REQUESTED_MOVE=0.004957 EXECUTED_MOVE=0.004880 ATTEMPT=0 SUCCESS=0 TERMINATED=0 TRUNCATED=0
DAY4_MOTION_DONE=1 ELAPSED_SIM=1.200 INITIAL_ERR=0.01738 FINAL_ERR=0.00026 ARM_V=0.00290
DAY4_GRASP_ATTEMPT=1
TRIAL=031 PHASE=CLOSE_SEARCH
TRIAL=031 LEFT_CONTACT=0 RIGHT_CONTACT=0 STALL=0
TRIAL=031 LEFT_CONTACT=1 RIGHT_CONTACT=0 STALL=0
TRIAL=031 PHASE=WAIT_DUAL_CONTACT
TRIAL=031 PHASE=WAIT_STALL
TRIAL=031 LEFT_CONTACT=1 RIGHT_CONTACT=1 STALL=0 GRIPPER_ERROR=0.07218 VELOCITY=0.04611 CLOSURE_M=0.00023
TRIAL=031 LEFT_CONTACT=1 RIGHT_CONTACT=1 STALL=0 GRIPPER_ERROR=0.04661 VELOCITY=0.01659 CLOSURE_M=0.00102
TRIAL=031 LEFT_CONTACT=1 RIGHT_CONTACT=1 STALL=0 GRIPPER_ERROR=0.03847 VELOCITY=0.00634 CLOSURE_M=0.00127
TRIAL=031 LEFT_CONTACT=1 RIGHT_CONTACT=1 STALL=0 GRIPPER_ERROR=0.03313 VELOCITY=0.00488 CLOSURE_M=0.00144
TRIAL=031 PHASE=LIFT_80_MM
TRIAL=031 ACTUAL_LIFT_M=-0.00009 LEFT_CONTACT=1 RIGHT_CONTACT=1
TRIAL=031 ACTUAL_LIFT_M=0.02759 LEFT_CONTACT=1 RIGHT_CONTACT=1
TRIAL=031 ACTUAL_LIFT_M=0.05977 LEFT_CONTACT=1 RIGHT_CONTACT=1
TRIAL=031 PHASE=HOLD
TRIAL=031 HOLD_SIM_SEC=0.000 HOLD_WALL_SEC=0.000 ACTUAL_LIFT_M=0.07218 RELATIVE_SLIP_M=0.00000 LEFT_CONTACT=1 RIGHT_CONTACT=1
TRIAL=031 HOLD_SIM_SEC=0.916 HOLD_WALL_SEC=1.001 ACTUAL_LIFT_M=0.07512 RELATIVE_SLIP_M=0.00028 LEFT_CONTACT=1 RIGHT_CONTACT=1
TRIAL=031 HOLD_SIM_SEC=1.858 HOLD_WALL_SEC=2.001 ACTUAL_LIFT_M=0.07505 RELATIVE_SLIP_M=0.00028 LEFT_CONTACT=1 RIGHT_CONTACT=1
TRIAL=031 HOLD_SIM_SEC=2.808 HOLD_WALL_SEC=3.001 ACTUAL_LIFT_M=0.07497 RELATIVE_SLIP_M=0.00028 LEFT_CONTACT=1 RIGHT_CONTACT=1
TRIAL=031 HOLD_SIM_SEC=3.756 HOLD_WALL_SEC=4.001 ACTUAL_LIFT_M=0.07489 RELATIVE_SLIP_M=0.00028 LEFT_CONTACT=1 RIGHT_CONTACT=1
TRIAL=031 HOLD_SIM_SEC=4.702 HOLD_WALL_SEC=5.002 ACTUAL_LIFT_M=0.07480 RELATIVE_SLIP_M=0.00028 LEFT_CONTACT=1 RIGHT_CONTACT=1
TRIAL=031 PHASE=PLACE_DOWN
TRIAL=031 PHASE=OPEN_GRIPPER
TRIAL=031 PHASE=RETREAT_PREGRASP
TRIAL=031 PHASE=GRASP_SUCCESS
TRIAL=031 DAY5_PLACE_RELEASE=PASS
DAY4_GRASP_RESULT=SUCCESS
DAY4_STEP=1 EPISODE=031 STEP=04 DIST=0.005610 YAW_ERR_DEG=0.022 REQUESTED_MOVE=0.004949 EXECUTED_MOVE=0.004873 ATTEMPT=1 SUCCESS=1 TERMINATED=1 TRUNCATED=0
DAY7_EPISODE=31 LEVEL=L0 VALID=30/50 TECHNICAL=False SUCCESS=True REASON=
DAY4_RESET_GRIPPER=OPEN ANGLE_RAD=1.570000 EFFORT_NM=1.200000
DAY4_RESET_GRIPPER=AFTER_INITIAL_MOVE ANGLE_RAD=1.570000 EFFORT_NM=1.200000
TRIAL=032 VISUAL_CENTER=[0.30562081933021545, -0.001519879326224327, 0.02535153524766181] SURFACE=[0.30562081933021545, -0.001519879326224327, 0.05035153524766181] CONTOUR_DEG=0.00 AXIS_STD_DEG=0.00 FOOTPRINT=[0.04998188838362694, 0.04998188838362694] CONFIDENCE=0.9795
TRIAL=032 SELECTED_CONTOUR_ORIENTATION=+90.00deg TILT=19.4 LEAN=+1 SYMMETRY=1 IK_FK_POS_ERROR=0.000001m IK_FK_ORIENTATION_ERROR=0.000000rad FINGER_FK_LIFT=0.080000m FINGER_FK_DRIFT=0.000000m JOINT_MOTION=3.006484rad
DAY4_MOTION_DONE=1 ELAPSED_SIM=1.202 INITIAL_ERR=0.01668 FINAL_ERR=0.00025 ARM_V=0.00278
DAY4_STEP=1 EPISODE=032 STEP=01 DIST=0.020259 YAW_ERR_DEG=0.008 REQUESTED_MOVE=0.005002 EXECUTED_MOVE=0.004921 ATTEMPT=0 SUCCESS=0 TERMINATED=0 TRUNCATED=0
DAY4_MOTION_DONE=1 ELAPSED_SIM=1.200 INITIAL_ERR=0.01713 FINAL_ERR=0.00023 ARM_V=0.00257
DAY4_STEP=1 EPISODE=032 STEP=02 DIST=0.015361 YAW_ERR_DEG=0.014 REQUESTED_MOVE=0.004969 EXECUTED_MOVE=0.004899 ATTEMPT=0 SUCCESS=0 TERMINATED=0 TRUNCATED=0
DAY4_MOTION_DONE=1 ELAPSED_SIM=1.200 INITIAL_ERR=0.01730 FINAL_ERR=0.00026 ARM_V=0.00288
DAY4_STEP=1 EPISODE=032 STEP=03 DIST=0.010482 YAW_ERR_DEG=0.019 REQUESTED_MOVE=0.004958 EXECUTED_MOVE=0.004880 ATTEMPT=0 SUCCESS=0 TERMINATED=0 TRUNCATED=0
DAY4_MOTION_DONE=1 ELAPSED_SIM=1.200 INITIAL_ERR=0.01734 FINAL_ERR=0.00023 ARM_V=0.00260
DAY4_GRASP_ATTEMPT=1
TRIAL=032 PHASE=CLOSE_SEARCH
TRIAL=032 LEFT_CONTACT=0 RIGHT_CONTACT=0 STALL=0
TRIAL=032 LEFT_CONTACT=1 RIGHT_CONTACT=0 STALL=0
TRIAL=032 PHASE=WAIT_DUAL_CONTACT
TRIAL=032 PHASE=WAIT_STALL
TRIAL=032 LEFT_CONTACT=1 RIGHT_CONTACT=1 STALL=0 GRIPPER_ERROR=0.07013 VELOCITY=0.04490 CLOSURE_M=0.00030
TRIAL=032 LEFT_CONTACT=1 RIGHT_CONTACT=1 STALL=0 GRIPPER_ERROR=0.04428 VELOCITY=0.01656 CLOSURE_M=0.00110
TRIAL=032 LEFT_CONTACT=1 RIGHT_CONTACT=1 STALL=0 GRIPPER_ERROR=0.03587 VELOCITY=0.00644 CLOSURE_M=0.00137
TRIAL=032 LEFT_CONTACT=1 RIGHT_CONTACT=1 STALL=1 GRIPPER_ERROR=0.03078 VELOCITY=0.00495 CLOSURE_M=0.00153
TRIAL=032 PHASE=LIFT_80_MM
TRIAL=032 ACTUAL_LIFT_M=-0.00026 LEFT_CONTACT=1 RIGHT_CONTACT=1
TRIAL=032 ACTUAL_LIFT_M=0.02739 LEFT_CONTACT=1 RIGHT_CONTACT=1
TRIAL=032 ACTUAL_LIFT_M=0.05894 LEFT_CONTACT=1 RIGHT_CONTACT=1
TRIAL=032 PHASE=HOLD
TRIAL=032 HOLD_SIM_SEC=0.000 HOLD_WALL_SEC=0.001 ACTUAL_LIFT_M=0.07206 RELATIVE_SLIP_M=0.00000 LEFT_CONTACT=1 RIGHT_CONTACT=1
TRIAL=032 HOLD_SIM_SEC=0.890 HOLD_WALL_SEC=1.001 ACTUAL_LIFT_M=0.07506 RELATIVE_SLIP_M=0.00028 LEFT_CONTACT=1 RIGHT_CONTACT=1
TRIAL=032 HOLD_SIM_SEC=1.774 HOLD_WALL_SEC=2.001 ACTUAL_LIFT_M=0.07500 RELATIVE_SLIP_M=0.00028 LEFT_CONTACT=1 RIGHT_CONTACT=1
TRIAL=032 HOLD_SIM_SEC=2.714 HOLD_WALL_SEC=3.001 ACTUAL_LIFT_M=0.07492 RELATIVE_SLIP_M=0.00028 LEFT_CONTACT=1 RIGHT_CONTACT=1
TRIAL=032 HOLD_SIM_SEC=3.660 HOLD_WALL_SEC=4.001 ACTUAL_LIFT_M=0.07484 RELATIVE_SLIP_M=0.00028 LEFT_CONTACT=1 RIGHT_CONTACT=1
TRIAL=032 HOLD_SIM_SEC=4.618 HOLD_WALL_SEC=5.002 ACTUAL_LIFT_M=0.07475 RELATIVE_SLIP_M=0.00028 LEFT_CONTACT=1 RIGHT_CONTACT=1
TRIAL=032 PHASE=PLACE_DOWN
TRIAL=032 PHASE=OPEN_GRIPPER
TRIAL=032 PHASE=RETREAT_PREGRASP
TRIAL=032 PHASE=GRASP_SUCCESS
TRIAL=032 DAY5_PLACE_RELEASE=PASS
DAY4_GRASP_RESULT=SUCCESS
DAY4_STEP=1 EPISODE=032 STEP=04 DIST=0.005605 YAW_ERR_DEG=0.023 REQUESTED_MOVE=0.004949 EXECUTED_MOVE=0.004880 ATTEMPT=1 SUCCESS=1 TERMINATED=1 TRUNCATED=0
DAY7_EPISODE=32 LEVEL=L0 VALID=31/50 TECHNICAL=False SUCCESS=True REASON=
DAY4_RESET_GRIPPER=OPEN ANGLE_RAD=1.570000 EFFORT_NM=1.200000
DAY4_RESET_GRIPPER=AFTER_INITIAL_MOVE ANGLE_RAD=1.570000 EFFORT_NM=1.200000
TRIAL=033 VISUAL_CENTER=[0.3030553460121155, 0.007243807893246412, 0.02534937730543984] SURFACE=[0.3030553460121155, 0.007243807893246412, 0.05034937730543984] CONTOUR_DEG=0.00 AXIS_STD_DEG=0.00 FOOTPRINT=[0.049946509301662445, 0.049946509301662445] CONFIDENCE=0.9753
TRIAL=033 SELECTED_CONTOUR_ORIENTATION=+90.00deg TILT=18.3 LEAN=+1 SYMMETRY=1 IK_FK_POS_ERROR=0.000003m IK_FK_ORIENTATION_ERROR=0.000000rad FINGER_FK_LIFT=0.080000m FINGER_FK_DRIFT=0.000000m JOINT_MOTION=3.004691rad
DAY4_MOTION_DONE=1 ELAPSED_SIM=1.200 INITIAL_ERR=0.01681 FINAL_ERR=0.00023 ARM_V=0.00252
DAY4_STEP=1 EPISODE=033 STEP=01 DIST=0.020240 YAW_ERR_DEG=0.006 REQUESTED_MOVE=0.005002 EXECUTED_MOVE=0.004929 ATTEMPT=0 SUCCESS=0 TERMINATED=0 TRUNCATED=0
DAY4_MOTION_DONE=1 ELAPSED_SIM=1.200 INITIAL_ERR=0.01725 FINAL_ERR=0.00026 ARM_V=0.00287
DAY4_STEP=1 EPISODE=033 STEP=02 DIST=0.015351 YAW_ERR_DEG=0.013 REQUESTED_MOVE=0.004969 EXECUTED_MOVE=0.004891 ATTEMPT=0 SUCCESS=0 TERMINATED=0 TRUNCATED=0
DAY4_MOTION_DONE=1 ELAPSED_SIM=1.200 INITIAL_ERR=0.01736 FINAL_ERR=0.00023 ARM_V=0.00260
DAY4_STEP=1 EPISODE=033 STEP=03 DIST=0.010465 YAW_ERR_DEG=0.017 REQUESTED_MOVE=0.004957 EXECUTED_MOVE=0.004887 ATTEMPT=0 SUCCESS=0 TERMINATED=0 TRUNCATED=0
DAY4_MOTION_DONE=1 ELAPSED_SIM=1.200 INITIAL_ERR=0.01744 FINAL_ERR=0.00026 ARM_V=0.00290
DAY4_GRASP_ATTEMPT=1
TRIAL=033 PHASE=CLOSE_SEARCH
TRIAL=033 LEFT_CONTACT=0 RIGHT_CONTACT=0 STALL=0
TRIAL=033 LEFT_CONTACT=1 RIGHT_CONTACT=0 STALL=0
TRIAL=033 PHASE=WAIT_DUAL_CONTACT
TRIAL=033 PHASE=WAIT_STALL
TRIAL=033 LEFT_CONTACT=1 RIGHT_CONTACT=1 STALL=0 GRIPPER_ERROR=0.07396 VELOCITY=0.04406 CLOSURE_M=0.00018
TRIAL=033 LEFT_CONTACT=1 RIGHT_CONTACT=1 STALL=0 GRIPPER_ERROR=0.04613 VELOCITY=0.01797 CLOSURE_M=0.00102
TRIAL=033 LEFT_CONTACT=1 RIGHT_CONTACT=1 STALL=0 GRIPPER_ERROR=0.03689 VELOCITY=0.00685 CLOSURE_M=0.00130
TRIAL=033 LEFT_CONTACT=1 RIGHT_CONTACT=1 STALL=0 GRIPPER_ERROR=0.03144 VELOCITY=0.00503 CLOSURE_M=0.00147
TRIAL=033 PHASE=LIFT_80_MM
TRIAL=033 ACTUAL_LIFT_M=-0.00009 LEFT_CONTACT=1 RIGHT_CONTACT=1
TRIAL=033 ACTUAL_LIFT_M=0.02828 LEFT_CONTACT=1 RIGHT_CONTACT=1
TRIAL=033 ACTUAL_LIFT_M=0.06049 LEFT_CONTACT=1 RIGHT_CONTACT=1
TRIAL=033 PHASE=HOLD
TRIAL=033 HOLD_SIM_SEC=0.000 HOLD_WALL_SEC=0.000 ACTUAL_LIFT_M=0.07222 RELATIVE_SLIP_M=0.00000 LEFT_CONTACT=1 RIGHT_CONTACT=1
TRIAL=033 HOLD_SIM_SEC=0.900 HOLD_WALL_SEC=1.001 ACTUAL_LIFT_M=0.07517 RELATIVE_SLIP_M=0.00028 LEFT_CONTACT=1 RIGHT_CONTACT=1
TRIAL=033 HOLD_SIM_SEC=1.838 HOLD_WALL_SEC=2.001 ACTUAL_LIFT_M=0.07510 RELATIVE_SLIP_M=0.00028 LEFT_CONTACT=1 RIGHT_CONTACT=1
TRIAL=033 HOLD_SIM_SEC=2.792 HOLD_WALL_SEC=3.001 ACTUAL_LIFT_M=0.07502 RELATIVE_SLIP_M=0.00028 LEFT_CONTACT=1 RIGHT_CONTACT=1
TRIAL=033 HOLD_SIM_SEC=3.734 HOLD_WALL_SEC=4.001 ACTUAL_LIFT_M=0.07493 RELATIVE_SLIP_M=0.00028 LEFT_CONTACT=1 RIGHT_CONTACT=1
TRIAL=033 HOLD_SIM_SEC=4.676 HOLD_WALL_SEC=5.001 ACTUAL_LIFT_M=0.07484 RELATIVE_SLIP_M=0.00028 LEFT_CONTACT=1 RIGHT_CONTACT=1
TRIAL=033 PHASE=PLACE_DOWN
TRIAL=033 PHASE=OPEN_GRIPPER
TRIAL=033 PHASE=RETREAT_PREGRASP
TRIAL=033 PHASE=GRASP_SUCCESS
TRIAL=033 DAY5_PLACE_RELEASE=PASS
DAY4_GRASP_RESULT=SUCCESS
DAY4_STEP=1 EPISODE=033 STEP=04 DIST=0.005595 YAW_ERR_DEG=0.021 REQUESTED_MOVE=0.004949 EXECUTED_MOVE=0.004872 ATTEMPT=1 SUCCESS=1 TERMINATED=1 TRUNCATED=0
DAY7_EPISODE=33 LEVEL=L0 VALID=32/50 TECHNICAL=False SUCCESS=True REASON=
DAY4_RESET_GRIPPER=OPEN ANGLE_RAD=1.570000 EFFORT_NM=1.200000
DAY4_RESET_GRIPPER=AFTER_INITIAL_MOVE ANGLE_RAD=1.570000 EFFORT_NM=1.200000
TRIAL=034 VISUAL_CENTER=[0.3066890239715576, 0.005805915221571922, 0.025351320280056523] SURFACE=[0.3066890239715576, 0.005805915221571922, 0.050351320280056525] CONTOUR_DEG=0.00 AXIS_STD_DEG=0.00 FOOTPRINT=[0.05002772808074951, 0.05002772808074951] CONFIDENCE=0.9814
TRIAL=034 SELECTED_CONTOUR_ORIENTATION=+90.00deg TILT=19.9 LEAN=+1 SYMMETRY=1 IK_FK_POS_ERROR=0.000002m IK_FK_ORIENTATION_ERROR=0.000000rad FINGER_FK_LIFT=0.080000m FINGER_FK_DRIFT=0.000000m JOINT_MOTION=3.007875rad
DAY4_MOTION_DONE=1 ELAPSED_SIM=1.200 INITIAL_ERR=0.01664 FINAL_ERR=0.00025 ARM_V=0.00277
DAY4_STEP=1 EPISODE=034 STEP=01 DIST=0.020265 YAW_ERR_DEG=0.006 REQUESTED_MOVE=0.005002 EXECUTED_MOVE=0.004921 ATTEMPT=0 SUCCESS=0 TERMINATED=0 TRUNCATED=0
DAY4_MOTION_DONE=1 ELAPSED_SIM=1.200 INITIAL_ERR=0.01709 FINAL_ERR=0.00026 ARM_V=0.00285
DAY4_STEP=1 EPISODE=034 STEP=02 DIST=0.015367 YAW_ERR_DEG=0.012 REQUESTED_MOVE=0.004969 EXECUTED_MOVE=0.004891 ATTEMPT=0 SUCCESS=0 TERMINATED=0 TRUNCATED=0
DAY4_MOTION_DONE=1 ELAPSED_SIM=1.200 INITIAL_ERR=0.01726 FINAL_ERR=0.00026 ARM_V=0.00288
DAY4_STEP=1 EPISODE=034 STEP=03 DIST=0.010489 YAW_ERR_DEG=0.017 REQUESTED_MOVE=0.004958 EXECUTED_MOVE=0.004880 ATTEMPT=0 SUCCESS=0 TERMINATED=0 TRUNCATED=0
DAY4_MOTION_DONE=1 ELAPSED_SIM=1.200 INITIAL_ERR=0.01733 FINAL_ERR=0.00026 ARM_V=0.00288
DAY4_GRASP_ATTEMPT=1
TRIAL=034 PHASE=CLOSE_SEARCH
TRIAL=034 LEFT_CONTACT=0 RIGHT_CONTACT=0 STALL=0
TRIAL=034 LEFT_CONTACT=1 RIGHT_CONTACT=0 STALL=0
TRIAL=034 PHASE=WAIT_DUAL_CONTACT
TRIAL=034 PHASE=WAIT_STALL
TRIAL=034 LEFT_CONTACT=1 RIGHT_CONTACT=1 STALL=0 GRIPPER_ERROR=0.07428 VELOCITY=0.04287 CLOSURE_M=0.00017
TRIAL=034 LEFT_CONTACT=1 RIGHT_CONTACT=1 STALL=0 GRIPPER_ERROR=0.04530 VELOCITY=0.01699 CLOSURE_M=0.00104
TRIAL=034 LEFT_CONTACT=1 RIGHT_CONTACT=1 STALL=0 GRIPPER_ERROR=0.03557 VELOCITY=0.00697 CLOSURE_M=0.00134
TRIAL=034 LEFT_CONTACT=1 RIGHT_CONTACT=1 STALL=1 GRIPPER_ERROR=0.03008 VELOCITY=0.00508 CLOSURE_M=0.00151
TRIAL=034 PHASE=LIFT_80_MM
TRIAL=034 ACTUAL_LIFT_M=-0.00017 LEFT_CONTACT=1 RIGHT_CONTACT=1
TRIAL=034 ACTUAL_LIFT_M=0.02783 LEFT_CONTACT=1 RIGHT_CONTACT=1
TRIAL=034 ACTUAL_LIFT_M=0.06067 LEFT_CONTACT=1 RIGHT_CONTACT=1
TRIAL=034 PHASE=HOLD
TRIAL=034 HOLD_SIM_SEC=0.000 HOLD_WALL_SEC=0.001 ACTUAL_LIFT_M=0.07171 RELATIVE_SLIP_M=0.00000 LEFT_CONTACT=1 RIGHT_CONTACT=1
TRIAL=034 HOLD_SIM_SEC=0.892 HOLD_WALL_SEC=1.001 ACTUAL_LIFT_M=0.07498 RELATIVE_SLIP_M=0.00000 LEFT_CONTACT=1 RIGHT_CONTACT=1
TRIAL=034 HOLD_SIM_SEC=1.840 HOLD_WALL_SEC=2.001 ACTUAL_LIFT_M=0.07491 RELATIVE_SLIP_M=0.00000 LEFT_CONTACT=1 RIGHT_CONTACT=1
TRIAL=034 HOLD_SIM_SEC=2.794 HOLD_WALL_SEC=3.001 ACTUAL_LIFT_M=0.07483 RELATIVE_SLIP_M=0.00000 LEFT_CONTACT=1 RIGHT_CONTACT=1
TRIAL=034 HOLD_SIM_SEC=3.736 HOLD_WALL_SEC=4.001 ACTUAL_LIFT_M=0.07474 RELATIVE_SLIP_M=0.00000 LEFT_CONTACT=1 RIGHT_CONTACT=1
TRIAL=034 HOLD_SIM_SEC=4.674 HOLD_WALL_SEC=5.002 ACTUAL_LIFT_M=0.07465 RELATIVE_SLIP_M=0.00000 LEFT_CONTACT=1 RIGHT_CONTACT=1
TRIAL=034 PHASE=PLACE_DOWN
TRIAL=034 PHASE=OPEN_GRIPPER
TRIAL=034 PHASE=RETREAT_PREGRASP
TRIAL=034 PHASE=GRASP_SUCCESS
TRIAL=034 DAY5_PLACE_RELEASE=PASS
DAY4_GRASP_RESULT=SUCCESS
DAY4_STEP=1 EPISODE=034 STEP=04 DIST=0.005619 YAW_ERR_DEG=0.021 REQUESTED_MOVE=0.004950 EXECUTED_MOVE=0.004873 ATTEMPT=1 SUCCESS=1 TERMINATED=1 TRUNCATED=0
DAY7_EPISODE=34 LEVEL=L0 VALID=33/50 TECHNICAL=False SUCCESS=True REASON=
DAY4_RESET_GRIPPER=OPEN ANGLE_RAD=1.570000 EFFORT_NM=1.200000
DAY4_RESET_GRIPPER=AFTER_INITIAL_MOVE ANGLE_RAD=1.570000 EFFORT_NM=1.200000
TRIAL=035 VISUAL_CENTER=[0.30752474069595337, 0.004738288000226021, 0.02535153524102888] SURFACE=[0.30752474069595337, 0.004738288000226021, 0.05035153524102888] CONTOUR_DEG=0.00 AXIS_STD_DEG=0.00 FOOTPRINT=[0.05000083148479462, 0.05000083148479462] CONFIDENCE=0.9773
TRIAL=035 SELECTED_CONTOUR_ORIENTATION=+90.00deg TILT=20.3 LEAN=+1 SYMMETRY=1 IK_FK_POS_ERROR=0.000002m IK_FK_ORIENTATION_ERROR=0.000000rad FINGER_FK_LIFT=0.080000m FINGER_FK_DRIFT=0.000000m JOINT_MOTION=3.008478rad
DAY4_MOTION_DONE=1 ELAPSED_SIM=1.202 INITIAL_ERR=0.01660 FINAL_ERR=0.00020 ARM_V=0.00224
DAY4_STEP=1 EPISODE=035 STEP=01 DIST=0.020252 YAW_ERR_DEG=0.006 REQUESTED_MOVE=0.005002 EXECUTED_MOVE=0.004935 ATTEMPT=0 SUCCESS=0 TERMINATED=0 TRUNCATED=0
DAY4_MOTION_DONE=1 ELAPSED_SIM=1.200 INITIAL_ERR=0.01709 FINAL_ERR=0.00026 ARM_V=0.00285
DAY4_STEP=1 EPISODE=035 STEP=02 DIST=0.015355 YAW_ERR_DEG=0.013 REQUESTED_MOVE=0.004969 EXECUTED_MOVE=0.004891 ATTEMPT=0 SUCCESS=0 TERMINATED=0 TRUNCATED=0
DAY4_MOTION_DONE=1 ELAPSED_SIM=1.200 INITIAL_ERR=0.01725 FINAL_ERR=0.00026 ARM_V=0.00287
DAY4_STEP=1 EPISODE=035 STEP=03 DIST=0.010476 YAW_ERR_DEG=0.018 REQUESTED_MOVE=0.004958 EXECUTED_MOVE=0.004880 ATTEMPT=0 SUCCESS=0 TERMINATED=0 TRUNCATED=0
DAY4_MOTION_DONE=1 ELAPSED_SIM=1.200 INITIAL_ERR=0.01730 FINAL_ERR=0.00026 ARM_V=0.00288
DAY4_GRASP_ATTEMPT=1
TRIAL=035 PHASE=CLOSE_SEARCH
TRIAL=035 LEFT_CONTACT=0 RIGHT_CONTACT=0 STALL=0
TRIAL=035 LEFT_CONTACT=1 RIGHT_CONTACT=0 STALL=0
TRIAL=035 PHASE=WAIT_DUAL_CONTACT
TRIAL=035 PHASE=WAIT_STALL
TRIAL=035 LEFT_CONTACT=1 RIGHT_CONTACT=1 STALL=0 GRIPPER_ERROR=0.07449 VELOCITY=0.04223 CLOSURE_M=0.00016
TRIAL=035 LEFT_CONTACT=1 RIGHT_CONTACT=1 STALL=0 GRIPPER_ERROR=0.04660 VELOCITY=0.01721 CLOSURE_M=0.00100
TRIAL=035 LEFT_CONTACT=1 RIGHT_CONTACT=1 STALL=0 GRIPPER_ERROR=0.03821 VELOCITY=0.00658 CLOSURE_M=0.00126
TRIAL=035 LEFT_CONTACT=1 RIGHT_CONTACT=1 STALL=0 GRIPPER_ERROR=0.03289 VELOCITY=0.00497 CLOSURE_M=0.00143
TRIAL=035 PHASE=LIFT_80_MM
TRIAL=035 ACTUAL_LIFT_M=-0.00005 LEFT_CONTACT=1 RIGHT_CONTACT=1
TRIAL=035 ACTUAL_LIFT_M=0.02807 LEFT_CONTACT=1 RIGHT_CONTACT=1
TRIAL=035 ACTUAL_LIFT_M=0.06031 LEFT_CONTACT=1 RIGHT_CONTACT=1
TRIAL=035 PHASE=HOLD
TRIAL=035 HOLD_SIM_SEC=0.000 HOLD_WALL_SEC=0.000 ACTUAL_LIFT_M=0.07207 RELATIVE_SLIP_M=0.00000 LEFT_CONTACT=1 RIGHT_CONTACT=1
TRIAL=035 HOLD_SIM_SEC=0.896 HOLD_WALL_SEC=1.001 ACTUAL_LIFT_M=0.07528 RELATIVE_SLIP_M=0.00000 LEFT_CONTACT=1 RIGHT_CONTACT=1
TRIAL=035 HOLD_SIM_SEC=1.850 HOLD_WALL_SEC=2.001 ACTUAL_LIFT_M=0.07521 RELATIVE_SLIP_M=0.00000 LEFT_CONTACT=1 RIGHT_CONTACT=1
TRIAL=035 HOLD_SIM_SEC=2.804 HOLD_WALL_SEC=3.001 ACTUAL_LIFT_M=0.07513 RELATIVE_SLIP_M=0.00000 LEFT_CONTACT=1 RIGHT_CONTACT=1
TRIAL=035 HOLD_SIM_SEC=3.738 HOLD_WALL_SEC=4.001 ACTUAL_LIFT_M=0.07504 RELATIVE_SLIP_M=0.00000 LEFT_CONTACT=1 RIGHT_CONTACT=1
TRIAL=035 HOLD_SIM_SEC=4.692 HOLD_WALL_SEC=5.001 ACTUAL_LIFT_M=0.07496 RELATIVE_SLIP_M=0.00000 LEFT_CONTACT=1 RIGHT_CONTACT=1
TRIAL=035 PHASE=PLACE_DOWN
TRIAL=035 PHASE=OPEN_GRIPPER
TRIAL=035 PHASE=RETREAT_PREGRASP
TRIAL=035 PHASE=GRASP_SUCCESS
TRIAL=035 DAY5_PLACE_RELEASE=PASS
DAY4_GRASP_RESULT=SUCCESS
DAY4_STEP=1 EPISODE=035 STEP=04 DIST=0.005606 YAW_ERR_DEG=0.021 REQUESTED_MOVE=0.004950 EXECUTED_MOVE=0.004873 ATTEMPT=1 SUCCESS=1 TERMINATED=1 TRUNCATED=0
DAY7_EPISODE=35 LEVEL=L0 VALID=34/50 TECHNICAL=False SUCCESS=True REASON=
DAY4_RESET_GRIPPER=OPEN ANGLE_RAD=1.570000 EFFORT_NM=1.200000
DAY4_RESET_GRIPPER=AFTER_INITIAL_MOVE ANGLE_RAD=1.570000 EFFORT_NM=1.200000
TRIAL=036 VISUAL_CENTER=[0.3092186450958252, 0.0008231308311223984, 0.025352622475582433] SURFACE=[0.3092186450958252, 0.0008231308311223984, 0.050352622475582434] CONTOUR_DEG=0.00 AXIS_STD_DEG=0.00 FOOTPRINT=[0.049920786172151566, 0.049920786172151566] CONFIDENCE=0.9783
TRIAL=036 SELECTED_CONTOUR_ORIENTATION=+90.00deg TILT=21.1 LEAN=+1 SYMMETRY=1 IK_FK_POS_ERROR=0.000000m IK_FK_ORIENTATION_ERROR=0.000000rad FINGER_FK_LIFT=0.080000m FINGER_FK_DRIFT=0.000000m JOINT_MOTION=3.018767rad
DAY4_MOTION_DONE=1 ELAPSED_SIM=1.202 INITIAL_ERR=0.01653 FINAL_ERR=0.00025 ARM_V=0.00276
DAY4_STEP=1 EPISODE=036 STEP=01 DIST=0.020271 YAW_ERR_DEG=0.007 REQUESTED_MOVE=0.005001 EXECUTED_MOVE=0.004920 ATTEMPT=0 SUCCESS=0 TERMINATED=0 TRUNCATED=0
DAY4_MOTION_DONE=1 ELAPSED_SIM=1.200 INITIAL_ERR=0.01700 FINAL_ERR=0.00023 ARM_V=0.00255
DAY4_STEP=1 EPISODE=036 STEP=02 DIST=0.015373 YAW_ERR_DEG=0.013 REQUESTED_MOVE=0.004970 EXECUTED_MOVE=0.004899 ATTEMPT=0 SUCCESS=0 TERMINATED=0 TRUNCATED=0
DAY4_MOTION_DONE=1 ELAPSED_SIM=1.200 INITIAL_ERR=0.01716 FINAL_ERR=0.00029 ARM_V=0.00318
DAY4_STEP=1 EPISODE=036 STEP=03 DIST=0.010493 YAW_ERR_DEG=0.018 REQUESTED_MOVE=0.004958 EXECUTED_MOVE=0.004873 ATTEMPT=0 SUCCESS=0 TERMINATED=0 TRUNCATED=0
DAY4_MOTION_DONE=1 ELAPSED_SIM=1.200 INITIAL_ERR=0.01723 FINAL_ERR=0.00029 ARM_V=0.00319
DAY4_GRASP_ATTEMPT=1
TRIAL=036 PHASE=CLOSE_SEARCH
TRIAL=036 LEFT_CONTACT=0 RIGHT_CONTACT=0 STALL=0
TRIAL=036 LEFT_CONTACT=0 RIGHT_CONTACT=0 STALL=0
TRIAL=036 PHASE=WAIT_DUAL_CONTACT
TRIAL=036 PHASE=WAIT_STALL
TRIAL=036 LEFT_CONTACT=1 RIGHT_CONTACT=1 STALL=0 GRIPPER_ERROR=0.07231 VELOCITY=0.04649 CLOSURE_M=0.00023
TRIAL=036 LEFT_CONTACT=1 RIGHT_CONTACT=1 STALL=0 GRIPPER_ERROR=0.04730 VELOCITY=0.01642 CLOSURE_M=0.00100
TRIAL=036 LEFT_CONTACT=1 RIGHT_CONTACT=1 STALL=0 GRIPPER_ERROR=0.03903 VELOCITY=0.00641 CLOSURE_M=0.00126
TRIAL=036 LEFT_CONTACT=1 RIGHT_CONTACT=1 STALL=0 GRIPPER_ERROR=0.03381 VELOCITY=0.00490 CLOSURE_M=0.00142
TRIAL=036 PHASE=LIFT_80_MM
TRIAL=036 ACTUAL_LIFT_M=-0.00009 LEFT_CONTACT=1 RIGHT_CONTACT=1
TRIAL=036 ACTUAL_LIFT_M=0.02815 LEFT_CONTACT=1 RIGHT_CONTACT=1
TRIAL=036 ACTUAL_LIFT_M=0.06103 LEFT_CONTACT=1 RIGHT_CONTACT=1
TRIAL=036 PHASE=HOLD
TRIAL=036 HOLD_SIM_SEC=0.000 HOLD_WALL_SEC=0.000 ACTUAL_LIFT_M=0.07208 RELATIVE_SLIP_M=0.00000 LEFT_CONTACT=1 RIGHT_CONTACT=1
TRIAL=036 HOLD_SIM_SEC=0.896 HOLD_WALL_SEC=1.001 ACTUAL_LIFT_M=0.07514 RELATIVE_SLIP_M=0.00028 LEFT_CONTACT=1 RIGHT_CONTACT=1
TRIAL=036 HOLD_SIM_SEC=1.836 HOLD_WALL_SEC=2.001 ACTUAL_LIFT_M=0.07508 RELATIVE_SLIP_M=0.00028 LEFT_CONTACT=1 RIGHT_CONTACT=1
TRIAL=036 HOLD_SIM_SEC=2.768 HOLD_WALL_SEC=3.001 ACTUAL_LIFT_M=0.07500 RELATIVE_SLIP_M=0.00028 LEFT_CONTACT=1 RIGHT_CONTACT=1
TRIAL=036 HOLD_SIM_SEC=3.720 HOLD_WALL_SEC=4.001 ACTUAL_LIFT_M=0.07492 RELATIVE_SLIP_M=0.00028 LEFT_CONTACT=1 RIGHT_CONTACT=1
TRIAL=036 HOLD_SIM_SEC=4.658 HOLD_WALL_SEC=5.001 ACTUAL_LIFT_M=0.07484 RELATIVE_SLIP_M=0.00028 LEFT_CONTACT=1 RIGHT_CONTACT=1
TRIAL=036 PHASE=PLACE_DOWN
TRIAL=036 PHASE=OPEN_GRIPPER
TRIAL=036 PHASE=RETREAT_PREGRASP
TRIAL=036 PHASE=GRASP_SUCCESS
TRIAL=036 DAY5_PLACE_RELEASE=PASS
DAY4_GRASP_RESULT=SUCCESS
DAY4_STEP=1 EPISODE=036 STEP=04 DIST=0.005631 YAW_ERR_DEG=0.022 REQUESTED_MOVE=0.004950 EXECUTED_MOVE=0.004865 ATTEMPT=1 SUCCESS=1 TERMINATED=1 TRUNCATED=0
DAY7_EPISODE=36 LEVEL=L0 VALID=35/50 TECHNICAL=False SUCCESS=True REASON=
DAY4_RESET_GRIPPER=OPEN ANGLE_RAD=1.570000 EFFORT_NM=1.200000
DAY4_RESET_GRIPPER=AFTER_INITIAL_MOVE ANGLE_RAD=1.570000 EFFORT_NM=1.200000
DAY7_EPISODE=37 LEVEL=L0 VALID=35/50 TECHNICAL=True SUCCESS=False REASON=TechnicalFailure: Ignition remove:  Service call timed out

DAY4_RESET_GRIPPER=OPEN ANGLE_RAD=1.570000 EFFORT_NM=1.200000
DAY4_RESET_GRIPPER=AFTER_INITIAL_MOVE ANGLE_RAD=1.570000 EFFORT_NM=1.200000
TRIAL=038 VISUAL_CENTER=[0.30310913920402527, 0.004956189543008804, 0.02534906267835311] SURFACE=[0.30310913920402527, 0.004956189543008804, 0.05034906267835311] CONTOUR_DEG=0.00 AXIS_STD_DEG=0.00 FOOTPRINT=[0.04993358254432678, 0.04993358254432678] CONFIDENCE=0.9775
TRIAL=038 SELECTED_CONTOUR_ORIENTATION=+90.00deg TILT=18.3 LEAN=+1 SYMMETRY=1 IK_FK_POS_ERROR=0.000002m IK_FK_ORIENTATION_ERROR=0.000000rad FINGER_FK_LIFT=0.080000m FINGER_FK_DRIFT=0.000000m JOINT_MOTION=3.004483rad
DAY4_MOTION_DONE=1 ELAPSED_SIM=1.200 INITIAL_ERR=0.01681 FINAL_ERR=0.00025 ARM_V=0.00280
DAY4_STEP=1 EPISODE=038 STEP=01 DIST=0.020241 YAW_ERR_DEG=0.006 REQUESTED_MOVE=0.005002 EXECUTED_MOVE=0.004921 ATTEMPT=0 SUCCESS=0 TERMINATED=0 TRUNCATED=0
DAY4_MOTION_DONE=1 ELAPSED_SIM=1.200 INITIAL_ERR=0.01725 FINAL_ERR=0.00026 ARM_V=0.00287
DAY4_STEP=1 EPISODE=038 STEP=02 DIST=0.015351 YAW_ERR_DEG=0.013 REQUESTED_MOVE=0.004969 EXECUTED_MOVE=0.004891 ATTEMPT=0 SUCCESS=0 TERMINATED=0 TRUNCATED=0
DAY4_MOTION_DONE=1 ELAPSED_SIM=1.202 INITIAL_ERR=0.01737 FINAL_ERR=0.00023 ARM_V=0.00260
DAY4_STEP=1 EPISODE=038 STEP=03 DIST=0.010465 YAW_ERR_DEG=0.018 REQUESTED_MOVE=0.004957 EXECUTED_MOVE=0.004887 ATTEMPT=0 SUCCESS=0 TERMINATED=0 TRUNCATED=0
DAY4_MOTION_DONE=1 ELAPSED_SIM=1.200 INITIAL_ERR=0.01744 FINAL_ERR=0.00026 ARM_V=0.00291
DAY4_GRASP_ATTEMPT=1
TRIAL=038 PHASE=CLOSE_SEARCH
TRIAL=038 LEFT_CONTACT=0 RIGHT_CONTACT=0 STALL=0
TRIAL=038 LEFT_CONTACT=1 RIGHT_CONTACT=0 STALL=0
TRIAL=038 PHASE=WAIT_DUAL_CONTACT
TRIAL=038 PHASE=WAIT_STALL
TRIAL=038 LEFT_CONTACT=1 RIGHT_CONTACT=1 STALL=0 GRIPPER_ERROR=0.07452 VELOCITY=0.04374 CLOSURE_M=0.00016
TRIAL=038 LEFT_CONTACT=1 RIGHT_CONTACT=1 STALL=0 GRIPPER_ERROR=0.04643 VELOCITY=0.01693 CLOSURE_M=0.00102
TRIAL=038 LEFT_CONTACT=1 RIGHT_CONTACT=1 STALL=0 GRIPPER_ERROR=0.03776 VELOCITY=0.00637 CLOSURE_M=0.00129
TRIAL=038 LEFT_CONTACT=1 RIGHT_CONTACT=1 STALL=0 GRIPPER_ERROR=0.03264 VELOCITY=0.00492 CLOSURE_M=0.00145
TRIAL=038 PHASE=LIFT_80_MM
TRIAL=038 ACTUAL_LIFT_M=-0.00008 LEFT_CONTACT=1 RIGHT_CONTACT=1
TRIAL=038 ACTUAL_LIFT_M=0.02802 LEFT_CONTACT=1 RIGHT_CONTACT=1
TRIAL=038 ACTUAL_LIFT_M=0.06023 LEFT_CONTACT=1 RIGHT_CONTACT=1
TRIAL=038 PHASE=HOLD
TRIAL=038 HOLD_SIM_SEC=0.000 HOLD_WALL_SEC=0.000 ACTUAL_LIFT_M=0.07198 RELATIVE_SLIP_M=0.00000 LEFT_CONTACT=1 RIGHT_CONTACT=1
TRIAL=038 HOLD_SIM_SEC=0.886 HOLD_WALL_SEC=1.001 ACTUAL_LIFT_M=0.07518 RELATIVE_SLIP_M=0.00000 LEFT_CONTACT=1 RIGHT_CONTACT=1
TRIAL=038 HOLD_SIM_SEC=1.824 HOLD_WALL_SEC=2.001 ACTUAL_LIFT_M=0.07511 RELATIVE_SLIP_M=0.00000 LEFT_CONTACT=1 RIGHT_CONTACT=1
TRIAL=038 HOLD_SIM_SEC=2.774 HOLD_WALL_SEC=3.002 ACTUAL_LIFT_M=0.07503 RELATIVE_SLIP_M=0.00000 LEFT_CONTACT=1 RIGHT_CONTACT=1
TRIAL=038 HOLD_SIM_SEC=3.718 HOLD_WALL_SEC=4.002 ACTUAL_LIFT_M=0.07494 RELATIVE_SLIP_M=0.00000 LEFT_CONTACT=1 RIGHT_CONTACT=1
TRIAL=038 HOLD_SIM_SEC=4.668 HOLD_WALL_SEC=5.002 ACTUAL_LIFT_M=0.07486 RELATIVE_SLIP_M=0.00000 LEFT_CONTACT=1 RIGHT_CONTACT=1
TRIAL=038 PHASE=PLACE_DOWN
TRIAL=038 PHASE=OPEN_GRIPPER
TRIAL=038 PHASE=RETREAT_PREGRASP
TRIAL=038 PHASE=GRASP_SUCCESS
TRIAL=038 DAY5_PLACE_RELEASE=PASS
DAY4_GRASP_RESULT=SUCCESS
DAY4_STEP=1 EPISODE=038 STEP=04 DIST=0.005596 YAW_ERR_DEG=0.022 REQUESTED_MOVE=0.004949 EXECUTED_MOVE=0.004872 ATTEMPT=1 SUCCESS=1 TERMINATED=1 TRUNCATED=0
DAY7_EPISODE=38 LEVEL=L0 VALID=36/50 TECHNICAL=False SUCCESS=True REASON=
DAY4_RESET_GRIPPER=OPEN ANGLE_RAD=1.570000 EFFORT_NM=1.200000
DAY4_RESET_GRIPPER=AFTER_INITIAL_MOVE ANGLE_RAD=1.570000 EFFORT_NM=1.200000
TRIAL=039 VISUAL_CENTER=[0.30931803584098816, -0.003240937367081642, 0.0253524081801862] SURFACE=[0.30931803584098816, -0.003240937367081642, 0.0503524081801862] CONTOUR_DEG=0.00 AXIS_STD_DEG=0.00 FOOTPRINT=[0.0499490424990654, 0.0499490424990654] CONFIDENCE=0.9778
TRIAL=039 SELECTED_CONTOUR_ORIENTATION=+90.00deg TILT=21.1 LEAN=+1 SYMMETRY=1 IK_FK_POS_ERROR=0.000001m IK_FK_ORIENTATION_ERROR=0.000000rad FINGER_FK_LIFT=0.080000m FINGER_FK_DRIFT=0.000000m JOINT_MOTION=3.010062rad
DAY4_MOTION_DONE=1 ELAPSED_SIM=1.202 INITIAL_ERR=0.01651 FINAL_ERR=0.00022 ARM_V=0.00248
DAY4_STEP=1 EPISODE=039 STEP=01 DIST=0.020265 YAW_ERR_DEG=0.008 REQUESTED_MOVE=0.005001 EXECUTED_MOVE=0.004927 ATTEMPT=0 SUCCESS=0 TERMINATED=0 TRUNCATED=0
DAY4_MOTION_DONE=1 ELAPSED_SIM=1.200 INITIAL_ERR=0.01701 FINAL_ERR=0.00026 ARM_V=0.00283
DAY4_STEP=1 EPISODE=039 STEP=02 DIST=0.015375 YAW_ERR_DEG=0.014 REQUESTED_MOVE=0.004970 EXECUTED_MOVE=0.004892 ATTEMPT=0 SUCCESS=0 TERMINATED=0 TRUNCATED=0
DAY4_MOTION_DONE=1 ELAPSED_SIM=1.200 INITIAL_ERR=0.01717 FINAL_ERR=0.00023 ARM_V=0.00257
DAY4_STEP=1 EPISODE=039 STEP=03 DIST=0.010488 YAW_ERR_DEG=0.020 REQUESTED_MOVE=0.004958 EXECUTED_MOVE=0.004888 ATTEMPT=0 SUCCESS=0 TERMINATED=0 TRUNCATED=0
DAY4_MOTION_DONE=1 ELAPSED_SIM=1.200 INITIAL_ERR=0.01724 FINAL_ERR=0.00026 ARM_V=0.00287
DAY4_GRASP_ATTEMPT=1
TRIAL=039 PHASE=CLOSE_SEARCH
TRIAL=039 LEFT_CONTACT=0 RIGHT_CONTACT=0 STALL=0
TRIAL=039 LEFT_CONTACT=1 RIGHT_CONTACT=0 STALL=0
TRIAL=039 PHASE=WAIT_DUAL_CONTACT
TRIAL=039 PHASE=WAIT_STALL
TRIAL=039 LEFT_CONTACT=1 RIGHT_CONTACT=1 STALL=0 GRIPPER_ERROR=0.07279 VELOCITY=0.11789 CLOSURE_M=0.00021
TRIAL=039 LEFT_CONTACT=1 RIGHT_CONTACT=1 STALL=0 GRIPPER_ERROR=0.04800 VELOCITY=0.01297 CLOSURE_M=0.00097
TRIAL=039 LEFT_CONTACT=1 RIGHT_CONTACT=1 STALL=0 GRIPPER_ERROR=0.03876 VELOCITY=0.00699 CLOSURE_M=0.00126
TRIAL=039 LEFT_CONTACT=1 RIGHT_CONTACT=1 STALL=0 GRIPPER_ERROR=0.03340 VELOCITY=0.00507 CLOSURE_M=0.00143
TRIAL=039 PHASE=LIFT_80_MM
TRIAL=039 ACTUAL_LIFT_M=-0.00010 LEFT_CONTACT=1 RIGHT_CONTACT=1
TRIAL=039 ACTUAL_LIFT_M=0.02786 LEFT_CONTACT=1 RIGHT_CONTACT=1
TRIAL=039 ACTUAL_LIFT_M=0.06005 LEFT_CONTACT=1 RIGHT_CONTACT=1
TRIAL=039 PHASE=HOLD
TRIAL=039 HOLD_SIM_SEC=0.000 HOLD_WALL_SEC=0.001 ACTUAL_LIFT_M=0.07178 RELATIVE_SLIP_M=0.00000 LEFT_CONTACT=1 RIGHT_CONTACT=1
TRIAL=039 HOLD_SIM_SEC=0.898 HOLD_WALL_SEC=1.001 ACTUAL_LIFT_M=0.07511 RELATIVE_SLIP_M=0.00000 LEFT_CONTACT=1 RIGHT_CONTACT=1
TRIAL=039 HOLD_SIM_SEC=1.854 HOLD_WALL_SEC=2.001 ACTUAL_LIFT_M=0.07505 RELATIVE_SLIP_M=0.00000 LEFT_CONTACT=1 RIGHT_CONTACT=1
TRIAL=039 HOLD_SIM_SEC=2.792 HOLD_WALL_SEC=3.001 ACTUAL_LIFT_M=0.07497 RELATIVE_SLIP_M=0.00000 LEFT_CONTACT=1 RIGHT_CONTACT=1
TRIAL=039 HOLD_SIM_SEC=3.750 HOLD_WALL_SEC=4.001 ACTUAL_LIFT_M=0.07488 RELATIVE_SLIP_M=0.00000 LEFT_CONTACT=1 RIGHT_CONTACT=1
TRIAL=039 HOLD_SIM_SEC=4.682 HOLD_WALL_SEC=5.001 ACTUAL_LIFT_M=0.07480 RELATIVE_SLIP_M=0.00000 LEFT_CONTACT=1 RIGHT_CONTACT=1
TRIAL=039 PHASE=PLACE_DOWN
TRIAL=039 PHASE=OPEN_GRIPPER
TRIAL=039 PHASE=RETREAT_PREGRASP
TRIAL=039 PHASE=GRASP_SUCCESS
TRIAL=039 DAY5_PLACE_RELEASE=PASS
DAY4_GRASP_RESULT=SUCCESS
DAY4_STEP=1 EPISODE=039 STEP=04 DIST=0.005617 YAW_ERR_DEG=0.023 REQUESTED_MOVE=0.004950 EXECUTED_MOVE=0.004873 ATTEMPT=1 SUCCESS=1 TERMINATED=1 TRUNCATED=0
DAY7_EPISODE=39 LEVEL=L0 VALID=37/50 TECHNICAL=False SUCCESS=True REASON=
DAY4_RESET_GRIPPER=OPEN ANGLE_RAD=1.570000 EFFORT_NM=1.200000
DAY4_RESET_GRIPPER=AFTER_INITIAL_MOVE ANGLE_RAD=1.570000 EFFORT_NM=1.200000
TRIAL=040 VISUAL_CENTER=[0.3068901002407074, -0.0024935733526945114, 0.025351535232497828] SURFACE=[0.3068901002407074, -0.0024935733526945114, 0.05035153523249783] CONTOUR_DEG=0.00 AXIS_STD_DEG=0.00 FOOTPRINT=[0.049871575087308884, 0.049871575087308884] CONFIDENCE=0.9794
TRIAL=040 SELECTED_CONTOUR_ORIENTATION=+90.00deg TILT=20.0 LEAN=+1 SYMMETRY=1 IK_FK_POS_ERROR=0.000001m IK_FK_ORIENTATION_ERROR=0.000000rad FINGER_FK_LIFT=0.080000m FINGER_FK_DRIFT=0.000000m JOINT_MOTION=3.007160rad
DAY4_MOTION_DONE=1 ELAPSED_SIM=1.200 INITIAL_ERR=0.01664 FINAL_ERR=0.00025 ARM_V=0.00277
DAY4_STEP=1 EPISODE=040 STEP=01 DIST=0.020254 YAW_ERR_DEG=0.008 REQUESTED_MOVE=0.005001 EXECUTED_MOVE=0.004920 ATTEMPT=0 SUCCESS=0 TERMINATED=0 TRUNCATED=0
DAY4_MOTION_DONE=1 ELAPSED_SIM=1.202 INITIAL_ERR=0.01712 FINAL_ERR=0.00026 ARM_V=0.00285
DAY4_STEP=1 EPISODE=040 STEP=02 DIST=0.015364 YAW_ERR_DEG=0.014 REQUESTED_MOVE=0.004969 EXECUTED_MOVE=0.004891 ATTEMPT=0 SUCCESS=0 TERMINATED=0 TRUNCATED=0
DAY4_MOTION_DONE=1 ELAPSED_SIM=1.200 INITIAL_ERR=0.01722 FINAL_ERR=0.00026 ARM_V=0.00287
DAY4_STEP=1 EPISODE=040 STEP=03 DIST=0.010485 YAW_ERR_DEG=0.020 REQUESTED_MOVE=0.004958 EXECUTED_MOVE=0.004881 ATTEMPT=0 SUCCESS=0 TERMINATED=0 TRUNCATED=0
DAY4_MOTION_DONE=1 ELAPSED_SIM=1.200 INITIAL_ERR=0.01733 FINAL_ERR=0.00023 ARM_V=0.00260
DAY4_GRASP_ATTEMPT=1
TRIAL=040 PHASE=CLOSE_SEARCH
TRIAL=040 LEFT_CONTACT=0 RIGHT_CONTACT=0 STALL=0
TRIAL=040 LEFT_CONTACT=1 RIGHT_CONTACT=0 STALL=0
TRIAL=040 PHASE=WAIT_DUAL_CONTACT
TRIAL=040 PHASE=WAIT_STALL
TRIAL=040 LEFT_CONTACT=1 RIGHT_CONTACT=1 STALL=0 GRIPPER_ERROR=0.07430 VELOCITY=0.04418 CLOSURE_M=0.00017
TRIAL=040 LEFT_CONTACT=1 RIGHT_CONTACT=1 STALL=0 GRIPPER_ERROR=0.04771 VELOCITY=0.01785 CLOSURE_M=0.00099
TRIAL=040 LEFT_CONTACT=1 RIGHT_CONTACT=1 STALL=0 GRIPPER_ERROR=0.03865 VELOCITY=0.00681 CLOSURE_M=0.00128
TRIAL=040 LEFT_CONTACT=1 RIGHT_CONTACT=1 STALL=0 GRIPPER_ERROR=0.03327 VELOCITY=0.00505 CLOSURE_M=0.00145
TRIAL=040 PHASE=LIFT_80_MM
TRIAL=040 ACTUAL_LIFT_M=-0.00016 LEFT_CONTACT=1 RIGHT_CONTACT=1
TRIAL=040 ACTUAL_LIFT_M=0.02846 LEFT_CONTACT=1 RIGHT_CONTACT=1
TRIAL=040 ACTUAL_LIFT_M=0.06063 LEFT_CONTACT=1 RIGHT_CONTACT=1
TRIAL=040 PHASE=HOLD
TRIAL=040 HOLD_SIM_SEC=0.000 HOLD_WALL_SEC=0.000 ACTUAL_LIFT_M=0.07166 RELATIVE_SLIP_M=0.00000 LEFT_CONTACT=1 RIGHT_CONTACT=1
TRIAL=040 HOLD_SIM_SEC=0.884 HOLD_WALL_SEC=1.000 ACTUAL_LIFT_M=0.07499 RELATIVE_SLIP_M=0.00000 LEFT_CONTACT=1 RIGHT_CONTACT=1
TRIAL=040 HOLD_SIM_SEC=1.824 HOLD_WALL_SEC=2.001 ACTUAL_LIFT_M=0.07492 RELATIVE_SLIP_M=0.00000 LEFT_CONTACT=1 RIGHT_CONTACT=1
TRIAL=040 HOLD_SIM_SEC=2.772 HOLD_WALL_SEC=3.001 ACTUAL_LIFT_M=0.07484 RELATIVE_SLIP_M=0.00000 LEFT_CONTACT=1 RIGHT_CONTACT=1
TRIAL=040 HOLD_SIM_SEC=3.710 HOLD_WALL_SEC=4.001 ACTUAL_LIFT_M=0.07476 RELATIVE_SLIP_M=0.00000 LEFT_CONTACT=1 RIGHT_CONTACT=1
TRIAL=040 HOLD_SIM_SEC=4.658 HOLD_WALL_SEC=5.001 ACTUAL_LIFT_M=0.07468 RELATIVE_SLIP_M=0.00000 LEFT_CONTACT=1 RIGHT_CONTACT=1
TRIAL=040 PHASE=PLACE_DOWN
TRIAL=040 PHASE=OPEN_GRIPPER
TRIAL=040 PHASE=RETREAT_PREGRASP
TRIAL=040 PHASE=GRASP_SUCCESS
TRIAL=040 DAY5_PLACE_RELEASE=PASS
DAY4_GRASP_RESULT=SUCCESS
DAY4_STEP=1 EPISODE=040 STEP=04 DIST=0.005607 YAW_ERR_DEG=0.023 REQUESTED_MOVE=0.004950 EXECUTED_MOVE=0.004880 ATTEMPT=1 SUCCESS=1 TERMINATED=1 TRUNCATED=0
DAY7_EPISODE=40 LEVEL=L0 VALID=38/50 TECHNICAL=False SUCCESS=True REASON=
DAY4_RESET_GRIPPER=OPEN ANGLE_RAD=1.570000 EFFORT_NM=1.200000
DAY4_RESET_GRIPPER=AFTER_INITIAL_MOVE ANGLE_RAD=1.570000 EFFORT_NM=1.200000
TRIAL=041 VISUAL_CENTER=[0.3076746463775635, 0.003972286358475685, 0.025352622477396163] SURFACE=[0.3076746463775635, 0.003972286358475685, 0.050352622477396164] CONTOUR_DEG=0.00 AXIS_STD_DEG=0.00 FOOTPRINT=[0.04994526877999306, 0.04994526877999306] CONFIDENCE=0.9763
TRIAL=041 SELECTED_CONTOUR_ORIENTATION=+90.00deg TILT=20.4 LEAN=+1 SYMMETRY=1 IK_FK_POS_ERROR=0.000002m IK_FK_ORIENTATION_ERROR=0.000000rad FINGER_FK_LIFT=0.080000m FINGER_FK_DRIFT=0.000000m JOINT_MOTION=3.008329rad
DAY4_MOTION_DONE=1 ELAPSED_SIM=1.200 INITIAL_ERR=0.01660 FINAL_ERR=0.00025 ARM_V=0.00277
DAY4_STEP=1 EPISODE=041 STEP=01 DIST=0.020266 YAW_ERR_DEG=0.006 REQUESTED_MOVE=0.005001 EXECUTED_MOVE=0.004920 ATTEMPT=0 SUCCESS=0 TERMINATED=0 TRUNCATED=0
DAY4_MOTION_DONE=1 ELAPSED_SIM=1.200 INITIAL_ERR=0.01707 FINAL_ERR=0.00023 ARM_V=0.00256
DAY4_STEP=1 EPISODE=041 STEP=02 DIST=0.015362 YAW_ERR_DEG=0.013 REQUESTED_MOVE=0.004969 EXECUTED_MOVE=0.004899 ATTEMPT=0 SUCCESS=0 TERMINATED=0 TRUNCATED=0
DAY4_MOTION_DONE=1 ELAPSED_SIM=1.200 INITIAL_ERR=0.01724 FINAL_ERR=0.00026 ARM_V=0.00287
DAY4_STEP=1 EPISODE=041 STEP=03 DIST=0.010483 YAW_ERR_DEG=0.018 REQUESTED_MOVE=0.004958 EXECUTED_MOVE=0.004880 ATTEMPT=0 SUCCESS=0 TERMINATED=0 TRUNCATED=0
DAY4_MOTION_DONE=1 ELAPSED_SIM=1.200 INITIAL_ERR=0.01730 FINAL_ERR=0.00026 ARM_V=0.00288
DAY4_GRASP_ATTEMPT=1
TRIAL=041 PHASE=CLOSE_SEARCH
TRIAL=041 LEFT_CONTACT=0 RIGHT_CONTACT=0 STALL=0
TRIAL=041 LEFT_CONTACT=1 RIGHT_CONTACT=0 STALL=0
TRIAL=041 PHASE=WAIT_DUAL_CONTACT
TRIAL=041 PHASE=WAIT_STALL
TRIAL=041 LEFT_CONTACT=1 RIGHT_CONTACT=1 STALL=0 GRIPPER_ERROR=0.06990 VELOCITY=0.04336 CLOSURE_M=0.00030
TRIAL=041 LEFT_CONTACT=1 RIGHT_CONTACT=1 STALL=0 GRIPPER_ERROR=0.04571 VELOCITY=0.01478 CLOSURE_M=0.00103
TRIAL=041 LEFT_CONTACT=1 RIGHT_CONTACT=1 STALL=0 GRIPPER_ERROR=0.03820 VELOCITY=0.00610 CLOSURE_M=0.00127
TRIAL=041 LEFT_CONTACT=1 RIGHT_CONTACT=1 STALL=0 GRIPPER_ERROR=0.03320 VELOCITY=0.00485 CLOSURE_M=0.00142
TRIAL=041 PHASE=LIFT_80_MM
TRIAL=041 ACTUAL_LIFT_M=-0.00005 LEFT_CONTACT=1 RIGHT_CONTACT=1
TRIAL=041 ACTUAL_LIFT_M=0.02795 LEFT_CONTACT=1 RIGHT_CONTACT=1
TRIAL=041 ACTUAL_LIFT_M=0.05951 LEFT_CONTACT=1 RIGHT_CONTACT=1
TRIAL=041 PHASE=HOLD
TRIAL=041 HOLD_SIM_SEC=0.000 HOLD_WALL_SEC=0.000 ACTUAL_LIFT_M=0.07196 RELATIVE_SLIP_M=0.00000 LEFT_CONTACT=1 RIGHT_CONTACT=1
TRIAL=041 HOLD_SIM_SEC=0.894 HOLD_WALL_SEC=1.000 ACTUAL_LIFT_M=0.07530 RELATIVE_SLIP_M=0.00000 LEFT_CONTACT=1 RIGHT_CONTACT=1
TRIAL=041 HOLD_SIM_SEC=1.826 HOLD_WALL_SEC=2.001 ACTUAL_LIFT_M=0.07524 RELATIVE_SLIP_M=0.00000 LEFT_CONTACT=1 RIGHT_CONTACT=1
TRIAL=041 HOLD_SIM_SEC=2.772 HOLD_WALL_SEC=3.001 ACTUAL_LIFT_M=0.07516 RELATIVE_SLIP_M=0.00000 LEFT_CONTACT=1 RIGHT_CONTACT=1
TRIAL=041 HOLD_SIM_SEC=3.720 HOLD_WALL_SEC=4.001 ACTUAL_LIFT_M=0.07507 RELATIVE_SLIP_M=0.00000 LEFT_CONTACT=1 RIGHT_CONTACT=1
TRIAL=041 HOLD_SIM_SEC=4.656 HOLD_WALL_SEC=5.002 ACTUAL_LIFT_M=0.07499 RELATIVE_SLIP_M=0.00000 LEFT_CONTACT=1 RIGHT_CONTACT=1
TRIAL=041 PHASE=PLACE_DOWN
TRIAL=041 PHASE=OPEN_GRIPPER
TRIAL=041 PHASE=RETREAT_PREGRASP
TRIAL=041 PHASE=GRASP_SUCCESS
TRIAL=041 DAY5_PLACE_RELEASE=PASS
DAY4_GRASP_RESULT=SUCCESS
DAY4_STEP=1 EPISODE=041 STEP=04 DIST=0.005613 YAW_ERR_DEG=0.021 REQUESTED_MOVE=0.004950 EXECUTED_MOVE=0.004873 ATTEMPT=1 SUCCESS=1 TERMINATED=1 TRUNCATED=0
DAY7_EPISODE=41 LEVEL=L0 VALID=39/50 TECHNICAL=False SUCCESS=True REASON=
DAY4_RESET_GRIPPER=OPEN ANGLE_RAD=1.570000 EFFORT_NM=1.200000
DAY4_RESET_GRIPPER=AFTER_INITIAL_MOVE ANGLE_RAD=1.570000 EFFORT_NM=1.200000
TRIAL=042 VISUAL_CENTER=[0.3030419647693634, -0.008643942885100842, 0.025348836616521132] SURFACE=[0.3030419647693634, -0.008643942885100842, 0.050348836616521134] CONTOUR_DEG=0.00 AXIS_STD_DEG=0.00 FOOTPRINT=[0.049906373023986816, 0.049906373023986816] CONFIDENCE=0.9742
TRIAL=042 SELECTED_CONTOUR_ORIENTATION=+90.00deg TILT=18.3 LEAN=+1 SYMMETRY=1 IK_FK_POS_ERROR=0.000003m IK_FK_ORIENTATION_ERROR=0.000000rad FINGER_FK_LIFT=0.080000m FINGER_FK_DRIFT=0.000000m JOINT_MOTION=3.004659rad
DAY4_MOTION_DONE=1 ELAPSED_SIM=1.200 INITIAL_ERR=0.01680 FINAL_ERR=0.00023 ARM_V=0.00252
DAY4_STEP=1 EPISODE=042 STEP=01 DIST=0.020240 YAW_ERR_DEG=0.009 REQUESTED_MOVE=0.005002 EXECUTED_MOVE=0.004929 ATTEMPT=0 SUCCESS=0 TERMINATED=0 TRUNCATED=0
DAY4_MOTION_DONE=1 ELAPSED_SIM=1.200 INITIAL_ERR=0.01725 FINAL_ERR=0.00026 ARM_V=0.00287
DAY4_STEP=1 EPISODE=042 STEP=02 DIST=0.015350 YAW_ERR_DEG=0.016 REQUESTED_MOVE=0.004969 EXECUTED_MOVE=0.004891 ATTEMPT=0 SUCCESS=0 TERMINATED=0 TRUNCATED=0
DAY4_MOTION_DONE=1 ELAPSED_SIM=1.200 INITIAL_ERR=0.01735 FINAL_ERR=0.00026 ARM_V=0.00289
DAY4_STEP=1 EPISODE=042 STEP=03 DIST=0.010471 YAW_ERR_DEG=0.021 REQUESTED_MOVE=0.004957 EXECUTED_MOVE=0.004880 ATTEMPT=0 SUCCESS=0 TERMINATED=0 TRUNCATED=0
DAY4_MOTION_DONE=1 ELAPSED_SIM=1.200 INITIAL_ERR=0.01741 FINAL_ERR=0.00026 ARM_V=0.00290
DAY4_GRASP_ATTEMPT=1
TRIAL=042 PHASE=CLOSE_SEARCH
TRIAL=042 LEFT_CONTACT=0 RIGHT_CONTACT=0 STALL=0
TRIAL=042 LEFT_CONTACT=1 RIGHT_CONTACT=0 STALL=0
TRIAL=042 PHASE=WAIT_DUAL_CONTACT
TRIAL=042 PHASE=WAIT_STALL
TRIAL=042 LEFT_CONTACT=1 RIGHT_CONTACT=1 STALL=0 GRIPPER_ERROR=0.07198 VELOCITY=0.04647 CLOSURE_M=0.00024
TRIAL=042 LEFT_CONTACT=1 RIGHT_CONTACT=1 STALL=0 GRIPPER_ERROR=0.04681 VELOCITY=0.01590 CLOSURE_M=0.00101
TRIAL=042 LEFT_CONTACT=1 RIGHT_CONTACT=1 STALL=0 GRIPPER_ERROR=0.03888 VELOCITY=0.00635 CLOSURE_M=0.00125
TRIAL=042 LEFT_CONTACT=1 RIGHT_CONTACT=1 STALL=0 GRIPPER_ERROR=0.03384 VELOCITY=0.00493 CLOSURE_M=0.00141
TRIAL=042 PHASE=LIFT_80_MM
TRIAL=042 ACTUAL_LIFT_M=-0.00006 LEFT_CONTACT=1 RIGHT_CONTACT=1
TRIAL=042 ACTUAL_LIFT_M=0.02748 LEFT_CONTACT=1 RIGHT_CONTACT=1
TRIAL=042 ACTUAL_LIFT_M=0.05965 LEFT_CONTACT=1 RIGHT_CONTACT=1
TRIAL=042 PHASE=HOLD
TRIAL=042 HOLD_SIM_SEC=0.000 HOLD_WALL_SEC=0.000 ACTUAL_LIFT_M=0.07206 RELATIVE_SLIP_M=0.00000 LEFT_CONTACT=1 RIGHT_CONTACT=1
TRIAL=042 HOLD_SIM_SEC=0.816 HOLD_WALL_SEC=1.001 ACTUAL_LIFT_M=0.07512 RELATIVE_SLIP_M=0.00028 LEFT_CONTACT=1 RIGHT_CONTACT=1
TRIAL=042 HOLD_SIM_SEC=1.686 HOLD_WALL_SEC=2.001 ACTUAL_LIFT_M=0.07505 RELATIVE_SLIP_M=0.00028 LEFT_CONTACT=1 RIGHT_CONTACT=1
TRIAL=042 HOLD_SIM_SEC=2.514 HOLD_WALL_SEC=3.001 ACTUAL_LIFT_M=0.07498 RELATIVE_SLIP_M=0.00028 LEFT_CONTACT=1 RIGHT_CONTACT=1
TRIAL=042 HOLD_SIM_SEC=3.378 HOLD_WALL_SEC=4.001 ACTUAL_LIFT_M=0.07490 RELATIVE_SLIP_M=0.00028 LEFT_CONTACT=1 RIGHT_CONTACT=1
TRIAL=042 HOLD_SIM_SEC=4.268 HOLD_WALL_SEC=5.001 ACTUAL_LIFT_M=0.07482 RELATIVE_SLIP_M=0.00028 LEFT_CONTACT=1 RIGHT_CONTACT=1
TRIAL=042 PHASE=PLACE_DOWN
TRIAL=042 PHASE=OPEN_GRIPPER
TRIAL=042 PHASE=RETREAT_PREGRASP
TRIAL=042 PHASE=GRASP_SUCCESS
TRIAL=042 DAY5_PLACE_RELEASE=PASS
DAY4_GRASP_RESULT=SUCCESS
DAY4_STEP=1 EPISODE=042 STEP=04 DIST=0.005602 YAW_ERR_DEG=0.025 REQUESTED_MOVE=0.004949 EXECUTED_MOVE=0.004873 ATTEMPT=1 SUCCESS=1 TERMINATED=1 TRUNCATED=0
DAY7_EPISODE=42 LEVEL=L0 VALID=40/50 TECHNICAL=False SUCCESS=True REASON=
DAY4_RESET_GRIPPER=OPEN ANGLE_RAD=1.570000 EFFORT_NM=1.200000
DAY4_RESET_GRIPPER=AFTER_INITIAL_MOVE ANGLE_RAD=1.570000 EFFORT_NM=1.200000
TRIAL=043 VISUAL_CENTER=[0.3008214235305786, 0.002672528848052025, 0.025348027804935995] SURFACE=[0.3008214235305786, 0.002672528848052025, 0.050348027804935996] CONTOUR_DEG=0.00 AXIS_STD_DEG=0.00 FOOTPRINT=[0.04995334520936012, 0.04995334520936012] CONFIDENCE=0.9766
TRIAL=043 SELECTED_CONTOUR_ORIENTATION=+90.00deg TILT=17.2 LEAN=+1 SYMMETRY=1 IK_FK_POS_ERROR=0.000001m IK_FK_ORIENTATION_ERROR=0.000000rad FINGER_FK_LIFT=0.080000m FINGER_FK_DRIFT=0.000000m JOINT_MOTION=3.003069rad
DAY4_MOTION_DONE=1 ELAPSED_SIM=1.200 INITIAL_ERR=0.01692 FINAL_ERR=0.00025 ARM_V=0.00282
DAY4_STEP=1 EPISODE=043 STEP=01 DIST=0.020231 YAW_ERR_DEG=0.007 REQUESTED_MOVE=0.005003 EXECUTED_MOVE=0.004922 ATTEMPT=0 SUCCESS=0 TERMINATED=0 TRUNCATED=0
DAY4_MOTION_DONE=1 ELAPSED_SIM=1.202 INITIAL_ERR=0.01732 FINAL_ERR=0.00026 ARM_V=0.00289
DAY4_STEP=1 EPISODE=043 STEP=02 DIST=0.015342 YAW_ERR_DEG=0.014 REQUESTED_MOVE=0.004969 EXECUTED_MOVE=0.004891 ATTEMPT=0 SUCCESS=0 TERMINATED=0 TRUNCATED=0
DAY4_MOTION_DONE=1 ELAPSED_SIM=1.202 INITIAL_ERR=0.01743 FINAL_ERR=0.00026 ARM_V=0.00290
DAY4_STEP=1 EPISODE=043 STEP=03 DIST=0.010456 YAW_ERR_DEG=0.019 REQUESTED_MOVE=0.004957 EXECUTED_MOVE=0.004880 ATTEMPT=0 SUCCESS=0 TERMINATED=0 TRUNCATED=0
DAY4_MOTION_DONE=1 ELAPSED_SIM=1.200 INITIAL_ERR=0.01749 FINAL_ERR=0.00029 ARM_V=0.00324
DAY4_GRASP_ATTEMPT=1
TRIAL=043 PHASE=CLOSE_SEARCH
TRIAL=043 LEFT_CONTACT=0 RIGHT_CONTACT=0 STALL=0
TRIAL=043 LEFT_CONTACT=1 RIGHT_CONTACT=0 STALL=0
TRIAL=043 PHASE=WAIT_DUAL_CONTACT
TRIAL=043 PHASE=WAIT_STALL
TRIAL=043 LEFT_CONTACT=1 RIGHT_CONTACT=1 STALL=0 GRIPPER_ERROR=0.07412 VELOCITY=0.04349 CLOSURE_M=0.00018
TRIAL=043 LEFT_CONTACT=1 RIGHT_CONTACT=1 STALL=0 GRIPPER_ERROR=0.04850 VELOCITY=0.01541 CLOSURE_M=0.00097
TRIAL=043 LEFT_CONTACT=1 RIGHT_CONTACT=1 STALL=0 GRIPPER_ERROR=0.04070 VELOCITY=0.00619 CLOSURE_M=0.00122
TRIAL=043 LEFT_CONTACT=1 RIGHT_CONTACT=1 STALL=0 GRIPPER_ERROR=0.03576 VELOCITY=0.00486 CLOSURE_M=0.00138
TRIAL=043 LEFT_CONTACT=1 RIGHT_CONTACT=1 STALL=1 GRIPPER_ERROR=0.03137 VELOCITY=0.00445 CLOSURE_M=0.00152
TRIAL=043 PHASE=LIFT_80_MM
TRIAL=043 ACTUAL_LIFT_M=-0.00005 LEFT_CONTACT=1 RIGHT_CONTACT=1
TRIAL=043 ACTUAL_LIFT_M=0.02845 LEFT_CONTACT=1 RIGHT_CONTACT=1
TRIAL=043 ACTUAL_LIFT_M=0.06064 LEFT_CONTACT=1 RIGHT_CONTACT=1
TRIAL=043 PHASE=HOLD
TRIAL=043 HOLD_SIM_SEC=0.000 HOLD_WALL_SEC=0.001 ACTUAL_LIFT_M=0.07169 RELATIVE_SLIP_M=0.00000 LEFT_CONTACT=1 RIGHT_CONTACT=1
TRIAL=043 HOLD_SIM_SEC=0.868 HOLD_WALL_SEC=1.001 ACTUAL_LIFT_M=0.07516 RELATIVE_SLIP_M=0.00000 LEFT_CONTACT=1 RIGHT_CONTACT=1
TRIAL=043 HOLD_SIM_SEC=1.792 HOLD_WALL_SEC=2.001 ACTUAL_LIFT_M=0.07510 RELATIVE_SLIP_M=0.00000 LEFT_CONTACT=1 RIGHT_CONTACT=1
TRIAL=043 HOLD_SIM_SEC=2.728 HOLD_WALL_SEC=3.001 ACTUAL_LIFT_M=0.07502 RELATIVE_SLIP_M=0.00000 LEFT_CONTACT=1 RIGHT_CONTACT=1
TRIAL=043 HOLD_SIM_SEC=3.654 HOLD_WALL_SEC=4.001 ACTUAL_LIFT_M=0.07493 RELATIVE_SLIP_M=0.00000 LEFT_CONTACT=1 RIGHT_CONTACT=1
TRIAL=043 HOLD_SIM_SEC=4.594 HOLD_WALL_SEC=5.001 ACTUAL_LIFT_M=0.07485 RELATIVE_SLIP_M=0.00000 LEFT_CONTACT=1 RIGHT_CONTACT=1
TRIAL=043 PHASE=PLACE_DOWN
TRIAL=043 PHASE=OPEN_GRIPPER
TRIAL=043 PHASE=RETREAT_PREGRASP
TRIAL=043 PHASE=GRASP_SUCCESS
TRIAL=043 DAY5_PLACE_RELEASE=PASS
DAY4_GRASP_RESULT=SUCCESS
DAY4_STEP=1 EPISODE=043 STEP=04 DIST=0.005595 YAW_ERR_DEG=0.022 REQUESTED_MOVE=0.004948 EXECUTED_MOVE=0.004864 ATTEMPT=1 SUCCESS=1 TERMINATED=1 TRUNCATED=0
DAY7_EPISODE=43 LEVEL=L0 VALID=41/50 TECHNICAL=False SUCCESS=True REASON=
DAY4_RESET_GRIPPER=OPEN ANGLE_RAD=1.570000 EFFORT_NM=1.200000
DAY4_RESET_GRIPPER=AFTER_INITIAL_MOVE ANGLE_RAD=1.570000 EFFORT_NM=1.200000
TRIAL=044 VISUAL_CENTER=[0.305611252784729, -0.004314002580940723, 0.025350773145446877] SURFACE=[0.305611252784729, -0.004314002580940723, 0.05035077314544688] CONTOUR_DEG=0.00 AXIS_STD_DEG=0.00 FOOTPRINT=[0.049994729459285736, 0.049994729459285736] CONFIDENCE=0.9750
TRIAL=044 SELECTED_CONTOUR_ORIENTATION=+90.00deg TILT=19.4 LEAN=+1 SYMMETRY=1 IK_FK_POS_ERROR=0.000002m IK_FK_ORIENTATION_ERROR=0.000000rad FINGER_FK_LIFT=0.080000m FINGER_FK_DRIFT=0.000000m JOINT_MOTION=3.006645rad
DAY4_MOTION_DONE=1 ELAPSED_SIM=1.200 INITIAL_ERR=0.01668 FINAL_ERR=0.00023 ARM_V=0.00250
DAY4_STEP=1 EPISODE=044 STEP=01 DIST=0.020252 YAW_ERR_DEG=0.008 REQUESTED_MOVE=0.005002 EXECUTED_MOVE=0.004929 ATTEMPT=0 SUCCESS=0 TERMINATED=0 TRUNCATED=0
DAY4_MOTION_DONE=1 ELAPSED_SIM=1.200 INITIAL_ERR=0.01715 FINAL_ERR=0.00026 ARM_V=0.00286
DAY4_STEP=1 EPISODE=044 STEP=02 DIST=0.015362 YAW_ERR_DEG=0.015 REQUESTED_MOVE=0.004969 EXECUTED_MOVE=0.004891 ATTEMPT=0 SUCCESS=0 TERMINATED=0 TRUNCATED=0
DAY4_MOTION_DONE=1 ELAPSED_SIM=1.200 INITIAL_ERR=0.01727 FINAL_ERR=0.00026 ARM_V=0.00288
DAY4_STEP=1 EPISODE=044 STEP=03 DIST=0.010483 YAW_ERR_DEG=0.020 REQUESTED_MOVE=0.004958 EXECUTED_MOVE=0.004881 ATTEMPT=0 SUCCESS=0 TERMINATED=0 TRUNCATED=0
DAY4_MOTION_DONE=1 ELAPSED_SIM=1.202 INITIAL_ERR=0.01734 FINAL_ERR=0.00023 ARM_V=0.00260
DAY4_GRASP_ATTEMPT=1
TRIAL=044 PHASE=CLOSE_SEARCH
TRIAL=044 LEFT_CONTACT=0 RIGHT_CONTACT=0 STALL=0
TRIAL=044 LEFT_CONTACT=1 RIGHT_CONTACT=0 STALL=0
TRIAL=044 PHASE=WAIT_DUAL_CONTACT
TRIAL=044 PHASE=WAIT_STALL
TRIAL=044 LEFT_CONTACT=1 RIGHT_CONTACT=1 STALL=0 GRIPPER_ERROR=0.07220 VELOCITY=0.11692 CLOSURE_M=0.00023
TRIAL=044 LEFT_CONTACT=1 RIGHT_CONTACT=1 STALL=0 GRIPPER_ERROR=0.04870 VELOCITY=0.01250 CLOSURE_M=0.00095
TRIAL=044 LEFT_CONTACT=1 RIGHT_CONTACT=1 STALL=0 GRIPPER_ERROR=0.04007 VELOCITY=0.00700 CLOSURE_M=0.00123
TRIAL=044 LEFT_CONTACT=1 RIGHT_CONTACT=1 STALL=0 GRIPPER_ERROR=0.03464 VELOCITY=0.00503 CLOSURE_M=0.00140
TRIAL=044 LEFT_CONTACT=1 RIGHT_CONTACT=1 STALL=1 GRIPPER_ERROR=0.03025 VELOCITY=0.00451 CLOSURE_M=0.00154
TRIAL=044 PHASE=LIFT_80_MM
TRIAL=044 ACTUAL_LIFT_M=-0.00006 LEFT_CONTACT=1 RIGHT_CONTACT=1
TRIAL=044 ACTUAL_LIFT_M=0.02683 LEFT_CONTACT=1 RIGHT_CONTACT=1
TRIAL=044 ACTUAL_LIFT_M=0.05836 LEFT_CONTACT=1 RIGHT_CONTACT=1
TRIAL=044 PHASE=HOLD
TRIAL=044 HOLD_SIM_SEC=0.000 HOLD_WALL_SEC=0.000 ACTUAL_LIFT_M=0.07218 RELATIVE_SLIP_M=0.00000 LEFT_CONTACT=1 RIGHT_CONTACT=1
TRIAL=044 HOLD_SIM_SEC=0.870 HOLD_WALL_SEC=1.001 ACTUAL_LIFT_M=0.07524 RELATIVE_SLIP_M=0.00028 LEFT_CONTACT=1 RIGHT_CONTACT=1
TRIAL=044 HOLD_SIM_SEC=1.796 HOLD_WALL_SEC=2.001 ACTUAL_LIFT_M=0.07517 RELATIVE_SLIP_M=0.00028 LEFT_CONTACT=1 RIGHT_CONTACT=1
TRIAL=044 HOLD_SIM_SEC=2.722 HOLD_WALL_SEC=3.001 ACTUAL_LIFT_M=0.07509 RELATIVE_SLIP_M=0.00028 LEFT_CONTACT=1 RIGHT_CONTACT=1
TRIAL=044 HOLD_SIM_SEC=3.662 HOLD_WALL_SEC=4.001 ACTUAL_LIFT_M=0.07501 RELATIVE_SLIP_M=0.00028 LEFT_CONTACT=1 RIGHT_CONTACT=1
TRIAL=044 HOLD_SIM_SEC=4.584 HOLD_WALL_SEC=5.001 ACTUAL_LIFT_M=0.07493 RELATIVE_SLIP_M=0.00028 LEFT_CONTACT=1 RIGHT_CONTACT=1
TRIAL=044 PHASE=PLACE_DOWN
TRIAL=044 PHASE=OPEN_GRIPPER
TRIAL=044 PHASE=RETREAT_PREGRASP
TRIAL=044 PHASE=GRASP_SUCCESS
TRIAL=044 DAY5_PLACE_RELEASE=PASS
DAY4_GRASP_RESULT=SUCCESS
DAY4_STEP=1 EPISODE=044 STEP=04 DIST=0.005606 YAW_ERR_DEG=0.024 REQUESTED_MOVE=0.004950 EXECUTED_MOVE=0.004880 ATTEMPT=1 SUCCESS=1 TERMINATED=1 TRUNCATED=0
DAY7_EPISODE=44 LEVEL=L0 VALID=42/50 TECHNICAL=False SUCCESS=True REASON=
DAY4_RESET_GRIPPER=OPEN ANGLE_RAD=1.570000 EFFORT_NM=1.200000
DAY4_RESET_GRIPPER=AFTER_INITIAL_MOVE ANGLE_RAD=1.570000 EFFORT_NM=1.200000
TRIAL=045 VISUAL_CENTER=[0.29903310537338257, -0.006020940840244293, 0.025347436147837264] SURFACE=[0.29903310537338257, -0.006020940840244293, 0.050347436147837266] CONTOUR_DEG=0.00 AXIS_STD_DEG=0.00 FOOTPRINT=[0.049914468079805374, 0.049914468079805374] CONFIDENCE=0.9749
TRIAL=045 SELECTED_CONTOUR_ORIENTATION=+90.00deg TILT=16.4 LEAN=+1 SYMMETRY=1 IK_FK_POS_ERROR=0.000002m IK_FK_ORIENTATION_ERROR=0.000000rad FINGER_FK_LIFT=0.080000m FINGER_FK_DRIFT=0.000000m JOINT_MOTION=3.002244rad
DAY4_MOTION_DONE=1 ELAPSED_SIM=1.200 INITIAL_ERR=0.01699 FINAL_ERR=0.00026 ARM_V=0.00283
DAY4_STEP=1 EPISODE=045 STEP=01 DIST=0.020224 YAW_ERR_DEG=0.008 REQUESTED_MOVE=0.005003 EXECUTED_MOVE=0.004923 ATTEMPT=0 SUCCESS=0 TERMINATED=0 TRUNCATED=0
DAY4_MOTION_DONE=1 ELAPSED_SIM=1.202 INITIAL_ERR=0.01741 FINAL_ERR=0.00023 ARM_V=0.00261
DAY4_STEP=1 EPISODE=045 STEP=02 DIST=0.015327 YAW_ERR_DEG=0.016 REQUESTED_MOVE=0.004969 EXECUTED_MOVE=0.004899 ATTEMPT=0 SUCCESS=0 TERMINATED=0 TRUNCATED=0
DAY4_MOTION_DONE=1 ELAPSED_SIM=1.200 INITIAL_ERR=0.01752 FINAL_ERR=0.00026 ARM_V=0.00292
DAY4_STEP=1 EPISODE=045 STEP=03 DIST=0.010449 YAW_ERR_DEG=0.021 REQUESTED_MOVE=0.004956 EXECUTED_MOVE=0.004880 ATTEMPT=0 SUCCESS=0 TERMINATED=0 TRUNCATED=0
DAY4_MOTION_DONE=1 ELAPSED_SIM=1.202 INITIAL_ERR=0.01752 FINAL_ERR=0.00026 ARM_V=0.00292
DAY4_GRASP_ATTEMPT=1
TRIAL=045 PHASE=CLOSE_SEARCH
TRIAL=045 LEFT_CONTACT=0 RIGHT_CONTACT=0 STALL=0
TRIAL=045 LEFT_CONTACT=1 RIGHT_CONTACT=0 STALL=0
TRIAL=045 PHASE=WAIT_DUAL_CONTACT
TRIAL=045 PHASE=WAIT_STALL
TRIAL=045 LEFT_CONTACT=1 RIGHT_CONTACT=1 STALL=0 GRIPPER_ERROR=0.07428 VELOCITY=0.04132 CLOSURE_M=0.00017
TRIAL=045 LEFT_CONTACT=1 RIGHT_CONTACT=1 STALL=0 GRIPPER_ERROR=0.04799 VELOCITY=0.01647 CLOSURE_M=0.00099
TRIAL=045 LEFT_CONTACT=1 RIGHT_CONTACT=1 STALL=0 GRIPPER_ERROR=0.03958 VELOCITY=0.00649 CLOSURE_M=0.00125
TRIAL=045 LEFT_CONTACT=1 RIGHT_CONTACT=1 STALL=0 GRIPPER_ERROR=0.03441 VELOCITY=0.00495 CLOSURE_M=0.00142
TRIAL=045 PHASE=LIFT_80_MM
TRIAL=045 ACTUAL_LIFT_M=-0.00010 LEFT_CONTACT=1 RIGHT_CONTACT=1
TRIAL=045 ACTUAL_LIFT_M=0.02772 LEFT_CONTACT=1 RIGHT_CONTACT=1
TRIAL=045 ACTUAL_LIFT_M=0.05991 LEFT_CONTACT=1 RIGHT_CONTACT=1
TRIAL=045 PHASE=HOLD
TRIAL=045 HOLD_SIM_SEC=0.000 HOLD_WALL_SEC=0.000 ACTUAL_LIFT_M=0.07164 RELATIVE_SLIP_M=0.00000 LEFT_CONTACT=1 RIGHT_CONTACT=1
TRIAL=045 HOLD_SIM_SEC=0.886 HOLD_WALL_SEC=1.000 ACTUAL_LIFT_M=0.07511 RELATIVE_SLIP_M=0.00000 LEFT_CONTACT=1 RIGHT_CONTACT=1
TRIAL=045 HOLD_SIM_SEC=1.818 HOLD_WALL_SEC=2.001 ACTUAL_LIFT_M=0.07503 RELATIVE_SLIP_M=0.00000 LEFT_CONTACT=1 RIGHT_CONTACT=1
TRIAL=045 HOLD_SIM_SEC=2.754 HOLD_WALL_SEC=3.001 ACTUAL_LIFT_M=0.07495 RELATIVE_SLIP_M=0.00000 LEFT_CONTACT=1 RIGHT_CONTACT=1
TRIAL=045 HOLD_SIM_SEC=3.680 HOLD_WALL_SEC=4.001 ACTUAL_LIFT_M=0.07486 RELATIVE_SLIP_M=0.00000 LEFT_CONTACT=1 RIGHT_CONTACT=1
TRIAL=045 HOLD_SIM_SEC=4.630 HOLD_WALL_SEC=5.001 ACTUAL_LIFT_M=0.07478 RELATIVE_SLIP_M=0.00000 LEFT_CONTACT=1 RIGHT_CONTACT=1
TRIAL=045 PHASE=PLACE_DOWN
TRIAL=045 PHASE=OPEN_GRIPPER
TRIAL=045 PHASE=RETREAT_PREGRASP
TRIAL=045 PHASE=GRASP_SUCCESS
TRIAL=045 DAY5_PLACE_RELEASE=PASS
DAY4_GRASP_RESULT=SUCCESS
DAY4_STEP=1 EPISODE=045 STEP=04 DIST=0.005580 YAW_ERR_DEG=0.025 REQUESTED_MOVE=0.004948 EXECUTED_MOVE=0.004872 ATTEMPT=1 SUCCESS=1 TERMINATED=1 TRUNCATED=0
DAY7_EPISODE=45 LEVEL=L0 VALID=43/50 TECHNICAL=False SUCCESS=True REASON=
DAY4_RESET_GRIPPER=OPEN ANGLE_RAD=1.570000 EFFORT_NM=1.200000
DAY4_RESET_GRIPPER=AFTER_INITIAL_MOVE ANGLE_RAD=1.570000 EFFORT_NM=1.200000
TRIAL=046 VISUAL_CENTER=[0.30946530401706696, -0.0010351259261369705, 0.025352057553150502] SURFACE=[0.30946530401706696, -0.0010351259261369705, 0.0503520575531505] CONTOUR_DEG=0.00 AXIS_STD_DEG=0.00 FOOTPRINT=[0.04989241622388363, 0.04989241622388363] CONFIDENCE=0.9816
TRIAL=046 SELECTED_CONTOUR_ORIENTATION=+90.00deg TILT=21.2 LEAN=+1 SYMMETRY=1 IK_FK_POS_ERROR=0.000000m IK_FK_ORIENTATION_ERROR=0.000000rad FINGER_FK_LIFT=0.080000m FINGER_FK_DRIFT=0.000000m JOINT_MOTION=3.009718rad
DAY4_MOTION_DONE=1 ELAPSED_SIM=1.200 INITIAL_ERR=0.01652 FINAL_ERR=0.00028 ARM_V=0.00306
DAY4_STEP=1 EPISODE=046 STEP=01 DIST=0.020279 YAW_ERR_DEG=0.007 REQUESTED_MOVE=0.005001 EXECUTED_MOVE=0.004911 ATTEMPT=0 SUCCESS=0 TERMINATED=0 TRUNCATED=0
DAY4_MOTION_DONE=1 ELAPSED_SIM=1.200 INITIAL_ERR=0.01695 FINAL_ERR=0.00043 ARM_V=0.00477
DAY4_STEP=1 EPISODE=046 STEP=02 DIST=0.015427 YAW_ERR_DEG=0.014 REQUESTED_MOVE=0.004970 EXECUTED_MOVE=0.004841 ATTEMPT=0 SUCCESS=0 TERMINATED=0 TRUNCATED=0
DAY4_MOTION_DONE=1 ELAPSED_SIM=1.200 INITIAL_ERR=0.01711 FINAL_ERR=0.00026 ARM_V=0.00285
DAY4_STEP=1 EPISODE=046 STEP=03 DIST=0.010547 YAW_ERR_DEG=0.019 REQUESTED_MOVE=0.004958 EXECUTED_MOVE=0.004881 ATTEMPT=0 SUCCESS=0 TERMINATED=0 TRUNCATED=0
DAY4_MOTION_DONE=1 ELAPSED_SIM=1.200 INITIAL_ERR=0.01722 FINAL_ERR=0.00029 ARM_V=0.00319
DAY4_GRASP_ATTEMPT=1
TRIAL=046 PHASE=CLOSE_SEARCH
TRIAL=046 LEFT_CONTACT=0 RIGHT_CONTACT=0 STALL=0
TRIAL=046 LEFT_CONTACT=0 RIGHT_CONTACT=0 STALL=0
TRIAL=046 PHASE=WAIT_DUAL_CONTACT
TRIAL=046 PHASE=WAIT_STALL
TRIAL=046 LEFT_CONTACT=1 RIGHT_CONTACT=1 STALL=0 GRIPPER_ERROR=0.07300 VELOCITY=0.11231 CLOSURE_M=0.00021
TRIAL=046 LEFT_CONTACT=1 RIGHT_CONTACT=1 STALL=0 GRIPPER_ERROR=0.04764 VELOCITY=0.01573 CLOSURE_M=0.00099
TRIAL=046 LEFT_CONTACT=1 RIGHT_CONTACT=1 STALL=0 GRIPPER_ERROR=0.03964 VELOCITY=0.00618 CLOSURE_M=0.00125
TRIAL=046 LEFT_CONTACT=1 RIGHT_CONTACT=1 STALL=0 GRIPPER_ERROR=0.03447 VELOCITY=0.00485 CLOSURE_M=0.00141
TRIAL=046 PHASE=LIFT_80_MM
TRIAL=046 ACTUAL_LIFT_M=-0.00007 LEFT_CONTACT=1 RIGHT_CONTACT=1
TRIAL=046 ACTUAL_LIFT_M=0.02747 LEFT_CONTACT=1 RIGHT_CONTACT=1
TRIAL=046 ACTUAL_LIFT_M=0.05965 LEFT_CONTACT=1 RIGHT_CONTACT=1
TRIAL=046 PHASE=HOLD
TRIAL=046 HOLD_SIM_SEC=0.000 HOLD_WALL_SEC=0.000 ACTUAL_LIFT_M=0.07207 RELATIVE_SLIP_M=0.00000 LEFT_CONTACT=1 RIGHT_CONTACT=1
TRIAL=046 HOLD_SIM_SEC=0.898 HOLD_WALL_SEC=1.001 ACTUAL_LIFT_M=0.07513 RELATIVE_SLIP_M=0.00028 LEFT_CONTACT=1 RIGHT_CONTACT=1
TRIAL=046 HOLD_SIM_SEC=1.822 HOLD_WALL_SEC=2.001 ACTUAL_LIFT_M=0.07507 RELATIVE_SLIP_M=0.00028 LEFT_CONTACT=1 RIGHT_CONTACT=1
TRIAL=046 HOLD_SIM_SEC=2.756 HOLD_WALL_SEC=3.001 ACTUAL_LIFT_M=0.07499 RELATIVE_SLIP_M=0.00028 LEFT_CONTACT=1 RIGHT_CONTACT=1
TRIAL=046 HOLD_SIM_SEC=3.686 HOLD_WALL_SEC=4.001 ACTUAL_LIFT_M=0.07491 RELATIVE_SLIP_M=0.00028 LEFT_CONTACT=1 RIGHT_CONTACT=1
TRIAL=046 HOLD_SIM_SEC=4.620 HOLD_WALL_SEC=5.001 ACTUAL_LIFT_M=0.07483 RELATIVE_SLIP_M=0.00028 LEFT_CONTACT=1 RIGHT_CONTACT=1
TRIAL=046 PHASE=PLACE_DOWN
TRIAL=046 PHASE=OPEN_GRIPPER
TRIAL=046 PHASE=RETREAT_PREGRASP
TRIAL=046 PHASE=GRASP_SUCCESS
TRIAL=046 DAY5_PLACE_RELEASE=PASS
DAY4_GRASP_RESULT=SUCCESS
DAY4_STEP=1 EPISODE=046 STEP=04 DIST=0.005685 YAW_ERR_DEG=0.022 REQUESTED_MOVE=0.004950 EXECUTED_MOVE=0.004865 ATTEMPT=1 SUCCESS=1 TERMINATED=1 TRUNCATED=0
DAY7_EPISODE=46 LEVEL=L0 VALID=44/50 TECHNICAL=False SUCCESS=True REASON=
DAY4_RESET_GRIPPER=OPEN ANGLE_RAD=1.570000 EFFORT_NM=1.200000
DAY4_RESET_GRIPPER=AFTER_INITIAL_MOVE ANGLE_RAD=1.570000 EFFORT_NM=1.200000
TRIAL=047 VISUAL_CENTER=[0.3028881847858429, 0.006739642936736345, 0.025349357647516772] SURFACE=[0.3028881847858429, 0.006739642936736345, 0.050349357647516774] CONTOUR_DEG=0.00 AXIS_STD_DEG=0.00 FOOTPRINT=[0.04997894540429115, 0.04997894540429115] CONFIDENCE=0.9748
TRIAL=047 SELECTED_CONTOUR_ORIENTATION=+90.00deg TILT=18.2 LEAN=+1 SYMMETRY=1 IK_FK_POS_ERROR=0.000003m IK_FK_ORIENTATION_ERROR=0.000000rad FINGER_FK_LIFT=0.080000m FINGER_FK_DRIFT=0.000000m JOINT_MOTION=3.004669rad
DAY4_MOTION_DONE=1 ELAPSED_SIM=1.200 INITIAL_ERR=0.01682 FINAL_ERR=0.00025 ARM_V=0.00280
DAY4_STEP=1 EPISODE=047 STEP=01 DIST=0.020241 YAW_ERR_DEG=0.006 REQUESTED_MOVE=0.005002 EXECUTED_MOVE=0.004921 ATTEMPT=0 SUCCESS=0 TERMINATED=0 TRUNCATED=0
DAY4_MOTION_DONE=1 ELAPSED_SIM=1.200 INITIAL_ERR=0.01725 FINAL_ERR=0.00026 ARM_V=0.00287
DAY4_STEP=1 EPISODE=047 STEP=02 DIST=0.015351 YAW_ERR_DEG=0.013 REQUESTED_MOVE=0.004969 EXECUTED_MOVE=0.004891 ATTEMPT=0 SUCCESS=0 TERMINATED=0 TRUNCATED=0
DAY4_MOTION_DONE=1 ELAPSED_SIM=1.200 INITIAL_ERR=0.01736 FINAL_ERR=0.00026 ARM_V=0.00289
DAY4_STEP=1 EPISODE=047 STEP=03 DIST=0.010465 YAW_ERR_DEG=0.018 REQUESTED_MOVE=0.004957 EXECUTED_MOVE=0.004880 ATTEMPT=0 SUCCESS=0 TERMINATED=0 TRUNCATED=0
DAY4_MOTION_DONE=1 ELAPSED_SIM=1.202 INITIAL_ERR=0.01745 FINAL_ERR=0.00024 ARM_V=0.00262
DAY4_GRASP_ATTEMPT=1
TRIAL=047 PHASE=CLOSE_SEARCH
TRIAL=047 LEFT_CONTACT=0 RIGHT_CONTACT=0 STALL=0
TRIAL=047 LEFT_CONTACT=1 RIGHT_CONTACT=0 STALL=0
TRIAL=047 PHASE=WAIT_DUAL_CONTACT
TRIAL=047 PHASE=WAIT_STALL
TRIAL=047 LEFT_CONTACT=1 RIGHT_CONTACT=1 STALL=0 GRIPPER_ERROR=0.07431 VELOCITY=0.04285 CLOSURE_M=0.00017
TRIAL=047 LEFT_CONTACT=1 RIGHT_CONTACT=1 STALL=0 GRIPPER_ERROR=0.04624 VELOCITY=0.01693 CLOSURE_M=0.00101
TRIAL=047 LEFT_CONTACT=1 RIGHT_CONTACT=1 STALL=0 GRIPPER_ERROR=0.03785 VELOCITY=0.00645 CLOSURE_M=0.00127
TRIAL=047 LEFT_CONTACT=1 RIGHT_CONTACT=1 STALL=0 GRIPPER_ERROR=0.03256 VELOCITY=0.00492 CLOSURE_M=0.00144
TRIAL=047 PHASE=LIFT_80_MM
TRIAL=047 ACTUAL_LIFT_M=-0.00005 LEFT_CONTACT=1 RIGHT_CONTACT=1
TRIAL=047 ACTUAL_LIFT_M=0.02749 LEFT_CONTACT=1 RIGHT_CONTACT=1
TRIAL=047 ACTUAL_LIFT_M=0.05968 LEFT_CONTACT=1 RIGHT_CONTACT=1
TRIAL=047 PHASE=HOLD
TRIAL=047 HOLD_SIM_SEC=0.000 HOLD_WALL_SEC=0.001 ACTUAL_LIFT_M=0.07210 RELATIVE_SLIP_M=0.00000 LEFT_CONTACT=1 RIGHT_CONTACT=1
TRIAL=047 HOLD_SIM_SEC=0.872 HOLD_WALL_SEC=1.001 ACTUAL_LIFT_M=0.07517 RELATIVE_SLIP_M=0.00028 LEFT_CONTACT=1 RIGHT_CONTACT=1
TRIAL=047 HOLD_SIM_SEC=1.820 HOLD_WALL_SEC=2.001 ACTUAL_LIFT_M=0.07510 RELATIVE_SLIP_M=0.00028 LEFT_CONTACT=1 RIGHT_CONTACT=1
TRIAL=047 HOLD_SIM_SEC=2.774 HOLD_WALL_SEC=3.001 ACTUAL_LIFT_M=0.07502 RELATIVE_SLIP_M=0.00028 LEFT_CONTACT=1 RIGHT_CONTACT=1
TRIAL=047 HOLD_SIM_SEC=3.706 HOLD_WALL_SEC=4.001 ACTUAL_LIFT_M=0.07493 RELATIVE_SLIP_M=0.00028 LEFT_CONTACT=1 RIGHT_CONTACT=1
TRIAL=047 HOLD_SIM_SEC=4.618 HOLD_WALL_SEC=5.002 ACTUAL_LIFT_M=0.07484 RELATIVE_SLIP_M=0.00028 LEFT_CONTACT=1 RIGHT_CONTACT=1
TRIAL=047 PHASE=PLACE_DOWN
TRIAL=047 PHASE=OPEN_GRIPPER
TRIAL=047 PHASE=RETREAT_PREGRASP
TRIAL=047 PHASE=GRASP_SUCCESS
TRIAL=047 DAY5_PLACE_RELEASE=PASS
DAY4_GRASP_RESULT=SUCCESS
DAY4_STEP=1 EPISODE=047 STEP=04 DIST=0.005589 YAW_ERR_DEG=0.021 REQUESTED_MOVE=0.004949 EXECUTED_MOVE=0.004880 ATTEMPT=1 SUCCESS=1 TERMINATED=1 TRUNCATED=0
DAY7_EPISODE=47 LEVEL=L0 VALID=45/50 TECHNICAL=False SUCCESS=True REASON=
DAY4_RESET_GRIPPER=OPEN ANGLE_RAD=1.570000 EFFORT_NM=1.200000
DAY4_RESET_GRIPPER=AFTER_INITIAL_MOVE ANGLE_RAD=1.570000 EFFORT_NM=1.200000
TRIAL=048 VISUAL_CENTER=[0.3109097480773926, 0.0004633050411939621, 0.025353510639084954] SURFACE=[0.3109097480773926, 0.0004633050411939621, 0.050353510639084956] CONTOUR_DEG=0.00 AXIS_STD_DEG=0.00 FOOTPRINT=[0.04997354745864868, 0.04997354745864868] CONFIDENCE=0.9801
TRIAL=048 SELECTED_CONTOUR_ORIENTATION=+90.00deg TILT=21.9 LEAN=+1 SYMMETRY=1 IK_FK_POS_ERROR=0.000000m IK_FK_ORIENTATION_ERROR=0.000000rad FINGER_FK_LIFT=0.080000m FINGER_FK_DRIFT=0.000000m JOINT_MOTION=3.057873rad
DAY4_MOTION_DONE=1 ELAPSED_SIM=1.200 INITIAL_ERR=0.01645 FINAL_ERR=0.00027 ARM_V=0.00305
DAY4_STEP=1 EPISODE=048 STEP=01 DIST=0.020287 YAW_ERR_DEG=0.007 REQUESTED_MOVE=0.005001 EXECUTED_MOVE=0.004911 ATTEMPT=0 SUCCESS=0 TERMINATED=0 TRUNCATED=0
DAY4_MOTION_DONE=1 ELAPSED_SIM=1.200 INITIAL_ERR=0.01693 FINAL_ERR=0.00025 ARM_V=0.00282
DAY4_STEP=1 EPISODE=048 STEP=02 DIST=0.015389 YAW_ERR_DEG=0.013 REQUESTED_MOVE=0.004970 EXECUTED_MOVE=0.004892 ATTEMPT=0 SUCCESS=0 TERMINATED=0 TRUNCATED=0
DAY4_MOTION_DONE=1 ELAPSED_SIM=1.200 INITIAL_ERR=0.01711 FINAL_ERR=0.00026 ARM_V=0.00285
DAY4_STEP=1 EPISODE=048 STEP=03 DIST=0.010510 YAW_ERR_DEG=0.018 REQUESTED_MOVE=0.004958 EXECUTED_MOVE=0.004881 ATTEMPT=0 SUCCESS=0 TERMINATED=0 TRUNCATED=0
DAY4_MOTION_DONE=1 ELAPSED_SIM=1.200 INITIAL_ERR=0.01719 FINAL_ERR=0.00026 ARM_V=0.00286
DAY4_GRASP_ATTEMPT=1
TRIAL=048 PHASE=CLOSE_SEARCH
TRIAL=048 LEFT_CONTACT=0 RIGHT_CONTACT=0 STALL=0
TRIAL=048 LEFT_CONTACT=1 RIGHT_CONTACT=0 STALL=0
TRIAL=048 PHASE=WAIT_DUAL_CONTACT
TRIAL=048 PHASE=WAIT_STALL
TRIAL=048 LEFT_CONTACT=1 RIGHT_CONTACT=1 STALL=0 GRIPPER_ERROR=0.07234 VELOCITY=0.04693 CLOSURE_M=0.00023
TRIAL=048 LEFT_CONTACT=1 RIGHT_CONTACT=1 STALL=0 GRIPPER_ERROR=0.04678 VELOCITY=0.01581 CLOSURE_M=0.00101
TRIAL=048 LEFT_CONTACT=1 RIGHT_CONTACT=1 STALL=0 GRIPPER_ERROR=0.03874 VELOCITY=0.00629 CLOSURE_M=0.00126
TRIAL=048 LEFT_CONTACT=1 RIGHT_CONTACT=1 STALL=0 GRIPPER_ERROR=0.03352 VELOCITY=0.00488 CLOSURE_M=0.00143
TRIAL=048 PHASE=LIFT_80_MM
TRIAL=048 ACTUAL_LIFT_M=-0.00006 LEFT_CONTACT=1 RIGHT_CONTACT=1
TRIAL=048 ACTUAL_LIFT_M=0.02754 LEFT_CONTACT=1 RIGHT_CONTACT=1
TRIAL=048 ACTUAL_LIFT_M=0.06038 LEFT_CONTACT=1 RIGHT_CONTACT=1
TRIAL=048 PHASE=HOLD
TRIAL=048 HOLD_SIM_SEC=0.000 HOLD_WALL_SEC=0.000 ACTUAL_LIFT_M=0.07210 RELATIVE_SLIP_M=0.00000 LEFT_CONTACT=1 RIGHT_CONTACT=1
TRIAL=048 HOLD_SIM_SEC=0.906 HOLD_WALL_SEC=1.001 ACTUAL_LIFT_M=0.07510 RELATIVE_SLIP_M=0.00028 LEFT_CONTACT=1 RIGHT_CONTACT=1
TRIAL=048 HOLD_SIM_SEC=1.854 HOLD_WALL_SEC=2.001 ACTUAL_LIFT_M=0.07503 RELATIVE_SLIP_M=0.00028 LEFT_CONTACT=1 RIGHT_CONTACT=1
TRIAL=048 HOLD_SIM_SEC=2.814 HOLD_WALL_SEC=3.001 ACTUAL_LIFT_M=0.07495 RELATIVE_SLIP_M=0.00028 LEFT_CONTACT=1 RIGHT_CONTACT=1
TRIAL=048 HOLD_SIM_SEC=3.768 HOLD_WALL_SEC=4.002 ACTUAL_LIFT_M=0.07487 RELATIVE_SLIP_M=0.00028 LEFT_CONTACT=1 RIGHT_CONTACT=1
TRIAL=048 HOLD_SIM_SEC=4.706 HOLD_WALL_SEC=5.002 ACTUAL_LIFT_M=0.07479 RELATIVE_SLIP_M=0.00028 LEFT_CONTACT=1 RIGHT_CONTACT=1
TRIAL=048 PHASE=PLACE_DOWN
TRIAL=048 PHASE=OPEN_GRIPPER
TRIAL=048 PHASE=RETREAT_PREGRASP
TRIAL=048 PHASE=GRASP_SUCCESS
TRIAL=048 DAY5_PLACE_RELEASE=PASS
DAY4_GRASP_RESULT=SUCCESS
DAY4_STEP=1 EPISODE=048 STEP=04 DIST=0.005639 YAW_ERR_DEG=0.022 REQUESTED_MOVE=0.004950 EXECUTED_MOVE=0.004873 ATTEMPT=1 SUCCESS=1 TERMINATED=1 TRUNCATED=0
DAY7_EPISODE=48 LEVEL=L0 VALID=46/50 TECHNICAL=False SUCCESS=True REASON=
DAY4_RESET_GRIPPER=OPEN ANGLE_RAD=1.570000 EFFORT_NM=1.200000
DAY4_RESET_GRIPPER=AFTER_INITIAL_MOVE ANGLE_RAD=1.570000 EFFORT_NM=1.200000
TRIAL=049 VISUAL_CENTER=[0.30689737200737, -0.0028872843831777573, 0.02535124212467963] SURFACE=[0.30689737200737, -0.0028872843831777573, 0.05035124212467963] CONTOUR_DEG=0.00 AXIS_STD_DEG=0.00 FOOTPRINT=[0.049974922090768814, 0.049974922090768814] CONFIDENCE=0.9783
TRIAL=049 SELECTED_CONTOUR_ORIENTATION=+90.00deg TILT=20.0 LEAN=+1 SYMMETRY=1 IK_FK_POS_ERROR=0.000001m IK_FK_ORIENTATION_ERROR=0.000000rad FINGER_FK_LIFT=0.080000m FINGER_FK_DRIFT=0.000000m JOINT_MOTION=3.007651rad
DAY4_MOTION_DONE=1 ELAPSED_SIM=1.200 INITIAL_ERR=0.01663 FINAL_ERR=0.00025 ARM_V=0.00277
DAY4_STEP=1 EPISODE=049 STEP=01 DIST=0.020264 YAW_ERR_DEG=0.008 REQUESTED_MOVE=0.005002 EXECUTED_MOVE=0.004921 ATTEMPT=0 SUCCESS=0 TERMINATED=0 TRUNCATED=0
DAY4_MOTION_DONE=1 ELAPSED_SIM=1.200 INITIAL_ERR=0.01708 FINAL_ERR=0.00026 ARM_V=0.00285
DAY4_STEP=1 EPISODE=049 STEP=02 DIST=0.015374 YAW_ERR_DEG=0.015 REQUESTED_MOVE=0.004970 EXECUTED_MOVE=0.004891 ATTEMPT=0 SUCCESS=0 TERMINATED=0 TRUNCATED=0
DAY4_MOTION_DONE=1 ELAPSED_SIM=1.202 INITIAL_ERR=0.01723 FINAL_ERR=0.00023 ARM_V=0.00258
DAY4_STEP=1 EPISODE=049 STEP=03 DIST=0.010487 YAW_ERR_DEG=0.020 REQUESTED_MOVE=0.004958 EXECUTED_MOVE=0.004888 ATTEMPT=0 SUCCESS=0 TERMINATED=0 TRUNCATED=0
DAY4_MOTION_DONE=1 ELAPSED_SIM=1.202 INITIAL_ERR=0.01733 FINAL_ERR=0.00026 ARM_V=0.00288
DAY4_GRASP_ATTEMPT=1
TRIAL=049 PHASE=CLOSE_SEARCH
TRIAL=049 LEFT_CONTACT=0 RIGHT_CONTACT=0 STALL=0
TRIAL=049 LEFT_CONTACT=1 RIGHT_CONTACT=0 STALL=0
TRIAL=049 PHASE=WAIT_DUAL_CONTACT
TRIAL=049 PHASE=WAIT_STALL
TRIAL=049 LEFT_CONTACT=1 RIGHT_CONTACT=1 STALL=0 GRIPPER_ERROR=0.07456 VELOCITY=0.04560 CLOSURE_M=0.00016
TRIAL=049 LEFT_CONTACT=1 RIGHT_CONTACT=1 STALL=0 GRIPPER_ERROR=0.04767 VELOCITY=0.01608 CLOSURE_M=0.00099
TRIAL=049 LEFT_CONTACT=1 RIGHT_CONTACT=1 STALL=0 GRIPPER_ERROR=0.03968 VELOCITY=0.00640 CLOSURE_M=0.00124
TRIAL=049 LEFT_CONTACT=1 RIGHT_CONTACT=1 STALL=0 GRIPPER_ERROR=0.03456 VELOCITY=0.00493 CLOSURE_M=0.00141
TRIAL=049 PHASE=LIFT_80_MM
TRIAL=049 ACTUAL_LIFT_M=-0.00009 LEFT_CONTACT=1 RIGHT_CONTACT=1
TRIAL=049 ACTUAL_LIFT_M=0.02778 LEFT_CONTACT=1 RIGHT_CONTACT=1
TRIAL=049 ACTUAL_LIFT_M=0.05994 LEFT_CONTACT=1 RIGHT_CONTACT=1
TRIAL=049 PHASE=HOLD
TRIAL=049 HOLD_SIM_SEC=0.000 HOLD_WALL_SEC=0.001 ACTUAL_LIFT_M=0.07166 RELATIVE_SLIP_M=0.00000 LEFT_CONTACT=1 RIGHT_CONTACT=1
TRIAL=049 HOLD_SIM_SEC=0.900 HOLD_WALL_SEC=1.001 ACTUAL_LIFT_M=0.07506 RELATIVE_SLIP_M=0.00000 LEFT_CONTACT=1 RIGHT_CONTACT=1
TRIAL=049 HOLD_SIM_SEC=1.848 HOLD_WALL_SEC=2.001 ACTUAL_LIFT_M=0.07499 RELATIVE_SLIP_M=0.00000 LEFT_CONTACT=1 RIGHT_CONTACT=1
TRIAL=049 HOLD_SIM_SEC=2.788 HOLD_WALL_SEC=3.001 ACTUAL_LIFT_M=0.07491 RELATIVE_SLIP_M=0.00000 LEFT_CONTACT=1 RIGHT_CONTACT=1
TRIAL=049 HOLD_SIM_SEC=3.740 HOLD_WALL_SEC=4.002 ACTUAL_LIFT_M=0.07482 RELATIVE_SLIP_M=0.00000 LEFT_CONTACT=1 RIGHT_CONTACT=1
TRIAL=049 HOLD_SIM_SEC=4.698 HOLD_WALL_SEC=5.002 ACTUAL_LIFT_M=0.07474 RELATIVE_SLIP_M=0.00000 LEFT_CONTACT=1 RIGHT_CONTACT=1
TRIAL=049 PHASE=PLACE_DOWN
TRIAL=049 PHASE=OPEN_GRIPPER
TRIAL=049 PHASE=RETREAT_PREGRASP
TRIAL=049 PHASE=GRASP_SUCCESS
TRIAL=049 DAY5_PLACE_RELEASE=PASS
DAY4_GRASP_RESULT=SUCCESS
DAY4_STEP=1 EPISODE=049 STEP=04 DIST=0.005617 YAW_ERR_DEG=0.023 REQUESTED_MOVE=0.004950 EXECUTED_MOVE=0.004873 ATTEMPT=1 SUCCESS=1 TERMINATED=1 TRUNCATED=0
DAY7_EPISODE=49 LEVEL=L0 VALID=47/50 TECHNICAL=False SUCCESS=True REASON=
DAY4_RESET_GRIPPER=OPEN ANGLE_RAD=1.570000 EFFORT_NM=1.200000
DAY4_RESET_GRIPPER=AFTER_INITIAL_MOVE ANGLE_RAD=1.570000 EFFORT_NM=1.200000
TRIAL=050 VISUAL_CENTER=[0.30285292863845825, 0.004712285473942757, 0.02534935760795263] SURFACE=[0.30285292863845825, 0.004712285473942757, 0.05034935760795263] CONTOUR_DEG=0.00 AXIS_STD_DEG=0.00 FOOTPRINT=[0.04994909092783928, 0.04994909092783928] CONFIDENCE=0.9788
TRIAL=050 SELECTED_CONTOUR_ORIENTATION=+90.00deg TILT=18.1 LEAN=+1 SYMMETRY=1 IK_FK_POS_ERROR=0.000002m IK_FK_ORIENTATION_ERROR=0.000000rad FINGER_FK_LIFT=0.080000m FINGER_FK_DRIFT=0.000000m JOINT_MOTION=3.004360rad
DAY4_MOTION_DONE=1 ELAPSED_SIM=1.202 INITIAL_ERR=0.01682 FINAL_ERR=0.00023 ARM_V=0.00252
DAY4_STEP=1 EPISODE=050 STEP=01 DIST=0.020239 YAW_ERR_DEG=0.006 REQUESTED_MOVE=0.005002 EXECUTED_MOVE=0.004929 ATTEMPT=0 SUCCESS=0 TERMINATED=0 TRUNCATED=0
DAY4_MOTION_DONE=1 ELAPSED_SIM=1.200 INITIAL_ERR=0.01726 FINAL_ERR=0.00026 ARM_V=0.00288
DAY4_STEP=1 EPISODE=050 STEP=02 DIST=0.015350 YAW_ERR_DEG=0.013 REQUESTED_MOVE=0.004969 EXECUTED_MOVE=0.004891 ATTEMPT=0 SUCCESS=0 TERMINATED=0 TRUNCATED=0
DAY4_MOTION_DONE=1 ELAPSED_SIM=1.200 INITIAL_ERR=0.01736 FINAL_ERR=0.00026 ARM_V=0.00289
DAY4_STEP=1 EPISODE=050 STEP=03 DIST=0.010471 YAW_ERR_DEG=0.018 REQUESTED_MOVE=0.004957 EXECUTED_MOVE=0.004880 ATTEMPT=0 SUCCESS=0 TERMINATED=0 TRUNCATED=0
DAY4_MOTION_DONE=1 ELAPSED_SIM=1.200 INITIAL_ERR=0.01744 FINAL_ERR=0.00026 ARM_V=0.00290
DAY4_GRASP_ATTEMPT=1
TRIAL=050 PHASE=CLOSE_SEARCH
TRIAL=050 LEFT_CONTACT=0 RIGHT_CONTACT=0 STALL=0
TRIAL=050 LEFT_CONTACT=1 RIGHT_CONTACT=0 STALL=0
TRIAL=050 PHASE=WAIT_DUAL_CONTACT
TRIAL=050 PHASE=WAIT_STALL
TRIAL=050 LEFT_CONTACT=1 RIGHT_CONTACT=1 STALL=0 GRIPPER_ERROR=0.07237 VELOCITY=0.04407 CLOSURE_M=0.00023
TRIAL=050 LEFT_CONTACT=1 RIGHT_CONTACT=1 STALL=0 GRIPPER_ERROR=0.04597 VELOCITY=0.01744 CLOSURE_M=0.00103
TRIAL=050 LEFT_CONTACT=1 RIGHT_CONTACT=1 STALL=0 GRIPPER_ERROR=0.03718 VELOCITY=0.00660 CLOSURE_M=0.00131
TRIAL=050 LEFT_CONTACT=1 RIGHT_CONTACT=1 STALL=0 GRIPPER_ERROR=0.03180 VELOCITY=0.00497 CLOSURE_M=0.00148
TRIAL=050 PHASE=LIFT_80_MM
TRIAL=050 ACTUAL_LIFT_M=-0.00013 LEFT_CONTACT=1 RIGHT_CONTACT=1
TRIAL=050 ACTUAL_LIFT_M=0.02816 LEFT_CONTACT=1 RIGHT_CONTACT=1
TRIAL=050 ACTUAL_LIFT_M=0.06104 LEFT_CONTACT=1 RIGHT_CONTACT=1
TRIAL=050 PHASE=HOLD
TRIAL=050 HOLD_SIM_SEC=0.000 HOLD_WALL_SEC=0.000 ACTUAL_LIFT_M=0.07207 RELATIVE_SLIP_M=0.00000 LEFT_CONTACT=1 RIGHT_CONTACT=1
TRIAL=050 HOLD_SIM_SEC=0.882 HOLD_WALL_SEC=1.001 ACTUAL_LIFT_M=0.07507 RELATIVE_SLIP_M=0.00028 LEFT_CONTACT=1 RIGHT_CONTACT=1
TRIAL=050 HOLD_SIM_SEC=1.826 HOLD_WALL_SEC=2.001 ACTUAL_LIFT_M=0.07501 RELATIVE_SLIP_M=0.00028 LEFT_CONTACT=1 RIGHT_CONTACT=1
TRIAL=050 HOLD_SIM_SEC=2.784 HOLD_WALL_SEC=3.001 ACTUAL_LIFT_M=0.07492 RELATIVE_SLIP_M=0.00028 LEFT_CONTACT=1 RIGHT_CONTACT=1
TRIAL=050 HOLD_SIM_SEC=3.732 HOLD_WALL_SEC=4.001 ACTUAL_LIFT_M=0.07484 RELATIVE_SLIP_M=0.00028 LEFT_CONTACT=1 RIGHT_CONTACT=1
TRIAL=050 HOLD_SIM_SEC=4.672 HOLD_WALL_SEC=5.001 ACTUAL_LIFT_M=0.07475 RELATIVE_SLIP_M=0.00028 LEFT_CONTACT=1 RIGHT_CONTACT=1
TRIAL=050 PHASE=PLACE_DOWN
TRIAL=050 PHASE=OPEN_GRIPPER
TRIAL=050 PHASE=RETREAT_PREGRASP
TRIAL=050 PHASE=GRASP_SUCCESS
TRIAL=050 DAY5_PLACE_RELEASE=PASS
DAY4_GRASP_RESULT=SUCCESS
DAY4_STEP=1 EPISODE=050 STEP=04 DIST=0.005602 YAW_ERR_DEG=0.022 REQUESTED_MOVE=0.004949 EXECUTED_MOVE=0.004872 ATTEMPT=1 SUCCESS=1 TERMINATED=1 TRUNCATED=0
DAY7_EPISODE=50 LEVEL=L0 VALID=48/50 TECHNICAL=False SUCCESS=True REASON=
DAY4_RESET_GRIPPER=OPEN ANGLE_RAD=1.570000 EFFORT_NM=1.200000
DAY4_RESET_GRIPPER=AFTER_INITIAL_MOVE ANGLE_RAD=1.570000 EFFORT_NM=1.200000
TRIAL=051 VISUAL_CENTER=[0.3012411594390869, 0.003972256556153297, 0.025348086986071112] SURFACE=[0.3012411594390869, 0.003972256556153297, 0.050348086986071114] CONTOUR_DEG=0.00 AXIS_STD_DEG=0.00 FOOTPRINT=[0.04994530975818634, 0.04994530975818634] CONFIDENCE=0.9712
TRIAL=051 SELECTED_CONTOUR_ORIENTATION=+90.00deg TILT=17.4 LEAN=+1 SYMMETRY=1 IK_FK_POS_ERROR=0.000001m IK_FK_ORIENTATION_ERROR=0.000000rad FINGER_FK_LIFT=0.080000m FINGER_FK_DRIFT=0.000000m JOINT_MOTION=3.003324rad
DAY4_MOTION_DONE=1 ELAPSED_SIM=1.202 INITIAL_ERR=0.01689 FINAL_ERR=0.00023 ARM_V=0.00254
DAY4_STEP=1 EPISODE=051 STEP=01 DIST=0.020234 YAW_ERR_DEG=0.007 REQUESTED_MOVE=0.005002 EXECUTED_MOVE=0.004929 ATTEMPT=0 SUCCESS=0 TERMINATED=0 TRUNCATED=0
DAY4_MOTION_DONE=1 ELAPSED_SIM=1.200 INITIAL_ERR=0.01732 FINAL_ERR=0.00026 ARM_V=0.00289
DAY4_STEP=1 EPISODE=051 STEP=02 DIST=0.015337 YAW_ERR_DEG=0.013 REQUESTED_MOVE=0.004969 EXECUTED_MOVE=0.004891 ATTEMPT=0 SUCCESS=0 TERMINATED=0 TRUNCATED=0
DAY4_MOTION_DONE=1 ELAPSED_SIM=1.202 INITIAL_ERR=0.01747 FINAL_ERR=0.00026 ARM_V=0.00291
DAY4_STEP=1 EPISODE=051 STEP=03 DIST=0.010451 YAW_ERR_DEG=0.019 REQUESTED_MOVE=0.004957 EXECUTED_MOVE=0.004880 ATTEMPT=0 SUCCESS=0 TERMINATED=0 TRUNCATED=0
DAY4_MOTION_DONE=1 ELAPSED_SIM=1.200 INITIAL_ERR=0.01750 FINAL_ERR=0.00024 ARM_V=0.00262
DAY4_GRASP_ATTEMPT=1
TRIAL=051 PHASE=CLOSE_SEARCH
TRIAL=051 LEFT_CONTACT=0 RIGHT_CONTACT=0 STALL=0
TRIAL=051 LEFT_CONTACT=1 RIGHT_CONTACT=0 STALL=0
TRIAL=051 PHASE=WAIT_DUAL_CONTACT
TRIAL=051 PHASE=WAIT_STALL
TRIAL=051 LEFT_CONTACT=1 RIGHT_CONTACT=1 STALL=0 GRIPPER_ERROR=0.07469 VELOCITY=0.04219 CLOSURE_M=0.00016
TRIAL=051 LEFT_CONTACT=1 RIGHT_CONTACT=1 STALL=0 GRIPPER_ERROR=0.04789 VELOCITY=0.01661 CLOSURE_M=0.00098
TRIAL=051 LEFT_CONTACT=1 RIGHT_CONTACT=1 STALL=0 GRIPPER_ERROR=0.03948 VELOCITY=0.00645 CLOSURE_M=0.00125
TRIAL=051 LEFT_CONTACT=1 RIGHT_CONTACT=1 STALL=0 GRIPPER_ERROR=0.03418 VELOCITY=0.00493 CLOSURE_M=0.00142
TRIAL=051 PHASE=LIFT_80_MM
TRIAL=051 ACTUAL_LIFT_M=-0.00006 LEFT_CONTACT=1 RIGHT_CONTACT=1
TRIAL=051 ACTUAL_LIFT_M=0.02786 LEFT_CONTACT=1 RIGHT_CONTACT=1
TRIAL=051 ACTUAL_LIFT_M=0.06009 LEFT_CONTACT=1 RIGHT_CONTACT=1
TRIAL=051 PHASE=HOLD
TRIAL=051 HOLD_SIM_SEC=0.000 HOLD_WALL_SEC=0.001 ACTUAL_LIFT_M=0.07184 RELATIVE_SLIP_M=0.00000 LEFT_CONTACT=1 RIGHT_CONTACT=1
TRIAL=051 HOLD_SIM_SEC=0.890 HOLD_WALL_SEC=1.001 ACTUAL_LIFT_M=0.07525 RELATIVE_SLIP_M=0.00000 LEFT_CONTACT=1 RIGHT_CONTACT=1
TRIAL=051 HOLD_SIM_SEC=1.834 HOLD_WALL_SEC=2.001 ACTUAL_LIFT_M=0.07518 RELATIVE_SLIP_M=0.00000 LEFT_CONTACT=1 RIGHT_CONTACT=1
TRIAL=051 HOLD_SIM_SEC=2.770 HOLD_WALL_SEC=3.001 ACTUAL_LIFT_M=0.07510 RELATIVE_SLIP_M=0.00000 LEFT_CONTACT=1 RIGHT_CONTACT=1
TRIAL=051 HOLD_SIM_SEC=3.714 HOLD_WALL_SEC=4.002 ACTUAL_LIFT_M=0.07502 RELATIVE_SLIP_M=0.00000 LEFT_CONTACT=1 RIGHT_CONTACT=1
TRIAL=051 HOLD_SIM_SEC=4.650 HOLD_WALL_SEC=5.002 ACTUAL_LIFT_M=0.07493 RELATIVE_SLIP_M=0.00000 LEFT_CONTACT=1 RIGHT_CONTACT=1
TRIAL=051 PHASE=PLACE_DOWN
TRIAL=051 PHASE=OPEN_GRIPPER
TRIAL=051 PHASE=RETREAT_PREGRASP
TRIAL=051 PHASE=GRASP_SUCCESS
TRIAL=051 DAY5_PLACE_RELEASE=PASS
DAY4_GRASP_RESULT=SUCCESS
DAY4_STEP=1 EPISODE=051 STEP=04 DIST=0.005574 YAW_ERR_DEG=0.022 REQUESTED_MOVE=0.004948 EXECUTED_MOVE=0.004879 ATTEMPT=1 SUCCESS=1 TERMINATED=1 TRUNCATED=0
DAY7_EPISODE=51 LEVEL=L0 VALID=49/50 TECHNICAL=False SUCCESS=True REASON=
DAY4_RESET_GRIPPER=OPEN ANGLE_RAD=1.570000 EFFORT_NM=1.200000
DAY4_RESET_GRIPPER=AFTER_INITIAL_MOVE ANGLE_RAD=1.570000 EFFORT_NM=1.200000
DAY7_EPISODE=52 LEVEL=L0 VALID=49/50 TECHNICAL=True SUCCESS=False REASON=TestFailure: RESET_FAIL: Day4 reset failed after 1 attempts: RESET_FAIL: ign set_pose did not return true
DAY4_RESET_GRIPPER=OPEN ANGLE_RAD=1.570000 EFFORT_NM=1.200000
DAY4_RESET_GRIPPER=AFTER_INITIAL_MOVE ANGLE_RAD=1.570000 EFFORT_NM=1.200000
TRIAL=053 VISUAL_CENTER=[0.299185574054718, -0.0018654074519872665, 0.025348008069676055] SURFACE=[0.299185574054718, -0.0018654074519872665, 0.050348008069676056] CONTOUR_DEG=0.00 AXIS_STD_DEG=0.00 FOOTPRINT=[0.049963969737291336, 0.049963969737291336] CONFIDENCE=0.9743
TRIAL=053 SELECTED_CONTOUR_ORIENTATION=+90.00deg TILT=16.4 LEAN=+1 SYMMETRY=1 IK_FK_POS_ERROR=0.000001m IK_FK_ORIENTATION_ERROR=0.000000rad FINGER_FK_LIFT=0.080000m FINGER_FK_DRIFT=0.000000m JOINT_MOTION=3.002326rad
DAY4_MOTION_DONE=1 ELAPSED_SIM=1.202 INITIAL_ERR=0.01699 FINAL_ERR=0.00026 ARM_V=0.00283
DAY4_STEP=1 EPISODE=053 STEP=01 DIST=0.020233 YAW_ERR_DEG=0.008 REQUESTED_MOVE=0.005003 EXECUTED_MOVE=0.004923 ATTEMPT=0 SUCCESS=0 TERMINATED=0 TRUNCATED=0
DAY4_MOTION_DONE=1 ELAPSED_SIM=1.200 INITIAL_ERR=0.01737 FINAL_ERR=0.00029 ARM_V=0.00322
DAY4_STEP=1 EPISODE=053 STEP=02 DIST=0.015343 YAW_ERR_DEG=0.015 REQUESTED_MOVE=0.004969 EXECUTED_MOVE=0.004883 ATTEMPT=0 SUCCESS=0 TERMINATED=0 TRUNCATED=0
DAY4_MOTION_DONE=1 ELAPSED_SIM=1.202 INITIAL_ERR=0.01749 FINAL_ERR=0.00026 ARM_V=0.00291
DAY4_STEP=1 EPISODE=053 STEP=03 DIST=0.010457 YAW_ERR_DEG=0.020 REQUESTED_MOVE=0.004956 EXECUTED_MOVE=0.004880 ATTEMPT=0 SUCCESS=0 TERMINATED=0 TRUNCATED=0
DAY4_MOTION_DONE=1 ELAPSED_SIM=1.200 INITIAL_ERR=0.01755 FINAL_ERR=0.00029 ARM_V=0.00325
DAY4_GRASP_ATTEMPT=1
TRIAL=053 PHASE=CLOSE_SEARCH
TRIAL=053 LEFT_CONTACT=0 RIGHT_CONTACT=0 STALL=0
TRIAL=053 LEFT_CONTACT=1 RIGHT_CONTACT=0 STALL=0
TRIAL=053 PHASE=WAIT_DUAL_CONTACT
TRIAL=053 PHASE=WAIT_STALL
TRIAL=053 LEFT_CONTACT=1 RIGHT_CONTACT=1 STALL=0 GRIPPER_ERROR=0.07435 VELOCITY=0.04361 CLOSURE_M=0.00017
TRIAL=053 LEFT_CONTACT=1 RIGHT_CONTACT=1 STALL=0 GRIPPER_ERROR=0.04613 VELOCITY=0.01862 CLOSURE_M=0.00105
TRIAL=053 LEFT_CONTACT=1 RIGHT_CONTACT=1 STALL=0 GRIPPER_ERROR=0.03681 VELOCITY=0.00700 CLOSURE_M=0.00135
TRIAL=053 LEFT_CONTACT=1 RIGHT_CONTACT=1 STALL=1 GRIPPER_ERROR=0.03134 VELOCITY=0.00507 CLOSURE_M=0.00153
TRIAL=053 PHASE=LIFT_80_MM
TRIAL=053 ACTUAL_LIFT_M=-0.00036 LEFT_CONTACT=1 RIGHT_CONTACT=1
TRIAL=053 ACTUAL_LIFT_M=0.02788 LEFT_CONTACT=1 RIGHT_CONTACT=1
TRIAL=053 ACTUAL_LIFT_M=0.06009 LEFT_CONTACT=1 RIGHT_CONTACT=1
TRIAL=053 PHASE=HOLD
TRIAL=053 HOLD_SIM_SEC=0.000 HOLD_WALL_SEC=0.001 ACTUAL_LIFT_M=0.07183 RELATIVE_SLIP_M=0.00000 LEFT_CONTACT=1 RIGHT_CONTACT=1
TRIAL=053 HOLD_SIM_SEC=0.882 HOLD_WALL_SEC=1.001 ACTUAL_LIFT_M=0.07489 RELATIVE_SLIP_M=0.00028 LEFT_CONTACT=1 RIGHT_CONTACT=1
TRIAL=053 HOLD_SIM_SEC=1.820 HOLD_WALL_SEC=2.001 ACTUAL_LIFT_M=0.07482 RELATIVE_SLIP_M=0.00028 LEFT_CONTACT=1 RIGHT_CONTACT=1
TRIAL=053 HOLD_SIM_SEC=2.770 HOLD_WALL_SEC=3.001 ACTUAL_LIFT_M=0.07473 RELATIVE_SLIP_M=0.00028 LEFT_CONTACT=1 RIGHT_CONTACT=1
TRIAL=053 HOLD_SIM_SEC=3.706 HOLD_WALL_SEC=4.001 ACTUAL_LIFT_M=0.07465 RELATIVE_SLIP_M=0.00028 LEFT_CONTACT=1 RIGHT_CONTACT=1
TRIAL=053 HOLD_SIM_SEC=4.670 HOLD_WALL_SEC=5.001 ACTUAL_LIFT_M=0.07456 RELATIVE_SLIP_M=0.00028 LEFT_CONTACT=1 RIGHT_CONTACT=1
TRIAL=053 PHASE=PLACE_DOWN
TRIAL=053 PHASE=OPEN_GRIPPER
TRIAL=053 PHASE=RETREAT_PREGRASP
TRIAL=053 PHASE=GRASP_SUCCESS
TRIAL=053 DAY5_PLACE_RELEASE=PASS
DAY4_GRASP_RESULT=SUCCESS
DAY4_STEP=1 EPISODE=053 STEP=04 DIST=0.005597 YAW_ERR_DEG=0.024 REQUESTED_MOVE=0.004948 EXECUTED_MOVE=0.004864 ATTEMPT=1 SUCCESS=1 TERMINATED=1 TRUNCATED=0
DAY7_EPISODE=53 LEVEL=L0 VALID=50/50 TECHNICAL=False SUCCESS=True REASON=
