/usr/lib/python3/dist-packages/scipy/__init__.py:146: UserWarning: A NumPy version >=1.17.3 and <1.25.0 is required for this version of SciPy (detected version 1.26.4
  warnings.warn(f"A NumPy version >={np_minversion} and <{np_maxversion}"
TRIAL=000 PHASE=CHECK_INTERFACES
DAY4_RESET_GRIPPER=OPEN ANGLE_RAD=1.570000 EFFORT_NM=1.200000
DAY4_RESET_GRIPPER=AFTER_INITIAL_MOVE ANGLE_RAD=1.570000 EFFORT_NM=1.200000
TRIAL=001 VISUAL_CENTER=[0.31105421483516693, -0.010349341784603894, 0.02724498070835194] SURFACE=[0.31105421483516693, -0.010349341784603894, 0.05224498070835194] CONTOUR_DEG=0.14 AXIS_STD_DEG=0.08 FOOTPRINT=[0.04986009560525417, 0.04986009560525417] CONFIDENCE=0.9757
TRIAL=001 SELECTED_CONTOUR_ORIENTATION=+90.14deg TILT=22.2 LEAN=+1 SYMMETRY=1 IK_FK_POS_ERROR=0.000005m IK_FK_ORIENTATION_ERROR=0.000000rad FINGER_FK_LIFT=0.080000m FINGER_FK_DRIFT=0.000000m JOINT_MOTION=3.004798rad
DAY4_MOTION_DONE=1 ELAPSED_SIM=1.202 INITIAL_ERR=0.01639 FINAL_ERR=0.00025 ARM_V=0.00273
DAY4_STEP=1 EPISODE=001 STEP=01 DIST=0.020283 YAW_ERR_DEG=0.010 REQUESTED_MOVE=0.005001 EXECUTED_MOVE=0.004920 ATTEMPT=0 SUCCESS=0 TERMINATED=0 TRUNCATED=0
DAY4_MOTION_DONE=1 ELAPSED_SIM=1.202 INITIAL_ERR=0.01690 FINAL_ERR=0.00025 ARM_V=0.00281
DAY4_STEP=1 EPISODE=001 STEP=02 DIST=0.015393 YAW_ERR_DEG=0.017 REQUESTED_MOVE=0.004970 EXECUTED_MOVE=0.004892 ATTEMPT=0 SUCCESS=0 TERMINATED=0 TRUNCATED=0
DAY4_MOTION_DONE=1 ELAPSED_SIM=1.200 INITIAL_ERR=0.01707 FINAL_ERR=0.00028 ARM_V=0.00316
DAY4_STEP=1 EPISODE=001 STEP=03 DIST=0.010513 YAW_ERR_DEG=0.022 REQUESTED_MOVE=0.004959 EXECUTED_MOVE=0.004873 ATTEMPT=0 SUCCESS=0 TERMINATED=0 TRUNCATED=0
DAY4_MOTION_DONE=1 ELAPSED_SIM=1.202 INITIAL_ERR=0.01714 FINAL_ERR=0.00029 ARM_V=0.00317
DAY4_GRASP_ATTEMPT=1
TRIAL=001 PHASE=CLOSE_SEARCH
TRIAL=001 LEFT_CONTACT=0 RIGHT_CONTACT=0 STALL=0
TRIAL=001 LEFT_CONTACT=0 RIGHT_CONTACT=1 STALL=0
TRIAL=001 PHASE=WAIT_DUAL_CONTACT
TRIAL=001 PHASE=WAIT_STALL
TRIAL=001 LEFT_CONTACT=1 RIGHT_CONTACT=1 STALL=0 GRIPPER_ERROR=0.06977 VELOCITY=0.04083 CLOSURE_M=0.00029
TRIAL=001 LEFT_CONTACT=1 RIGHT_CONTACT=1 STALL=0 GRIPPER_ERROR=0.04429 VELOCITY=0.01565 CLOSURE_M=0.00105
TRIAL=001 LEFT_CONTACT=1 RIGHT_CONTACT=1 STALL=0 GRIPPER_ERROR=0.03587 VELOCITY=0.00652 CLOSURE_M=0.00130
TRIAL=001 LEFT_CONTACT=1 RIGHT_CONTACT=1 STALL=0 GRIPPER_ERROR=0.03066 VELOCITY=0.00496 CLOSURE_M=0.00146
TRIAL=001 PHASE=LIFT_80_MM
TRIAL=001 ACTUAL_LIFT_M=-0.00004 LEFT_CONTACT=1 RIGHT_CONTACT=1
TRIAL=001 ACTUAL_LIFT_M=0.02759 LEFT_CONTACT=1 RIGHT_CONTACT=1
TRIAL=001 ACTUAL_LIFT_M=0.06039 LEFT_CONTACT=1 RIGHT_CONTACT=1
TRIAL=001 PHASE=HOLD
TRIAL=001 HOLD_SIM_SEC=0.000 HOLD_WALL_SEC=0.000 ACTUAL_LIFT_M=0.07209 RELATIVE_SLIP_M=0.00000 LEFT_CONTACT=1 RIGHT_CONTACT=1
TRIAL=001 HOLD_SIM_SEC=0.880 HOLD_WALL_SEC=1.001 ACTUAL_LIFT_M=0.07501 RELATIVE_SLIP_M=0.00028 LEFT_CONTACT=1 RIGHT_CONTACT=1
TRIAL=001 HOLD_SIM_SEC=1.826 HOLD_WALL_SEC=2.001 ACTUAL_LIFT_M=0.07493 RELATIVE_SLIP_M=0.00028 LEFT_CONTACT=1 RIGHT_CONTACT=1
TRIAL=001 HOLD_SIM_SEC=2.786 HOLD_WALL_SEC=3.001 ACTUAL_LIFT_M=0.07485 RELATIVE_SLIP_M=0.00028 LEFT_CONTACT=1 RIGHT_CONTACT=1
TRIAL=001 HOLD_SIM_SEC=3.686 HOLD_WALL_SEC=4.001 ACTUAL_LIFT_M=0.07476 RELATIVE_SLIP_M=0.00028 LEFT_CONTACT=1 RIGHT_CONTACT=1
TRIAL=001 HOLD_SIM_SEC=4.594 HOLD_WALL_SEC=5.001 ACTUAL_LIFT_M=0.07469 RELATIVE_SLIP_M=0.00028 LEFT_CONTACT=1 RIGHT_CONTACT=1
TRIAL=001 PHASE=PLACE_DOWN
TRIAL=001 PHASE=OPEN_GRIPPER
TRIAL=001 PHASE=RETREAT_PREGRASP
TRIAL=001 PHASE=GRASP_SUCCESS
TRIAL=001 DAY5_PLACE_RELEASE=PASS
DAY4_GRASP_RESULT=SUCCESS
DAY4_STEP=1 EPISODE=001 STEP=04 DIST=0.005650 YAW_ERR_DEG=0.026 REQUESTED_MOVE=0.004951 EXECUTED_MOVE=0.004866 ATTEMPT=1 SUCCESS=1 TERMINATED=1 TRUNCATED=0
DAY7_EPISODE=1 LEVEL=L1 VALID=1/50 TECHNICAL=False SUCCESS=True REASON=
DAY4_RESET_GRIPPER=OPEN ANGLE_RAD=1.570000 EFFORT_NM=1.200000
DAY4_RESET_GRIPPER=AFTER_INITIAL_MOVE ANGLE_RAD=1.570000 EFFORT_NM=1.200000
TRIAL=002 VISUAL_CENTER=[0.3069066256284714, 0.010787174804136157, 0.02459270061401647] SURFACE=[0.3069066256284714, 0.010787174804136157, 0.04959270061401647] CONTOUR_DEG=-0.08 AXIS_STD_DEG=0.04 FOOTPRINT=[0.049953293055295944, 0.049953293055295944] CONFIDENCE=0.9725
TRIAL=002 SELECTED_CONTOUR_ORIENTATION=+89.92deg TILT=20.0 LEAN=+1 SYMMETRY=1 IK_FK_POS_ERROR=0.000005m IK_FK_ORIENTATION_ERROR=0.000000rad FINGER_FK_LIFT=0.080000m FINGER_FK_DRIFT=0.000000m JOINT_MOTION=3.011465rad
DAY4_MOTION_DONE=1 ELAPSED_SIM=1.200 INITIAL_ERR=0.01664 FINAL_ERR=0.00025 ARM_V=0.00277
DAY4_STEP=1 EPISODE=002 STEP=01 DIST=0.020262 YAW_ERR_DEG=0.005 REQUESTED_MOVE=0.005001 EXECUTED_MOVE=0.004920 ATTEMPT=0 SUCCESS=0 TERMINATED=0 TRUNCATED=0
DAY4_MOTION_DONE=1 ELAPSED_SIM=1.200 INITIAL_ERR=0.01712 FINAL_ERR=0.00026 ARM_V=0.00285
DAY4_STEP=1 EPISODE=002 STEP=02 DIST=0.015372 YAW_ERR_DEG=0.011 REQUESTED_MOVE=0.004969 EXECUTED_MOVE=0.004891 ATTEMPT=0 SUCCESS=0 TERMINATED=0 TRUNCATED=0
DAY4_MOTION_DONE=1 ELAPSED_SIM=1.202 INITIAL_ERR=0.01724 FINAL_ERR=0.00032 ARM_V=0.00354
DAY4_STEP=1 EPISODE=002 STEP=03 DIST=0.010510 YAW_ERR_DEG=0.016 REQUESTED_MOVE=0.004958 EXECUTED_MOVE=0.004863 ATTEMPT=0 SUCCESS=0 TERMINATED=0 TRUNCATED=0
DAY4_MOTION_DONE=1 ELAPSED_SIM=1.202 INITIAL_ERR=0.01732 FINAL_ERR=0.00023 ARM_V=0.00260
DAY4_GRASP_ATTEMPT=1
TRIAL=002 PHASE=CLOSE_SEARCH
TRIAL=002 LEFT_CONTACT=0 RIGHT_CONTACT=0 STALL=0
TRIAL=002 LEFT_CONTACT=1 RIGHT_CONTACT=0 STALL=0
TRIAL=002 PHASE=WAIT_DUAL_CONTACT
TRIAL=002 PHASE=WAIT_STALL
TRIAL=002 LEFT_CONTACT=1 RIGHT_CONTACT=1 STALL=0 GRIPPER_ERROR=0.06784 VELOCITY=0.04561 CLOSURE_M=0.00035
TRIAL=002 LEFT_CONTACT=1 RIGHT_CONTACT=1 STALL=0 GRIPPER_ERROR=0.04631 VELOCITY=0.01416 CLOSURE_M=0.00098
TRIAL=002 LEFT_CONTACT=1 RIGHT_CONTACT=1 STALL=0 GRIPPER_ERROR=0.03868 VELOCITY=0.00626 CLOSURE_M=0.00121
TRIAL=002 LEFT_CONTACT=1 RIGHT_CONTACT=1 STALL=0 GRIPPER_ERROR=0.03363 VELOCITY=0.00487 CLOSURE_M=0.00136
TRIAL=002 LEFT_CONTACT=1 RIGHT_CONTACT=1 STALL=0 GRIPPER_ERROR=0.02928 VELOCITY=0.00447 CLOSURE_M=0.00150
TRIAL=002 PHASE=LIFT_80_MM
TRIAL=002 ACTUAL_LIFT_M=-0.00002 LEFT_CONTACT=1 RIGHT_CONTACT=1
TRIAL=002 ACTUAL_LIFT_M=0.02820 LEFT_CONTACT=1 RIGHT_CONTACT=1
TRIAL=002 ACTUAL_LIFT_M=0.05980 LEFT_CONTACT=1 RIGHT_CONTACT=1
TRIAL=002 PHASE=HOLD
TRIAL=002 HOLD_SIM_SEC=0.000 HOLD_WALL_SEC=0.000 ACTUAL_LIFT_M=0.07228 RELATIVE_SLIP_M=0.00000 LEFT_CONTACT=1 RIGHT_CONTACT=1
TRIAL=002 HOLD_SIM_SEC=0.896 HOLD_WALL_SEC=1.001 ACTUAL_LIFT_M=0.07542 RELATIVE_SLIP_M=0.00028 LEFT_CONTACT=1 RIGHT_CONTACT=1
TRIAL=002 HOLD_SIM_SEC=1.826 HOLD_WALL_SEC=2.001 ACTUAL_LIFT_M=0.07536 RELATIVE_SLIP_M=0.00028 LEFT_CONTACT=1 RIGHT_CONTACT=1
TRIAL=002 HOLD_SIM_SEC=2.776 HOLD_WALL_SEC=3.001 ACTUAL_LIFT_M=0.07527 RELATIVE_SLIP_M=0.00028 LEFT_CONTACT=1 RIGHT_CONTACT=1
TRIAL=002 HOLD_SIM_SEC=3.726 HOLD_WALL_SEC=4.001 ACTUAL_LIFT_M=0.07518 RELATIVE_SLIP_M=0.00028 LEFT_CONTACT=1 RIGHT_CONTACT=1
TRIAL=002 HOLD_SIM_SEC=4.664 HOLD_WALL_SEC=5.001 ACTUAL_LIFT_M=0.07509 RELATIVE_SLIP_M=0.00028 LEFT_CONTACT=1 RIGHT_CONTACT=1
TRIAL=002 PHASE=PLACE_DOWN
TRIAL=002 PHASE=OPEN_GRIPPER
TRIAL=002 PHASE=RETREAT_PREGRASP
TRIAL=002 PHASE=GRASP_SUCCESS
TRIAL=002 DAY5_PLACE_RELEASE=PASS
DAY4_GRASP_RESULT=SUCCESS
DAY4_STEP=1 EPISODE=002 STEP=04 DIST=0.005633 YAW_ERR_DEG=0.019 REQUESTED_MOVE=0.004949 EXECUTED_MOVE=0.004880 ATTEMPT=1 SUCCESS=1 TERMINATED=1 TRUNCATED=0
DAY7_EPISODE=2 LEVEL=L1 VALID=2/50 TECHNICAL=False SUCCESS=True REASON=
DAY4_RESET_GRIPPER=OPEN ANGLE_RAD=1.570000 EFFORT_NM=1.200000
DAY4_RESET_GRIPPER=AFTER_INITIAL_MOVE ANGLE_RAD=1.570000 EFFORT_NM=1.200000
TRIAL=003 VISUAL_CENTER=[0.30316126346588135, -0.011597272008657455, 0.024650165622361643] SURFACE=[0.30316126346588135, -0.011597272008657455, 0.049650165622361644] CONTOUR_DEG=0.13 AXIS_STD_DEG=0.11 FOOTPRINT=[0.04996955022215843, 0.04996955022215843] CONFIDENCE=0.9746
TRIAL=003 SELECTED_CONTOUR_ORIENTATION=+90.13deg TILT=18.3 LEAN=+1 SYMMETRY=1 IK_FK_POS_ERROR=0.000005m IK_FK_ORIENTATION_ERROR=0.000000rad FINGER_FK_LIFT=0.080000m FINGER_FK_DRIFT=0.000000m JOINT_MOTION=3.008293rad
DAY4_MOTION_DONE=1 ELAPSED_SIM=1.202 INITIAL_ERR=0.01682 FINAL_ERR=0.00035 ARM_V=0.00385
DAY4_STEP=1 EPISODE=003 STEP=01 DIST=0.020265 YAW_ERR_DEG=0.009 REQUESTED_MOVE=0.005001 EXECUTED_MOVE=0.004893 ATTEMPT=0 SUCCESS=0 TERMINATED=0 TRUNCATED=0
DAY4_MOTION_DONE=1 ELAPSED_SIM=1.202 INITIAL_ERR=0.01723 FINAL_ERR=0.00032 ARM_V=0.00353
DAY4_STEP=1 EPISODE=003 STEP=02 DIST=0.015392 YAW_ERR_DEG=0.017 REQUESTED_MOVE=0.004969 EXECUTED_MOVE=0.004874 ATTEMPT=0 SUCCESS=0 TERMINATED=0 TRUNCATED=0
DAY4_MOTION_DONE=1 ELAPSED_SIM=1.200 INITIAL_ERR=0.01736 FINAL_ERR=0.00029 ARM_V=0.00320
DAY4_STEP=1 EPISODE=003 STEP=03 DIST=0.010521 YAW_ERR_DEG=0.022 REQUESTED_MOVE=0.004957 EXECUTED_MOVE=0.004872 ATTEMPT=0 SUCCESS=0 TERMINATED=0 TRUNCATED=0
DAY4_MOTION_DONE=1 ELAPSED_SIM=1.200 INITIAL_ERR=0.01744 FINAL_ERR=0.00032 ARM_V=0.00358
DAY4_GRASP_ATTEMPT=1
TRIAL=003 PHASE=CLOSE_SEARCH
TRIAL=003 LEFT_CONTACT=0 RIGHT_CONTACT=0 STALL=0
TRIAL=003 LEFT_CONTACT=0 RIGHT_CONTACT=1 STALL=0
TRIAL=003 PHASE=WAIT_DUAL_CONTACT
TRIAL=003 PHASE=WAIT_STALL
TRIAL=003 LEFT_CONTACT=1 RIGHT_CONTACT=1 STALL=0 GRIPPER_ERROR=0.06510 VELOCITY=0.03700 CLOSURE_M=0.00044
TRIAL=003 LEFT_CONTACT=1 RIGHT_CONTACT=1 STALL=0 GRIPPER_ERROR=0.04394 VELOCITY=0.01327 CLOSURE_M=0.00107
TRIAL=003 LEFT_CONTACT=1 RIGHT_CONTACT=1 STALL=0 GRIPPER_ERROR=0.03642 VELOCITY=0.00602 CLOSURE_M=0.00130
TRIAL=003 LEFT_CONTACT=1 RIGHT_CONTACT=1 STALL=0 GRIPPER_ERROR=0.03145 VELOCITY=0.00481 CLOSURE_M=0.00146
TRIAL=003 PHASE=LIFT_80_MM
TRIAL=003 ACTUAL_LIFT_M=-0.00002 LEFT_CONTACT=1 RIGHT_CONTACT=1
TRIAL=003 ACTUAL_LIFT_M=0.02732 LEFT_CONTACT=1 RIGHT_CONTACT=1
TRIAL=003 ACTUAL_LIFT_M=0.05962 LEFT_CONTACT=1 RIGHT_CONTACT=1
TRIAL=003 PHASE=HOLD
TRIAL=003 HOLD_SIM_SEC=0.000 HOLD_WALL_SEC=0.000 ACTUAL_LIFT_M=0.07210 RELATIVE_SLIP_M=0.00000 LEFT_CONTACT=1 RIGHT_CONTACT=1
TRIAL=003 HOLD_SIM_SEC=0.882 HOLD_WALL_SEC=1.001 ACTUAL_LIFT_M=0.07543 RELATIVE_SLIP_M=0.00000 LEFT_CONTACT=1 RIGHT_CONTACT=1
TRIAL=003 HOLD_SIM_SEC=1.828 HOLD_WALL_SEC=2.001 ACTUAL_LIFT_M=0.07535 RELATIVE_SLIP_M=0.00000 LEFT_CONTACT=1 RIGHT_CONTACT=1
TRIAL=003 HOLD_SIM_SEC=2.744 HOLD_WALL_SEC=3.001 ACTUAL_LIFT_M=0.07527 RELATIVE_SLIP_M=0.00000 LEFT_CONTACT=1 RIGHT_CONTACT=1
TRIAL=003 HOLD_SIM_SEC=3.676 HOLD_WALL_SEC=4.001 ACTUAL_LIFT_M=0.07518 RELATIVE_SLIP_M=0.00000 LEFT_CONTACT=1 RIGHT_CONTACT=1
TRIAL=003 HOLD_SIM_SEC=4.626 HOLD_WALL_SEC=5.001 ACTUAL_LIFT_M=0.07511 RELATIVE_SLIP_M=0.00000 LEFT_CONTACT=1 RIGHT_CONTACT=1
TRIAL=003 PHASE=PLACE_DOWN
TRIAL=003 PHASE=OPEN_GRIPPER
TRIAL=003 PHASE=RETREAT_PREGRASP
TRIAL=003 PHASE=GRASP_SUCCESS
TRIAL=003 DAY5_PLACE_RELEASE=PASS
DAY4_GRASP_RESULT=SUCCESS
DAY4_STEP=1 EPISODE=003 STEP=04 DIST=0.005669 YAW_ERR_DEG=0.026 REQUESTED_MOVE=0.004949 EXECUTED_MOVE=0.004856 ATTEMPT=1 SUCCESS=1 TERMINATED=1 TRUNCATED=0
DAY7_EPISODE=3 LEVEL=L1 VALID=3/50 TECHNICAL=False SUCCESS=True REASON=
DAY4_RESET_GRIPPER=OPEN ANGLE_RAD=1.570000 EFFORT_NM=1.200000
DAY4_RESET_GRIPPER=AFTER_INITIAL_MOVE ANGLE_RAD=1.570000 EFFORT_NM=1.200000
TRIAL=004 VISUAL_CENTER=[0.3123708665370941, 0.002769819460809231, 0.026497003166676726] SURFACE=[0.3123708665370941, 0.002769819460809231, 0.05149700316667673] CONTOUR_DEG=0.13 AXIS_STD_DEG=0.07 FOOTPRINT=[0.04996105283498764, 0.04996105283498764] CONFIDENCE=0.9786
TRIAL=004 SELECTED_CONTOUR_ORIENTATION=+90.13deg TILT=22.7 LEAN=+1 SYMMETRY=1 IK_FK_POS_ERROR=0.000001m IK_FK_ORIENTATION_ERROR=0.000000rad FINGER_FK_LIFT=0.080000m FINGER_FK_DRIFT=0.000000m JOINT_MOTION=3.009183rad
DAY4_MOTION_DONE=1 ELAPSED_SIM=1.202 INITIAL_ERR=0.01635 FINAL_ERR=0.00027 ARM_V=0.00303
DAY4_STEP=1 EPISODE=004 STEP=01 DIST=0.020296 YAW_ERR_DEG=0.006 REQUESTED_MOVE=0.005001 EXECUTED_MOVE=0.004911 ATTEMPT=0 SUCCESS=0 TERMINATED=0 TRUNCATED=0
DAY4_MOTION_DONE=1 ELAPSED_SIM=1.200 INITIAL_ERR=0.01686 FINAL_ERR=0.00025 ARM_V=0.00281
DAY4_STEP=1 EPISODE=004 STEP=02 DIST=0.015406 YAW_ERR_DEG=0.013 REQUESTED_MOVE=0.004970 EXECUTED_MOVE=0.004892 ATTEMPT=0 SUCCESS=0 TERMINATED=0 TRUNCATED=0
DAY4_MOTION_DONE=1 ELAPSED_SIM=1.202 INITIAL_ERR=0.01703 FINAL_ERR=0.00028 ARM_V=0.00315
DAY4_STEP=1 EPISODE=004 STEP=03 DIST=0.010534 YAW_ERR_DEG=0.018 REQUESTED_MOVE=0.004959 EXECUTED_MOVE=0.004873 ATTEMPT=0 SUCCESS=0 TERMINATED=0 TRUNCATED=0
DAY4_MOTION_DONE=1 ELAPSED_SIM=1.200 INITIAL_ERR=0.01714 FINAL_ERR=0.00028 ARM_V=0.00316
DAY4_GRASP_ATTEMPT=1
TRIAL=004 PHASE=CLOSE_SEARCH
TRIAL=004 LEFT_CONTACT=0 RIGHT_CONTACT=0 STALL=0
TRIAL=004 LEFT_CONTACT=0 RIGHT_CONTACT=1 STALL=0
TRIAL=004 PHASE=WAIT_DUAL_CONTACT
TRIAL=004 PHASE=WAIT_STALL
TRIAL=004 LEFT_CONTACT=1 RIGHT_CONTACT=1 STALL=0 GRIPPER_ERROR=0.06802 VELOCITY=0.04322 CLOSURE_M=0.00035
TRIAL=004 LEFT_CONTACT=1 RIGHT_CONTACT=1 STALL=0 GRIPPER_ERROR=0.04672 VELOCITY=0.01429 CLOSURE_M=0.00100
TRIAL=004 LEFT_CONTACT=1 RIGHT_CONTACT=1 STALL=0 GRIPPER_ERROR=0.03903 VELOCITY=0.00623 CLOSURE_M=0.00124
TRIAL=004 LEFT_CONTACT=1 RIGHT_CONTACT=1 STALL=0 GRIPPER_ERROR=0.03393 VELOCITY=0.00487 CLOSURE_M=0.00140
TRIAL=004 LEFT_CONTACT=1 RIGHT_CONTACT=1 STALL=1 GRIPPER_ERROR=0.02958 VELOCITY=0.00448 CLOSURE_M=0.00154
TRIAL=004 PHASE=LIFT_80_MM
TRIAL=004 ACTUAL_LIFT_M=-0.00005 LEFT_CONTACT=1 RIGHT_CONTACT=1
TRIAL=004 ACTUAL_LIFT_M=0.02787 LEFT_CONTACT=1 RIGHT_CONTACT=1
TRIAL=004 ACTUAL_LIFT_M=0.06013 LEFT_CONTACT=1 RIGHT_CONTACT=1
TRIAL=004 PHASE=HOLD
TRIAL=004 HOLD_SIM_SEC=0.000 HOLD_WALL_SEC=0.000 ACTUAL_LIFT_M=0.07190 RELATIVE_SLIP_M=0.00000 LEFT_CONTACT=1 RIGHT_CONTACT=1
TRIAL=004 HOLD_SIM_SEC=0.872 HOLD_WALL_SEC=1.001 ACTUAL_LIFT_M=0.07531 RELATIVE_SLIP_M=0.00000 LEFT_CONTACT=1 RIGHT_CONTACT=1
TRIAL=004 HOLD_SIM_SEC=1.766 HOLD_WALL_SEC=2.001 ACTUAL_LIFT_M=0.07526 RELATIVE_SLIP_M=0.00000 LEFT_CONTACT=1 RIGHT_CONTACT=1
TRIAL=004 HOLD_SIM_SEC=2.630 HOLD_WALL_SEC=3.002 ACTUAL_LIFT_M=0.07518 RELATIVE_SLIP_M=0.00000 LEFT_CONTACT=1 RIGHT_CONTACT=1
TRIAL=004 HOLD_SIM_SEC=3.524 HOLD_WALL_SEC=4.002 ACTUAL_LIFT_M=0.07511 RELATIVE_SLIP_M=0.00000 LEFT_CONTACT=1 RIGHT_CONTACT=1
TRIAL=004 HOLD_SIM_SEC=4.460 HOLD_WALL_SEC=5.003 ACTUAL_LIFT_M=0.07503 RELATIVE_SLIP_M=0.00000 LEFT_CONTACT=1 RIGHT_CONTACT=1
TRIAL=004 PHASE=PLACE_DOWN
TRIAL=004 PHASE=OPEN_GRIPPER
TRIAL=004 PHASE=RETREAT_PREGRASP
TRIAL=004 PHASE=GRASP_SUCCESS
TRIAL=004 DAY5_PLACE_RELEASE=PASS
DAY4_GRASP_RESULT=SUCCESS
DAY4_STEP=1 EPISODE=004 STEP=04 DIST=0.005671 YAW_ERR_DEG=0.021 REQUESTED_MOVE=0.004951 EXECUTED_MOVE=0.004865 ATTEMPT=1 SUCCESS=1 TERMINATED=1 TRUNCATED=0
DAY7_EPISODE=4 LEVEL=L1 VALID=4/50 TECHNICAL=False SUCCESS=True REASON=
DAY4_RESET_GRIPPER=OPEN ANGLE_RAD=1.570000 EFFORT_NM=1.200000
DAY4_RESET_GRIPPER=AFTER_INITIAL_MOVE ANGLE_RAD=1.570000 EFFORT_NM=1.200000
TRIAL=005 VISUAL_CENTER=[0.30251848697662354, 0.00602509081363678, 0.024311910890416837] SURFACE=[0.30251848697662354, 0.00602509081363678, 0.04931191089041684] CONTOUR_DEG=0.15 AXIS_STD_DEG=0.08 FOOTPRINT=[0.04991675727069378, 0.04991675727069378] CONFIDENCE=0.9730
TRIAL=005 SELECTED_CONTOUR_ORIENTATION=+90.15deg TILT=17.9 LEAN=+1 SYMMETRY=1 IK_FK_POS_ERROR=0.000002m IK_FK_ORIENTATION_ERROR=0.000000rad FINGER_FK_LIFT=0.080000m FINGER_FK_DRIFT=0.000000m JOINT_MOTION=3.008283rad
DAY4_MOTION_DONE=1 ELAPSED_SIM=1.200 INITIAL_ERR=0.01687 FINAL_ERR=0.00031 ARM_V=0.00347
DAY4_STEP=1 EPISODE=005 STEP=01 DIST=0.020260 YAW_ERR_DEG=0.006 REQUESTED_MOVE=0.005001 EXECUTED_MOVE=0.004903 ATTEMPT=0 SUCCESS=0 TERMINATED=0 TRUNCATED=0
DAY4_MOTION_DONE=1 ELAPSED_SIM=1.202 INITIAL_ERR=0.01727 FINAL_ERR=0.00029 ARM_V=0.00319
DAY4_STEP=1 EPISODE=005 STEP=02 DIST=0.015378 YAW_ERR_DEG=0.013 REQUESTED_MOVE=0.004969 EXECUTED_MOVE=0.004883 ATTEMPT=0 SUCCESS=0 TERMINATED=0 TRUNCATED=0
DAY4_MOTION_DONE=1 ELAPSED_SIM=1.202 INITIAL_ERR=0.01738 FINAL_ERR=0.00029 ARM_V=0.00321
DAY4_STEP=1 EPISODE=005 STEP=03 DIST=0.010507 YAW_ERR_DEG=0.018 REQUESTED_MOVE=0.004957 EXECUTED_MOVE=0.004872 ATTEMPT=0 SUCCESS=0 TERMINATED=0 TRUNCATED=0
DAY4_MOTION_DONE=1 ELAPSED_SIM=1.200 INITIAL_ERR=0.01746 FINAL_ERR=0.00026 ARM_V=0.00290
DAY4_GRASP_ATTEMPT=1
TRIAL=005 PHASE=CLOSE_SEARCH
TRIAL=005 LEFT_CONTACT=0 RIGHT_CONTACT=0 STALL=0
TRIAL=005 LEFT_CONTACT=0 RIGHT_CONTACT=1 STALL=0
TRIAL=005 PHASE=WAIT_DUAL_CONTACT
TRIAL=005 PHASE=WAIT_STALL
TRIAL=005 LEFT_CONTACT=1 RIGHT_CONTACT=1 STALL=0 GRIPPER_ERROR=0.07037 VELOCITY=0.03940 CLOSURE_M=0.00029
TRIAL=005 LEFT_CONTACT=1 RIGHT_CONTACT=1 STALL=0 GRIPPER_ERROR=0.04819 VELOCITY=0.01401 CLOSURE_M=0.00096
TRIAL=005 LEFT_CONTACT=1 RIGHT_CONTACT=1 STALL=0 GRIPPER_ERROR=0.04052 VELOCITY=0.00620 CLOSURE_M=0.00120
TRIAL=005 LEFT_CONTACT=1 RIGHT_CONTACT=1 STALL=0 GRIPPER_ERROR=0.03549 VELOCITY=0.00487 CLOSURE_M=0.00136
TRIAL=005 LEFT_CONTACT=1 RIGHT_CONTACT=1 STALL=0 GRIPPER_ERROR=0.03116 VELOCITY=0.00448 CLOSURE_M=0.00150
TRIAL=005 PHASE=LIFT_80_MM
TRIAL=005 ACTUAL_LIFT_M=-0.00003 LEFT_CONTACT=1 RIGHT_CONTACT=1
TRIAL=005 ACTUAL_LIFT_M=0.02731 LEFT_CONTACT=1 RIGHT_CONTACT=1
TRIAL=005 ACTUAL_LIFT_M=0.06029 LEFT_CONTACT=1 RIGHT_CONTACT=1
TRIAL=005 PHASE=HOLD
TRIAL=005 HOLD_SIM_SEC=0.000 HOLD_WALL_SEC=0.000 ACTUAL_LIFT_M=0.07207 RELATIVE_SLIP_M=0.00000 LEFT_CONTACT=1 RIGHT_CONTACT=1
TRIAL=005 HOLD_SIM_SEC=0.890 HOLD_WALL_SEC=1.001 ACTUAL_LIFT_M=0.07542 RELATIVE_SLIP_M=0.00000 LEFT_CONTACT=1 RIGHT_CONTACT=1
TRIAL=005 HOLD_SIM_SEC=1.836 HOLD_WALL_SEC=2.001 ACTUAL_LIFT_M=0.07535 RELATIVE_SLIP_M=0.00000 LEFT_CONTACT=1 RIGHT_CONTACT=1
TRIAL=005 HOLD_SIM_SEC=2.776 HOLD_WALL_SEC=3.001 ACTUAL_LIFT_M=0.07527 RELATIVE_SLIP_M=0.00000 LEFT_CONTACT=1 RIGHT_CONTACT=1
TRIAL=005 HOLD_SIM_SEC=3.706 HOLD_WALL_SEC=4.001 ACTUAL_LIFT_M=0.07518 RELATIVE_SLIP_M=0.00000 LEFT_CONTACT=1 RIGHT_CONTACT=1
TRIAL=005 HOLD_SIM_SEC=4.646 HOLD_WALL_SEC=5.001 ACTUAL_LIFT_M=0.07510 RELATIVE_SLIP_M=0.00000 LEFT_CONTACT=1 RIGHT_CONTACT=1
TRIAL=005 PHASE=PLACE_DOWN
TRIAL=005 PHASE=OPEN_GRIPPER
TRIAL=005 PHASE=RETREAT_PREGRASP
TRIAL=005 PHASE=GRASP_SUCCESS
TRIAL=005 DAY5_PLACE_RELEASE=PASS
DAY4_GRASP_RESULT=SUCCESS
DAY4_STEP=1 EPISODE=005 STEP=04 DIST=0.005638 YAW_ERR_DEG=0.022 REQUESTED_MOVE=0.004949 EXECUTED_MOVE=0.004872 ATTEMPT=1 SUCCESS=1 TERMINATED=1 TRUNCATED=0
DAY7_EPISODE=5 LEVEL=L1 VALID=5/50 TECHNICAL=False SUCCESS=True REASON=
DAY4_RESET_GRIPPER=OPEN ANGLE_RAD=1.570000 EFFORT_NM=1.200000
DAY4_RESET_GRIPPER=AFTER_INITIAL_MOVE ANGLE_RAD=1.570000 EFFORT_NM=1.200000
TRIAL=006 VISUAL_CENTER=[0.29470714926719666, -0.015367302112281322, 0.025015173802734283] SURFACE=[0.29470714926719666, -0.015367302112281322, 0.050015173802734285] CONTOUR_DEG=-0.15 AXIS_STD_DEG=0.09 FOOTPRINT=[0.04986220970749855, 0.04986220970749855] CONFIDENCE=0.9656
TRIAL=006 SELECTED_CONTOUR_ORIENTATION=+89.85deg TILT=14.5 LEAN=+1 SYMMETRY=1 IK_FK_POS_ERROR=0.000005m IK_FK_ORIENTATION_ERROR=0.000000rad FINGER_FK_LIFT=0.080000m FINGER_FK_DRIFT=0.000000m JOINT_MOTION=3.003317rad
DAY4_MOTION_DONE=1 ELAPSED_SIM=1.202 INITIAL_ERR=0.01721 FINAL_ERR=0.00029 ARM_V=0.00319
DAY4_STEP=1 EPISODE=006 STEP=01 DIST=0.020214 YAW_ERR_DEG=0.009 REQUESTED_MOVE=0.005003 EXECUTED_MOVE=0.004915 ATTEMPT=0 SUCCESS=0 TERMINATED=0 TRUNCATED=0
DAY4_MOTION_DONE=1 ELAPSED_SIM=1.200 INITIAL_ERR=0.01758 FINAL_ERR=0.00026 ARM_V=0.00292
DAY4_STEP=1 EPISODE=006 STEP=02 DIST=0.015324 YAW_ERR_DEG=0.017 REQUESTED_MOVE=0.004968 EXECUTED_MOVE=0.004891 ATTEMPT=0 SUCCESS=0 TERMINATED=0 TRUNCATED=0
DAY4_MOTION_DONE=1 ELAPSED_SIM=1.202 INITIAL_ERR=0.01766 FINAL_ERR=0.00026 ARM_V=0.00294
DAY4_STEP=1 EPISODE=006 STEP=03 DIST=0.010446 YAW_ERR_DEG=0.023 REQUESTED_MOVE=0.004956 EXECUTED_MOVE=0.004880 ATTEMPT=0 SUCCESS=0 TERMINATED=0 TRUNCATED=0
DAY4_MOTION_DONE=1 ELAPSED_SIM=1.202 INITIAL_ERR=0.01769 FINAL_ERR=0.00026 ARM_V=0.00294
DAY4_GRASP_ATTEMPT=1
TRIAL=006 PHASE=CLOSE_SEARCH
TRIAL=006 LEFT_CONTACT=0 RIGHT_CONTACT=0 STALL=0
TRIAL=006 LEFT_CONTACT=1 RIGHT_CONTACT=0 STALL=0
TRIAL=006 PHASE=WAIT_DUAL_CONTACT
TRIAL=006 PHASE=WAIT_STALL
TRIAL=006 LEFT_CONTACT=1 RIGHT_CONTACT=1 STALL=0 GRIPPER_ERROR=0.06480 VELOCITY=0.04109 CLOSURE_M=0.00045
TRIAL=006 LEFT_CONTACT=1 RIGHT_CONTACT=1 STALL=0 GRIPPER_ERROR=0.04070 VELOCITY=0.01097 CLOSURE_M=0.00119
TRIAL=006 LEFT_CONTACT=1 RIGHT_CONTACT=1 STALL=0 GRIPPER_ERROR=0.03343 VELOCITY=0.00599 CLOSURE_M=0.00141
TRIAL=006 PHASE=LIFT_80_MM
TRIAL=006 ACTUAL_LIFT_M=-0.00012 LEFT_CONTACT=1 RIGHT_CONTACT=1
TRIAL=006 ACTUAL_LIFT_M=0.02710 LEFT_CONTACT=1 RIGHT_CONTACT=1
TRIAL=006 ACTUAL_LIFT_M=0.05999 LEFT_CONTACT=1 RIGHT_CONTACT=1
TRIAL=006 PHASE=HOLD
TRIAL=006 HOLD_SIM_SEC=0.000 HOLD_WALL_SEC=0.000 ACTUAL_LIFT_M=0.07238 RELATIVE_SLIP_M=0.00000 LEFT_CONTACT=1 RIGHT_CONTACT=1
TRIAL=006 HOLD_SIM_SEC=0.872 HOLD_WALL_SEC=1.001 ACTUAL_LIFT_M=0.07512 RELATIVE_SLIP_M=0.00025 LEFT_CONTACT=1 RIGHT_CONTACT=1
TRIAL=006 HOLD_SIM_SEC=1.828 HOLD_WALL_SEC=2.001 ACTUAL_LIFT_M=0.07503 RELATIVE_SLIP_M=0.00025 LEFT_CONTACT=1 RIGHT_CONTACT=1
TRIAL=006 HOLD_SIM_SEC=2.762 HOLD_WALL_SEC=3.001 ACTUAL_LIFT_M=0.07494 RELATIVE_SLIP_M=0.00025 LEFT_CONTACT=1 RIGHT_CONTACT=1
TRIAL=006 HOLD_SIM_SEC=3.694 HOLD_WALL_SEC=4.001 ACTUAL_LIFT_M=0.07486 RELATIVE_SLIP_M=0.00025 LEFT_CONTACT=1 RIGHT_CONTACT=1
TRIAL=006 HOLD_SIM_SEC=4.630 HOLD_WALL_SEC=5.001 ACTUAL_LIFT_M=0.07479 RELATIVE_SLIP_M=0.00025 LEFT_CONTACT=1 RIGHT_CONTACT=1
TRIAL=006 PHASE=PLACE_DOWN
TRIAL=006 PHASE=OPEN_GRIPPER
TRIAL=006 PHASE=RETREAT_PREGRASP
TRIAL=006 PHASE=GRASP_SUCCESS
TRIAL=006 DAY5_PLACE_RELEASE=PASS
DAY4_GRASP_RESULT=SUCCESS
DAY4_STEP=1 EPISODE=006 STEP=04 DIST=0.005578 YAW_ERR_DEG=0.027 REQUESTED_MOVE=0.004947 EXECUTED_MOVE=0.004872 ATTEMPT=1 SUCCESS=1 TERMINATED=1 TRUNCATED=0
DAY7_EPISODE=6 LEVEL=L1 VALID=6/50 TECHNICAL=False SUCCESS=True REASON=
DAY4_RESET_GRIPPER=OPEN ANGLE_RAD=1.570000 EFFORT_NM=1.200000
DAY4_RESET_GRIPPER=AFTER_INITIAL_MOVE ANGLE_RAD=1.570000 EFFORT_NM=1.200000
TRIAL=007 VISUAL_CENTER=[0.2982013672590256, -0.010943888686597347, 0.02569602120296465] SURFACE=[0.2982013672590256, -0.010943888686597347, 0.05069602120296465] CONTOUR_DEG=-0.03 AXIS_STD_DEG=0.15 FOOTPRINT=[0.04990167170763016, 0.04990167170763016] CONFIDENCE=0.9714
TRIAL=007 SELECTED_CONTOUR_ORIENTATION=+89.97deg TILT=16.1 LEAN=+1 SYMMETRY=1 IK_FK_POS_ERROR=0.000004m IK_FK_ORIENTATION_ERROR=0.000000rad FINGER_FK_LIFT=0.080000m FINGER_FK_DRIFT=0.000000m JOINT_MOTION=3.000990rad
DAY4_MOTION_DONE=1 ELAPSED_SIM=1.200 INITIAL_ERR=0.01701 FINAL_ERR=0.00032 ARM_V=0.00350
DAY4_STEP=1 EPISODE=007 STEP=01 DIST=0.020247 YAW_ERR_DEG=0.009 REQUESTED_MOVE=0.005004 EXECUTED_MOVE=0.004906 ATTEMPT=0 SUCCESS=0 TERMINATED=0 TRUNCATED=0
DAY4_MOTION_DONE=1 ELAPSED_SIM=1.200 INITIAL_ERR=0.01741 FINAL_ERR=0.00029 ARM_V=0.00321
DAY4_STEP=1 EPISODE=007 STEP=02 DIST=0.015366 YAW_ERR_DEG=0.016 REQUESTED_MOVE=0.004968 EXECUTED_MOVE=0.004883 ATTEMPT=0 SUCCESS=0 TERMINATED=0 TRUNCATED=0
DAY4_MOTION_DONE=1 ELAPSED_SIM=1.200 INITIAL_ERR=0.01753 FINAL_ERR=0.00036 ARM_V=0.00399
DAY4_STEP=1 EPISODE=007 STEP=03 DIST=0.010504 YAW_ERR_DEG=0.022 REQUESTED_MOVE=0.004956 EXECUTED_MOVE=0.004853 ATTEMPT=0 SUCCESS=0 TERMINATED=0 TRUNCATED=0
DAY4_MOTION_DONE=1 ELAPSED_SIM=1.202 INITIAL_ERR=0.01757 FINAL_ERR=0.00029 ARM_V=0.00324
DAY4_GRASP_ATTEMPT=1
TRIAL=007 PHASE=CLOSE_SEARCH
TRIAL=007 LEFT_CONTACT=0 RIGHT_CONTACT=0 STALL=0
TRIAL=007 LEFT_CONTACT=0 RIGHT_CONTACT=1 STALL=0
TRIAL=007 PHASE=WAIT_DUAL_CONTACT
TRIAL=007 PHASE=WAIT_STALL
TRIAL=007 LEFT_CONTACT=1 RIGHT_CONTACT=1 STALL=0 GRIPPER_ERROR=0.06479 VELOCITY=0.03922 CLOSURE_M=0.00045
TRIAL=007 LEFT_CONTACT=1 RIGHT_CONTACT=1 STALL=0 GRIPPER_ERROR=0.04345 VELOCITY=0.01185 CLOSURE_M=0.00110
TRIAL=007 LEFT_CONTACT=1 RIGHT_CONTACT=1 STALL=0 GRIPPER_ERROR=0.03659 VELOCITY=0.00586 CLOSURE_M=0.00132
TRIAL=007 LEFT_CONTACT=1 RIGHT_CONTACT=1 STALL=0 GRIPPER_ERROR=0.03168 VELOCITY=0.00473 CLOSURE_M=0.00147
TRIAL=007 PHASE=LIFT_80_MM
TRIAL=007 ACTUAL_LIFT_M=-0.00006 LEFT_CONTACT=1 RIGHT_CONTACT=1
TRIAL=007 ACTUAL_LIFT_M=0.02723 LEFT_CONTACT=1 RIGHT_CONTACT=1
TRIAL=007 ACTUAL_LIFT_M=0.05956 LEFT_CONTACT=1 RIGHT_CONTACT=1
TRIAL=007 PHASE=HOLD
TRIAL=007 HOLD_SIM_SEC=0.000 HOLD_WALL_SEC=0.000 ACTUAL_LIFT_M=0.07206 RELATIVE_SLIP_M=0.00000 LEFT_CONTACT=1 RIGHT_CONTACT=1
TRIAL=007 HOLD_SIM_SEC=0.866 HOLD_WALL_SEC=1.001 ACTUAL_LIFT_M=0.07546 RELATIVE_SLIP_M=0.00000 LEFT_CONTACT=1 RIGHT_CONTACT=1
TRIAL=007 HOLD_SIM_SEC=1.806 HOLD_WALL_SEC=2.001 ACTUAL_LIFT_M=0.07539 RELATIVE_SLIP_M=0.00000 LEFT_CONTACT=1 RIGHT_CONTACT=1
TRIAL=007 HOLD_SIM_SEC=2.730 HOLD_WALL_SEC=3.001 ACTUAL_LIFT_M=0.07530 RELATIVE_SLIP_M=0.00000 LEFT_CONTACT=1 RIGHT_CONTACT=1
TRIAL=007 HOLD_SIM_SEC=3.652 HOLD_WALL_SEC=4.001 ACTUAL_LIFT_M=0.07521 RELATIVE_SLIP_M=0.00000 LEFT_CONTACT=1 RIGHT_CONTACT=1
TRIAL=007 HOLD_SIM_SEC=4.592 HOLD_WALL_SEC=5.001 ACTUAL_LIFT_M=0.07514 RELATIVE_SLIP_M=0.00000 LEFT_CONTACT=1 RIGHT_CONTACT=1
TRIAL=007 PHASE=PLACE_DOWN
TRIAL=007 PHASE=OPEN_GRIPPER
TRIAL=007 PHASE=RETREAT_PREGRASP
TRIAL=007 PHASE=GRASP_SUCCESS
TRIAL=007 DAY5_PLACE_RELEASE=PASS
DAY4_GRASP_RESULT=SUCCESS
DAY4_STEP=1 EPISODE=007 STEP=04 DIST=0.005643 YAW_ERR_DEG=0.026 REQUESTED_MOVE=0.004948 EXECUTED_MOVE=0.004864 ATTEMPT=1 SUCCESS=1 TERMINATED=1 TRUNCATED=0
DAY7_EPISODE=7 LEVEL=L1 VALID=7/50 TECHNICAL=False SUCCESS=True REASON=
DAY4_RESET_GRIPPER=OPEN ANGLE_RAD=1.570000 EFFORT_NM=1.200000
DAY4_RESET_GRIPPER=AFTER_INITIAL_MOVE ANGLE_RAD=1.570000 EFFORT_NM=1.200000
DAY7_EPISODE=8 LEVEL=L1 VALID=7/50 TECHNICAL=True SUCCESS=False REASON=TestFailure: RESET_FAIL: Day4 reset failed after 1 attempts: RESET_FAIL: ign set_pose did not return true
DAY4_RESET_GRIPPER=OPEN ANGLE_RAD=1.570000 EFFORT_NM=1.200000
DAY4_RESET_GRIPPER=AFTER_INITIAL_MOVE ANGLE_RAD=1.570000 EFFORT_NM=1.200000
TRIAL=009 VISUAL_CENTER=[0.3020235002040863, -0.009220628766342998, 0.026350594067387524] SURFACE=[0.3020235002040863, -0.009220628766342998, 0.051350594067387526] CONTOUR_DEG=0.01 AXIS_STD_DEG=0.08 FOOTPRINT=[0.04993393085896969, 0.04993393085896969] CONFIDENCE=0.9709
TRIAL=009 SELECTED_CONTOUR_ORIENTATION=+90.01deg TILT=17.9 LEAN=+1 SYMMETRY=1 IK_FK_POS_ERROR=0.000004m IK_FK_ORIENTATION_ERROR=0.000000rad FINGER_FK_LIFT=0.080000m FINGER_FK_DRIFT=0.000000m JOINT_MOTION=3.000149rad
DAY4_MOTION_DONE=1 ELAPSED_SIM=1.200 INITIAL_ERR=0.01681 FINAL_ERR=0.00028 ARM_V=0.00311
DAY4_STEP=1 EPISODE=009 STEP=01 DIST=0.020247 YAW_ERR_DEG=0.009 REQUESTED_MOVE=0.005004 EXECUTED_MOVE=0.004915 ATTEMPT=0 SUCCESS=0 TERMINATED=0 TRUNCATED=0
DAY4_MOTION_DONE=1 ELAPSED_SIM=1.202 INITIAL_ERR=0.01727 FINAL_ERR=0.00029 ARM_V=0.00319
DAY4_STEP=1 EPISODE=009 STEP=02 DIST=0.015366 YAW_ERR_DEG=0.016 REQUESTED_MOVE=0.004969 EXECUTED_MOVE=0.004883 ATTEMPT=0 SUCCESS=0 TERMINATED=0 TRUNCATED=0
DAY4_MOTION_DONE=1 ELAPSED_SIM=1.200 INITIAL_ERR=0.01739 FINAL_ERR=0.00029 ARM_V=0.00321
DAY4_STEP=1 EPISODE=009 STEP=03 DIST=0.010487 YAW_ERR_DEG=0.021 REQUESTED_MOVE=0.004957 EXECUTED_MOVE=0.004872 ATTEMPT=0 SUCCESS=0 TERMINATED=0 TRUNCATED=0
DAY4_MOTION_DONE=1 ELAPSED_SIM=1.200 INITIAL_ERR=0.01745 FINAL_ERR=0.00029 ARM_V=0.00323
DAY4_GRASP_ATTEMPT=1
TRIAL=009 PHASE=CLOSE_SEARCH
TRIAL=009 LEFT_CONTACT=0 RIGHT_CONTACT=0 STALL=0
TRIAL=009 LEFT_CONTACT=0 RIGHT_CONTACT=1 STALL=0
TRIAL=009 PHASE=WAIT_DUAL_CONTACT
TRIAL=009 PHASE=WAIT_STALL
TRIAL=009 LEFT_CONTACT=1 RIGHT_CONTACT=1 STALL=0 GRIPPER_ERROR=0.06962 VELOCITY=0.03705 CLOSURE_M=0.00031
TRIAL=009 LEFT_CONTACT=1 RIGHT_CONTACT=1 STALL=0 GRIPPER_ERROR=0.04462 VELOCITY=0.01398 CLOSURE_M=0.00107
TRIAL=009 LEFT_CONTACT=1 RIGHT_CONTACT=1 STALL=0 GRIPPER_ERROR=0.03677 VELOCITY=0.00608 CLOSURE_M=0.00131
TRIAL=009 LEFT_CONTACT=1 RIGHT_CONTACT=1 STALL=0 GRIPPER_ERROR=0.03175 VELOCITY=0.00481 CLOSURE_M=0.00147
TRIAL=009 PHASE=LIFT_80_MM
TRIAL=009 ACTUAL_LIFT_M=-0.00007 LEFT_CONTACT=1 RIGHT_CONTACT=1
TRIAL=009 ACTUAL_LIFT_M=0.02711 LEFT_CONTACT=1 RIGHT_CONTACT=1
TRIAL=009 ACTUAL_LIFT_M=0.05917 LEFT_CONTACT=1 RIGHT_CONTACT=1
TRIAL=009 PHASE=HOLD
TRIAL=009 HOLD_SIM_SEC=0.000 HOLD_WALL_SEC=0.001 ACTUAL_LIFT_M=0.07154 RELATIVE_SLIP_M=0.00000 LEFT_CONTACT=1 RIGHT_CONTACT=1
TRIAL=009 HOLD_SIM_SEC=0.890 HOLD_WALL_SEC=1.001 ACTUAL_LIFT_M=0.07485 RELATIVE_SLIP_M=0.00000 LEFT_CONTACT=1 RIGHT_CONTACT=1
TRIAL=009 HOLD_SIM_SEC=1.822 HOLD_WALL_SEC=2.001 ACTUAL_LIFT_M=0.07477 RELATIVE_SLIP_M=0.00000 LEFT_CONTACT=1 RIGHT_CONTACT=1
TRIAL=009 HOLD_SIM_SEC=2.754 HOLD_WALL_SEC=3.001 ACTUAL_LIFT_M=0.07469 RELATIVE_SLIP_M=0.00000 LEFT_CONTACT=1 RIGHT_CONTACT=1
TRIAL=009 HOLD_SIM_SEC=3.690 HOLD_WALL_SEC=4.001 ACTUAL_LIFT_M=0.07460 RELATIVE_SLIP_M=0.00000 LEFT_CONTACT=1 RIGHT_CONTACT=1
TRIAL=009 HOLD_SIM_SEC=4.618 HOLD_WALL_SEC=5.001 ACTUAL_LIFT_M=0.07452 RELATIVE_SLIP_M=0.00000 LEFT_CONTACT=1 RIGHT_CONTACT=1
TRIAL=009 PHASE=PLACE_DOWN
TRIAL=009 PHASE=OPEN_GRIPPER
TRIAL=009 PHASE=RETREAT_PREGRASP
TRIAL=009 PHASE=GRASP_SUCCESS
TRIAL=009 DAY5_PLACE_RELEASE=PASS
DAY4_GRASP_RESULT=SUCCESS
DAY4_STEP=1 EPISODE=009 STEP=04 DIST=0.005626 YAW_ERR_DEG=0.025 REQUESTED_MOVE=0.004949 EXECUTED_MOVE=0.004864 ATTEMPT=1 SUCCESS=1 TERMINATED=1 TRUNCATED=0
DAY7_EPISODE=9 LEVEL=L1 VALID=8/50 TECHNICAL=False SUCCESS=True REASON=
DAY4_RESET_GRIPPER=OPEN ANGLE_RAD=1.570000 EFFORT_NM=1.200000
DAY4_RESET_GRIPPER=AFTER_INITIAL_MOVE ANGLE_RAD=1.570000 EFFORT_NM=1.200000
TRIAL=010 VISUAL_CENTER=[0.3040597587823868, -0.017230991332326084, 0.02556693559243508] SURFACE=[0.3040597587823868, -0.017230991332326084, 0.05056693559243508] CONTOUR_DEG=0.16 AXIS_STD_DEG=0.08 FOOTPRINT=[0.04990636929869652, 0.04990636929869652] CONFIDENCE=0.9744
TRIAL=010 SELECTED_CONTOUR_ORIENTATION=+90.16deg TILT=18.9 LEAN=+1 SYMMETRY=1 IK_FK_POS_ERROR=0.000008m IK_FK_ORIENTATION_ERROR=0.000000rad FINGER_FK_LIFT=0.080000m FINGER_FK_DRIFT=0.000000m JOINT_MOTION=3.006120rad
DAY4_MOTION_DONE=1 ELAPSED_SIM=1.202 INITIAL_ERR=0.01672 FINAL_ERR=0.00028 ARM_V=0.00310
DAY4_STEP=1 EPISODE=010 STEP=01 DIST=0.020254 YAW_ERR_DEG=0.011 REQUESTED_MOVE=0.005003 EXECUTED_MOVE=0.004914 ATTEMPT=0 SUCCESS=0 TERMINATED=0 TRUNCATED=0
DAY4_MOTION_DONE=1 ELAPSED_SIM=1.200 INITIAL_ERR=0.01721 FINAL_ERR=0.00029 ARM_V=0.00318
DAY4_STEP=1 EPISODE=010 STEP=02 DIST=0.015372 YAW_ERR_DEG=0.018 REQUESTED_MOVE=0.004969 EXECUTED_MOVE=0.004883 ATTEMPT=0 SUCCESS=0 TERMINATED=0 TRUNCATED=0
DAY4_MOTION_DONE=1 ELAPSED_SIM=1.200 INITIAL_ERR=0.01729 FINAL_ERR=0.00029 ARM_V=0.00320
DAY4_STEP=1 EPISODE=010 STEP=03 DIST=0.010501 YAW_ERR_DEG=0.023 REQUESTED_MOVE=0.004957 EXECUTED_MOVE=0.004872 ATTEMPT=0 SUCCESS=0 TERMINATED=0 TRUNCATED=0
DAY4_MOTION_DONE=1 ELAPSED_SIM=1.202 INITIAL_ERR=0.01739 FINAL_ERR=0.00029 ARM_V=0.00321
DAY4_GRASP_ATTEMPT=1
TRIAL=010 PHASE=CLOSE_SEARCH
TRIAL=010 LEFT_CONTACT=0 RIGHT_CONTACT=0 STALL=0
TRIAL=010 LEFT_CONTACT=1 RIGHT_CONTACT=0 STALL=0
TRIAL=010 PHASE=WAIT_DUAL_CONTACT
TRIAL=010 PHASE=WAIT_STALL
TRIAL=010 LEFT_CONTACT=1 RIGHT_CONTACT=1 STALL=0 GRIPPER_ERROR=0.06974 VELOCITY=0.03654 CLOSURE_M=0.00029
TRIAL=010 LEFT_CONTACT=1 RIGHT_CONTACT=1 STALL=0 GRIPPER_ERROR=0.04588 VELOCITY=0.01408 CLOSURE_M=0.00100
TRIAL=010 LEFT_CONTACT=1 RIGHT_CONTACT=1 STALL=0 GRIPPER_ERROR=0.03805 VELOCITY=0.00636 CLOSURE_M=0.00124
TRIAL=010 LEFT_CONTACT=1 RIGHT_CONTACT=1 STALL=0 GRIPPER_ERROR=0.03284 VELOCITY=0.00490 CLOSURE_M=0.00140
TRIAL=010 LEFT_CONTACT=1 RIGHT_CONTACT=1 STALL=1 GRIPPER_ERROR=0.02847 VELOCITY=0.00451 CLOSURE_M=0.00153
TRIAL=010 PHASE=LIFT_80_MM
TRIAL=010 ACTUAL_LIFT_M=-0.00002 LEFT_CONTACT=1 RIGHT_CONTACT=1
TRIAL=010 ACTUAL_LIFT_M=0.02721 LEFT_CONTACT=1 RIGHT_CONTACT=1
TRIAL=010 ACTUAL_LIFT_M=0.05954 LEFT_CONTACT=1 RIGHT_CONTACT=1
TRIAL=010 PHASE=HOLD
TRIAL=010 HOLD_SIM_SEC=0.000 HOLD_WALL_SEC=0.000 ACTUAL_LIFT_M=0.07204 RELATIVE_SLIP_M=0.00000 LEFT_CONTACT=1 RIGHT_CONTACT=1
TRIAL=010 HOLD_SIM_SEC=0.864 HOLD_WALL_SEC=1.001 ACTUAL_LIFT_M=0.07550 RELATIVE_SLIP_M=0.00000 LEFT_CONTACT=1 RIGHT_CONTACT=1
TRIAL=010 HOLD_SIM_SEC=1.802 HOLD_WALL_SEC=2.001 ACTUAL_LIFT_M=0.07542 RELATIVE_SLIP_M=0.00000 LEFT_CONTACT=1 RIGHT_CONTACT=1
TRIAL=010 HOLD_SIM_SEC=2.754 HOLD_WALL_SEC=3.001 ACTUAL_LIFT_M=0.07533 RELATIVE_SLIP_M=0.00000 LEFT_CONTACT=1 RIGHT_CONTACT=1
TRIAL=010 HOLD_SIM_SEC=3.698 HOLD_WALL_SEC=4.001 ACTUAL_LIFT_M=0.07524 RELATIVE_SLIP_M=0.00000 LEFT_CONTACT=1 RIGHT_CONTACT=1
TRIAL=010 HOLD_SIM_SEC=4.624 HOLD_WALL_SEC=5.001 ACTUAL_LIFT_M=0.07518 RELATIVE_SLIP_M=0.00000 LEFT_CONTACT=1 RIGHT_CONTACT=1
TRIAL=010 PHASE=PLACE_DOWN
TRIAL=010 PHASE=OPEN_GRIPPER
TRIAL=010 PHASE=RETREAT_PREGRASP
TRIAL=010 PHASE=GRASP_SUCCESS
TRIAL=010 DAY5_PLACE_RELEASE=PASS
DAY4_GRASP_RESULT=SUCCESS
DAY4_STEP=1 EPISODE=010 STEP=04 DIST=0.005639 YAW_ERR_DEG=0.027 REQUESTED_MOVE=0.004949 EXECUTED_MOVE=0.004865 ATTEMPT=1 SUCCESS=1 TERMINATED=1 TRUNCATED=0
DAY7_EPISODE=10 LEVEL=L1 VALID=9/50 TECHNICAL=False SUCCESS=True REASON=
DAY4_RESET_GRIPPER=OPEN ANGLE_RAD=1.570000 EFFORT_NM=1.200000
DAY4_RESET_GRIPPER=AFTER_INITIAL_MOVE ANGLE_RAD=1.570000 EFFORT_NM=1.200000
DAY7_EPISODE=11 LEVEL=L1 VALID=9/50 TECHNICAL=True SUCCESS=False REASON=TechnicalFailure: Ignition remove:  Service call timed out

DAY4_RESET_GRIPPER=OPEN ANGLE_RAD=1.570000 EFFORT_NM=1.200000
DAY4_RESET_GRIPPER=AFTER_INITIAL_MOVE ANGLE_RAD=1.570000 EFFORT_NM=1.200000
TRIAL=012 VISUAL_CENTER=[0.29744553565979004, -0.011565552093088627, 0.025608717895004803] SURFACE=[0.29744553565979004, -0.011565552093088627, 0.050608717895004804] CONTOUR_DEG=-0.33 AXIS_STD_DEG=0.11 FOOTPRINT=[0.04993145354092121, 0.04993145354092121] CONFIDENCE=0.9670
TRIAL=012 SELECTED_CONTOUR_ORIENTATION=+89.67deg TILT=15.8 LEAN=+1 SYMMETRY=1 IK_FK_POS_ERROR=0.000003m IK_FK_ORIENTATION_ERROR=0.000000rad FINGER_FK_LIFT=0.080000m FINGER_FK_DRIFT=0.000000m JOINT_MOTION=3.001196rad
DAY4_MOTION_DONE=1 ELAPSED_SIM=1.200 INITIAL_ERR=0.01706 FINAL_ERR=0.00026 ARM_V=0.00285
DAY4_STEP=1 EPISODE=012 STEP=01 DIST=0.020220 YAW_ERR_DEG=0.009 REQUESTED_MOVE=0.005004 EXECUTED_MOVE=0.004924 ATTEMPT=0 SUCCESS=0 TERMINATED=0 TRUNCATED=0
DAY4_MOTION_DONE=1 ELAPSED_SIM=1.202 INITIAL_ERR=0.01746 FINAL_ERR=0.00026 ARM_V=0.00291
DAY4_STEP=1 EPISODE=012 STEP=02 DIST=0.015330 YAW_ERR_DEG=0.016 REQUESTED_MOVE=0.004968 EXECUTED_MOVE=0.004891 ATTEMPT=0 SUCCESS=0 TERMINATED=0 TRUNCATED=0
DAY4_MOTION_DONE=1 ELAPSED_SIM=1.200 INITIAL_ERR=0.01756 FINAL_ERR=0.00026 ARM_V=0.00292
DAY4_STEP=1 EPISODE=012 STEP=03 DIST=0.010445 YAW_ERR_DEG=0.022 REQUESTED_MOVE=0.004956 EXECUTED_MOVE=0.004880 ATTEMPT=0 SUCCESS=0 TERMINATED=0 TRUNCATED=0
DAY4_MOTION_DONE=1 ELAPSED_SIM=1.202 INITIAL_ERR=0.01761 FINAL_ERR=0.00026 ARM_V=0.00293
DAY4_GRASP_ATTEMPT=1
TRIAL=012 PHASE=CLOSE_SEARCH
TRIAL=012 LEFT_CONTACT=0 RIGHT_CONTACT=0 STALL=0
TRIAL=012 LEFT_CONTACT=1 RIGHT_CONTACT=0 STALL=0
TRIAL=012 PHASE=WAIT_DUAL_CONTACT
TRIAL=012 PHASE=WAIT_STALL
TRIAL=012 LEFT_CONTACT=1 RIGHT_CONTACT=1 STALL=0 GRIPPER_ERROR=0.07391 VELOCITY=0.04018 CLOSURE_M=0.00018
TRIAL=012 LEFT_CONTACT=1 RIGHT_CONTACT=1 STALL=0 GRIPPER_ERROR=0.04566 VELOCITY=0.01676 CLOSURE_M=0.00103
TRIAL=012 LEFT_CONTACT=1 RIGHT_CONTACT=1 STALL=0 GRIPPER_ERROR=0.03682 VELOCITY=0.00664 CLOSURE_M=0.00131
TRIAL=012 LEFT_CONTACT=1 RIGHT_CONTACT=1 STALL=0 GRIPPER_ERROR=0.03158 VELOCITY=0.00499 CLOSURE_M=0.00147
TRIAL=012 PHASE=LIFT_80_MM
TRIAL=012 ACTUAL_LIFT_M=-0.00006 LEFT_CONTACT=1 RIGHT_CONTACT=1
TRIAL=012 ACTUAL_LIFT_M=0.02689 LEFT_CONTACT=1 RIGHT_CONTACT=1
TRIAL=012 ACTUAL_LIFT_M=0.05900 LEFT_CONTACT=1 RIGHT_CONTACT=1
TRIAL=012 PHASE=HOLD
TRIAL=012 HOLD_SIM_SEC=0.000 HOLD_WALL_SEC=0.000 ACTUAL_LIFT_M=0.07206 RELATIVE_SLIP_M=0.00000 LEFT_CONTACT=1 RIGHT_CONTACT=1
TRIAL=012 HOLD_SIM_SEC=0.878 HOLD_WALL_SEC=1.000 ACTUAL_LIFT_M=0.07498 RELATIVE_SLIP_M=0.00028 LEFT_CONTACT=1 RIGHT_CONTACT=1
TRIAL=012 HOLD_SIM_SEC=1.818 HOLD_WALL_SEC=2.001 ACTUAL_LIFT_M=0.07490 RELATIVE_SLIP_M=0.00028 LEFT_CONTACT=1 RIGHT_CONTACT=1
TRIAL=012 HOLD_SIM_SEC=2.740 HOLD_WALL_SEC=3.001 ACTUAL_LIFT_M=0.07482 RELATIVE_SLIP_M=0.00028 LEFT_CONTACT=1 RIGHT_CONTACT=1
TRIAL=012 HOLD_SIM_SEC=3.696 HOLD_WALL_SEC=4.001 ACTUAL_LIFT_M=0.07473 RELATIVE_SLIP_M=0.00028 LEFT_CONTACT=1 RIGHT_CONTACT=1
TRIAL=012 HOLD_SIM_SEC=4.656 HOLD_WALL_SEC=5.001 ACTUAL_LIFT_M=0.07465 RELATIVE_SLIP_M=0.00028 LEFT_CONTACT=1 RIGHT_CONTACT=1
TRIAL=012 PHASE=PLACE_DOWN
TRIAL=012 PHASE=OPEN_GRIPPER
TRIAL=012 PHASE=RETREAT_PREGRASP
TRIAL=012 PHASE=GRASP_SUCCESS
TRIAL=012 DAY5_PLACE_RELEASE=PASS
DAY4_GRASP_RESULT=SUCCESS
DAY4_STEP=1 EPISODE=012 STEP=04 DIST=0.005568 YAW_ERR_DEG=0.025 REQUESTED_MOVE=0.004948 EXECUTED_MOVE=0.004872 ATTEMPT=1 SUCCESS=1 TERMINATED=1 TRUNCATED=0
DAY7_EPISODE=12 LEVEL=L1 VALID=10/50 TECHNICAL=False SUCCESS=True REASON=
DAY4_RESET_GRIPPER=OPEN ANGLE_RAD=1.570000 EFFORT_NM=1.200000
DAY4_RESET_GRIPPER=AFTER_INITIAL_MOVE ANGLE_RAD=1.570000 EFFORT_NM=1.200000
TRIAL=013 VISUAL_CENTER=[0.31758250296115875, -0.003960461355745792, 0.025595205218535998] SURFACE=[0.31758250296115875, -0.003960461355745792, 0.050595205218536] CONTOUR_DEG=-0.03 AXIS_STD_DEG=0.06 FOOTPRINT=[0.05012209713459015, 0.05012209713459015] CONFIDENCE=0.9774
TRIAL=013 SELECTED_CONTOUR_ORIENTATION=+89.97deg TILT=25.1 LEAN=+1 SYMMETRY=1 IK_FK_POS_ERROR=0.000002m IK_FK_ORIENTATION_ERROR=0.000000rad FINGER_FK_LIFT=0.080000m FINGER_FK_DRIFT=0.000000m JOINT_MOTION=3.021916rad
DAY4_MOTION_DONE=1 ELAPSED_SIM=1.200 INITIAL_ERR=0.01615 FINAL_ERR=0.00027 ARM_V=0.00299
DAY4_STEP=1 EPISODE=013 STEP=01 DIST=0.020305 YAW_ERR_DEG=0.008 REQUESTED_MOVE=0.005000 EXECUTED_MOVE=0.004910 ATTEMPT=0 SUCCESS=0 TERMINATED=0 TRUNCATED=0
DAY4_MOTION_DONE=1 ELAPSED_SIM=1.200 INITIAL_ERR=0.01673 FINAL_ERR=0.00025 ARM_V=0.00279
DAY4_STEP=1 EPISODE=013 STEP=02 DIST=0.015415 YAW_ERR_DEG=0.014 REQUESTED_MOVE=0.004971 EXECUTED_MOVE=0.004892 ATTEMPT=0 SUCCESS=0 TERMINATED=0 TRUNCATED=0
DAY4_MOTION_DONE=1 ELAPSED_SIM=1.202 INITIAL_ERR=0.01692 FINAL_ERR=0.00025 ARM_V=0.00282
DAY4_STEP=1 EPISODE=013 STEP=03 DIST=0.010535 YAW_ERR_DEG=0.019 REQUESTED_MOVE=0.004960 EXECUTED_MOVE=0.004881 ATTEMPT=0 SUCCESS=0 TERMINATED=0 TRUNCATED=0
DAY4_MOTION_DONE=1 ELAPSED_SIM=1.200 INITIAL_ERR=0.01699 FINAL_ERR=0.00025 ARM_V=0.00283
DAY4_GRASP_ATTEMPT=1
TRIAL=013 PHASE=CLOSE_SEARCH
TRIAL=013 LEFT_CONTACT=0 RIGHT_CONTACT=0 STALL=0
TRIAL=013 LEFT_CONTACT=1 RIGHT_CONTACT=0 STALL=0
TRIAL=013 PHASE=WAIT_DUAL_CONTACT
TRIAL=013 PHASE=WAIT_STALL
TRIAL=013 LEFT_CONTACT=1 RIGHT_CONTACT=1 STALL=0 GRIPPER_ERROR=0.07472 VELOCITY=0.04525 CLOSURE_M=0.00015
TRIAL=013 LEFT_CONTACT=1 RIGHT_CONTACT=1 STALL=0 GRIPPER_ERROR=0.04933 VELOCITY=0.01473 CLOSURE_M=0.00091
TRIAL=013 LEFT_CONTACT=1 RIGHT_CONTACT=1 STALL=0 GRIPPER_ERROR=0.04080 VELOCITY=0.00661 CLOSURE_M=0.00118
TRIAL=013 LEFT_CONTACT=1 RIGHT_CONTACT=1 STALL=0 GRIPPER_ERROR=0.03545 VELOCITY=0.00498 CLOSURE_M=0.00134
TRIAL=013 LEFT_CONTACT=1 RIGHT_CONTACT=1 STALL=0 GRIPPER_ERROR=0.03108 VELOCITY=0.00453 CLOSURE_M=0.00148
TRIAL=013 PHASE=LIFT_80_MM
TRIAL=013 ACTUAL_LIFT_M=-0.00002 LEFT_CONTACT=1 RIGHT_CONTACT=1
TRIAL=013 ACTUAL_LIFT_M=0.02769 LEFT_CONTACT=1 RIGHT_CONTACT=1
TRIAL=013 ACTUAL_LIFT_M=0.05983 LEFT_CONTACT=1 RIGHT_CONTACT=1
TRIAL=013 PHASE=HOLD
TRIAL=013 HOLD_SIM_SEC=0.000 HOLD_WALL_SEC=0.000 ACTUAL_LIFT_M=0.07221 RELATIVE_SLIP_M=0.00000 LEFT_CONTACT=1 RIGHT_CONTACT=1
TRIAL=013 HOLD_SIM_SEC=0.882 HOLD_WALL_SEC=1.001 ACTUAL_LIFT_M=0.07508 RELATIVE_SLIP_M=0.00028 LEFT_CONTACT=1 RIGHT_CONTACT=1
TRIAL=013 HOLD_SIM_SEC=1.820 HOLD_WALL_SEC=2.001 ACTUAL_LIFT_M=0.07501 RELATIVE_SLIP_M=0.00028 LEFT_CONTACT=1 RIGHT_CONTACT=1
TRIAL=013 HOLD_SIM_SEC=2.766 HOLD_WALL_SEC=3.001 ACTUAL_LIFT_M=0.07494 RELATIVE_SLIP_M=0.00028 LEFT_CONTACT=1 RIGHT_CONTACT=1
TRIAL=013 HOLD_SIM_SEC=3.714 HOLD_WALL_SEC=4.001 ACTUAL_LIFT_M=0.07485 RELATIVE_SLIP_M=0.00028 LEFT_CONTACT=1 RIGHT_CONTACT=1
TRIAL=013 HOLD_SIM_SEC=4.650 HOLD_WALL_SEC=5.001 ACTUAL_LIFT_M=0.07478 RELATIVE_SLIP_M=0.00028 LEFT_CONTACT=1 RIGHT_CONTACT=1
TRIAL=013 PHASE=PLACE_DOWN
TRIAL=013 PHASE=OPEN_GRIPPER
TRIAL=013 PHASE=RETREAT_PREGRASP
TRIAL=013 PHASE=GRASP_SUCCESS
TRIAL=013 DAY5_PLACE_RELEASE=PASS
DAY4_GRASP_RESULT=SUCCESS
DAY4_STEP=1 EPISODE=013 STEP=04 DIST=0.005663 YAW_ERR_DEG=0.022 REQUESTED_MOVE=0.004952 EXECUTED_MOVE=0.004874 ATTEMPT=1 SUCCESS=1 TERMINATED=1 TRUNCATED=0
DAY7_EPISODE=13 LEVEL=L1 VALID=11/50 TECHNICAL=False SUCCESS=True REASON=
DAY4_RESET_GRIPPER=OPEN ANGLE_RAD=1.570000 EFFORT_NM=1.200000
DAY4_RESET_GRIPPER=AFTER_INITIAL_MOVE ANGLE_RAD=1.570000 EFFORT_NM=1.200000
TRIAL=014 VISUAL_CENTER=[0.2944914698600769, -0.011320579680614173, 0.02594914963466447] SURFACE=[0.2944914698600769, -0.011320579680614173, 0.05094914963466447] CONTOUR_DEG=0.21 AXIS_STD_DEG=0.14 FOOTPRINT=[0.0499372910708189, 0.0499372910708189] CONFIDENCE=0.9671
TRIAL=014 SELECTED_CONTOUR_ORIENTATION=+90.21deg TILT=14.4 LEAN=+1 SYMMETRY=1 IK_FK_POS_ERROR=0.000004m IK_FK_ORIENTATION_ERROR=0.000000rad FINGER_FK_LIFT=0.080000m FINGER_FK_DRIFT=0.000000m JOINT_MOTION=2.999411rad
DAY4_MOTION_DONE=1 ELAPSED_SIM=1.202 INITIAL_ERR=0.01720 FINAL_ERR=0.00026 ARM_V=0.00287
DAY4_STEP=1 EPISODE=014 STEP=01 DIST=0.020208 YAW_ERR_DEG=0.009 REQUESTED_MOVE=0.005005 EXECUTED_MOVE=0.004925 ATTEMPT=0 SUCCESS=0 TERMINATED=0 TRUNCATED=0
DAY4_MOTION_DONE=1 ELAPSED_SIM=1.200 INITIAL_ERR=0.01757 FINAL_ERR=0.00029 ARM_V=0.00325
DAY4_STEP=1 EPISODE=014 STEP=02 DIST=0.015319 YAW_ERR_DEG=0.017 REQUESTED_MOVE=0.004968 EXECUTED_MOVE=0.004883 ATTEMPT=0 SUCCESS=0 TERMINATED=0 TRUNCATED=0
DAY4_MOTION_DONE=1 ELAPSED_SIM=1.200 INITIAL_ERR=0.01766 FINAL_ERR=0.00026 ARM_V=0.00294
DAY4_STEP=1 EPISODE=014 STEP=03 DIST=0.010441 YAW_ERR_DEG=0.022 REQUESTED_MOVE=0.004956 EXECUTED_MOVE=0.004879 ATTEMPT=0 SUCCESS=0 TERMINATED=0 TRUNCATED=0
DAY4_MOTION_DONE=1 ELAPSED_SIM=1.202 INITIAL_ERR=0.01770 FINAL_ERR=0.00027 ARM_V=0.00294
DAY4_GRASP_ATTEMPT=1
TRIAL=014 PHASE=CLOSE_SEARCH
TRIAL=014 LEFT_CONTACT=0 RIGHT_CONTACT=0 STALL=0
TRIAL=014 LEFT_CONTACT=0 RIGHT_CONTACT=1 STALL=0
TRIAL=014 PHASE=WAIT_DUAL_CONTACT
TRIAL=014 PHASE=WAIT_STALL
TRIAL=014 LEFT_CONTACT=1 RIGHT_CONTACT=1 STALL=0 GRIPPER_ERROR=0.06702 VELOCITY=0.04423 CLOSURE_M=0.00039
TRIAL=014 LEFT_CONTACT=1 RIGHT_CONTACT=1 STALL=0 GRIPPER_ERROR=0.04359 VELOCITY=0.01277 CLOSURE_M=0.00111
TRIAL=014 LEFT_CONTACT=1 RIGHT_CONTACT=1 STALL=0 GRIPPER_ERROR=0.03533 VELOCITY=0.00638 CLOSURE_M=0.00137
TRIAL=014 LEFT_CONTACT=1 RIGHT_CONTACT=1 STALL=1 GRIPPER_ERROR=0.03015 VELOCITY=0.00486 CLOSURE_M=0.00154
TRIAL=014 PHASE=LIFT_80_MM
TRIAL=014 ACTUAL_LIFT_M=-0.00020 LEFT_CONTACT=1 RIGHT_CONTACT=1
TRIAL=014 ACTUAL_LIFT_M=0.02732 LEFT_CONTACT=1 RIGHT_CONTACT=1
TRIAL=014 ACTUAL_LIFT_M=0.06015 LEFT_CONTACT=1 RIGHT_CONTACT=1
TRIAL=014 PHASE=HOLD
TRIAL=014 HOLD_SIM_SEC=0.000 HOLD_WALL_SEC=0.000 ACTUAL_LIFT_M=0.07187 RELATIVE_SLIP_M=0.00000 LEFT_CONTACT=1 RIGHT_CONTACT=1
TRIAL=014 HOLD_SIM_SEC=0.886 HOLD_WALL_SEC=1.001 ACTUAL_LIFT_M=0.07491 RELATIVE_SLIP_M=0.00000 LEFT_CONTACT=1 RIGHT_CONTACT=1
TRIAL=014 HOLD_SIM_SEC=1.816 HOLD_WALL_SEC=2.001 ACTUAL_LIFT_M=0.07484 RELATIVE_SLIP_M=0.00000 LEFT_CONTACT=1 RIGHT_CONTACT=1
TRIAL=014 HOLD_SIM_SEC=2.762 HOLD_WALL_SEC=3.001 ACTUAL_LIFT_M=0.07475 RELATIVE_SLIP_M=0.00000 LEFT_CONTACT=1 RIGHT_CONTACT=1
TRIAL=014 HOLD_SIM_SEC=3.704 HOLD_WALL_SEC=4.001 ACTUAL_LIFT_M=0.07466 RELATIVE_SLIP_M=0.00000 LEFT_CONTACT=1 RIGHT_CONTACT=1
TRIAL=014 HOLD_SIM_SEC=4.632 HOLD_WALL_SEC=5.001 ACTUAL_LIFT_M=0.07458 RELATIVE_SLIP_M=0.00000 LEFT_CONTACT=1 RIGHT_CONTACT=1
TRIAL=014 PHASE=PLACE_DOWN
TRIAL=014 PHASE=OPEN_GRIPPER
TRIAL=014 PHASE=RETREAT_PREGRASP
TRIAL=014 PHASE=GRASP_SUCCESS
TRIAL=014 DAY5_PLACE_RELEASE=PASS
DAY4_GRASP_RESULT=SUCCESS
DAY4_STEP=1 EPISODE=014 STEP=04 DIST=0.005572 YAW_ERR_DEG=0.026 REQUESTED_MOVE=0.004947 EXECUTED_MOVE=0.004871 ATTEMPT=1 SUCCESS=1 TERMINATED=1 TRUNCATED=0
DAY7_EPISODE=14 LEVEL=L1 VALID=12/50 TECHNICAL=False SUCCESS=True REASON=
DAY4_RESET_GRIPPER=OPEN ANGLE_RAD=1.570000 EFFORT_NM=1.200000
DAY4_RESET_GRIPPER=AFTER_INITIAL_MOVE ANGLE_RAD=1.570000 EFFORT_NM=1.200000
TRIAL=015 VISUAL_CENTER=[0.31412114202976227, -0.016737851197831333, 0.025720948408750978] SURFACE=[0.31412114202976227, -0.016737851197831333, 0.05072094840875098] CONTOUR_DEG=0.03 AXIS_STD_DEG=0.10 FOOTPRINT=[0.04971221089363098, 0.04971221089363098] CONFIDENCE=0.9769
TRIAL=015 SELECTED_CONTOUR_ORIENTATION=+90.03deg TILT=23.6 LEAN=+1 SYMMETRY=1 IK_FK_POS_ERROR=0.000009m IK_FK_ORIENTATION_ERROR=0.000000rad FINGER_FK_LIFT=0.080000m FINGER_FK_DRIFT=0.000000m JOINT_MOTION=3.015849rad
DAY4_MOTION_DONE=1 ELAPSED_SIM=1.200 INITIAL_ERR=0.01629 FINAL_ERR=0.00027 ARM_V=0.00302
DAY4_STEP=1 EPISODE=015 STEP=01 DIST=0.020286 YAW_ERR_DEG=0.011 REQUESTED_MOVE=0.005000 EXECUTED_MOVE=0.004910 ATTEMPT=0 SUCCESS=0 TERMINATED=0 TRUNCATED=0
DAY4_MOTION_DONE=1 ELAPSED_SIM=1.200 INITIAL_ERR=0.01683 FINAL_ERR=0.00028 ARM_V=0.00311
DAY4_STEP=1 EPISODE=015 STEP=02 DIST=0.015403 YAW_ERR_DEG=0.018 REQUESTED_MOVE=0.004970 EXECUTED_MOVE=0.004884 ATTEMPT=0 SUCCESS=0 TERMINATED=0 TRUNCATED=0
DAY4_MOTION_DONE=1 ELAPSED_SIM=1.202 INITIAL_ERR=0.01699 FINAL_ERR=0.00025 ARM_V=0.00283
DAY4_STEP=1 EPISODE=015 STEP=03 DIST=0.010523 YAW_ERR_DEG=0.023 REQUESTED_MOVE=0.004959 EXECUTED_MOVE=0.004882 ATTEMPT=0 SUCCESS=0 TERMINATED=0 TRUNCATED=0
DAY4_MOTION_DONE=1 ELAPSED_SIM=1.200 INITIAL_ERR=0.01710 FINAL_ERR=0.00026 ARM_V=0.00284
DAY4_GRASP_ATTEMPT=1
TRIAL=015 PHASE=CLOSE_SEARCH
TRIAL=015 LEFT_CONTACT=0 RIGHT_CONTACT=0 STALL=0
TRIAL=015 LEFT_CONTACT=1 RIGHT_CONTACT=0 STALL=0
TRIAL=015 PHASE=WAIT_DUAL_CONTACT
TRIAL=015 PHASE=WAIT_STALL
TRIAL=015 LEFT_CONTACT=1 RIGHT_CONTACT=1 STALL=0 GRIPPER_ERROR=0.06762 VELOCITY=0.04262 CLOSURE_M=0.00035
TRIAL=015 LEFT_CONTACT=1 RIGHT_CONTACT=1 STALL=0 GRIPPER_ERROR=0.04533 VELOCITY=0.01425 CLOSURE_M=0.00099
TRIAL=015 LEFT_CONTACT=1 RIGHT_CONTACT=1 STALL=0 GRIPPER_ERROR=0.03763 VELOCITY=0.00631 CLOSURE_M=0.00122
TRIAL=015 LEFT_CONTACT=1 RIGHT_CONTACT=1 STALL=0 GRIPPER_ERROR=0.03246 VELOCITY=0.00494 CLOSURE_M=0.00137
TRIAL=015 LEFT_CONTACT=1 RIGHT_CONTACT=1 STALL=1 GRIPPER_ERROR=0.02797 VELOCITY=0.00454 CLOSURE_M=0.00151
TRIAL=015 PHASE=LIFT_80_MM
TRIAL=015 ACTUAL_LIFT_M=-0.00002 LEFT_CONTACT=1 RIGHT_CONTACT=1
TRIAL=015 ACTUAL_LIFT_M=0.02811 LEFT_CONTACT=1 RIGHT_CONTACT=1
TRIAL=015 ACTUAL_LIFT_M=0.06027 LEFT_CONTACT=1 RIGHT_CONTACT=1
TRIAL=015 PHASE=HOLD
TRIAL=015 HOLD_SIM_SEC=0.000 HOLD_WALL_SEC=0.000 ACTUAL_LIFT_M=0.07199 RELATIVE_SLIP_M=0.00000 LEFT_CONTACT=1 RIGHT_CONTACT=1
TRIAL=015 HOLD_SIM_SEC=0.892 HOLD_WALL_SEC=1.001 ACTUAL_LIFT_M=0.07509 RELATIVE_SLIP_M=0.00028 LEFT_CONTACT=1 RIGHT_CONTACT=1
TRIAL=015 HOLD_SIM_SEC=1.842 HOLD_WALL_SEC=2.001 ACTUAL_LIFT_M=0.07501 RELATIVE_SLIP_M=0.00028 LEFT_CONTACT=1 RIGHT_CONTACT=1
TRIAL=015 HOLD_SIM_SEC=2.792 HOLD_WALL_SEC=3.001 ACTUAL_LIFT_M=0.07491 RELATIVE_SLIP_M=0.00028 LEFT_CONTACT=1 RIGHT_CONTACT=1
TRIAL=015 HOLD_SIM_SEC=3.712 HOLD_WALL_SEC=4.002 ACTUAL_LIFT_M=0.07483 RELATIVE_SLIP_M=0.00028 LEFT_CONTACT=1 RIGHT_CONTACT=1
TRIAL=015 HOLD_SIM_SEC=4.652 HOLD_WALL_SEC=5.002 ACTUAL_LIFT_M=0.07477 RELATIVE_SLIP_M=0.00028 LEFT_CONTACT=1 RIGHT_CONTACT=1
TRIAL=015 PHASE=PLACE_DOWN
TRIAL=015 PHASE=OPEN_GRIPPER
TRIAL=015 PHASE=RETREAT_PREGRASP
TRIAL=015 PHASE=GRASP_SUCCESS
TRIAL=015 DAY5_PLACE_RELEASE=PASS
DAY4_GRASP_RESULT=SUCCESS
DAY4_STEP=1 EPISODE=015 STEP=04 DIST=0.005651 YAW_ERR_DEG=0.027 REQUESTED_MOVE=0.004951 EXECUTED_MOVE=0.004874 ATTEMPT=1 SUCCESS=1 TERMINATED=1 TRUNCATED=0
DAY7_EPISODE=15 LEVEL=L1 VALID=13/50 TECHNICAL=False SUCCESS=True REASON=
DAY4_RESET_GRIPPER=OPEN ANGLE_RAD=1.570000 EFFORT_NM=1.200000
DAY4_RESET_GRIPPER=AFTER_INITIAL_MOVE ANGLE_RAD=1.570000 EFFORT_NM=1.200000
TRIAL=016 VISUAL_CENTER=[0.31172339618206024, 0.0006462205201387405, 0.02613062816726279] SURFACE=[0.31172339618206024, 0.0006462205201387405, 0.05113062816726279] CONTOUR_DEG=-0.05 AXIS_STD_DEG=0.07 FOOTPRINT=[0.049942370504140854, 0.049942370504140854] CONFIDENCE=0.9793
TRIAL=016 SELECTED_CONTOUR_ORIENTATION=+89.95deg TILT=22.3 LEAN=+1 SYMMETRY=1 IK_FK_POS_ERROR=0.000000m IK_FK_ORIENTATION_ERROR=0.000000rad FINGER_FK_LIFT=0.080000m FINGER_FK_DRIFT=0.000000m JOINT_MOTION=3.012529rad
DAY4_MOTION_DONE=1 ELAPSED_SIM=1.202 INITIAL_ERR=0.01638 FINAL_ERR=0.00027 ARM_V=0.00303
DAY4_STEP=1 EPISODE=016 STEP=01 DIST=0.020283 YAW_ERR_DEG=0.007 REQUESTED_MOVE=0.005002 EXECUTED_MOVE=0.004912 ATTEMPT=0 SUCCESS=0 TERMINATED=0 TRUNCATED=0
DAY4_MOTION_DONE=1 ELAPSED_SIM=1.200 INITIAL_ERR=0.01692 FINAL_ERR=0.00031 ARM_V=0.00347
DAY4_STEP=1 EPISODE=016 STEP=02 DIST=0.015410 YAW_ERR_DEG=0.013 REQUESTED_MOVE=0.004970 EXECUTED_MOVE=0.004874 ATTEMPT=0 SUCCESS=0 TERMINATED=0 TRUNCATED=0
DAY4_MOTION_DONE=1 ELAPSED_SIM=1.200 INITIAL_ERR=0.01708 FINAL_ERR=0.00028 ARM_V=0.00315
DAY4_STEP=1 EPISODE=016 STEP=03 DIST=0.010538 YAW_ERR_DEG=0.018 REQUESTED_MOVE=0.004959 EXECUTED_MOVE=0.004873 ATTEMPT=0 SUCCESS=0 TERMINATED=0 TRUNCATED=0
DAY4_MOTION_DONE=1 ELAPSED_SIM=1.202 INITIAL_ERR=0.01716 FINAL_ERR=0.00029 ARM_V=0.00317
DAY4_GRASP_ATTEMPT=1
TRIAL=016 PHASE=CLOSE_SEARCH
TRIAL=016 LEFT_CONTACT=0 RIGHT_CONTACT=0 STALL=0
TRIAL=016 LEFT_CONTACT=0 RIGHT_CONTACT=1 STALL=0
TRIAL=016 PHASE=WAIT_DUAL_CONTACT
TRIAL=016 PHASE=WAIT_STALL
TRIAL=016 LEFT_CONTACT=1 RIGHT_CONTACT=1 STALL=0 GRIPPER_ERROR=0.07064 VELOCITY=0.03866 CLOSURE_M=0.00028
TRIAL=016 LEFT_CONTACT=1 RIGHT_CONTACT=1 STALL=0 GRIPPER_ERROR=0.04990 VELOCITY=0.01406 CLOSURE_M=0.00092
TRIAL=016 LEFT_CONTACT=1 RIGHT_CONTACT=1 STALL=0 GRIPPER_ERROR=0.04204 VELOCITY=0.00645 CLOSURE_M=0.00116
TRIAL=016 LEFT_CONTACT=1 RIGHT_CONTACT=1 STALL=0 GRIPPER_ERROR=0.03690 VELOCITY=0.00492 CLOSURE_M=0.00133
TRIAL=016 LEFT_CONTACT=1 RIGHT_CONTACT=1 STALL=0 GRIPPER_ERROR=0.03248 VELOCITY=0.00451 CLOSURE_M=0.00147
TRIAL=016 PHASE=LIFT_80_MM
TRIAL=016 ACTUAL_LIFT_M=-0.00003 LEFT_CONTACT=1 RIGHT_CONTACT=1
TRIAL=016 ACTUAL_LIFT_M=0.02752 LEFT_CONTACT=1 RIGHT_CONTACT=1
TRIAL=016 ACTUAL_LIFT_M=0.05972 LEFT_CONTACT=1 RIGHT_CONTACT=1
TRIAL=016 PHASE=HOLD
TRIAL=016 HOLD_SIM_SEC=0.000 HOLD_WALL_SEC=0.000 ACTUAL_LIFT_M=0.07215 RELATIVE_SLIP_M=0.00000 LEFT_CONTACT=1 RIGHT_CONTACT=1
TRIAL=016 HOLD_SIM_SEC=0.888 HOLD_WALL_SEC=1.001 ACTUAL_LIFT_M=0.07522 RELATIVE_SLIP_M=0.00028 LEFT_CONTACT=1 RIGHT_CONTACT=1
TRIAL=016 HOLD_SIM_SEC=1.828 HOLD_WALL_SEC=2.001 ACTUAL_LIFT_M=0.07515 RELATIVE_SLIP_M=0.00028 LEFT_CONTACT=1 RIGHT_CONTACT=1
TRIAL=016 HOLD_SIM_SEC=2.768 HOLD_WALL_SEC=3.001 ACTUAL_LIFT_M=0.07508 RELATIVE_SLIP_M=0.00028 LEFT_CONTACT=1 RIGHT_CONTACT=1
TRIAL=016 HOLD_SIM_SEC=3.714 HOLD_WALL_SEC=4.001 ACTUAL_LIFT_M=0.07500 RELATIVE_SLIP_M=0.00028 LEFT_CONTACT=1 RIGHT_CONTACT=1
TRIAL=016 HOLD_SIM_SEC=4.660 HOLD_WALL_SEC=5.001 ACTUAL_LIFT_M=0.07491 RELATIVE_SLIP_M=0.00028 LEFT_CONTACT=1 RIGHT_CONTACT=1
TRIAL=016 PHASE=PLACE_DOWN
TRIAL=016 PHASE=OPEN_GRIPPER
TRIAL=016 PHASE=RETREAT_PREGRASP
TRIAL=016 PHASE=GRASP_SUCCESS
TRIAL=016 DAY5_PLACE_RELEASE=PASS
DAY4_GRASP_RESULT=SUCCESS
DAY4_STEP=1 EPISODE=016 STEP=04 DIST=0.005675 YAW_ERR_DEG=0.021 REQUESTED_MOVE=0.004951 EXECUTED_MOVE=0.004865 ATTEMPT=1 SUCCESS=1 TERMINATED=1 TRUNCATED=0
DAY7_EPISODE=16 LEVEL=L1 VALID=14/50 TECHNICAL=False SUCCESS=True REASON=
DAY4_RESET_GRIPPER=OPEN ANGLE_RAD=1.570000 EFFORT_NM=1.200000
DAY4_RESET_GRIPPER=AFTER_INITIAL_MOVE ANGLE_RAD=1.570000 EFFORT_NM=1.200000
DAY7_EPISODE=17 LEVEL=L1 VALID=14/50 TECHNICAL=True SUCCESS=False REASON=TechnicalFailure: Ignition create:  Service call timed out

DAY4_RESET_GRIPPER=OPEN ANGLE_RAD=1.570000 EFFORT_NM=1.200000
DAY4_RESET_GRIPPER=AFTER_INITIAL_MOVE ANGLE_RAD=1.570000 EFFORT_NM=1.200000
TRIAL=018 VISUAL_CENTER=[0.3077610731124878, -0.01182279922068119, 0.02598271134810321] SURFACE=[0.3077610731124878, -0.01182279922068119, 0.05098271134810321] CONTOUR_DEG=0.11 AXIS_STD_DEG=0.08 FOOTPRINT=[0.05038252845406532, 0.05038252845406532] CONFIDENCE=0.9795
TRIAL=018 SELECTED_CONTOUR_ORIENTATION=+90.11deg TILT=20.6 LEAN=+1 SYMMETRY=1 IK_FK_POS_ERROR=0.000006m IK_FK_ORIENTATION_ERROR=0.000000rad FINGER_FK_LIFT=0.080000m FINGER_FK_DRIFT=0.000000m JOINT_MOTION=3.008856rad
DAY4_MOTION_DONE=1 ELAPSED_SIM=1.200 INITIAL_ERR=0.01652 FINAL_ERR=0.00025 ARM_V=0.00275
DAY4_STEP=1 EPISODE=018 STEP=01 DIST=0.020279 YAW_ERR_DEG=0.010 REQUESTED_MOVE=0.005005 EXECUTED_MOVE=0.004922 ATTEMPT=0 SUCCESS=0 TERMINATED=0 TRUNCATED=0
DAY4_MOTION_DONE=1 ELAPSED_SIM=1.202 INITIAL_ERR=0.01705 FINAL_ERR=0.00023 ARM_V=0.00256
DAY4_STEP=1 EPISODE=018 STEP=02 DIST=0.015382 YAW_ERR_DEG=0.017 REQUESTED_MOVE=0.004970 EXECUTED_MOVE=0.004899 ATTEMPT=0 SUCCESS=0 TERMINATED=0 TRUNCATED=0
DAY4_MOTION_DONE=1 ELAPSED_SIM=1.202 INITIAL_ERR=0.01721 FINAL_ERR=0.00023 ARM_V=0.00258
DAY4_STEP=1 EPISODE=018 STEP=03 DIST=0.010495 YAW_ERR_DEG=0.022 REQUESTED_MOVE=0.004958 EXECUTED_MOVE=0.004888 ATTEMPT=0 SUCCESS=0 TERMINATED=0 TRUNCATED=0
DAY4_MOTION_DONE=1 ELAPSED_SIM=1.200 INITIAL_ERR=0.01731 FINAL_ERR=0.00026 ARM_V=0.00288
DAY4_GRASP_ATTEMPT=1
TRIAL=018 PHASE=CLOSE_SEARCH
TRIAL=018 LEFT_CONTACT=0 RIGHT_CONTACT=0 STALL=0
TRIAL=018 LEFT_CONTACT=1 RIGHT_CONTACT=0 STALL=0
TRIAL=018 PHASE=WAIT_DUAL_CONTACT
TRIAL=018 PHASE=WAIT_STALL
TRIAL=018 LEFT_CONTACT=1 RIGHT_CONTACT=1 STALL=0 GRIPPER_ERROR=0.07411 VELOCITY=0.04255 CLOSURE_M=0.00017
TRIAL=018 LEFT_CONTACT=1 RIGHT_CONTACT=1 STALL=0 GRIPPER_ERROR=0.04609 VELOCITY=0.01773 CLOSURE_M=0.00100
TRIAL=018 LEFT_CONTACT=1 RIGHT_CONTACT=1 STALL=0 GRIPPER_ERROR=0.03708 VELOCITY=0.00693 CLOSURE_M=0.00127
TRIAL=018 LEFT_CONTACT=1 RIGHT_CONTACT=1 STALL=0 GRIPPER_ERROR=0.03159 VELOCITY=0.00508 CLOSURE_M=0.00144
TRIAL=018 PHASE=LIFT_80_MM
TRIAL=018 ACTUAL_LIFT_M=-0.00007 LEFT_CONTACT=1 RIGHT_CONTACT=1
TRIAL=018 ACTUAL_LIFT_M=0.02710 LEFT_CONTACT=1 RIGHT_CONTACT=1
TRIAL=018 ACTUAL_LIFT_M=0.05912 LEFT_CONTACT=1 RIGHT_CONTACT=1
TRIAL=018 PHASE=HOLD
TRIAL=018 HOLD_SIM_SEC=0.000 HOLD_WALL_SEC=0.000 ACTUAL_LIFT_M=0.07148 RELATIVE_SLIP_M=0.00000 LEFT_CONTACT=1 RIGHT_CONTACT=1
TRIAL=018 HOLD_SIM_SEC=0.888 HOLD_WALL_SEC=1.001 ACTUAL_LIFT_M=0.07478 RELATIVE_SLIP_M=0.00000 LEFT_CONTACT=1 RIGHT_CONTACT=1
TRIAL=018 HOLD_SIM_SEC=1.836 HOLD_WALL_SEC=2.001 ACTUAL_LIFT_M=0.07470 RELATIVE_SLIP_M=0.00000 LEFT_CONTACT=1 RIGHT_CONTACT=1
TRIAL=018 HOLD_SIM_SEC=2.774 HOLD_WALL_SEC=3.001 ACTUAL_LIFT_M=0.07461 RELATIVE_SLIP_M=0.00000 LEFT_CONTACT=1 RIGHT_CONTACT=1
TRIAL=018 HOLD_SIM_SEC=3.718 HOLD_WALL_SEC=4.001 ACTUAL_LIFT_M=0.07452 RELATIVE_SLIP_M=0.00000 LEFT_CONTACT=1 RIGHT_CONTACT=1
TRIAL=018 HOLD_SIM_SEC=4.656 HOLD_WALL_SEC=5.001 ACTUAL_LIFT_M=0.07445 RELATIVE_SLIP_M=0.00000 LEFT_CONTACT=1 RIGHT_CONTACT=1
TRIAL=018 PHASE=PLACE_DOWN
TRIAL=018 PHASE=OPEN_GRIPPER
TRIAL=018 PHASE=RETREAT_PREGRASP
TRIAL=018 PHASE=GRASP_SUCCESS
TRIAL=018 DAY5_PLACE_RELEASE=PASS
DAY4_GRASP_RESULT=SUCCESS
DAY4_STEP=1 EPISODE=018 STEP=04 DIST=0.005618 YAW_ERR_DEG=0.025 REQUESTED_MOVE=0.004950 EXECUTED_MOVE=0.004873 ATTEMPT=1 SUCCESS=1 TERMINATED=1 TRUNCATED=0
DAY7_EPISODE=18 LEVEL=L1 VALID=15/50 TECHNICAL=False SUCCESS=True REASON=
DAY4_RESET_GRIPPER=OPEN ANGLE_RAD=1.570000 EFFORT_NM=1.200000
DAY4_RESET_GRIPPER=AFTER_INITIAL_MOVE ANGLE_RAD=1.570000 EFFORT_NM=1.200000
TRIAL=019 VISUAL_CENTER=[0.2971980422735214, 0.008338773157447577, 0.025818883800988034] SURFACE=[0.2971980422735214, 0.008338773157447577, 0.050818883800988035] CONTOUR_DEG=-0.19 AXIS_STD_DEG=0.15 FOOTPRINT=[0.05012126639485359, 0.05012126639485359] CONFIDENCE=0.9654
TRIAL=019 SELECTED_CONTOUR_ORIENTATION=+89.81deg TILT=15.6 LEAN=+1 SYMMETRY=1 IK_FK_POS_ERROR=0.000003m IK_FK_ORIENTATION_ERROR=0.000000rad FINGER_FK_LIFT=0.080000m FINGER_FK_DRIFT=0.000000m JOINT_MOTION=3.000867rad
DAY4_MOTION_DONE=1 ELAPSED_SIM=1.200 INITIAL_ERR=0.01709 FINAL_ERR=0.00028 ARM_V=0.00317
DAY4_STEP=1 EPISODE=019 STEP=01 DIST=0.020238 YAW_ERR_DEG=0.006 REQUESTED_MOVE=0.005003 EXECUTED_MOVE=0.004914 ATTEMPT=0 SUCCESS=0 TERMINATED=0 TRUNCATED=0
DAY4_MOTION_DONE=1 ELAPSED_SIM=1.202 INITIAL_ERR=0.01744 FINAL_ERR=0.00026 ARM_V=0.00290
DAY4_STEP=1 EPISODE=019 STEP=02 DIST=0.015349 YAW_ERR_DEG=0.013 REQUESTED_MOVE=0.004968 EXECUTED_MOVE=0.004891 ATTEMPT=0 SUCCESS=0 TERMINATED=0 TRUNCATED=0
DAY4_MOTION_DONE=1 ELAPSED_SIM=1.200 INITIAL_ERR=0.01757 FINAL_ERR=0.00029 ARM_V=0.00324
DAY4_STEP=1 EPISODE=019 STEP=03 DIST=0.010479 YAW_ERR_DEG=0.018 REQUESTED_MOVE=0.004956 EXECUTED_MOVE=0.004871 ATTEMPT=0 SUCCESS=0 TERMINATED=0 TRUNCATED=0
DAY4_MOTION_DONE=1 ELAPSED_SIM=1.202 INITIAL_ERR=0.01761 FINAL_ERR=0.00029 ARM_V=0.00325
DAY4_GRASP_ATTEMPT=1
TRIAL=019 PHASE=CLOSE_SEARCH
TRIAL=019 LEFT_CONTACT=0 RIGHT_CONTACT=0 STALL=0
TRIAL=019 LEFT_CONTACT=1 RIGHT_CONTACT=0 STALL=0
TRIAL=019 PHASE=WAIT_DUAL_CONTACT
TRIAL=019 PHASE=WAIT_STALL
TRIAL=019 LEFT_CONTACT=1 RIGHT_CONTACT=1 STALL=0 GRIPPER_ERROR=0.07024 VELOCITY=0.03743 CLOSURE_M=0.00029
TRIAL=019 LEFT_CONTACT=1 RIGHT_CONTACT=1 STALL=0 GRIPPER_ERROR=0.04757 VELOCITY=0.01310 CLOSURE_M=0.00098
TRIAL=019 LEFT_CONTACT=1 RIGHT_CONTACT=1 STALL=0 GRIPPER_ERROR=0.04033 VELOCITY=0.00595 CLOSURE_M=0.00120
TRIAL=019 LEFT_CONTACT=1 RIGHT_CONTACT=1 STALL=0 GRIPPER_ERROR=0.03546 VELOCITY=0.00478 CLOSURE_M=0.00136
TRIAL=019 LEFT_CONTACT=1 RIGHT_CONTACT=1 STALL=0 GRIPPER_ERROR=0.03113 VELOCITY=0.00447 CLOSURE_M=0.00149
TRIAL=019 PHASE=LIFT_80_MM
TRIAL=019 ACTUAL_LIFT_M=-0.00002 LEFT_CONTACT=1 RIGHT_CONTACT=1
TRIAL=019 ACTUAL_LIFT_M=0.02726 LEFT_CONTACT=1 RIGHT_CONTACT=1
TRIAL=019 ACTUAL_LIFT_M=0.05869 LEFT_CONTACT=1 RIGHT_CONTACT=1
TRIAL=019 PHASE=HOLD
TRIAL=019 HOLD_SIM_SEC=0.000 HOLD_WALL_SEC=0.001 ACTUAL_LIFT_M=0.07240 RELATIVE_SLIP_M=0.00000 LEFT_CONTACT=1 RIGHT_CONTACT=1
TRIAL=019 HOLD_SIM_SEC=0.884 HOLD_WALL_SEC=1.001 ACTUAL_LIFT_M=0.07504 RELATIVE_SLIP_M=0.00025 LEFT_CONTACT=1 RIGHT_CONTACT=1
TRIAL=019 HOLD_SIM_SEC=1.814 HOLD_WALL_SEC=2.001 ACTUAL_LIFT_M=0.07497 RELATIVE_SLIP_M=0.00025 LEFT_CONTACT=1 RIGHT_CONTACT=1
TRIAL=019 HOLD_SIM_SEC=2.760 HOLD_WALL_SEC=3.002 ACTUAL_LIFT_M=0.07489 RELATIVE_SLIP_M=0.00025 LEFT_CONTACT=1 RIGHT_CONTACT=1
TRIAL=019 HOLD_SIM_SEC=3.716 HOLD_WALL_SEC=4.002 ACTUAL_LIFT_M=0.07480 RELATIVE_SLIP_M=0.00025 LEFT_CONTACT=1 RIGHT_CONTACT=1
TRIAL=019 HOLD_SIM_SEC=4.664 HOLD_WALL_SEC=5.002 ACTUAL_LIFT_M=0.07470 RELATIVE_SLIP_M=0.00025 LEFT_CONTACT=1 RIGHT_CONTACT=1
TRIAL=019 PHASE=PLACE_DOWN
TRIAL=019 PHASE=OPEN_GRIPPER
TRIAL=019 PHASE=RETREAT_PREGRASP
TRIAL=019 PHASE=GRASP_SUCCESS
TRIAL=019 DAY5_PLACE_RELEASE=PASS
DAY4_GRASP_RESULT=SUCCESS
DAY4_STEP=1 EPISODE=019 STEP=04 DIST=0.005619 YAW_ERR_DEG=0.022 REQUESTED_MOVE=0.004948 EXECUTED_MOVE=0.004863 ATTEMPT=1 SUCCESS=1 TERMINATED=1 TRUNCATED=0
DAY7_EPISODE=19 LEVEL=L1 VALID=16/50 TECHNICAL=False SUCCESS=True REASON=
DAY4_RESET_GRIPPER=OPEN ANGLE_RAD=1.570000 EFFORT_NM=1.200000
DAY4_RESET_GRIPPER=AFTER_INITIAL_MOVE ANGLE_RAD=1.570000 EFFORT_NM=1.200000
TRIAL=020 VISUAL_CENTER=[0.313602477312088, -0.015346177853643894, 0.025063532584909474] SURFACE=[0.313602477312088, -0.015346177853643894, 0.050063532584909476] CONTOUR_DEG=-0.06 AXIS_STD_DEG=0.05 FOOTPRINT=[0.04993300139904022, 0.04993300139904022] CONFIDENCE=0.9779
TRIAL=020 SELECTED_CONTOUR_ORIENTATION=+89.94deg TILT=23.3 LEAN=+1 SYMMETRY=1 IK_FK_POS_ERROR=0.000008m IK_FK_ORIENTATION_ERROR=0.000000rad FINGER_FK_LIFT=0.080000m FINGER_FK_DRIFT=0.000000m JOINT_MOTION=3.018457rad
DAY4_MOTION_DONE=1 ELAPSED_SIM=1.202 INITIAL_ERR=0.01633 FINAL_ERR=0.00022 ARM_V=0.00245
DAY4_STEP=1 EPISODE=020 STEP=01 DIST=0.020279 YAW_ERR_DEG=0.011 REQUESTED_MOVE=0.005000 EXECUTED_MOVE=0.004926 ATTEMPT=0 SUCCESS=0 TERMINATED=0 TRUNCATED=0
DAY4_MOTION_DONE=1 ELAPSED_SIM=1.200 INITIAL_ERR=0.01686 FINAL_ERR=0.00023 ARM_V=0.00253
DAY4_STEP=1 EPISODE=020 STEP=02 DIST=0.015382 YAW_ERR_DEG=0.018 REQUESTED_MOVE=0.004971 EXECUTED_MOVE=0.004899 ATTEMPT=0 SUCCESS=0 TERMINATED=0 TRUNCATED=0
DAY4_MOTION_DONE=1 ELAPSED_SIM=1.202 INITIAL_ERR=0.01703 FINAL_ERR=0.00026 ARM_V=0.00283
DAY4_STEP=1 EPISODE=020 STEP=03 DIST=0.010501 YAW_ERR_DEG=0.023 REQUESTED_MOVE=0.004959 EXECUTED_MOVE=0.004881 ATTEMPT=0 SUCCESS=0 TERMINATED=0 TRUNCATED=0
DAY4_MOTION_DONE=1 ELAPSED_SIM=1.200 INITIAL_ERR=0.01713 FINAL_ERR=0.00026 ARM_V=0.00285
DAY4_GRASP_ATTEMPT=1
TRIAL=020 PHASE=CLOSE_SEARCH
TRIAL=020 LEFT_CONTACT=0 RIGHT_CONTACT=0 STALL=0
TRIAL=020 LEFT_CONTACT=1 RIGHT_CONTACT=0 STALL=0
TRIAL=020 PHASE=WAIT_DUAL_CONTACT
TRIAL=020 PHASE=WAIT_STALL
TRIAL=020 LEFT_CONTACT=1 RIGHT_CONTACT=1 STALL=0 GRIPPER_ERROR=0.06733 VELOCITY=0.04640 CLOSURE_M=0.00035
TRIAL=020 LEFT_CONTACT=1 RIGHT_CONTACT=1 STALL=0 GRIPPER_ERROR=0.04330 VELOCITY=0.01580 CLOSURE_M=0.00105
TRIAL=020 LEFT_CONTACT=1 RIGHT_CONTACT=1 STALL=0 GRIPPER_ERROR=0.03496 VELOCITY=0.00648 CLOSURE_M=0.00130
TRIAL=020 LEFT_CONTACT=1 RIGHT_CONTACT=1 STALL=0 GRIPPER_ERROR=0.02974 VELOCITY=0.00498 CLOSURE_M=0.00145
TRIAL=020 PHASE=LIFT_80_MM
TRIAL=020 ACTUAL_LIFT_M=-0.00003 LEFT_CONTACT=1 RIGHT_CONTACT=1
TRIAL=020 ACTUAL_LIFT_M=0.02796 LEFT_CONTACT=1 RIGHT_CONTACT=1
TRIAL=020 ACTUAL_LIFT_M=0.05942 LEFT_CONTACT=1 RIGHT_CONTACT=1
TRIAL=020 PHASE=HOLD
TRIAL=020 HOLD_SIM_SEC=0.000 HOLD_WALL_SEC=0.000 ACTUAL_LIFT_M=0.07182 RELATIVE_SLIP_M=0.00000 LEFT_CONTACT=1 RIGHT_CONTACT=1
TRIAL=020 HOLD_SIM_SEC=0.886 HOLD_WALL_SEC=1.000 ACTUAL_LIFT_M=0.07506 RELATIVE_SLIP_M=0.00000 LEFT_CONTACT=1 RIGHT_CONTACT=1
TRIAL=020 HOLD_SIM_SEC=1.848 HOLD_WALL_SEC=2.000 ACTUAL_LIFT_M=0.07498 RELATIVE_SLIP_M=0.00000 LEFT_CONTACT=1 RIGHT_CONTACT=1
TRIAL=020 HOLD_SIM_SEC=2.794 HOLD_WALL_SEC=3.001 ACTUAL_LIFT_M=0.07489 RELATIVE_SLIP_M=0.00000 LEFT_CONTACT=1 RIGHT_CONTACT=1
TRIAL=020 HOLD_SIM_SEC=3.748 HOLD_WALL_SEC=4.001 ACTUAL_LIFT_M=0.07481 RELATIVE_SLIP_M=0.00000 LEFT_CONTACT=1 RIGHT_CONTACT=1
TRIAL=020 HOLD_SIM_SEC=4.706 HOLD_WALL_SEC=5.001 ACTUAL_LIFT_M=0.07475 RELATIVE_SLIP_M=0.00000 LEFT_CONTACT=1 RIGHT_CONTACT=1
TRIAL=020 PHASE=PLACE_DOWN
TRIAL=020 PHASE=OPEN_GRIPPER
TRIAL=020 PHASE=RETREAT_PREGRASP
TRIAL=020 PHASE=GRASP_SUCCESS
TRIAL=020 DAY5_PLACE_RELEASE=PASS
DAY4_GRASP_RESULT=SUCCESS
DAY4_STEP=1 EPISODE=020 STEP=04 DIST=0.005623 YAW_ERR_DEG=0.027 REQUESTED_MOVE=0.004951 EXECUTED_MOVE=0.004874 ATTEMPT=1 SUCCESS=1 TERMINATED=1 TRUNCATED=0
DAY7_EPISODE=20 LEVEL=L1 VALID=17/50 TECHNICAL=False SUCCESS=True REASON=
DAY4_RESET_GRIPPER=OPEN ANGLE_RAD=1.570000 EFFORT_NM=1.200000
DAY4_RESET_GRIPPER=AFTER_INITIAL_MOVE ANGLE_RAD=1.570000 EFFORT_NM=1.200000
TRIAL=021 VISUAL_CENTER=[0.31259192526340485, 0.013555523939430714, 0.027675171458836204] SURFACE=[0.31259192526340485, 0.013555523939430714, 0.052675171458836205] CONTOUR_DEG=-0.17 AXIS_STD_DEG=0.06 FOOTPRINT=[0.04995683208107948, 0.04995683208107948] CONFIDENCE=0.9726
TRIAL=021 SELECTED_CONTOUR_ORIENTATION=+89.83deg TILT=23.0 LEAN=+1 SYMMETRY=1 IK_FK_POS_ERROR=0.000008m IK_FK_ORIENTATION_ERROR=0.000000rad FINGER_FK_LIFT=0.080000m FINGER_FK_DRIFT=0.000000m JOINT_MOTION=3.006172rad
DAY4_MOTION_DONE=1 ELAPSED_SIM=1.200 INITIAL_ERR=0.01630 FINAL_ERR=0.00027 ARM_V=0.00302
DAY4_STEP=1 EPISODE=021 STEP=01 DIST=0.020293 YAW_ERR_DEG=0.003 REQUESTED_MOVE=0.005002 EXECUTED_MOVE=0.004911 ATTEMPT=0 SUCCESS=0 TERMINATED=0 TRUNCATED=0
DAY4_MOTION_DONE=1 ELAPSED_SIM=1.202 INITIAL_ERR=0.01685 FINAL_ERR=0.00025 ARM_V=0.00280
DAY4_STEP=1 EPISODE=021 STEP=02 DIST=0.015403 YAW_ERR_DEG=0.009 REQUESTED_MOVE=0.004970 EXECUTED_MOVE=0.004891 ATTEMPT=0 SUCCESS=0 TERMINATED=0 TRUNCATED=0
DAY4_MOTION_DONE=1 ELAPSED_SIM=1.200 INITIAL_ERR=0.01701 FINAL_ERR=0.00028 ARM_V=0.00315
DAY4_STEP=1 EPISODE=021 STEP=03 DIST=0.010524 YAW_ERR_DEG=0.014 REQUESTED_MOVE=0.004958 EXECUTED_MOVE=0.004872 ATTEMPT=0 SUCCESS=0 TERMINATED=0 TRUNCATED=0
DAY4_MOTION_DONE=1 ELAPSED_SIM=1.202 INITIAL_ERR=0.01711 FINAL_ERR=0.00028 ARM_V=0.00316
DAY4_GRASP_ATTEMPT=1
TRIAL=021 PHASE=CLOSE_SEARCH
TRIAL=021 LEFT_CONTACT=0 RIGHT_CONTACT=0 STALL=0
TRIAL=021 LEFT_CONTACT=1 RIGHT_CONTACT=0 STALL=0
TRIAL=021 PHASE=WAIT_DUAL_CONTACT
TRIAL=021 PHASE=WAIT_STALL
TRIAL=021 LEFT_CONTACT=1 RIGHT_CONTACT=1 STALL=0 GRIPPER_ERROR=0.06804 VELOCITY=0.04458 CLOSURE_M=0.00033
TRIAL=021 LEFT_CONTACT=1 RIGHT_CONTACT=1 STALL=0 GRIPPER_ERROR=0.04631 VELOCITY=0.01229 CLOSURE_M=0.00094
TRIAL=021 LEFT_CONTACT=1 RIGHT_CONTACT=1 STALL=0 GRIPPER_ERROR=0.03856 VELOCITY=0.00613 CLOSURE_M=0.00117
TRIAL=021 LEFT_CONTACT=1 RIGHT_CONTACT=1 STALL=0 GRIPPER_ERROR=0.03356 VELOCITY=0.00485 CLOSURE_M=0.00131
TRIAL=021 LEFT_CONTACT=1 RIGHT_CONTACT=1 STALL=0 GRIPPER_ERROR=0.02920 VELOCITY=0.00451 CLOSURE_M=0.00144
TRIAL=021 PHASE=LIFT_80_MM
TRIAL=021 ACTUAL_LIFT_M=-0.00002 LEFT_CONTACT=1 RIGHT_CONTACT=1
TRIAL=021 ACTUAL_LIFT_M=0.02710 LEFT_CONTACT=1 RIGHT_CONTACT=1
TRIAL=021 ACTUAL_LIFT_M=0.05930 LEFT_CONTACT=1 RIGHT_CONTACT=1
TRIAL=021 PHASE=HOLD
TRIAL=021 HOLD_SIM_SEC=0.000 HOLD_WALL_SEC=0.000 ACTUAL_LIFT_M=0.07174 RELATIVE_SLIP_M=0.00000 LEFT_CONTACT=1 RIGHT_CONTACT=1
TRIAL=021 HOLD_SIM_SEC=0.892 HOLD_WALL_SEC=1.000 ACTUAL_LIFT_M=0.07522 RELATIVE_SLIP_M=0.00000 LEFT_CONTACT=1 RIGHT_CONTACT=1
TRIAL=021 HOLD_SIM_SEC=1.790 HOLD_WALL_SEC=2.001 ACTUAL_LIFT_M=0.07516 RELATIVE_SLIP_M=0.00000 LEFT_CONTACT=1 RIGHT_CONTACT=1
TRIAL=021 HOLD_SIM_SEC=2.720 HOLD_WALL_SEC=3.001 ACTUAL_LIFT_M=0.07507 RELATIVE_SLIP_M=0.00000 LEFT_CONTACT=1 RIGHT_CONTACT=1
TRIAL=021 HOLD_SIM_SEC=3.652 HOLD_WALL_SEC=4.001 ACTUAL_LIFT_M=0.07498 RELATIVE_SLIP_M=0.00000 LEFT_CONTACT=1 RIGHT_CONTACT=1
TRIAL=021 HOLD_SIM_SEC=4.592 HOLD_WALL_SEC=5.001 ACTUAL_LIFT_M=0.07489 RELATIVE_SLIP_M=0.00000 LEFT_CONTACT=1 RIGHT_CONTACT=1
TRIAL=021 PHASE=PLACE_DOWN
TRIAL=021 PHASE=OPEN_GRIPPER
TRIAL=021 PHASE=RETREAT_PREGRASP
TRIAL=021 PHASE=GRASP_SUCCESS
TRIAL=021 DAY5_PLACE_RELEASE=PASS
DAY4_GRASP_RESULT=SUCCESS
DAY4_STEP=1 EPISODE=021 STEP=04 DIST=0.005662 YAW_ERR_DEG=0.017 REQUESTED_MOVE=0.004950 EXECUTED_MOVE=0.004865 ATTEMPT=1 SUCCESS=1 TERMINATED=1 TRUNCATED=0
DAY7_EPISODE=21 LEVEL=L1 VALID=18/50 TECHNICAL=False SUCCESS=True REASON=
DAY4_RESET_GRIPPER=OPEN ANGLE_RAD=1.570000 EFFORT_NM=1.200000
DAY4_RESET_GRIPPER=AFTER_INITIAL_MOVE ANGLE_RAD=1.570000 EFFORT_NM=1.200000
DAY7_EPISODE=22 LEVEL=L1 VALID=18/50 TECHNICAL=True SUCCESS=False REASON=TechnicalFailure: Ignition remove:  Service call timed out

DAY4_RESET_GRIPPER=OPEN ANGLE_RAD=1.570000 EFFORT_NM=1.200000
DAY4_RESET_GRIPPER=AFTER_INITIAL_MOVE ANGLE_RAD=1.570000 EFFORT_NM=1.200000
TRIAL=023 VISUAL_CENTER=[0.31732404232025146, -0.011290668393485248, 0.0257318474294971] SURFACE=[0.31732404232025146, -0.011290668393485248, 0.0507318474294971] CONTOUR_DEG=0.09 AXIS_STD_DEG=0.10 FOOTPRINT=[0.049947336316108704, 0.049947336316108704] CONFIDENCE=0.9760
TRIAL=023 SELECTED_CONTOUR_ORIENTATION=+90.09deg TILT=25.0 LEAN=+1 SYMMETRY=1 IK_FK_POS_ERROR=0.000007m IK_FK_ORIENTATION_ERROR=0.000000rad FINGER_FK_LIFT=0.080000m FINGER_FK_DRIFT=0.000000m JOINT_MOTION=3.020979rad
DAY4_MOTION_DONE=1 ELAPSED_SIM=1.200 INITIAL_ERR=0.01615 FINAL_ERR=0.00027 ARM_V=0.00299
DAY4_STEP=1 EPISODE=023 STEP=01 DIST=0.020300 YAW_ERR_DEG=0.010 REQUESTED_MOVE=0.005001 EXECUTED_MOVE=0.004910 ATTEMPT=0 SUCCESS=0 TERMINATED=0 TRUNCATED=0
DAY4_MOTION_DONE=1 ELAPSED_SIM=1.200 INITIAL_ERR=0.01676 FINAL_ERR=0.00025 ARM_V=0.00279
DAY4_STEP=1 EPISODE=023 STEP=02 DIST=0.015403 YAW_ERR_DEG=0.017 REQUESTED_MOVE=0.004971 EXECUTED_MOVE=0.004892 ATTEMPT=0 SUCCESS=0 TERMINATED=0 TRUNCATED=0
DAY4_MOTION_DONE=1 ELAPSED_SIM=1.202 INITIAL_ERR=0.01693 FINAL_ERR=0.00025 ARM_V=0.00282
DAY4_STEP=1 EPISODE=023 STEP=03 DIST=0.010522 YAW_ERR_DEG=0.022 REQUESTED_MOVE=0.004960 EXECUTED_MOVE=0.004882 ATTEMPT=0 SUCCESS=0 TERMINATED=0 TRUNCATED=0
DAY4_MOTION_DONE=1 ELAPSED_SIM=1.202 INITIAL_ERR=0.01700 FINAL_ERR=0.00023 ARM_V=0.00255
DAY4_GRASP_ATTEMPT=1
TRIAL=023 PHASE=CLOSE_SEARCH
TRIAL=023 LEFT_CONTACT=0 RIGHT_CONTACT=0 STALL=0
TRIAL=023 LEFT_CONTACT=1 RIGHT_CONTACT=0 STALL=0
TRIAL=023 PHASE=WAIT_DUAL_CONTACT
TRIAL=023 PHASE=WAIT_STALL
TRIAL=023 LEFT_CONTACT=1 RIGHT_CONTACT=1 STALL=0 GRIPPER_ERROR=0.07463 VELOCITY=0.04227 CLOSURE_M=0.00015
TRIAL=023 LEFT_CONTACT=1 RIGHT_CONTACT=1 STALL=0 GRIPPER_ERROR=0.04759 VELOCITY=0.01556 CLOSURE_M=0.00094
TRIAL=023 LEFT_CONTACT=1 RIGHT_CONTACT=1 STALL=0 GRIPPER_ERROR=0.03895 VELOCITY=0.00685 CLOSURE_M=0.00119
TRIAL=023 LEFT_CONTACT=1 RIGHT_CONTACT=1 STALL=0 GRIPPER_ERROR=0.03355 VELOCITY=0.00508 CLOSURE_M=0.00136
TRIAL=023 LEFT_CONTACT=1 RIGHT_CONTACT=1 STALL=0 GRIPPER_ERROR=0.02901 VELOCITY=0.00457 CLOSURE_M=0.00150
TRIAL=023 PHASE=LIFT_80_MM
TRIAL=023 ACTUAL_LIFT_M=-0.00002 LEFT_CONTACT=1 RIGHT_CONTACT=1
TRIAL=023 ACTUAL_LIFT_M=0.02809 LEFT_CONTACT=1 RIGHT_CONTACT=1
TRIAL=023 ACTUAL_LIFT_M=0.06021 LEFT_CONTACT=1 RIGHT_CONTACT=1
TRIAL=023 PHASE=HOLD
TRIAL=023 HOLD_SIM_SEC=0.000 HOLD_WALL_SEC=0.000 ACTUAL_LIFT_M=0.07192 RELATIVE_SLIP_M=0.00000 LEFT_CONTACT=1 RIGHT_CONTACT=1
TRIAL=023 HOLD_SIM_SEC=0.874 HOLD_WALL_SEC=1.000 ACTUAL_LIFT_M=0.07503 RELATIVE_SLIP_M=0.00028 LEFT_CONTACT=1 RIGHT_CONTACT=1
TRIAL=023 HOLD_SIM_SEC=1.810 HOLD_WALL_SEC=2.001 ACTUAL_LIFT_M=0.07495 RELATIVE_SLIP_M=0.00028 LEFT_CONTACT=1 RIGHT_CONTACT=1
TRIAL=023 HOLD_SIM_SEC=2.744 HOLD_WALL_SEC=3.001 ACTUAL_LIFT_M=0.07487 RELATIVE_SLIP_M=0.00028 LEFT_CONTACT=1 RIGHT_CONTACT=1
TRIAL=023 HOLD_SIM_SEC=3.672 HOLD_WALL_SEC=4.001 ACTUAL_LIFT_M=0.07479 RELATIVE_SLIP_M=0.00028 LEFT_CONTACT=1 RIGHT_CONTACT=1
TRIAL=023 HOLD_SIM_SEC=4.612 HOLD_WALL_SEC=5.001 ACTUAL_LIFT_M=0.07472 RELATIVE_SLIP_M=0.00028 LEFT_CONTACT=1 RIGHT_CONTACT=1
TRIAL=023 PHASE=PLACE_DOWN
TRIAL=023 PHASE=OPEN_GRIPPER
TRIAL=023 PHASE=RETREAT_PREGRASP
TRIAL=023 PHASE=GRASP_SUCCESS
TRIAL=023 DAY5_PLACE_RELEASE=PASS
DAY4_GRASP_RESULT=SUCCESS
DAY4_STEP=1 EPISODE=023 STEP=04 DIST=0.005643 YAW_ERR_DEG=0.025 REQUESTED_MOVE=0.004952 EXECUTED_MOVE=0.004882 ATTEMPT=1 SUCCESS=1 TERMINATED=1 TRUNCATED=0
DAY7_EPISODE=23 LEVEL=L1 VALID=19/50 TECHNICAL=False SUCCESS=True REASON=
DAY4_RESET_GRIPPER=OPEN ANGLE_RAD=1.570000 EFFORT_NM=1.200000
DAY4_RESET_GRIPPER=AFTER_INITIAL_MOVE ANGLE_RAD=1.570000 EFFORT_NM=1.200000
TRIAL=024 VISUAL_CENTER=[0.2980300635099411, -0.012456251308321953, 0.026512800625940892] SURFACE=[0.2980300635099411, -0.012456251308321953, 0.051512800625940894] CONTOUR_DEG=-0.89 AXIS_STD_DEG=0.01 FOOTPRINT=[0.04981890320777893, 0.04981890320777893] CONFIDENCE=0.9636
TRIAL=024 SELECTED_CONTOUR_ORIENTATION=+89.11deg TILT=16.1 LEAN=+1 SYMMETRY=1 IK_FK_POS_ERROR=0.000003m IK_FK_ORIENTATION_ERROR=0.000000rad FINGER_FK_LIFT=0.080000m FINGER_FK_DRIFT=0.000000m JOINT_MOTION=2.997248rad
DAY4_MOTION_DONE=1 ELAPSED_SIM=1.200 INITIAL_ERR=0.01702 FINAL_ERR=0.00026 ARM_V=0.00284
DAY4_STEP=1 EPISODE=024 STEP=01 DIST=0.020230 YAW_ERR_DEG=0.009 REQUESTED_MOVE=0.005003 EXECUTED_MOVE=0.004922 ATTEMPT=0 SUCCESS=0 TERMINATED=0 TRUNCATED=0
DAY4_MOTION_DONE=1 ELAPSED_SIM=1.200 INITIAL_ERR=0.01740 FINAL_ERR=0.00026 ARM_V=0.00290
DAY4_STEP=1 EPISODE=024 STEP=02 DIST=0.015341 YAW_ERR_DEG=0.016 REQUESTED_MOVE=0.004969 EXECUTED_MOVE=0.004891 ATTEMPT=0 SUCCESS=0 TERMINATED=0 TRUNCATED=0
DAY4_MOTION_DONE=1 ELAPSED_SIM=1.202 INITIAL_ERR=0.01752 FINAL_ERR=0.00029 ARM_V=0.00324
DAY4_STEP=1 EPISODE=024 STEP=03 DIST=0.010470 YAW_ERR_DEG=0.022 REQUESTED_MOVE=0.004956 EXECUTED_MOVE=0.004872 ATTEMPT=0 SUCCESS=0 TERMINATED=0 TRUNCATED=0
DAY4_MOTION_DONE=1 ELAPSED_SIM=1.202 INITIAL_ERR=0.01757 FINAL_ERR=0.00026 ARM_V=0.00292
DAY4_GRASP_ATTEMPT=1
TRIAL=024 PHASE=CLOSE_SEARCH
TRIAL=024 LEFT_CONTACT=0 RIGHT_CONTACT=0 STALL=0
TRIAL=024 LEFT_CONTACT=1 RIGHT_CONTACT=0 STALL=0
TRIAL=024 PHASE=WAIT_DUAL_CONTACT
TRIAL=024 PHASE=WAIT_STALL
TRIAL=024 LEFT_CONTACT=1 RIGHT_CONTACT=1 STALL=0 GRIPPER_ERROR=0.06930 VELOCITY=0.04253 CLOSURE_M=0.00031
TRIAL=024 LEFT_CONTACT=1 RIGHT_CONTACT=1 STALL=0 GRIPPER_ERROR=0.04594 VELOCITY=0.01550 CLOSURE_M=0.00102
TRIAL=024 LEFT_CONTACT=1 RIGHT_CONTACT=1 STALL=0 GRIPPER_ERROR=0.03763 VELOCITY=0.00633 CLOSURE_M=0.00127
TRIAL=024 LEFT_CONTACT=1 RIGHT_CONTACT=1 STALL=0 GRIPPER_ERROR=0.03247 VELOCITY=0.00489 CLOSURE_M=0.00143
TRIAL=024 PHASE=LIFT_80_MM
TRIAL=024 ACTUAL_LIFT_M=-0.00004 LEFT_CONTACT=1 RIGHT_CONTACT=1
TRIAL=024 ACTUAL_LIFT_M=0.02772 LEFT_CONTACT=1 RIGHT_CONTACT=1
TRIAL=024 ACTUAL_LIFT_M=0.05915 LEFT_CONTACT=1 RIGHT_CONTACT=1
TRIAL=024 PHASE=HOLD
TRIAL=024 HOLD_SIM_SEC=0.000 HOLD_WALL_SEC=0.000 ACTUAL_LIFT_M=0.07155 RELATIVE_SLIP_M=0.00000 LEFT_CONTACT=1 RIGHT_CONTACT=1
TRIAL=024 HOLD_SIM_SEC=0.886 HOLD_WALL_SEC=1.001 ACTUAL_LIFT_M=0.07500 RELATIVE_SLIP_M=0.00000 LEFT_CONTACT=1 RIGHT_CONTACT=1
TRIAL=024 HOLD_SIM_SEC=1.820 HOLD_WALL_SEC=2.001 ACTUAL_LIFT_M=0.07493 RELATIVE_SLIP_M=0.00000 LEFT_CONTACT=1 RIGHT_CONTACT=1
TRIAL=024 HOLD_SIM_SEC=2.762 HOLD_WALL_SEC=3.001 ACTUAL_LIFT_M=0.07484 RELATIVE_SLIP_M=0.00000 LEFT_CONTACT=1 RIGHT_CONTACT=1
TRIAL=024 HOLD_SIM_SEC=3.698 HOLD_WALL_SEC=4.001 ACTUAL_LIFT_M=0.07475 RELATIVE_SLIP_M=0.00000 LEFT_CONTACT=1 RIGHT_CONTACT=1
TRIAL=024 HOLD_SIM_SEC=4.638 HOLD_WALL_SEC=5.001 ACTUAL_LIFT_M=0.07468 RELATIVE_SLIP_M=0.00000 LEFT_CONTACT=1 RIGHT_CONTACT=1
TRIAL=024 PHASE=PLACE_DOWN
TRIAL=024 PHASE=OPEN_GRIPPER
TRIAL=024 PHASE=RETREAT_PREGRASP
TRIAL=024 PHASE=GRASP_SUCCESS
TRIAL=024 DAY5_PLACE_RELEASE=PASS
DAY4_GRASP_RESULT=SUCCESS
DAY4_STEP=1 EPISODE=024 STEP=04 DIST=0.005601 YAW_ERR_DEG=0.026 REQUESTED_MOVE=0.004948 EXECUTED_MOVE=0.004872 ATTEMPT=1 SUCCESS=1 TERMINATED=1 TRUNCATED=0
DAY7_EPISODE=24 LEVEL=L1 VALID=20/50 TECHNICAL=False SUCCESS=True REASON=
DAY4_RESET_GRIPPER=OPEN ANGLE_RAD=1.570000 EFFORT_NM=1.200000
DAY4_RESET_GRIPPER=AFTER_INITIAL_MOVE ANGLE_RAD=1.570000 EFFORT_NM=1.200000
DAY7_EPISODE=25 LEVEL=L1 VALID=20/50 TECHNICAL=True SUCCESS=False REASON=TechnicalFailure: Ignition create:  Service call timed out

DAY4_RESET_GRIPPER=OPEN ANGLE_RAD=1.570000 EFFORT_NM=1.200000
DAY4_RESET_GRIPPER=AFTER_INITIAL_MOVE ANGLE_RAD=1.570000 EFFORT_NM=1.200000
TRIAL=026 VISUAL_CENTER=[0.31077392399311066, 0.011886230553500354, 0.025082772807491584] SURFACE=[0.31077392399311066, 0.011886230553500354, 0.050082772807491585] CONTOUR_DEG=0.29 AXIS_STD_DEG=0.10 FOOTPRINT=[0.049927644431591034, 0.049927644431591034] CONFIDENCE=0.9771
TRIAL=026 SELECTED_CONTOUR_ORIENTATION=+90.29deg TILT=21.9 LEAN=+1 SYMMETRY=1 IK_FK_POS_ERROR=0.000005m IK_FK_ORIENTATION_ERROR=0.000000rad FINGER_FK_LIFT=0.080000m FINGER_FK_DRIFT=0.000000m JOINT_MOTION=3.013654rad
DAY4_MOTION_DONE=1 ELAPSED_SIM=1.202 INITIAL_ERR=0.01647 FINAL_ERR=0.00027 ARM_V=0.00305
DAY4_STEP=1 EPISODE=026 STEP=01 DIST=0.020285 YAW_ERR_DEG=0.005 REQUESTED_MOVE=0.005000 EXECUTED_MOVE=0.004910 ATTEMPT=0 SUCCESS=0 TERMINATED=0 TRUNCATED=0
DAY4_MOTION_DONE=1 ELAPSED_SIM=1.202 INITIAL_ERR=0.01696 FINAL_ERR=0.00025 ARM_V=0.00282
DAY4_STEP=1 EPISODE=026 STEP=02 DIST=0.015387 YAW_ERR_DEG=0.011 REQUESTED_MOVE=0.004970 EXECUTED_MOVE=0.004891 ATTEMPT=0 SUCCESS=0 TERMINATED=0 TRUNCATED=0
DAY4_MOTION_DONE=1 ELAPSED_SIM=1.202 INITIAL_ERR=0.01713 FINAL_ERR=0.00026 ARM_V=0.00285
DAY4_STEP=1 EPISODE=026 STEP=03 DIST=0.010508 YAW_ERR_DEG=0.015 REQUESTED_MOVE=0.004958 EXECUTED_MOVE=0.004881 ATTEMPT=0 SUCCESS=0 TERMINATED=0 TRUNCATED=0
DAY4_MOTION_DONE=1 ELAPSED_SIM=1.200 INITIAL_ERR=0.01719 FINAL_ERR=0.00029 ARM_V=0.00318
DAY4_GRASP_ATTEMPT=1
TRIAL=026 PHASE=CLOSE_SEARCH
TRIAL=026 LEFT_CONTACT=0 RIGHT_CONTACT=0 STALL=0
TRIAL=026 LEFT_CONTACT=0 RIGHT_CONTACT=1 STALL=0
TRIAL=026 PHASE=WAIT_DUAL_CONTACT
TRIAL=026 PHASE=WAIT_STALL
TRIAL=026 LEFT_CONTACT=1 RIGHT_CONTACT=1 STALL=0 GRIPPER_ERROR=0.07178 VELOCITY=0.03993 CLOSURE_M=0.00023
TRIAL=026 LEFT_CONTACT=1 RIGHT_CONTACT=1 STALL=0 GRIPPER_ERROR=0.04808 VELOCITY=0.01559 CLOSURE_M=0.00092
TRIAL=026 LEFT_CONTACT=1 RIGHT_CONTACT=1 STALL=0 GRIPPER_ERROR=0.03984 VELOCITY=0.00651 CLOSURE_M=0.00117
TRIAL=026 LEFT_CONTACT=1 RIGHT_CONTACT=1 STALL=0 GRIPPER_ERROR=0.03463 VELOCITY=0.00498 CLOSURE_M=0.00132
TRIAL=026 LEFT_CONTACT=1 RIGHT_CONTACT=1 STALL=0 GRIPPER_ERROR=0.03022 VELOCITY=0.00453 CLOSURE_M=0.00146
TRIAL=026 PHASE=LIFT_80_MM
TRIAL=026 ACTUAL_LIFT_M=-0.00002 LEFT_CONTACT=1 RIGHT_CONTACT=1
TRIAL=026 ACTUAL_LIFT_M=0.02699 LEFT_CONTACT=1 RIGHT_CONTACT=1
TRIAL=026 ACTUAL_LIFT_M=0.05920 LEFT_CONTACT=1 RIGHT_CONTACT=1
TRIAL=026 PHASE=HOLD
TRIAL=026 HOLD_SIM_SEC=0.000 HOLD_WALL_SEC=0.000 ACTUAL_LIFT_M=0.07231 RELATIVE_SLIP_M=0.00000 LEFT_CONTACT=1 RIGHT_CONTACT=1
TRIAL=026 HOLD_SIM_SEC=0.894 HOLD_WALL_SEC=1.001 ACTUAL_LIFT_M=0.07526 RELATIVE_SLIP_M=0.00028 LEFT_CONTACT=1 RIGHT_CONTACT=1
TRIAL=026 HOLD_SIM_SEC=1.802 HOLD_WALL_SEC=2.001 ACTUAL_LIFT_M=0.07520 RELATIVE_SLIP_M=0.00028 LEFT_CONTACT=1 RIGHT_CONTACT=1
TRIAL=026 HOLD_SIM_SEC=2.748 HOLD_WALL_SEC=3.001 ACTUAL_LIFT_M=0.07511 RELATIVE_SLIP_M=0.00028 LEFT_CONTACT=1 RIGHT_CONTACT=1
TRIAL=026 HOLD_SIM_SEC=3.684 HOLD_WALL_SEC=4.002 ACTUAL_LIFT_M=0.07502 RELATIVE_SLIP_M=0.00028 LEFT_CONTACT=1 RIGHT_CONTACT=1
TRIAL=026 HOLD_SIM_SEC=4.626 HOLD_WALL_SEC=5.002 ACTUAL_LIFT_M=0.07494 RELATIVE_SLIP_M=0.00028 LEFT_CONTACT=1 RIGHT_CONTACT=1
TRIAL=026 PHASE=PLACE_DOWN
TRIAL=026 PHASE=OPEN_GRIPPER
TRIAL=026 PHASE=RETREAT_PREGRASP
TRIAL=026 PHASE=GRASP_SUCCESS
TRIAL=026 DAY5_PLACE_RELEASE=PASS
DAY4_GRASP_RESULT=SUCCESS
DAY4_STEP=1 EPISODE=026 STEP=04 DIST=0.005638 YAW_ERR_DEG=0.019 REQUESTED_MOVE=0.004950 EXECUTED_MOVE=0.004865 ATTEMPT=1 SUCCESS=1 TERMINATED=1 TRUNCATED=0
DAY7_EPISODE=26 LEVEL=L1 VALID=21/50 TECHNICAL=False SUCCESS=True REASON=
DAY4_RESET_GRIPPER=OPEN ANGLE_RAD=1.570000 EFFORT_NM=1.200000
DAY4_RESET_GRIPPER=AFTER_INITIAL_MOVE ANGLE_RAD=1.570000 EFFORT_NM=1.200000
DAY7_EPISODE=27 LEVEL=L1 VALID=21/50 TECHNICAL=True SUCCESS=False REASON=TestFailure: RESET_FAIL: Day4 reset failed after 1 attempts: RESET_FAIL: ign set_pose did not return true
DAY4_RESET_GRIPPER=OPEN ANGLE_RAD=1.570000 EFFORT_NM=1.200000
DAY4_RESET_GRIPPER=AFTER_INITIAL_MOVE ANGLE_RAD=1.570000 EFFORT_NM=1.200000
TRIAL=028 VISUAL_CENTER=[0.3156491219997406, -0.01608920725993812, 0.02573158591698963] SURFACE=[0.3156491219997406, -0.01608920725993812, 0.05073158591698963] CONTOUR_DEG=0.05 AXIS_STD_DEG=0.10 FOOTPRINT=[0.04997127130627632, 0.04997127130627632] CONFIDENCE=0.9755
TRIAL=028 SELECTED_CONTOUR_ORIENTATION=+90.05deg TILT=24.3 LEAN=+1 SYMMETRY=1 IK_FK_POS_ERROR=0.000009m IK_FK_ORIENTATION_ERROR=0.000000rad FINGER_FK_LIFT=0.080000m FINGER_FK_DRIFT=0.000000m JOINT_MOTION=3.019341rad
DAY4_MOTION_DONE=1 ELAPSED_SIM=1.200 INITIAL_ERR=0.01622 FINAL_ERR=0.00024 ARM_V=0.00270
DAY4_STEP=1 EPISODE=028 STEP=01 DIST=0.020297 YAW_ERR_DEG=0.011 REQUESTED_MOVE=0.005000 EXECUTED_MOVE=0.004918 ATTEMPT=0 SUCCESS=0 TERMINATED=0 TRUNCATED=0
DAY4_MOTION_DONE=1 ELAPSED_SIM=1.200 INITIAL_ERR=0.01677 FINAL_ERR=0.00025 ARM_V=0.00279
DAY4_STEP=1 EPISODE=028 STEP=02 DIST=0.015399 YAW_ERR_DEG=0.018 REQUESTED_MOVE=0.004971 EXECUTED_MOVE=0.004892 ATTEMPT=0 SUCCESS=0 TERMINATED=0 TRUNCATED=0
DAY4_MOTION_DONE=1 ELAPSED_SIM=1.202 INITIAL_ERR=0.01696 FINAL_ERR=0.00028 ARM_V=0.00314
DAY4_STEP=1 EPISODE=028 STEP=03 DIST=0.010519 YAW_ERR_DEG=0.024 REQUESTED_MOVE=0.004960 EXECUTED_MOVE=0.004873 ATTEMPT=0 SUCCESS=0 TERMINATED=0 TRUNCATED=0
DAY4_MOTION_DONE=1 ELAPSED_SIM=1.200 INITIAL_ERR=0.01705 FINAL_ERR=0.00026 ARM_V=0.00284
DAY4_GRASP_ATTEMPT=1
TRIAL=028 PHASE=CLOSE_SEARCH
TRIAL=028 LEFT_CONTACT=0 RIGHT_CONTACT=0 STALL=0
TRIAL=028 LEFT_CONTACT=1 RIGHT_CONTACT=0 STALL=0
TRIAL=028 PHASE=WAIT_DUAL_CONTACT
TRIAL=028 PHASE=WAIT_STALL
TRIAL=028 LEFT_CONTACT=1 RIGHT_CONTACT=1 STALL=0 GRIPPER_ERROR=0.07443 VELOCITY=0.04175 CLOSURE_M=0.00015
TRIAL=028 LEFT_CONTACT=1 RIGHT_CONTACT=1 STALL=0 GRIPPER_ERROR=0.04620 VELOCITY=0.01489 CLOSURE_M=0.00096
TRIAL=028 LEFT_CONTACT=1 RIGHT_CONTACT=1 STALL=0 GRIPPER_ERROR=0.03749 VELOCITY=0.00682 CLOSURE_M=0.00122
TRIAL=028 LEFT_CONTACT=1 RIGHT_CONTACT=1 STALL=0 GRIPPER_ERROR=0.03202 VELOCITY=0.00505 CLOSURE_M=0.00138
TRIAL=028 LEFT_CONTACT=1 RIGHT_CONTACT=1 STALL=1 GRIPPER_ERROR=0.02760 VELOCITY=0.00458 CLOSURE_M=0.00151
TRIAL=028 PHASE=LIFT_80_MM
TRIAL=028 ACTUAL_LIFT_M=-0.00002 LEFT_CONTACT=1 RIGHT_CONTACT=1
TRIAL=028 ACTUAL_LIFT_M=0.02832 LEFT_CONTACT=1 RIGHT_CONTACT=1
TRIAL=028 ACTUAL_LIFT_M=0.06127 LEFT_CONTACT=1 RIGHT_CONTACT=1
TRIAL=028 PHASE=HOLD
TRIAL=028 HOLD_SIM_SEC=0.000 HOLD_WALL_SEC=0.000 ACTUAL_LIFT_M=0.07233 RELATIVE_SLIP_M=0.00000 LEFT_CONTACT=1 RIGHT_CONTACT=1
TRIAL=028 HOLD_SIM_SEC=0.898 HOLD_WALL_SEC=1.001 ACTUAL_LIFT_M=0.07532 RELATIVE_SLIP_M=0.00028 LEFT_CONTACT=1 RIGHT_CONTACT=1
TRIAL=028 HOLD_SIM_SEC=1.824 HOLD_WALL_SEC=2.001 ACTUAL_LIFT_M=0.07524 RELATIVE_SLIP_M=0.00028 LEFT_CONTACT=1 RIGHT_CONTACT=1
TRIAL=028 HOLD_SIM_SEC=2.772 HOLD_WALL_SEC=3.001 ACTUAL_LIFT_M=0.07515 RELATIVE_SLIP_M=0.00028 LEFT_CONTACT=1 RIGHT_CONTACT=1
TRIAL=028 HOLD_SIM_SEC=3.718 HOLD_WALL_SEC=4.001 ACTUAL_LIFT_M=0.07507 RELATIVE_SLIP_M=0.00028 LEFT_CONTACT=1 RIGHT_CONTACT=1
TRIAL=028 HOLD_SIM_SEC=4.660 HOLD_WALL_SEC=5.001 ACTUAL_LIFT_M=0.07501 RELATIVE_SLIP_M=0.00028 LEFT_CONTACT=1 RIGHT_CONTACT=1
TRIAL=028 PHASE=PLACE_DOWN
TRIAL=028 PHASE=OPEN_GRIPPER
TRIAL=028 PHASE=RETREAT_PREGRASP
TRIAL=028 PHASE=GRASP_SUCCESS
TRIAL=028 DAY5_PLACE_RELEASE=PASS
DAY4_GRASP_RESULT=SUCCESS
DAY4_STEP=1 EPISODE=028 STEP=04 DIST=0.005640 YAW_ERR_DEG=0.027 REQUESTED_MOVE=0.004952 EXECUTED_MOVE=0.004874 ATTEMPT=1 SUCCESS=1 TERMINATED=1 TRUNCATED=0
DAY7_EPISODE=28 LEVEL=L1 VALID=22/50 TECHNICAL=False SUCCESS=True REASON=
DAY4_RESET_GRIPPER=OPEN ANGLE_RAD=1.570000 EFFORT_NM=1.200000
DAY4_RESET_GRIPPER=AFTER_INITIAL_MOVE ANGLE_RAD=1.570000 EFFORT_NM=1.200000
TRIAL=029 VISUAL_CENTER=[0.2940623164176941, -0.006700477562844753, 0.02438113510435006] SURFACE=[0.2940623164176941, -0.006700477562844753, 0.04938113510435006] CONTOUR_DEG=-0.03 AXIS_STD_DEG=0.08 FOOTPRINT=[0.04989473335444927, 0.04989473335444927] CONFIDENCE=0.9637
TRIAL=029 SELECTED_CONTOUR_ORIENTATION=+89.97deg TILT=14.0 LEAN=+1 SYMMETRY=1 IK_FK_POS_ERROR=0.000002m IK_FK_ORIENTATION_ERROR=0.000000rad FINGER_FK_LIFT=0.080000m FINGER_FK_DRIFT=0.000000m JOINT_MOTION=3.004888rad
DAY4_MOTION_DONE=1 ELAPSED_SIM=1.202 INITIAL_ERR=0.01727 FINAL_ERR=0.00032 ARM_V=0.00355
DAY4_STEP=1 EPISODE=029 STEP=01 DIST=0.020217 YAW_ERR_DEG=0.008 REQUESTED_MOVE=0.005002 EXECUTED_MOVE=0.004905 ATTEMPT=0 SUCCESS=0 TERMINATED=0 TRUNCATED=0
DAY4_MOTION_DONE=1 ELAPSED_SIM=1.202 INITIAL_ERR=0.01760 FINAL_ERR=0.00032 ARM_V=0.00361
DAY4_STEP=1 EPISODE=029 STEP=02 DIST=0.015344 YAW_ERR_DEG=0.016 REQUESTED_MOVE=0.004968 EXECUTED_MOVE=0.004874 ATTEMPT=0 SUCCESS=0 TERMINATED=0 TRUNCATED=0
DAY4_MOTION_DONE=1 ELAPSED_SIM=1.200 INITIAL_ERR=0.01769 FINAL_ERR=0.00029 ARM_V=0.00326
DAY4_STEP=1 EPISODE=029 STEP=03 DIST=0.010474 YAW_ERR_DEG=0.021 REQUESTED_MOVE=0.004956 EXECUTED_MOVE=0.004872 ATTEMPT=0 SUCCESS=0 TERMINATED=0 TRUNCATED=0
DAY4_MOTION_DONE=1 ELAPSED_SIM=1.202 INITIAL_ERR=0.01773 FINAL_ERR=0.00029 ARM_V=0.00327
DAY4_GRASP_ATTEMPT=1
TRIAL=029 PHASE=CLOSE_SEARCH
TRIAL=029 LEFT_CONTACT=0 RIGHT_CONTACT=0 STALL=0
TRIAL=029 LEFT_CONTACT=0 RIGHT_CONTACT=0 STALL=0
TRIAL=029 PHASE=WAIT_DUAL_CONTACT
TRIAL=029 PHASE=WAIT_STALL
TRIAL=029 LEFT_CONTACT=1 RIGHT_CONTACT=1 STALL=0 GRIPPER_ERROR=0.06329 VELOCITY=0.04134 CLOSURE_M=0.00051
TRIAL=029 LEFT_CONTACT=1 RIGHT_CONTACT=1 STALL=0 GRIPPER_ERROR=0.04427 VELOCITY=0.01006 CLOSURE_M=0.00110
TRIAL=029 LEFT_CONTACT=1 RIGHT_CONTACT=1 STALL=0 GRIPPER_ERROR=0.03730 VELOCITY=0.00574 CLOSURE_M=0.00133
TRIAL=029 LEFT_CONTACT=1 RIGHT_CONTACT=1 STALL=0 GRIPPER_ERROR=0.03255 VELOCITY=0.00470 CLOSURE_M=0.00148
TRIAL=029 PHASE=LIFT_80_MM
TRIAL=029 ACTUAL_LIFT_M=-0.00009 LEFT_CONTACT=1 RIGHT_CONTACT=1
TRIAL=029 ACTUAL_LIFT_M=0.02732 LEFT_CONTACT=1 RIGHT_CONTACT=1
TRIAL=029 ACTUAL_LIFT_M=0.06019 LEFT_CONTACT=1 RIGHT_CONTACT=1
TRIAL=029 PHASE=HOLD
TRIAL=029 HOLD_SIM_SEC=0.000 HOLD_WALL_SEC=0.000 ACTUAL_LIFT_M=0.07253 RELATIVE_SLIP_M=0.00000 LEFT_CONTACT=1 RIGHT_CONTACT=1
TRIAL=029 HOLD_SIM_SEC=0.894 HOLD_WALL_SEC=1.001 ACTUAL_LIFT_M=0.07510 RELATIVE_SLIP_M=0.00037 LEFT_CONTACT=1 RIGHT_CONTACT=1
TRIAL=029 HOLD_SIM_SEC=1.838 HOLD_WALL_SEC=2.001 ACTUAL_LIFT_M=0.07503 RELATIVE_SLIP_M=0.00037 LEFT_CONTACT=1 RIGHT_CONTACT=1
TRIAL=029 HOLD_SIM_SEC=2.776 HOLD_WALL_SEC=3.001 ACTUAL_LIFT_M=0.07494 RELATIVE_SLIP_M=0.00037 LEFT_CONTACT=1 RIGHT_CONTACT=1
TRIAL=029 HOLD_SIM_SEC=3.718 HOLD_WALL_SEC=4.001 ACTUAL_LIFT_M=0.07485 RELATIVE_SLIP_M=0.00037 LEFT_CONTACT=1 RIGHT_CONTACT=1
TRIAL=029 HOLD_SIM_SEC=4.656 HOLD_WALL_SEC=5.002 ACTUAL_LIFT_M=0.07477 RELATIVE_SLIP_M=0.00037 LEFT_CONTACT=1 RIGHT_CONTACT=1
TRIAL=029 PHASE=PLACE_DOWN
TRIAL=029 PHASE=OPEN_GRIPPER
TRIAL=029 PHASE=RETREAT_PREGRASP
TRIAL=029 PHASE=GRASP_SUCCESS
TRIAL=029 DAY5_PLACE_RELEASE=PASS
DAY4_GRASP_RESULT=SUCCESS
DAY4_STEP=1 EPISODE=029 STEP=04 DIST=0.005614 YAW_ERR_DEG=0.025 REQUESTED_MOVE=0.004947 EXECUTED_MOVE=0.004863 ATTEMPT=1 SUCCESS=1 TERMINATED=1 TRUNCATED=0
DAY7_EPISODE=29 LEVEL=L1 VALID=23/50 TECHNICAL=False SUCCESS=True REASON=
DAY4_RESET_GRIPPER=OPEN ANGLE_RAD=1.570000 EFFORT_NM=1.200000
DAY4_RESET_GRIPPER=AFTER_INITIAL_MOVE ANGLE_RAD=1.570000 EFFORT_NM=1.200000
TRIAL=030 VISUAL_CENTER=[0.31605370342731476, -0.0005854293704032898, 0.024375015446159387] SURFACE=[0.31605370342731476, -0.0005854293704032898, 0.04937501544615939] CONTOUR_DEG=0.20 AXIS_STD_DEG=0.11 FOOTPRINT=[0.04993194527924061, 0.04993194527924061] CONFIDENCE=0.9770
TRIAL=030 SELECTED_CONTOUR_ORIENTATION=+90.20deg TILT=24.2 LEAN=+1 SYMMETRY=1 IK_FK_POS_ERROR=0.000001m IK_FK_ORIENTATION_ERROR=0.000000rad FINGER_FK_LIFT=0.080000m FINGER_FK_DRIFT=0.000000m JOINT_MOTION=3.023319rad
DAY4_MOTION_DONE=1 ELAPSED_SIM=1.202 INITIAL_ERR=0.01628 FINAL_ERR=0.00022 ARM_V=0.00244
DAY4_STEP=1 EPISODE=030 STEP=01 DIST=0.020284 YAW_ERR_DEG=0.007 REQUESTED_MOVE=0.004999 EXECUTED_MOVE=0.004925 ATTEMPT=0 SUCCESS=0 TERMINATED=0 TRUNCATED=0
DAY4_MOTION_DONE=1 ELAPSED_SIM=1.200 INITIAL_ERR=0.01681 FINAL_ERR=0.00025 ARM_V=0.00280
DAY4_STEP=1 EPISODE=030 STEP=02 DIST=0.015393 YAW_ERR_DEG=0.014 REQUESTED_MOVE=0.004970 EXECUTED_MOVE=0.004892 ATTEMPT=0 SUCCESS=0 TERMINATED=0 TRUNCATED=0
DAY4_MOTION_DONE=1 ELAPSED_SIM=1.202 INITIAL_ERR=0.01699 FINAL_ERR=0.00025 ARM_V=0.00283
DAY4_STEP=1 EPISODE=030 STEP=03 DIST=0.010506 YAW_ERR_DEG=0.018 REQUESTED_MOVE=0.004959 EXECUTED_MOVE=0.004881 ATTEMPT=0 SUCCESS=0 TERMINATED=0 TRUNCATED=0
DAY4_MOTION_DONE=1 ELAPSED_SIM=1.202 INITIAL_ERR=0.01707 FINAL_ERR=0.00026 ARM_V=0.00284
DAY4_GRASP_ATTEMPT=1
TRIAL=030 PHASE=CLOSE_SEARCH
TRIAL=030 LEFT_CONTACT=0 RIGHT_CONTACT=0 STALL=0
TRIAL=030 LEFT_CONTACT=1 RIGHT_CONTACT=0 STALL=0
TRIAL=030 PHASE=WAIT_DUAL_CONTACT
TRIAL=030 PHASE=WAIT_STALL
TRIAL=030 LEFT_CONTACT=1 RIGHT_CONTACT=1 STALL=0 GRIPPER_ERROR=0.07492 VELOCITY=0.04176 CLOSURE_M=0.00015
TRIAL=030 LEFT_CONTACT=1 RIGHT_CONTACT=1 STALL=0 GRIPPER_ERROR=0.04900 VELOCITY=0.01518 CLOSURE_M=0.00094
TRIAL=030 LEFT_CONTACT=1 RIGHT_CONTACT=1 STALL=0 GRIPPER_ERROR=0.04019 VELOCITY=0.00664 CLOSURE_M=0.00121
TRIAL=030 LEFT_CONTACT=1 RIGHT_CONTACT=1 STALL=0 GRIPPER_ERROR=0.03490 VELOCITY=0.00501 CLOSURE_M=0.00138
TRIAL=030 LEFT_CONTACT=1 RIGHT_CONTACT=1 STALL=1 GRIPPER_ERROR=0.03043 VELOCITY=0.00451 CLOSURE_M=0.00152
TRIAL=030 PHASE=LIFT_80_MM
TRIAL=030 ACTUAL_LIFT_M=-0.00005 LEFT_CONTACT=1 RIGHT_CONTACT=1
TRIAL=030 ACTUAL_LIFT_M=0.02754 LEFT_CONTACT=1 RIGHT_CONTACT=1
TRIAL=030 ACTUAL_LIFT_M=0.05977 LEFT_CONTACT=1 RIGHT_CONTACT=1
TRIAL=030 PHASE=HOLD
TRIAL=030 HOLD_SIM_SEC=0.000 HOLD_WALL_SEC=0.000 ACTUAL_LIFT_M=0.07221 RELATIVE_SLIP_M=0.00000 LEFT_CONTACT=1 RIGHT_CONTACT=1
TRIAL=030 HOLD_SIM_SEC=0.882 HOLD_WALL_SEC=1.001 ACTUAL_LIFT_M=0.07528 RELATIVE_SLIP_M=0.00028 LEFT_CONTACT=1 RIGHT_CONTACT=1
TRIAL=030 HOLD_SIM_SEC=1.812 HOLD_WALL_SEC=2.001 ACTUAL_LIFT_M=0.07522 RELATIVE_SLIP_M=0.00028 LEFT_CONTACT=1 RIGHT_CONTACT=1
TRIAL=030 HOLD_SIM_SEC=2.744 HOLD_WALL_SEC=3.001 ACTUAL_LIFT_M=0.07514 RELATIVE_SLIP_M=0.00028 LEFT_CONTACT=1 RIGHT_CONTACT=1
TRIAL=030 HOLD_SIM_SEC=3.684 HOLD_WALL_SEC=4.001 ACTUAL_LIFT_M=0.07506 RELATIVE_SLIP_M=0.00028 LEFT_CONTACT=1 RIGHT_CONTACT=1
TRIAL=030 HOLD_SIM_SEC=4.610 HOLD_WALL_SEC=5.001 ACTUAL_LIFT_M=0.07498 RELATIVE_SLIP_M=0.00028 LEFT_CONTACT=1 RIGHT_CONTACT=1
TRIAL=030 PHASE=PLACE_DOWN
TRIAL=030 PHASE=OPEN_GRIPPER
TRIAL=030 PHASE=RETREAT_PREGRASP
TRIAL=030 PHASE=GRASP_SUCCESS
TRIAL=030 DAY5_PLACE_RELEASE=PASS
DAY4_GRASP_RESULT=SUCCESS
DAY4_STEP=1 EPISODE=030 STEP=04 DIST=0.005635 YAW_ERR_DEG=0.022 REQUESTED_MOVE=0.004951 EXECUTED_MOVE=0.004874 ATTEMPT=1 SUCCESS=1 TERMINATED=1 TRUNCATED=0
DAY7_EPISODE=30 LEVEL=L1 VALID=24/50 TECHNICAL=False SUCCESS=True REASON=
DAY4_RESET_GRIPPER=OPEN ANGLE_RAD=1.570000 EFFORT_NM=1.200000
DAY4_RESET_GRIPPER=AFTER_INITIAL_MOVE ANGLE_RAD=1.570000 EFFORT_NM=1.200000
TRIAL=031 VISUAL_CENTER=[0.3007039427757263, -0.008252211846411228, 0.026071770988549584] SURFACE=[0.3007039427757263, -0.008252211846411228, 0.051071770988549585] CONTOUR_DEG=-0.06 AXIS_STD_DEG=0.06 FOOTPRINT=[0.05009283311665058, 0.05009283311665058] CONFIDENCE=0.9766
TRIAL=031 SELECTED_CONTOUR_ORIENTATION=+89.94deg TILT=17.3 LEAN=+1 SYMMETRY=1 IK_FK_POS_ERROR=0.000003m IK_FK_ORIENTATION_ERROR=0.000000rad FINGER_FK_LIFT=0.080000m FINGER_FK_DRIFT=0.000000m JOINT_MOTION=3.001094rad
DAY4_MOTION_DONE=1 ELAPSED_SIM=1.200 INITIAL_ERR=0.01689 FINAL_ERR=0.00023 ARM_V=0.00253
DAY4_STEP=1 EPISODE=031 STEP=01 DIST=0.020237 YAW_ERR_DEG=0.009 REQUESTED_MOVE=0.005004 EXECUTED_MOVE=0.004930 ATTEMPT=0 SUCCESS=0 TERMINATED=0 TRUNCATED=0
DAY4_MOTION_DONE=1 ELAPSED_SIM=1.202 INITIAL_ERR=0.01727 FINAL_ERR=0.00036 ARM_V=0.00395
DAY4_STEP=1 EPISODE=031 STEP=02 DIST=0.015365 YAW_ERR_DEG=0.016 REQUESTED_MOVE=0.004969 EXECUTED_MOVE=0.004864 ATTEMPT=0 SUCCESS=0 TERMINATED=0 TRUNCATED=0
DAY4_MOTION_DONE=1 ELAPSED_SIM=1.200 INITIAL_ERR=0.01746 FINAL_ERR=0.00026 ARM_V=0.00290
DAY4_STEP=1 EPISODE=031 STEP=03 DIST=0.010486 YAW_ERR_DEG=0.021 REQUESTED_MOVE=0.004957 EXECUTED_MOVE=0.004880 ATTEMPT=0 SUCCESS=0 TERMINATED=0 TRUNCATED=0
DAY4_MOTION_DONE=1 ELAPSED_SIM=1.200 INITIAL_ERR=0.01750 FINAL_ERR=0.00026 ARM_V=0.00291
DAY4_GRASP_ATTEMPT=1
TRIAL=031 PHASE=CLOSE_SEARCH
TRIAL=031 LEFT_CONTACT=0 RIGHT_CONTACT=0 STALL=0
TRIAL=031 LEFT_CONTACT=1 RIGHT_CONTACT=0 STALL=0
TRIAL=031 PHASE=WAIT_DUAL_CONTACT
TRIAL=031 PHASE=WAIT_STALL
TRIAL=031 LEFT_CONTACT=1 RIGHT_CONTACT=1 STALL=0 GRIPPER_ERROR=0.07114 VELOCITY=0.04028 CLOSURE_M=0.00026
TRIAL=031 LEFT_CONTACT=1 RIGHT_CONTACT=1 STALL=0 GRIPPER_ERROR=0.04375 VELOCITY=0.01426 CLOSURE_M=0.00110
TRIAL=031 LEFT_CONTACT=1 RIGHT_CONTACT=1 STALL=0 GRIPPER_ERROR=0.03536 VELOCITY=0.00646 CLOSURE_M=0.00137
TRIAL=031 LEFT_CONTACT=1 RIGHT_CONTACT=1 STALL=1 GRIPPER_ERROR=0.03025 VELOCITY=0.00495 CLOSURE_M=0.00153
TRIAL=031 PHASE=LIFT_80_MM
TRIAL=031 ACTUAL_LIFT_M=-0.00023 LEFT_CONTACT=1 RIGHT_CONTACT=1
TRIAL=031 ACTUAL_LIFT_M=0.02694 LEFT_CONTACT=1 RIGHT_CONTACT=1
TRIAL=031 ACTUAL_LIFT_M=0.05976 LEFT_CONTACT=1 RIGHT_CONTACT=1
TRIAL=031 PHASE=HOLD
TRIAL=031 HOLD_SIM_SEC=0.000 HOLD_WALL_SEC=0.000 ACTUAL_LIFT_M=0.07148 RELATIVE_SLIP_M=0.00000 LEFT_CONTACT=1 RIGHT_CONTACT=1
TRIAL=031 HOLD_SIM_SEC=0.892 HOLD_WALL_SEC=1.001 ACTUAL_LIFT_M=0.07486 RELATIVE_SLIP_M=0.00000 LEFT_CONTACT=1 RIGHT_CONTACT=1
TRIAL=031 HOLD_SIM_SEC=1.844 HOLD_WALL_SEC=2.001 ACTUAL_LIFT_M=0.07479 RELATIVE_SLIP_M=0.00000 LEFT_CONTACT=1 RIGHT_CONTACT=1
TRIAL=031 HOLD_SIM_SEC=2.778 HOLD_WALL_SEC=3.002 ACTUAL_LIFT_M=0.07470 RELATIVE_SLIP_M=0.00000 LEFT_CONTACT=1 RIGHT_CONTACT=1
TRIAL=031 HOLD_SIM_SEC=3.714 HOLD_WALL_SEC=4.002 ACTUAL_LIFT_M=0.07461 RELATIVE_SLIP_M=0.00000 LEFT_CONTACT=1 RIGHT_CONTACT=1
TRIAL=031 HOLD_SIM_SEC=4.664 HOLD_WALL_SEC=5.002 ACTUAL_LIFT_M=0.07453 RELATIVE_SLIP_M=0.00000 LEFT_CONTACT=1 RIGHT_CONTACT=1
TRIAL=031 PHASE=PLACE_DOWN
TRIAL=031 PHASE=OPEN_GRIPPER
TRIAL=031 PHASE=RETREAT_PREGRASP
TRIAL=031 PHASE=GRASP_SUCCESS
TRIAL=031 DAY5_PLACE_RELEASE=PASS
DAY4_GRASP_RESULT=SUCCESS
DAY4_STEP=1 EPISODE=031 STEP=04 DIST=0.005617 YAW_ERR_DEG=0.025 REQUESTED_MOVE=0.004949 EXECUTED_MOVE=0.004872 ATTEMPT=1 SUCCESS=1 TERMINATED=1 TRUNCATED=0
DAY7_EPISODE=31 LEVEL=L1 VALID=25/50 TECHNICAL=False SUCCESS=True REASON=
DAY4_RESET_GRIPPER=OPEN ANGLE_RAD=1.570000 EFFORT_NM=1.200000
DAY4_RESET_GRIPPER=AFTER_INITIAL_MOVE ANGLE_RAD=1.570000 EFFORT_NM=1.200000
TRIAL=032 VISUAL_CENTER=[0.30918996036052704, 0.007823254447430372, 0.024699495256171593] SURFACE=[0.30918996036052704, 0.007823254447430372, 0.049699495256171594] CONTOUR_DEG=-0.05 AXIS_STD_DEG=0.06 FOOTPRINT=[0.04999608173966408, 0.04999608173966408] CONFIDENCE=0.9773
TRIAL=032 SELECTED_CONTOUR_ORIENTATION=+89.95deg TILT=21.1 LEAN=+1 SYMMETRY=1 IK_FK_POS_ERROR=0.000004m IK_FK_ORIENTATION_ERROR=0.000000rad FINGER_FK_LIFT=0.080000m FINGER_FK_DRIFT=0.000000m JOINT_MOTION=3.013208rad
DAY4_MOTION_DONE=1 ELAPSED_SIM=1.200 INITIAL_ERR=0.01653 FINAL_ERR=0.00028 ARM_V=0.00306
DAY4_STEP=1 EPISODE=032 STEP=01 DIST=0.020279 YAW_ERR_DEG=0.005 REQUESTED_MOVE=0.005001 EXECUTED_MOVE=0.004912 ATTEMPT=0 SUCCESS=0 TERMINATED=0 TRUNCATED=0
DAY4_MOTION_DONE=1 ELAPSED_SIM=1.202 INITIAL_ERR=0.01703 FINAL_ERR=0.00028 ARM_V=0.00314
DAY4_STEP=1 EPISODE=032 STEP=02 DIST=0.015397 YAW_ERR_DEG=0.011 REQUESTED_MOVE=0.004970 EXECUTED_MOVE=0.004883 ATTEMPT=0 SUCCESS=0 TERMINATED=0 TRUNCATED=0
DAY4_MOTION_DONE=1 ELAPSED_SIM=1.202 INITIAL_ERR=0.01718 FINAL_ERR=0.00029 ARM_V=0.00317
DAY4_STEP=1 EPISODE=032 STEP=03 DIST=0.010526 YAW_ERR_DEG=0.016 REQUESTED_MOVE=0.004958 EXECUTED_MOVE=0.004873 ATTEMPT=0 SUCCESS=0 TERMINATED=0 TRUNCATED=0
DAY4_MOTION_DONE=1 ELAPSED_SIM=1.202 INITIAL_ERR=0.01726 FINAL_ERR=0.00029 ARM_V=0.00319
DAY4_GRASP_ATTEMPT=1
TRIAL=032 PHASE=CLOSE_SEARCH
TRIAL=032 LEFT_CONTACT=0 RIGHT_CONTACT=0 STALL=0
TRIAL=032 LEFT_CONTACT=1 RIGHT_CONTACT=0 STALL=0
TRIAL=032 PHASE=WAIT_DUAL_CONTACT
TRIAL=032 PHASE=WAIT_STALL
TRIAL=032 LEFT_CONTACT=1 RIGHT_CONTACT=1 STALL=0 GRIPPER_ERROR=0.06564 VELOCITY=0.04258 CLOSURE_M=0.00041
TRIAL=032 LEFT_CONTACT=1 RIGHT_CONTACT=1 STALL=0 GRIPPER_ERROR=0.04715 VELOCITY=0.01254 CLOSURE_M=0.00095
TRIAL=032 LEFT_CONTACT=1 RIGHT_CONTACT=1 STALL=0 GRIPPER_ERROR=0.03989 VELOCITY=0.00598 CLOSURE_M=0.00117
TRIAL=032 LEFT_CONTACT=1 RIGHT_CONTACT=1 STALL=0 GRIPPER_ERROR=0.03499 VELOCITY=0.00480 CLOSURE_M=0.00132
TRIAL=032 LEFT_CONTACT=1 RIGHT_CONTACT=1 STALL=0 GRIPPER_ERROR=0.03071 VELOCITY=0.00448 CLOSURE_M=0.00145
TRIAL=032 PHASE=LIFT_80_MM
TRIAL=032 ACTUAL_LIFT_M=-0.00002 LEFT_CONTACT=1 RIGHT_CONTACT=1
TRIAL=032 ACTUAL_LIFT_M=0.02708 LEFT_CONTACT=1 RIGHT_CONTACT=1
TRIAL=032 ACTUAL_LIFT_M=0.05942 LEFT_CONTACT=1 RIGHT_CONTACT=1
TRIAL=032 PHASE=HOLD
TRIAL=032 HOLD_SIM_SEC=0.000 HOLD_WALL_SEC=0.000 ACTUAL_LIFT_M=0.07259 RELATIVE_SLIP_M=0.00000 LEFT_CONTACT=1 RIGHT_CONTACT=1
TRIAL=032 HOLD_SIM_SEC=0.894 HOLD_WALL_SEC=1.001 ACTUAL_LIFT_M=0.07555 RELATIVE_SLIP_M=0.00028 LEFT_CONTACT=1 RIGHT_CONTACT=1
TRIAL=032 HOLD_SIM_SEC=1.820 HOLD_WALL_SEC=2.001 ACTUAL_LIFT_M=0.07548 RELATIVE_SLIP_M=0.00028 LEFT_CONTACT=1 RIGHT_CONTACT=1
TRIAL=032 HOLD_SIM_SEC=2.756 HOLD_WALL_SEC=3.001 ACTUAL_LIFT_M=0.07540 RELATIVE_SLIP_M=0.00028 LEFT_CONTACT=1 RIGHT_CONTACT=1
TRIAL=032 HOLD_SIM_SEC=3.688 HOLD_WALL_SEC=4.001 ACTUAL_LIFT_M=0.07531 RELATIVE_SLIP_M=0.00028 LEFT_CONTACT=1 RIGHT_CONTACT=1
TRIAL=032 HOLD_SIM_SEC=4.626 HOLD_WALL_SEC=5.002 ACTUAL_LIFT_M=0.07523 RELATIVE_SLIP_M=0.00028 LEFT_CONTACT=1 RIGHT_CONTACT=1
TRIAL=032 PHASE=PLACE_DOWN
TRIAL=032 PHASE=OPEN_GRIPPER
TRIAL=032 PHASE=RETREAT_PREGRASP
TRIAL=032 PHASE=GRASP_SUCCESS
TRIAL=032 DAY5_PLACE_RELEASE=PASS
DAY4_GRASP_RESULT=SUCCESS
DAY4_STEP=1 EPISODE=032 STEP=04 DIST=0.005664 YAW_ERR_DEG=0.019 REQUESTED_MOVE=0.004950 EXECUTED_MOVE=0.004865 ATTEMPT=1 SUCCESS=1 TERMINATED=1 TRUNCATED=0
DAY7_EPISODE=32 LEVEL=L1 VALID=26/50 TECHNICAL=False SUCCESS=True REASON=
DAY4_RESET_GRIPPER=OPEN ANGLE_RAD=1.570000 EFFORT_NM=1.200000
DAY4_RESET_GRIPPER=AFTER_INITIAL_MOVE ANGLE_RAD=1.570000 EFFORT_NM=1.200000
TRIAL=033 VISUAL_CENTER=[0.29959340393543243, 0.012102306936867535, 0.024484737640673188] SURFACE=[0.29959340393543243, 0.012102306936867535, 0.04948473764067319] CONTOUR_DEG=0.09 AXIS_STD_DEG=0.06 FOOTPRINT=[0.04992222227156162, 0.04992222227156162] CONFIDENCE=0.9675
TRIAL=033 SELECTED_CONTOUR_ORIENTATION=+90.09deg TILT=16.6 LEAN=+1 SYMMETRY=1 IK_FK_POS_ERROR=0.000004m IK_FK_ORIENTATION_ERROR=0.000000rad FINGER_FK_LIFT=0.080000m FINGER_FK_DRIFT=0.000000m JOINT_MOTION=3.006665rad
DAY4_MOTION_DONE=1 ELAPSED_SIM=1.202 INITIAL_ERR=0.01699 FINAL_ERR=0.00028 ARM_V=0.00315
DAY4_STEP=1 EPISODE=033 STEP=01 DIST=0.020232 YAW_ERR_DEG=0.006 REQUESTED_MOVE=0.005001 EXECUTED_MOVE=0.004913 ATTEMPT=0 SUCCESS=0 TERMINATED=0 TRUNCATED=0
DAY4_MOTION_DONE=1 ELAPSED_SIM=1.202 INITIAL_ERR=0.01739 FINAL_ERR=0.00026 ARM_V=0.00289
DAY4_STEP=1 EPISODE=033 STEP=02 DIST=0.015343 YAW_ERR_DEG=0.012 REQUESTED_MOVE=0.004968 EXECUTED_MOVE=0.004891 ATTEMPT=0 SUCCESS=0 TERMINATED=0 TRUNCATED=0
DAY4_MOTION_DONE=1 ELAPSED_SIM=1.200 INITIAL_ERR=0.01750 FINAL_ERR=0.00029 ARM_V=0.00323
DAY4_STEP=1 EPISODE=033 STEP=03 DIST=0.010473 YAW_ERR_DEG=0.017 REQUESTED_MOVE=0.004956 EXECUTED_MOVE=0.004872 ATTEMPT=0 SUCCESS=0 TERMINATED=0 TRUNCATED=0
DAY4_MOTION_DONE=1 ELAPSED_SIM=1.202 INITIAL_ERR=0.01755 FINAL_ERR=0.00026 ARM_V=0.00292
DAY4_GRASP_ATTEMPT=1
TRIAL=033 PHASE=CLOSE_SEARCH
TRIAL=033 LEFT_CONTACT=0 RIGHT_CONTACT=0 STALL=0
TRIAL=033 LEFT_CONTACT=1 RIGHT_CONTACT=0 STALL=0
TRIAL=033 PHASE=WAIT_DUAL_CONTACT
TRIAL=033 PHASE=WAIT_STALL
TRIAL=033 LEFT_CONTACT=1 RIGHT_CONTACT=1 STALL=0 GRIPPER_ERROR=0.07020 VELOCITY=0.04067 CLOSURE_M=0.00028
TRIAL=033 LEFT_CONTACT=1 RIGHT_CONTACT=1 STALL=0 GRIPPER_ERROR=0.04815 VELOCITY=0.01425 CLOSURE_M=0.00094
TRIAL=033 LEFT_CONTACT=1 RIGHT_CONTACT=1 STALL=0 GRIPPER_ERROR=0.04032 VELOCITY=0.00632 CLOSURE_M=0.00118
TRIAL=033 LEFT_CONTACT=1 RIGHT_CONTACT=1 STALL=0 GRIPPER_ERROR=0.03524 VELOCITY=0.00487 CLOSURE_M=0.00134
TRIAL=033 LEFT_CONTACT=1 RIGHT_CONTACT=1 STALL=0 GRIPPER_ERROR=0.03090 VELOCITY=0.00448 CLOSURE_M=0.00147
TRIAL=033 PHASE=LIFT_80_MM
TRIAL=033 ACTUAL_LIFT_M=-0.00002 LEFT_CONTACT=1 RIGHT_CONTACT=1
TRIAL=033 ACTUAL_LIFT_M=0.02693 LEFT_CONTACT=1 RIGHT_CONTACT=1
TRIAL=033 ACTUAL_LIFT_M=0.05984 LEFT_CONTACT=1 RIGHT_CONTACT=1
TRIAL=033 PHASE=HOLD
TRIAL=033 HOLD_SIM_SEC=0.000 HOLD_WALL_SEC=0.000 ACTUAL_LIFT_M=0.07227 RELATIVE_SLIP_M=0.00000 LEFT_CONTACT=1 RIGHT_CONTACT=1
TRIAL=033 HOLD_SIM_SEC=0.880 HOLD_WALL_SEC=1.000 ACTUAL_LIFT_M=0.07528 RELATIVE_SLIP_M=0.00028 LEFT_CONTACT=1 RIGHT_CONTACT=1
TRIAL=033 HOLD_SIM_SEC=1.810 HOLD_WALL_SEC=2.001 ACTUAL_LIFT_M=0.07521 RELATIVE_SLIP_M=0.00028 LEFT_CONTACT=1 RIGHT_CONTACT=1
TRIAL=033 HOLD_SIM_SEC=2.738 HOLD_WALL_SEC=3.001 ACTUAL_LIFT_M=0.07513 RELATIVE_SLIP_M=0.00028 LEFT_CONTACT=1 RIGHT_CONTACT=1
TRIAL=033 HOLD_SIM_SEC=3.674 HOLD_WALL_SEC=4.001 ACTUAL_LIFT_M=0.07504 RELATIVE_SLIP_M=0.00028 LEFT_CONTACT=1 RIGHT_CONTACT=1
TRIAL=033 HOLD_SIM_SEC=4.594 HOLD_WALL_SEC=5.001 ACTUAL_LIFT_M=0.07495 RELATIVE_SLIP_M=0.00028 LEFT_CONTACT=1 RIGHT_CONTACT=1
TRIAL=033 PHASE=PLACE_DOWN
TRIAL=033 PHASE=OPEN_GRIPPER
TRIAL=033 PHASE=RETREAT_PREGRASP
TRIAL=033 PHASE=GRASP_SUCCESS
TRIAL=033 DAY5_PLACE_RELEASE=PASS
DAY4_GRASP_RESULT=SUCCESS
DAY4_STEP=1 EPISODE=033 STEP=04 DIST=0.005604 YAW_ERR_DEG=0.021 REQUESTED_MOVE=0.004948 EXECUTED_MOVE=0.004872 ATTEMPT=1 SUCCESS=1 TERMINATED=1 TRUNCATED=0
DAY7_EPISODE=33 LEVEL=L1 VALID=27/50 TECHNICAL=False SUCCESS=True REASON=
DAY4_RESET_GRIPPER=OPEN ANGLE_RAD=1.570000 EFFORT_NM=1.200000
DAY4_RESET_GRIPPER=AFTER_INITIAL_MOVE ANGLE_RAD=1.570000 EFFORT_NM=1.200000
TRIAL=034 VISUAL_CENTER=[0.2927020192146301, -0.009045496582984924, 0.02389029660755495] SURFACE=[0.2927020192146301, -0.009045496582984924, 0.04889029660755495] CONTOUR_DEG=-0.34 AXIS_STD_DEG=0.47 FOOTPRINT=[0.04989326745271683, 0.04989326745271683] CONFIDENCE=0.9590
TRIAL=034 SELECTED_CONTOUR_ORIENTATION=+89.66deg TILT=13.4 LEAN=+1 SYMMETRY=1 IK_FK_POS_ERROR=0.000002m IK_FK_ORIENTATION_ERROR=0.000000rad FINGER_FK_LIFT=0.080000m FINGER_FK_DRIFT=0.000000m JOINT_MOTION=3.006937rad
DAY4_MOTION_DONE=1 ELAPSED_SIM=1.202 INITIAL_ERR=0.01735 FINAL_ERR=0.00026 ARM_V=0.00289
DAY4_STEP=1 EPISODE=034 STEP=01 DIST=0.020201 YAW_ERR_DEG=0.008 REQUESTED_MOVE=0.005003 EXECUTED_MOVE=0.004923 ATTEMPT=0 SUCCESS=0 TERMINATED=0 TRUNCATED=0
DAY4_MOTION_DONE=1 ELAPSED_SIM=1.202 INITIAL_ERR=0.01766 FINAL_ERR=0.00026 ARM_V=0.00294
DAY4_STEP=1 EPISODE=034 STEP=02 DIST=0.015312 YAW_ERR_DEG=0.016 REQUESTED_MOVE=0.004968 EXECUTED_MOVE=0.004891 ATTEMPT=0 SUCCESS=0 TERMINATED=0 TRUNCATED=0
DAY4_MOTION_DONE=1 ELAPSED_SIM=1.200 INITIAL_ERR=0.01773 FINAL_ERR=0.00030 ARM_V=0.00328
DAY4_STEP=1 EPISODE=034 STEP=03 DIST=0.010434 YAW_ERR_DEG=0.021 REQUESTED_MOVE=0.004955 EXECUTED_MOVE=0.004871 ATTEMPT=0 SUCCESS=0 TERMINATED=0 TRUNCATED=0
DAY4_MOTION_DONE=1 ELAPSED_SIM=1.200 INITIAL_ERR=0.01778 FINAL_ERR=0.00030 ARM_V=0.00329
DAY4_GRASP_ATTEMPT=1
TRIAL=034 PHASE=CLOSE_SEARCH
TRIAL=034 LEFT_CONTACT=0 RIGHT_CONTACT=0 STALL=0
TRIAL=034 LEFT_CONTACT=1 RIGHT_CONTACT=0 STALL=0
TRIAL=034 PHASE=WAIT_DUAL_CONTACT
TRIAL=034 PHASE=WAIT_STALL
TRIAL=034 LEFT_CONTACT=1 RIGHT_CONTACT=1 STALL=0 GRIPPER_ERROR=0.06740 VELOCITY=0.04351 CLOSURE_M=0.00038
TRIAL=034 LEFT_CONTACT=1 RIGHT_CONTACT=1 STALL=0 GRIPPER_ERROR=0.04522 VELOCITY=0.01164 CLOSURE_M=0.00107
TRIAL=034 LEFT_CONTACT=1 RIGHT_CONTACT=1 STALL=0 GRIPPER_ERROR=0.03764 VELOCITY=0.00607 CLOSURE_M=0.00131
TRIAL=034 LEFT_CONTACT=1 RIGHT_CONTACT=1 STALL=0 GRIPPER_ERROR=0.03271 VELOCITY=0.00480 CLOSURE_M=0.00146
TRIAL=034 PHASE=LIFT_80_MM
TRIAL=034 ACTUAL_LIFT_M=-0.00017 LEFT_CONTACT=1 RIGHT_CONTACT=1
TRIAL=034 ACTUAL_LIFT_M=0.02757 LEFT_CONTACT=1 RIGHT_CONTACT=1
TRIAL=034 ACTUAL_LIFT_M=0.05833 LEFT_CONTACT=1 RIGHT_CONTACT=1
TRIAL=034 PHASE=HOLD
TRIAL=034 HOLD_SIM_SEC=0.000 HOLD_WALL_SEC=0.000 ACTUAL_LIFT_M=0.07208 RELATIVE_SLIP_M=0.00000 LEFT_CONTACT=1 RIGHT_CONTACT=1
TRIAL=034 HOLD_SIM_SEC=0.882 HOLD_WALL_SEC=1.001 ACTUAL_LIFT_M=0.07494 RELATIVE_SLIP_M=0.00000 LEFT_CONTACT=1 RIGHT_CONTACT=1
TRIAL=034 HOLD_SIM_SEC=1.786 HOLD_WALL_SEC=2.001 ACTUAL_LIFT_M=0.07487 RELATIVE_SLIP_M=0.00000 LEFT_CONTACT=1 RIGHT_CONTACT=1
TRIAL=034 HOLD_SIM_SEC=2.734 HOLD_WALL_SEC=3.001 ACTUAL_LIFT_M=0.07478 RELATIVE_SLIP_M=0.00000 LEFT_CONTACT=1 RIGHT_CONTACT=1
TRIAL=034 HOLD_SIM_SEC=3.710 HOLD_WALL_SEC=4.002 ACTUAL_LIFT_M=0.07469 RELATIVE_SLIP_M=0.00000 LEFT_CONTACT=1 RIGHT_CONTACT=1
TRIAL=034 HOLD_SIM_SEC=4.656 HOLD_WALL_SEC=5.002 ACTUAL_LIFT_M=0.07460 RELATIVE_SLIP_M=0.00000 LEFT_CONTACT=1 RIGHT_CONTACT=1
TRIAL=034 PHASE=PLACE_DOWN
TRIAL=034 PHASE=OPEN_GRIPPER
TRIAL=034 PHASE=RETREAT_PREGRASP
TRIAL=034 PHASE=GRASP_SUCCESS
TRIAL=034 DAY5_PLACE_RELEASE=PASS
DAY4_GRASP_RESULT=SUCCESS
DAY4_STEP=1 EPISODE=034 STEP=04 DIST=0.005574 YAW_ERR_DEG=0.025 REQUESTED_MOVE=0.004947 EXECUTED_MOVE=0.004863 ATTEMPT=1 SUCCESS=1 TERMINATED=1 TRUNCATED=0
DAY7_EPISODE=34 LEVEL=L1 VALID=28/50 TECHNICAL=False SUCCESS=True REASON=
DAY4_RESET_GRIPPER=OPEN ANGLE_RAD=1.570000 EFFORT_NM=1.200000
DAY4_RESET_GRIPPER=AFTER_INITIAL_MOVE ANGLE_RAD=1.570000 EFFORT_NM=1.200000
TRIAL=035 VISUAL_CENTER=[0.3039625436067581, -0.014115569996647537, 0.024181603050963597] SURFACE=[0.3039625436067581, -0.014115569996647537, 0.0491816030509636] CONTOUR_DEG=0.28 AXIS_STD_DEG=0.09 FOOTPRINT=[0.049463341012597084, 0.049463341012597084] CONFIDENCE=0.9762
TRIAL=035 SELECTED_CONTOUR_ORIENTATION=+90.28deg TILT=18.6 LEAN=+1 SYMMETRY=1 IK_FK_POS_ERROR=0.000006m IK_FK_ORIENTATION_ERROR=0.000000rad FINGER_FK_LIFT=0.080000m FINGER_FK_DRIFT=0.000000m JOINT_MOTION=3.009142rad
DAY4_MOTION_DONE=1 ELAPSED_SIM=1.202 INITIAL_ERR=0.01681 FINAL_ERR=0.00025 ARM_V=0.00280
DAY4_STEP=1 EPISODE=035 STEP=01 DIST=0.020232 YAW_ERR_DEG=0.010 REQUESTED_MOVE=0.005000 EXECUTED_MOVE=0.004920 ATTEMPT=0 SUCCESS=0 TERMINATED=0 TRUNCATED=0
DAY4_MOTION_DONE=1 ELAPSED_SIM=1.202 INITIAL_ERR=0.01723 FINAL_ERR=0.00023 ARM_V=0.00258
DAY4_STEP=1 EPISODE=035 STEP=02 DIST=0.015334 YAW_ERR_DEG=0.017 REQUESTED_MOVE=0.004969 EXECUTED_MOVE=0.004899 ATTEMPT=0 SUCCESS=0 TERMINATED=0 TRUNCATED=0
DAY4_MOTION_DONE=1 ELAPSED_SIM=1.200 INITIAL_ERR=0.01735 FINAL_ERR=0.00023 ARM_V=0.00260
DAY4_STEP=1 EPISODE=035 STEP=03 DIST=0.010447 YAW_ERR_DEG=0.023 REQUESTED_MOVE=0.004957 EXECUTED_MOVE=0.004888 ATTEMPT=0 SUCCESS=0 TERMINATED=0 TRUNCATED=0
DAY4_MOTION_DONE=1 ELAPSED_SIM=1.202 INITIAL_ERR=0.01742 FINAL_ERR=0.00024 ARM_V=0.00261
DAY4_GRASP_ATTEMPT=1
TRIAL=035 PHASE=CLOSE_SEARCH
TRIAL=035 LEFT_CONTACT=0 RIGHT_CONTACT=0 STALL=0
TRIAL=035 LEFT_CONTACT=0 RIGHT_CONTACT=1 STALL=0
TRIAL=035 PHASE=WAIT_DUAL_CONTACT
TRIAL=035 PHASE=WAIT_STALL
TRIAL=035 LEFT_CONTACT=1 RIGHT_CONTACT=1 STALL=0 GRIPPER_ERROR=0.07391 VELOCITY=0.04305 CLOSURE_M=0.00018
TRIAL=035 LEFT_CONTACT=1 RIGHT_CONTACT=1 STALL=0 GRIPPER_ERROR=0.04639 VELOCITY=0.01670 CLOSURE_M=0.00099
TRIAL=035 LEFT_CONTACT=1 RIGHT_CONTACT=1 STALL=0 GRIPPER_ERROR=0.03791 VELOCITY=0.00663 CLOSURE_M=0.00125
TRIAL=035 LEFT_CONTACT=1 RIGHT_CONTACT=1 STALL=0 GRIPPER_ERROR=0.03256 VELOCITY=0.00501 CLOSURE_M=0.00142
TRIAL=035 PHASE=LIFT_80_MM
TRIAL=035 ACTUAL_LIFT_M=-0.00002 LEFT_CONTACT=1 RIGHT_CONTACT=1
TRIAL=035 ACTUAL_LIFT_M=0.02751 LEFT_CONTACT=1 RIGHT_CONTACT=1
TRIAL=035 ACTUAL_LIFT_M=0.06047 LEFT_CONTACT=1 RIGHT_CONTACT=1
TRIAL=035 PHASE=HOLD
TRIAL=035 HOLD_SIM_SEC=0.000 HOLD_WALL_SEC=0.000 ACTUAL_LIFT_M=0.07223 RELATIVE_SLIP_M=0.00000 LEFT_CONTACT=1 RIGHT_CONTACT=1
TRIAL=035 HOLD_SIM_SEC=0.882 HOLD_WALL_SEC=1.001 ACTUAL_LIFT_M=0.07534 RELATIVE_SLIP_M=0.00028 LEFT_CONTACT=1 RIGHT_CONTACT=1
TRIAL=035 HOLD_SIM_SEC=1.806 HOLD_WALL_SEC=2.001 ACTUAL_LIFT_M=0.07526 RELATIVE_SLIP_M=0.00028 LEFT_CONTACT=1 RIGHT_CONTACT=1
TRIAL=035 HOLD_SIM_SEC=2.750 HOLD_WALL_SEC=3.001 ACTUAL_LIFT_M=0.07517 RELATIVE_SLIP_M=0.00028 LEFT_CONTACT=1 RIGHT_CONTACT=1
TRIAL=035 HOLD_SIM_SEC=3.678 HOLD_WALL_SEC=4.001 ACTUAL_LIFT_M=0.07509 RELATIVE_SLIP_M=0.00028 LEFT_CONTACT=1 RIGHT_CONTACT=1
TRIAL=035 HOLD_SIM_SEC=4.634 HOLD_WALL_SEC=5.002 ACTUAL_LIFT_M=0.07502 RELATIVE_SLIP_M=0.00028 LEFT_CONTACT=1 RIGHT_CONTACT=1
TRIAL=035 PHASE=PLACE_DOWN
TRIAL=035 PHASE=OPEN_GRIPPER
TRIAL=035 PHASE=RETREAT_PREGRASP
TRIAL=035 PHASE=GRASP_SUCCESS
TRIAL=035 DAY5_PLACE_RELEASE=PASS
DAY4_GRASP_RESULT=SUCCESS
DAY4_STEP=1 EPISODE=035 STEP=04 DIST=0.005570 YAW_ERR_DEG=0.027 REQUESTED_MOVE=0.004949 EXECUTED_MOVE=0.004880 ATTEMPT=1 SUCCESS=1 TERMINATED=1 TRUNCATED=0
DAY7_EPISODE=35 LEVEL=L1 VALID=29/50 TECHNICAL=False SUCCESS=True REASON=
DAY4_RESET_GRIPPER=OPEN ANGLE_RAD=1.570000 EFFORT_NM=1.200000
DAY4_RESET_GRIPPER=AFTER_INITIAL_MOVE ANGLE_RAD=1.570000 EFFORT_NM=1.200000
TRIAL=036 VISUAL_CENTER=[0.29542022943496704, 0.014135745586827397, 0.026449270210208424] SURFACE=[0.29542022943496704, 0.014135745586827397, 0.051449270210208425] CONTOUR_DEG=-0.40 AXIS_STD_DEG=0.05 FOOTPRINT=[0.0496965441852808, 0.0496965441852808] CONFIDENCE=0.9644
TRIAL=036 SELECTED_CONTOUR_ORIENTATION=+89.60deg TILT=15.0 LEAN=+1 SYMMETRY=1 IK_FK_POS_ERROR=0.000005m IK_FK_ORIENTATION_ERROR=0.000000rad FINGER_FK_LIFT=0.080000m FINGER_FK_DRIFT=0.000000m JOINT_MOTION=2.997123rad
DAY4_MOTION_DONE=1 ELAPSED_SIM=1.200 INITIAL_ERR=0.01716 FINAL_ERR=0.00029 ARM_V=0.00318
DAY4_STEP=1 EPISODE=036 STEP=01 DIST=0.020226 YAW_ERR_DEG=0.005 REQUESTED_MOVE=0.005002 EXECUTED_MOVE=0.004914 ATTEMPT=0 SUCCESS=0 TERMINATED=0 TRUNCATED=0
DAY4_MOTION_DONE=1 ELAPSED_SIM=1.200 INITIAL_ERR=0.01751 FINAL_ERR=0.00032 ARM_V=0.00359
DAY4_STEP=1 EPISODE=036 STEP=02 DIST=0.015354 YAW_ERR_DEG=0.012 REQUESTED_MOVE=0.004968 EXECUTED_MOVE=0.004874 ATTEMPT=0 SUCCESS=0 TERMINATED=0 TRUNCATED=0
DAY4_MOTION_DONE=1 ELAPSED_SIM=1.202 INITIAL_ERR=0.01761 FINAL_ERR=0.00029 ARM_V=0.00325
DAY4_STEP=1 EPISODE=036 STEP=03 DIST=0.010484 YAW_ERR_DEG=0.017 REQUESTED_MOVE=0.004956 EXECUTED_MOVE=0.004871 ATTEMPT=0 SUCCESS=0 TERMINATED=0 TRUNCATED=0
DAY4_MOTION_DONE=1 ELAPSED_SIM=1.200 INITIAL_ERR=0.01763 FINAL_ERR=0.00033 ARM_V=0.00362
DAY4_GRASP_ATTEMPT=1
TRIAL=036 PHASE=CLOSE_SEARCH
TRIAL=036 LEFT_CONTACT=0 RIGHT_CONTACT=0 STALL=0
TRIAL=036 LEFT_CONTACT=1 RIGHT_CONTACT=0 STALL=0
TRIAL=036 PHASE=WAIT_DUAL_CONTACT
TRIAL=036 PHASE=WAIT_STALL
TRIAL=036 LEFT_CONTACT=1 RIGHT_CONTACT=1 STALL=0 GRIPPER_ERROR=0.06315 VELOCITY=0.04177 CLOSURE_M=0.00049
TRIAL=036 LEFT_CONTACT=1 RIGHT_CONTACT=1 STALL=0 GRIPPER_ERROR=0.04365 VELOCITY=0.01232 CLOSURE_M=0.00107
TRIAL=036 LEFT_CONTACT=1 RIGHT_CONTACT=1 STALL=0 GRIPPER_ERROR=0.03665 VELOCITY=0.00578 CLOSURE_M=0.00129
TRIAL=036 LEFT_CONTACT=1 RIGHT_CONTACT=1 STALL=0 GRIPPER_ERROR=0.03186 VELOCITY=0.00474 CLOSURE_M=0.00143
TRIAL=036 PHASE=LIFT_80_MM
TRIAL=036 ACTUAL_LIFT_M=-0.00003 LEFT_CONTACT=1 RIGHT_CONTACT=1
TRIAL=036 ACTUAL_LIFT_M=0.02658 LEFT_CONTACT=1 RIGHT_CONTACT=1
TRIAL=036 ACTUAL_LIFT_M=0.05940 LEFT_CONTACT=1 RIGHT_CONTACT=1
TRIAL=036 PHASE=HOLD
TRIAL=036 HOLD_SIM_SEC=0.000 HOLD_WALL_SEC=0.000 ACTUAL_LIFT_M=0.07243 RELATIVE_SLIP_M=0.00000 LEFT_CONTACT=1 RIGHT_CONTACT=1
TRIAL=036 HOLD_SIM_SEC=0.882 HOLD_WALL_SEC=1.001 ACTUAL_LIFT_M=0.07509 RELATIVE_SLIP_M=0.00025 LEFT_CONTACT=1 RIGHT_CONTACT=1
TRIAL=036 HOLD_SIM_SEC=1.808 HOLD_WALL_SEC=2.001 ACTUAL_LIFT_M=0.07502 RELATIVE_SLIP_M=0.00025 LEFT_CONTACT=1 RIGHT_CONTACT=1
TRIAL=036 HOLD_SIM_SEC=2.744 HOLD_WALL_SEC=3.001 ACTUAL_LIFT_M=0.07493 RELATIVE_SLIP_M=0.00025 LEFT_CONTACT=1 RIGHT_CONTACT=1
TRIAL=036 HOLD_SIM_SEC=3.660 HOLD_WALL_SEC=4.001 ACTUAL_LIFT_M=0.07484 RELATIVE_SLIP_M=0.00025 LEFT_CONTACT=1 RIGHT_CONTACT=1
TRIAL=036 HOLD_SIM_SEC=4.550 HOLD_WALL_SEC=5.001 ACTUAL_LIFT_M=0.07475 RELATIVE_SLIP_M=0.00025 LEFT_CONTACT=1 RIGHT_CONTACT=1
TRIAL=036 PHASE=PLACE_DOWN
TRIAL=036 PHASE=OPEN_GRIPPER
TRIAL=036 PHASE=RETREAT_PREGRASP
TRIAL=036 PHASE=GRASP_SUCCESS
TRIAL=036 DAY5_PLACE_RELEASE=PASS
DAY4_GRASP_RESULT=SUCCESS
DAY4_STEP=1 EPISODE=036 STEP=04 DIST=0.005633 YAW_ERR_DEG=0.021 REQUESTED_MOVE=0.004947 EXECUTED_MOVE=0.004854 ATTEMPT=1 SUCCESS=1 TERMINATED=1 TRUNCATED=0
DAY7_EPISODE=36 LEVEL=L1 VALID=30/50 TECHNICAL=False SUCCESS=True REASON=
DAY4_RESET_GRIPPER=OPEN ANGLE_RAD=1.570000 EFFORT_NM=1.200000
DAY4_RESET_GRIPPER=AFTER_INITIAL_MOVE ANGLE_RAD=1.570000 EFFORT_NM=1.200000
TRIAL=037 VISUAL_CENTER=[0.3016047775745392, -0.0031019477173686028, 0.026194720437634385] SURFACE=[0.3016047775745392, -0.0031019477173686028, 0.051194720437634386] CONTOUR_DEG=0.06 AXIS_STD_DEG=0.04 FOOTPRINT=[0.04993906617164612, 0.04993906617164612] CONFIDENCE=0.9714
TRIAL=037 SELECTED_CONTOUR_ORIENTATION=+90.06deg TILT=17.6 LEAN=+1 SYMMETRY=1 IK_FK_POS_ERROR=0.000001m IK_FK_ORIENTATION_ERROR=0.000000rad FINGER_FK_LIFT=0.080000m FINGER_FK_DRIFT=0.000000m JOINT_MOTION=3.000057rad
DAY4_MOTION_DONE=1 ELAPSED_SIM=1.202 INITIAL_ERR=0.01686 FINAL_ERR=0.00031 ARM_V=0.00347
DAY4_STEP=1 EPISODE=037 STEP=01 DIST=0.020262 YAW_ERR_DEG=0.008 REQUESTED_MOVE=0.005003 EXECUTED_MOVE=0.004904 ATTEMPT=0 SUCCESS=0 TERMINATED=0 TRUNCATED=0
DAY4_MOTION_DONE=1 ELAPSED_SIM=1.202 INITIAL_ERR=0.01728 FINAL_ERR=0.00029 ARM_V=0.00319
DAY4_STEP=1 EPISODE=037 STEP=02 DIST=0.015380 YAW_ERR_DEG=0.015 REQUESTED_MOVE=0.004969 EXECUTED_MOVE=0.004883 ATTEMPT=0 SUCCESS=0 TERMINATED=0 TRUNCATED=0
DAY4_MOTION_DONE=1 ELAPSED_SIM=1.202 INITIAL_ERR=0.01737 FINAL_ERR=0.00026 ARM_V=0.00289
DAY4_STEP=1 EPISODE=037 STEP=03 DIST=0.010501 YAW_ERR_DEG=0.020 REQUESTED_MOVE=0.004957 EXECUTED_MOVE=0.004880 ATTEMPT=0 SUCCESS=0 TERMINATED=0 TRUNCATED=0
DAY4_MOTION_DONE=1 ELAPSED_SIM=1.200 INITIAL_ERR=0.01748 FINAL_ERR=0.00026 ARM_V=0.00291
DAY4_GRASP_ATTEMPT=1
TRIAL=037 PHASE=CLOSE_SEARCH
TRIAL=037 LEFT_CONTACT=0 RIGHT_CONTACT=0 STALL=0
TRIAL=037 LEFT_CONTACT=0 RIGHT_CONTACT=0 STALL=0
TRIAL=037 PHASE=WAIT_DUAL_CONTACT
TRIAL=037 PHASE=WAIT_STALL
TRIAL=037 LEFT_CONTACT=1 RIGHT_CONTACT=1 STALL=0 GRIPPER_ERROR=0.07004 VELOCITY=0.03743 CLOSURE_M=0.00030
TRIAL=037 LEFT_CONTACT=1 RIGHT_CONTACT=1 STALL=0 GRIPPER_ERROR=0.04853 VELOCITY=0.01379 CLOSURE_M=0.00097
TRIAL=037 LEFT_CONTACT=1 RIGHT_CONTACT=1 STALL=0 GRIPPER_ERROR=0.04071 VELOCITY=0.00606 CLOSURE_M=0.00122
TRIAL=037 LEFT_CONTACT=1 RIGHT_CONTACT=1 STALL=0 GRIPPER_ERROR=0.03577 VELOCITY=0.00482 CLOSURE_M=0.00138
TRIAL=037 LEFT_CONTACT=1 RIGHT_CONTACT=1 STALL=1 GRIPPER_ERROR=0.03159 VELOCITY=0.00447 CLOSURE_M=0.00152
TRIAL=037 PHASE=LIFT_80_MM
TRIAL=037 ACTUAL_LIFT_M=-0.00004 LEFT_CONTACT=1 RIGHT_CONTACT=1
TRIAL=037 ACTUAL_LIFT_M=0.02731 LEFT_CONTACT=1 RIGHT_CONTACT=1
TRIAL=037 ACTUAL_LIFT_M=0.06089 LEFT_CONTACT=1 RIGHT_CONTACT=1
TRIAL=037 PHASE=HOLD
TRIAL=037 HOLD_SIM_SEC=0.000 HOLD_WALL_SEC=0.000 ACTUAL_LIFT_M=0.07195 RELATIVE_SLIP_M=0.00000 LEFT_CONTACT=1 RIGHT_CONTACT=1
TRIAL=037 HOLD_SIM_SEC=0.888 HOLD_WALL_SEC=1.001 ACTUAL_LIFT_M=0.07522 RELATIVE_SLIP_M=0.00000 LEFT_CONTACT=1 RIGHT_CONTACT=1
TRIAL=037 HOLD_SIM_SEC=1.808 HOLD_WALL_SEC=2.001 ACTUAL_LIFT_M=0.07515 RELATIVE_SLIP_M=0.00000 LEFT_CONTACT=1 RIGHT_CONTACT=1
TRIAL=037 HOLD_SIM_SEC=2.756 HOLD_WALL_SEC=3.001 ACTUAL_LIFT_M=0.07507 RELATIVE_SLIP_M=0.00000 LEFT_CONTACT=1 RIGHT_CONTACT=1
TRIAL=037 HOLD_SIM_SEC=3.694 HOLD_WALL_SEC=4.001 ACTUAL_LIFT_M=0.07498 RELATIVE_SLIP_M=0.00000 LEFT_CONTACT=1 RIGHT_CONTACT=1
TRIAL=037 HOLD_SIM_SEC=4.608 HOLD_WALL_SEC=5.001 ACTUAL_LIFT_M=0.07490 RELATIVE_SLIP_M=0.00000 LEFT_CONTACT=1 RIGHT_CONTACT=1
TRIAL=037 PHASE=PLACE_DOWN
TRIAL=037 PHASE=OPEN_GRIPPER
TRIAL=037 PHASE=RETREAT_PREGRASP
TRIAL=037 PHASE=GRASP_SUCCESS
TRIAL=037 DAY5_PLACE_RELEASE=PASS
DAY4_GRASP_RESULT=SUCCESS
DAY4_STEP=1 EPISODE=037 STEP=04 DIST=0.005632 YAW_ERR_DEG=0.024 REQUESTED_MOVE=0.004949 EXECUTED_MOVE=0.004872 ATTEMPT=1 SUCCESS=1 TERMINATED=1 TRUNCATED=0
DAY7_EPISODE=37 LEVEL=L1 VALID=31/50 TECHNICAL=False SUCCESS=True REASON=
DAY4_RESET_GRIPPER=OPEN ANGLE_RAD=1.570000 EFFORT_NM=1.200000
DAY4_RESET_GRIPPER=AFTER_INITIAL_MOVE ANGLE_RAD=1.570000 EFFORT_NM=1.200000
TRIAL=038 VISUAL_CENTER=[0.3057781457901001, 0.00693732313811779, 0.025826758486904022] SURFACE=[0.3057781457901001, 0.00693732313811779, 0.050826758486904024] CONTOUR_DEG=0.01 AXIS_STD_DEG=0.10 FOOTPRINT=[0.049976546317338943, 0.049976546317338943] CONFIDENCE=0.9717
TRIAL=038 SELECTED_CONTOUR_ORIENTATION=+90.01deg TILT=19.6 LEAN=+1 SYMMETRY=1 IK_FK_POS_ERROR=0.000003m IK_FK_ORIENTATION_ERROR=0.000000rad FINGER_FK_LIFT=0.080000m FINGER_FK_DRIFT=0.000000m JOINT_MOTION=3.004984rad
DAY4_MOTION_DONE=1 ELAPSED_SIM=1.202 INITIAL_ERR=0.01666 FINAL_ERR=0.00028 ARM_V=0.00309
DAY4_STEP=1 EPISODE=038 STEP=01 DIST=0.020269 YAW_ERR_DEG=0.006 REQUESTED_MOVE=0.005002 EXECUTED_MOVE=0.004913 ATTEMPT=0 SUCCESS=0 TERMINATED=0 TRUNCATED=0
DAY4_MOTION_DONE=1 ELAPSED_SIM=1.200 INITIAL_ERR=0.01713 FINAL_ERR=0.00028 ARM_V=0.00317
DAY4_STEP=1 EPISODE=038 STEP=02 DIST=0.015380 YAW_ERR_DEG=0.012 REQUESTED_MOVE=0.004969 EXECUTED_MOVE=0.004883 ATTEMPT=0 SUCCESS=0 TERMINATED=0 TRUNCATED=0
DAY4_MOTION_DONE=1 ELAPSED_SIM=1.202 INITIAL_ERR=0.01728 FINAL_ERR=0.00029 ARM_V=0.00319
DAY4_STEP=1 EPISODE=038 STEP=03 DIST=0.010501 YAW_ERR_DEG=0.017 REQUESTED_MOVE=0.004957 EXECUTED_MOVE=0.004872 ATTEMPT=0 SUCCESS=0 TERMINATED=0 TRUNCATED=0
DAY4_MOTION_DONE=1 ELAPSED_SIM=1.200 INITIAL_ERR=0.01735 FINAL_ERR=0.00029 ARM_V=0.00321
DAY4_GRASP_ATTEMPT=1
TRIAL=038 PHASE=CLOSE_SEARCH
TRIAL=038 LEFT_CONTACT=0 RIGHT_CONTACT=0 STALL=0
TRIAL=038 LEFT_CONTACT=1 RIGHT_CONTACT=0 STALL=0
TRIAL=038 PHASE=WAIT_DUAL_CONTACT
TRIAL=038 PHASE=WAIT_STALL
TRIAL=038 LEFT_CONTACT=1 RIGHT_CONTACT=1 STALL=0 GRIPPER_ERROR=0.06797 VELOCITY=0.04004 CLOSURE_M=0.00035
TRIAL=038 LEFT_CONTACT=1 RIGHT_CONTACT=1 STALL=0 GRIPPER_ERROR=0.04494 VELOCITY=0.01330 CLOSURE_M=0.00104
TRIAL=038 LEFT_CONTACT=1 RIGHT_CONTACT=1 STALL=0 GRIPPER_ERROR=0.03736 VELOCITY=0.00601 CLOSURE_M=0.00127
TRIAL=038 LEFT_CONTACT=1 RIGHT_CONTACT=1 STALL=0 GRIPPER_ERROR=0.03253 VELOCITY=0.00482 CLOSURE_M=0.00142
TRIAL=038 PHASE=LIFT_80_MM
TRIAL=038 ACTUAL_LIFT_M=-0.00003 LEFT_CONTACT=1 RIGHT_CONTACT=1
TRIAL=038 ACTUAL_LIFT_M=0.02787 LEFT_CONTACT=1 RIGHT_CONTACT=1
TRIAL=038 ACTUAL_LIFT_M=0.06077 LEFT_CONTACT=1 RIGHT_CONTACT=1
TRIAL=038 PHASE=HOLD
TRIAL=038 HOLD_SIM_SEC=0.000 HOLD_WALL_SEC=0.000 ACTUAL_LIFT_M=0.07184 RELATIVE_SLIP_M=0.00000 LEFT_CONTACT=1 RIGHT_CONTACT=1
TRIAL=038 HOLD_SIM_SEC=0.882 HOLD_WALL_SEC=1.001 ACTUAL_LIFT_M=0.07525 RELATIVE_SLIP_M=0.00000 LEFT_CONTACT=1 RIGHT_CONTACT=1
TRIAL=038 HOLD_SIM_SEC=1.816 HOLD_WALL_SEC=2.001 ACTUAL_LIFT_M=0.07518 RELATIVE_SLIP_M=0.00000 LEFT_CONTACT=1 RIGHT_CONTACT=1
TRIAL=038 HOLD_SIM_SEC=2.760 HOLD_WALL_SEC=3.001 ACTUAL_LIFT_M=0.07510 RELATIVE_SLIP_M=0.00000 LEFT_CONTACT=1 RIGHT_CONTACT=1
TRIAL=038 HOLD_SIM_SEC=3.688 HOLD_WALL_SEC=4.001 ACTUAL_LIFT_M=0.07502 RELATIVE_SLIP_M=0.00000 LEFT_CONTACT=1 RIGHT_CONTACT=1
TRIAL=038 HOLD_SIM_SEC=4.626 HOLD_WALL_SEC=5.001 ACTUAL_LIFT_M=0.07493 RELATIVE_SLIP_M=0.00000 LEFT_CONTACT=1 RIGHT_CONTACT=1
TRIAL=038 PHASE=PLACE_DOWN
TRIAL=038 PHASE=OPEN_GRIPPER
TRIAL=038 PHASE=RETREAT_PREGRASP
TRIAL=038 PHASE=GRASP_SUCCESS
TRIAL=038 DAY5_PLACE_RELEASE=PASS
DAY4_GRASP_RESULT=SUCCESS
DAY4_STEP=1 EPISODE=038 STEP=04 DIST=0.005639 YAW_ERR_DEG=0.021 REQUESTED_MOVE=0.004949 EXECUTED_MOVE=0.004864 ATTEMPT=1 SUCCESS=1 TERMINATED=1 TRUNCATED=0
DAY7_EPISODE=38 LEVEL=L1 VALID=32/50 TECHNICAL=False SUCCESS=True REASON=
DAY4_RESET_GRIPPER=OPEN ANGLE_RAD=1.570000 EFFORT_NM=1.200000
DAY4_RESET_GRIPPER=AFTER_INITIAL_MOVE ANGLE_RAD=1.570000 EFFORT_NM=1.200000
TRIAL=039 VISUAL_CENTER=[0.3174474239349365, -0.012354845413938165, 0.023993360600868797] SURFACE=[0.3174474239349365, -0.012354845413938165, 0.0489933606008688] CONTOUR_DEG=0.15 AXIS_STD_DEG=0.09 FOOTPRINT=[0.04991983622312546, 0.04991983622312546] CONFIDENCE=0.9812
TRIAL=039 SELECTED_CONTOUR_ORIENTATION=+90.15deg TILT=24.9 LEAN=+1 SYMMETRY=1 IK_FK_POS_ERROR=0.000007m IK_FK_ORIENTATION_ERROR=0.000000rad FINGER_FK_LIFT=0.080000m FINGER_FK_DRIFT=0.000000m JOINT_MOTION=3.028592rad
DAY4_MOTION_DONE=1 ELAPSED_SIM=1.202 INITIAL_ERR=0.01621 FINAL_ERR=0.00027 ARM_V=0.00300
DAY4_STEP=1 EPISODE=039 STEP=01 DIST=0.020302 YAW_ERR_DEG=0.010 REQUESTED_MOVE=0.004999 EXECUTED_MOVE=0.004909 ATTEMPT=0 SUCCESS=0 TERMINATED=0 TRUNCATED=0
DAY4_MOTION_DONE=1 ELAPSED_SIM=1.200 INITIAL_ERR=0.01676 FINAL_ERR=0.00028 ARM_V=0.00310
DAY4_STEP=1 EPISODE=039 STEP=02 DIST=0.015412 YAW_ERR_DEG=0.017 REQUESTED_MOVE=0.004971 EXECUTED_MOVE=0.004884 ATTEMPT=0 SUCCESS=0 TERMINATED=0 TRUNCATED=0
DAY4_MOTION_DONE=1 ELAPSED_SIM=1.200 INITIAL_ERR=0.01697 FINAL_ERR=0.00028 ARM_V=0.00313
DAY4_STEP=1 EPISODE=039 STEP=03 DIST=0.010539 YAW_ERR_DEG=0.022 REQUESTED_MOVE=0.004960 EXECUTED_MOVE=0.004874 ATTEMPT=0 SUCCESS=0 TERMINATED=0 TRUNCATED=0
DAY4_MOTION_DONE=1 ELAPSED_SIM=1.200 INITIAL_ERR=0.01705 FINAL_ERR=0.00031 ARM_V=0.00350
DAY4_GRASP_ATTEMPT=1
TRIAL=039 PHASE=CLOSE_SEARCH
TRIAL=039 LEFT_CONTACT=0 RIGHT_CONTACT=0 STALL=0
TRIAL=039 LEFT_CONTACT=0 RIGHT_CONTACT=1 STALL=0
TRIAL=039 PHASE=WAIT_DUAL_CONTACT
TRIAL=039 PHASE=WAIT_STALL
TRIAL=039 LEFT_CONTACT=1 RIGHT_CONTACT=1 STALL=0 GRIPPER_ERROR=0.06539 VELOCITY=0.03899 CLOSURE_M=0.00041
TRIAL=039 LEFT_CONTACT=1 RIGHT_CONTACT=1 STALL=0 GRIPPER_ERROR=0.04540 VELOCITY=0.01031 CLOSURE_M=0.00098
TRIAL=039 LEFT_CONTACT=1 RIGHT_CONTACT=1 STALL=0 GRIPPER_ERROR=0.03850 VELOCITY=0.00580 CLOSURE_M=0.00118
TRIAL=039 LEFT_CONTACT=1 RIGHT_CONTACT=1 STALL=0 GRIPPER_ERROR=0.03367 VELOCITY=0.00480 CLOSURE_M=0.00132
TRIAL=039 LEFT_CONTACT=1 RIGHT_CONTACT=1 STALL=0 GRIPPER_ERROR=0.02938 VELOCITY=0.00452 CLOSURE_M=0.00145
TRIAL=039 PHASE=LIFT_80_MM
TRIAL=039 ACTUAL_LIFT_M=-0.00002 LEFT_CONTACT=1 RIGHT_CONTACT=1
TRIAL=039 ACTUAL_LIFT_M=0.02757 LEFT_CONTACT=1 RIGHT_CONTACT=1
TRIAL=039 ACTUAL_LIFT_M=0.05972 LEFT_CONTACT=1 RIGHT_CONTACT=1
TRIAL=039 PHASE=HOLD
TRIAL=039 HOLD_SIM_SEC=0.000 HOLD_WALL_SEC=0.000 ACTUAL_LIFT_M=0.07211 RELATIVE_SLIP_M=0.00000 LEFT_CONTACT=1 RIGHT_CONTACT=1
TRIAL=039 HOLD_SIM_SEC=0.886 HOLD_WALL_SEC=1.001 ACTUAL_LIFT_M=0.07508 RELATIVE_SLIP_M=0.00028 LEFT_CONTACT=1 RIGHT_CONTACT=1
TRIAL=039 HOLD_SIM_SEC=1.830 HOLD_WALL_SEC=2.001 ACTUAL_LIFT_M=0.07501 RELATIVE_SLIP_M=0.00028 LEFT_CONTACT=1 RIGHT_CONTACT=1
TRIAL=039 HOLD_SIM_SEC=2.774 HOLD_WALL_SEC=3.001 ACTUAL_LIFT_M=0.07492 RELATIVE_SLIP_M=0.00028 LEFT_CONTACT=1 RIGHT_CONTACT=1
TRIAL=039 HOLD_SIM_SEC=3.702 HOLD_WALL_SEC=4.001 ACTUAL_LIFT_M=0.07484 RELATIVE_SLIP_M=0.00028 LEFT_CONTACT=1 RIGHT_CONTACT=1
TRIAL=039 HOLD_SIM_SEC=4.660 HOLD_WALL_SEC=5.002 ACTUAL_LIFT_M=0.07478 RELATIVE_SLIP_M=0.00028 LEFT_CONTACT=1 RIGHT_CONTACT=1
TRIAL=039 PHASE=PLACE_DOWN
TRIAL=039 PHASE=OPEN_GRIPPER
TRIAL=039 PHASE=RETREAT_PREGRASP
TRIAL=039 PHASE=GRASP_SUCCESS
TRIAL=039 DAY5_PLACE_RELEASE=PASS
DAY4_GRASP_RESULT=SUCCESS
DAY4_STEP=1 EPISODE=039 STEP=04 DIST=0.005685 YAW_ERR_DEG=0.025 REQUESTED_MOVE=0.004952 EXECUTED_MOVE=0.004857 ATTEMPT=1 SUCCESS=1 TERMINATED=1 TRUNCATED=0
DAY7_EPISODE=39 LEVEL=L1 VALID=33/50 TECHNICAL=False SUCCESS=True REASON=
DAY4_RESET_GRIPPER=OPEN ANGLE_RAD=1.570000 EFFORT_NM=1.200000
DAY4_RESET_GRIPPER=AFTER_INITIAL_MOVE ANGLE_RAD=1.570000 EFFORT_NM=1.200000
TRIAL=040 VISUAL_CENTER=[0.29647813737392426, 0.001268148422241211, 0.02440855612082949] SURFACE=[0.29647813737392426, 0.001268148422241211, 0.04940855612082949] CONTOUR_DEG=0.13 AXIS_STD_DEG=0.07 FOOTPRINT=[0.049949536100029945, 0.049949536100029945] CONFIDENCE=0.9714
TRIAL=040 SELECTED_CONTOUR_ORIENTATION=+90.13deg TILT=15.1 LEAN=+1 SYMMETRY=1 IK_FK_POS_ERROR=0.000000m IK_FK_ORIENTATION_ERROR=0.000000rad FINGER_FK_LIFT=0.080000m FINGER_FK_DRIFT=0.000000m JOINT_MOTION=3.038730rad
DAY4_MOTION_DONE=1 ELAPSED_SIM=1.202 INITIAL_ERR=0.01714 FINAL_ERR=0.00032 ARM_V=0.00353
DAY4_STEP=1 EPISODE=040 STEP=01 DIST=0.020237 YAW_ERR_DEG=0.007 REQUESTED_MOVE=0.005003 EXECUTED_MOVE=0.004906 ATTEMPT=0 SUCCESS=0 TERMINATED=0 TRUNCATED=0
DAY4_MOTION_DONE=1 ELAPSED_SIM=1.202 INITIAL_ERR=0.01746 FINAL_ERR=0.00032 ARM_V=0.00359
DAY4_STEP=1 EPISODE=040 STEP=02 DIST=0.015364 YAW_ERR_DEG=0.014 REQUESTED_MOVE=0.004968 EXECUTED_MOVE=0.004874 ATTEMPT=0 SUCCESS=0 TERMINATED=0 TRUNCATED=0
DAY4_MOTION_DONE=1 ELAPSED_SIM=1.200 INITIAL_ERR=0.01758 FINAL_ERR=0.00026 ARM_V=0.00293
DAY4_STEP=1 EPISODE=040 STEP=03 DIST=0.010486 YAW_ERR_DEG=0.019 REQUESTED_MOVE=0.004956 EXECUTED_MOVE=0.004880 ATTEMPT=0 SUCCESS=0 TERMINATED=0 TRUNCATED=0
DAY4_MOTION_DONE=1 ELAPSED_SIM=1.202 INITIAL_ERR=0.01764 FINAL_ERR=0.00029 ARM_V=0.00326
DAY4_GRASP_ATTEMPT=1
TRIAL=040 PHASE=CLOSE_SEARCH
TRIAL=040 LEFT_CONTACT=0 RIGHT_CONTACT=0 STALL=0
TRIAL=040 LEFT_CONTACT=0 RIGHT_CONTACT=1 STALL=0
TRIAL=040 PHASE=WAIT_DUAL_CONTACT
TRIAL=040 PHASE=WAIT_STALL
TRIAL=040 LEFT_CONTACT=1 RIGHT_CONTACT=1 STALL=0 GRIPPER_ERROR=0.06979 VELOCITY=0.04377 CLOSURE_M=0.00031
TRIAL=040 LEFT_CONTACT=1 RIGHT_CONTACT=1 STALL=0 GRIPPER_ERROR=0.04480 VELOCITY=0.01282 CLOSURE_M=0.00109
TRIAL=040 LEFT_CONTACT=1 RIGHT_CONTACT=1 STALL=0 GRIPPER_ERROR=0.03746 VELOCITY=0.00602 CLOSURE_M=0.00133
TRIAL=040 LEFT_CONTACT=1 RIGHT_CONTACT=1 STALL=0 GRIPPER_ERROR=0.03254 VELOCITY=0.00480 CLOSURE_M=0.00149
TRIAL=040 PHASE=LIFT_80_MM
TRIAL=040 ACTUAL_LIFT_M=-0.00018 LEFT_CONTACT=1 RIGHT_CONTACT=1
TRIAL=040 ACTUAL_LIFT_M=0.02692 LEFT_CONTACT=1 RIGHT_CONTACT=1
TRIAL=040 ACTUAL_LIFT_M=0.05982 LEFT_CONTACT=1 RIGHT_CONTACT=1
TRIAL=040 PHASE=HOLD
TRIAL=040 HOLD_SIM_SEC=0.000 HOLD_WALL_SEC=0.000 ACTUAL_LIFT_M=0.07224 RELATIVE_SLIP_M=0.00000 LEFT_CONTACT=1 RIGHT_CONTACT=1
TRIAL=040 HOLD_SIM_SEC=0.890 HOLD_WALL_SEC=1.001 ACTUAL_LIFT_M=0.07512 RELATIVE_SLIP_M=0.00003 LEFT_CONTACT=1 RIGHT_CONTACT=1
TRIAL=040 HOLD_SIM_SEC=1.834 HOLD_WALL_SEC=2.001 ACTUAL_LIFT_M=0.07504 RELATIVE_SLIP_M=0.00003 LEFT_CONTACT=1 RIGHT_CONTACT=1
TRIAL=040 HOLD_SIM_SEC=2.772 HOLD_WALL_SEC=3.001 ACTUAL_LIFT_M=0.07496 RELATIVE_SLIP_M=0.00003 LEFT_CONTACT=1 RIGHT_CONTACT=1
TRIAL=040 HOLD_SIM_SEC=3.728 HOLD_WALL_SEC=4.001 ACTUAL_LIFT_M=0.07487 RELATIVE_SLIP_M=0.00003 LEFT_CONTACT=1 RIGHT_CONTACT=1
TRIAL=040 HOLD_SIM_SEC=4.674 HOLD_WALL_SEC=5.002 ACTUAL_LIFT_M=0.07479 RELATIVE_SLIP_M=0.00003 LEFT_CONTACT=1 RIGHT_CONTACT=1
TRIAL=040 PHASE=PLACE_DOWN
TRIAL=040 PHASE=OPEN_GRIPPER
TRIAL=040 PHASE=RETREAT_PREGRASP
TRIAL=040 PHASE=GRASP_SUCCESS
TRIAL=040 DAY5_PLACE_RELEASE=PASS
DAY4_GRASP_RESULT=SUCCESS
DAY4_STEP=1 EPISODE=040 STEP=04 DIST=0.005617 YAW_ERR_DEG=0.023 REQUESTED_MOVE=0.004947 EXECUTED_MOVE=0.004863 ATTEMPT=1 SUCCESS=1 TERMINATED=1 TRUNCATED=0
DAY7_EPISODE=40 LEVEL=L1 VALID=34/50 TECHNICAL=False SUCCESS=True REASON=
DAY4_RESET_GRIPPER=OPEN ANGLE_RAD=1.570000 EFFORT_NM=1.200000
DAY4_RESET_GRIPPER=AFTER_INITIAL_MOVE ANGLE_RAD=1.570000 EFFORT_NM=1.200000
TRIAL=041 VISUAL_CENTER=[0.3152758777141571, -0.0034892642870545387, 0.025148975107735373] SURFACE=[0.3152758777141571, -0.0034892642870545387, 0.050148975107735375] CONTOUR_DEG=0.06 AXIS_STD_DEG=0.07 FOOTPRINT=[0.04987621307373047, 0.04987621307373047] CONFIDENCE=0.9791
TRIAL=041 SELECTED_CONTOUR_ORIENTATION=+90.06deg TILT=23.9 LEAN=+1 SYMMETRY=1 IK_FK_POS_ERROR=0.000002m IK_FK_ORIENTATION_ERROR=0.000000rad FINGER_FK_LIFT=0.080000m FINGER_FK_DRIFT=0.000000m JOINT_MOTION=3.018634rad
DAY4_MOTION_DONE=1 ELAPSED_SIM=1.202 INITIAL_ERR=0.01628 FINAL_ERR=0.00024 ARM_V=0.00271
DAY4_STEP=1 EPISODE=041 STEP=01 DIST=0.020290 YAW_ERR_DEG=0.008 REQUESTED_MOVE=0.005000 EXECUTED_MOVE=0.004918 ATTEMPT=0 SUCCESS=0 TERMINATED=0 TRUNCATED=0
DAY4_MOTION_DONE=1 ELAPSED_SIM=1.202 INITIAL_ERR=0.01679 FINAL_ERR=0.00025 ARM_V=0.00280
DAY4_STEP=1 EPISODE=041 STEP=02 DIST=0.015392 YAW_ERR_DEG=0.014 REQUESTED_MOVE=0.004970 EXECUTED_MOVE=0.004892 ATTEMPT=0 SUCCESS=0 TERMINATED=0 TRUNCATED=0
DAY4_MOTION_DONE=1 ELAPSED_SIM=1.202 INITIAL_ERR=0.01699 FINAL_ERR=0.00025 ARM_V=0.00283
DAY4_STEP=1 EPISODE=041 STEP=03 DIST=0.010512 YAW_ERR_DEG=0.019 REQUESTED_MOVE=0.004959 EXECUTED_MOVE=0.004881 ATTEMPT=0 SUCCESS=0 TERMINATED=0 TRUNCATED=0
DAY4_MOTION_DONE=1 ELAPSED_SIM=1.202 INITIAL_ERR=0.01707 FINAL_ERR=0.00023 ARM_V=0.00256
DAY4_GRASP_ATTEMPT=1
TRIAL=041 PHASE=CLOSE_SEARCH
TRIAL=041 LEFT_CONTACT=0 RIGHT_CONTACT=0 STALL=0
TRIAL=041 LEFT_CONTACT=1 RIGHT_CONTACT=0 STALL=0
TRIAL=041 PHASE=WAIT_DUAL_CONTACT
TRIAL=041 PHASE=WAIT_STALL
TRIAL=041 LEFT_CONTACT=1 RIGHT_CONTACT=1 STALL=0 GRIPPER_ERROR=0.07458 VELOCITY=0.03984 CLOSURE_M=0.00016
TRIAL=041 LEFT_CONTACT=1 RIGHT_CONTACT=1 STALL=0 GRIPPER_ERROR=0.04722 VELOCITY=0.01479 CLOSURE_M=0.00098
TRIAL=041 LEFT_CONTACT=1 RIGHT_CONTACT=1 STALL=0 GRIPPER_ERROR=0.03857 VELOCITY=0.00667 CLOSURE_M=0.00125
TRIAL=041 LEFT_CONTACT=1 RIGHT_CONTACT=1 STALL=0 GRIPPER_ERROR=0.03315 VELOCITY=0.00496 CLOSURE_M=0.00142
TRIAL=041 PHASE=LIFT_80_MM
TRIAL=041 ACTUAL_LIFT_M=-0.00008 LEFT_CONTACT=1 RIGHT_CONTACT=1
TRIAL=041 ACTUAL_LIFT_M=0.02801 LEFT_CONTACT=1 RIGHT_CONTACT=1
TRIAL=041 ACTUAL_LIFT_M=0.06019 LEFT_CONTACT=1 RIGHT_CONTACT=1
TRIAL=041 PHASE=HOLD
TRIAL=041 HOLD_SIM_SEC=0.000 HOLD_WALL_SEC=0.000 ACTUAL_LIFT_M=0.07192 RELATIVE_SLIP_M=0.00000 LEFT_CONTACT=1 RIGHT_CONTACT=1
TRIAL=041 HOLD_SIM_SEC=0.878 HOLD_WALL_SEC=1.001 ACTUAL_LIFT_M=0.07511 RELATIVE_SLIP_M=0.00000 LEFT_CONTACT=1 RIGHT_CONTACT=1
TRIAL=041 HOLD_SIM_SEC=1.832 HOLD_WALL_SEC=2.001 ACTUAL_LIFT_M=0.07505 RELATIVE_SLIP_M=0.00000 LEFT_CONTACT=1 RIGHT_CONTACT=1
TRIAL=041 HOLD_SIM_SEC=2.782 HOLD_WALL_SEC=3.001 ACTUAL_LIFT_M=0.07497 RELATIVE_SLIP_M=0.00000 LEFT_CONTACT=1 RIGHT_CONTACT=1
TRIAL=041 HOLD_SIM_SEC=3.718 HOLD_WALL_SEC=4.002 ACTUAL_LIFT_M=0.07489 RELATIVE_SLIP_M=0.00000 LEFT_CONTACT=1 RIGHT_CONTACT=1
TRIAL=041 HOLD_SIM_SEC=4.654 HOLD_WALL_SEC=5.002 ACTUAL_LIFT_M=0.07481 RELATIVE_SLIP_M=0.00000 LEFT_CONTACT=1 RIGHT_CONTACT=1
TRIAL=041 PHASE=PLACE_DOWN
TRIAL=041 PHASE=OPEN_GRIPPER
TRIAL=041 PHASE=RETREAT_PREGRASP
TRIAL=041 PHASE=GRASP_SUCCESS
TRIAL=041 DAY5_PLACE_RELEASE=PASS
DAY4_GRASP_RESULT=SUCCESS
DAY4_STEP=1 EPISODE=041 STEP=04 DIST=0.005634 YAW_ERR_DEG=0.023 REQUESTED_MOVE=0.004951 EXECUTED_MOVE=0.004881 ATTEMPT=1 SUCCESS=1 TERMINATED=1 TRUNCATED=0
DAY7_EPISODE=41 LEVEL=L1 VALID=35/50 TECHNICAL=False SUCCESS=True REASON=
DAY4_RESET_GRIPPER=OPEN ANGLE_RAD=1.570000 EFFORT_NM=1.200000
DAY4_RESET_GRIPPER=AFTER_INITIAL_MOVE ANGLE_RAD=1.570000 EFFORT_NM=1.200000
TRIAL=042 VISUAL_CENTER=[0.29766836762428284, 0.0007758839055895805, 0.02480139526839848] SURFACE=[0.29766836762428284, 0.0007758839055895805, 0.04980139526839848] CONTOUR_DEG=-0.17 AXIS_STD_DEG=0.11 FOOTPRINT=[0.049966614693403244, 0.049966614693403244] CONFIDENCE=0.9697
TRIAL=042 SELECTED_CONTOUR_ORIENTATION=+89.83deg TILT=15.7 LEAN=+1 SYMMETRY=1 IK_FK_POS_ERROR=0.000001m IK_FK_ORIENTATION_ERROR=0.000000rad FINGER_FK_LIFT=0.080000m FINGER_FK_DRIFT=0.000000m JOINT_MOTION=3.003977rad
DAY4_MOTION_DONE=1 ELAPSED_SIM=1.200 INITIAL_ERR=0.01708 FINAL_ERR=0.00028 ARM_V=0.00316
DAY4_STEP=1 EPISODE=042 STEP=01 DIST=0.020225 YAW_ERR_DEG=0.007 REQUESTED_MOVE=0.005003 EXECUTED_MOVE=0.004914 ATTEMPT=0 SUCCESS=0 TERMINATED=0 TRUNCATED=0
DAY4_MOTION_DONE=1 ELAPSED_SIM=1.200 INITIAL_ERR=0.01746 FINAL_ERR=0.00026 ARM_V=0.00291
DAY4_STEP=1 EPISODE=042 STEP=02 DIST=0.015336 YAW_ERR_DEG=0.014 REQUESTED_MOVE=0.004968 EXECUTED_MOVE=0.004891 ATTEMPT=0 SUCCESS=0 TERMINATED=0 TRUNCATED=0
DAY4_MOTION_DONE=1 ELAPSED_SIM=1.202 INITIAL_ERR=0.01756 FINAL_ERR=0.00026 ARM_V=0.00292
DAY4_STEP=1 EPISODE=042 STEP=03 DIST=0.010457 YAW_ERR_DEG=0.019 REQUESTED_MOVE=0.004956 EXECUTED_MOVE=0.004880 ATTEMPT=0 SUCCESS=0 TERMINATED=0 TRUNCATED=0
DAY4_MOTION_DONE=1 ELAPSED_SIM=1.202 INITIAL_ERR=0.01759 FINAL_ERR=0.00029 ARM_V=0.00326
DAY4_GRASP_ATTEMPT=1
TRIAL=042 PHASE=CLOSE_SEARCH
TRIAL=042 LEFT_CONTACT=0 RIGHT_CONTACT=0 STALL=0
TRIAL=042 LEFT_CONTACT=1 RIGHT_CONTACT=0 STALL=0
TRIAL=042 PHASE=WAIT_DUAL_CONTACT
TRIAL=042 PHASE=WAIT_STALL
TRIAL=042 LEFT_CONTACT=1 RIGHT_CONTACT=1 STALL=0 GRIPPER_ERROR=0.07240 VELOCITY=0.04535 CLOSURE_M=0.00023
TRIAL=042 LEFT_CONTACT=1 RIGHT_CONTACT=1 STALL=0 GRIPPER_ERROR=0.04678 VELOCITY=0.01416 CLOSURE_M=0.00103
TRIAL=042 LEFT_CONTACT=1 RIGHT_CONTACT=1 STALL=0 GRIPPER_ERROR=0.03945 VELOCITY=0.00597 CLOSURE_M=0.00126
TRIAL=042 LEFT_CONTACT=1 RIGHT_CONTACT=1 STALL=0 GRIPPER_ERROR=0.03449 VELOCITY=0.00478 CLOSURE_M=0.00142
TRIAL=042 PHASE=LIFT_80_MM
TRIAL=042 ACTUAL_LIFT_M=-0.00008 LEFT_CONTACT=1 RIGHT_CONTACT=1
TRIAL=042 ACTUAL_LIFT_M=0.02729 LEFT_CONTACT=1 RIGHT_CONTACT=1
TRIAL=042 ACTUAL_LIFT_M=0.06009 LEFT_CONTACT=1 RIGHT_CONTACT=1
TRIAL=042 PHASE=HOLD
TRIAL=042 HOLD_SIM_SEC=0.000 HOLD_WALL_SEC=0.000 ACTUAL_LIFT_M=0.07180 RELATIVE_SLIP_M=0.00000 LEFT_CONTACT=1 RIGHT_CONTACT=1
TRIAL=042 HOLD_SIM_SEC=0.882 HOLD_WALL_SEC=1.000 ACTUAL_LIFT_M=0.07498 RELATIVE_SLIP_M=0.00000 LEFT_CONTACT=1 RIGHT_CONTACT=1
TRIAL=042 HOLD_SIM_SEC=1.836 HOLD_WALL_SEC=2.001 ACTUAL_LIFT_M=0.07491 RELATIVE_SLIP_M=0.00000 LEFT_CONTACT=1 RIGHT_CONTACT=1
TRIAL=042 HOLD_SIM_SEC=2.788 HOLD_WALL_SEC=3.001 ACTUAL_LIFT_M=0.07483 RELATIVE_SLIP_M=0.00000 LEFT_CONTACT=1 RIGHT_CONTACT=1
TRIAL=042 HOLD_SIM_SEC=3.726 HOLD_WALL_SEC=4.001 ACTUAL_LIFT_M=0.07475 RELATIVE_SLIP_M=0.00000 LEFT_CONTACT=1 RIGHT_CONTACT=1
TRIAL=042 HOLD_SIM_SEC=4.668 HOLD_WALL_SEC=5.001 ACTUAL_LIFT_M=0.07466 RELATIVE_SLIP_M=0.00000 LEFT_CONTACT=1 RIGHT_CONTACT=1
TRIAL=042 PHASE=PLACE_DOWN
TRIAL=042 PHASE=OPEN_GRIPPER
TRIAL=042 PHASE=RETREAT_PREGRASP
TRIAL=042 PHASE=GRASP_SUCCESS
TRIAL=042 DAY5_PLACE_RELEASE=PASS
DAY4_GRASP_RESULT=SUCCESS
DAY4_STEP=1 EPISODE=042 STEP=04 DIST=0.005589 YAW_ERR_DEG=0.023 REQUESTED_MOVE=0.004948 EXECUTED_MOVE=0.004864 ATTEMPT=1 SUCCESS=1 TERMINATED=1 TRUNCATED=0
DAY7_EPISODE=42 LEVEL=L1 VALID=36/50 TECHNICAL=False SUCCESS=True REASON=
DAY4_RESET_GRIPPER=OPEN ANGLE_RAD=1.570000 EFFORT_NM=1.200000
DAY4_RESET_GRIPPER=AFTER_INITIAL_MOVE ANGLE_RAD=1.570000 EFFORT_NM=1.200000
TRIAL=043 VISUAL_CENTER=[0.31048040091991425, 0.012947543291375041, 0.022072197828571942] SURFACE=[0.31048040091991425, 0.012947543291375041, 0.04707219782857194] CONTOUR_DEG=-0.23 AXIS_STD_DEG=0.09 FOOTPRINT=[0.04978800192475319, 0.04978800192475319] CONFIDENCE=0.9759
TRIAL=043 SELECTED_CONTOUR_ORIENTATION=+89.77deg TILT=21.5 LEAN=+1 SYMMETRY=1 IK_FK_POS_ERROR=0.000006m IK_FK_ORIENTATION_ERROR=0.000000rad FINGER_FK_LIFT=0.080000m FINGER_FK_DRIFT=0.000000m JOINT_MOTION=3.025638rad
DAY4_MOTION_DONE=1 ELAPSED_SIM=1.202 INITIAL_ERR=0.01659 FINAL_ERR=0.00028 ARM_V=0.00307
DAY4_STEP=1 EPISODE=043 STEP=01 DIST=0.020270 YAW_ERR_DEG=0.004 REQUESTED_MOVE=0.004998 EXECUTED_MOVE=0.004909 ATTEMPT=0 SUCCESS=0 TERMINATED=0 TRUNCATED=0
DAY4_MOTION_DONE=1 ELAPSED_SIM=1.200 INITIAL_ERR=0.01701 FINAL_ERR=0.00025 ARM_V=0.00283
DAY4_STEP=1 EPISODE=043 STEP=02 DIST=0.015380 YAW_ERR_DEG=0.010 REQUESTED_MOVE=0.004970 EXECUTED_MOVE=0.004892 ATTEMPT=0 SUCCESS=0 TERMINATED=0 TRUNCATED=0
DAY4_MOTION_DONE=1 ELAPSED_SIM=1.202 INITIAL_ERR=0.01719 FINAL_ERR=0.00026 ARM_V=0.00286
DAY4_STEP=1 EPISODE=043 STEP=03 DIST=0.010500 YAW_ERR_DEG=0.014 REQUESTED_MOVE=0.004958 EXECUTED_MOVE=0.004881 ATTEMPT=0 SUCCESS=0 TERMINATED=0 TRUNCATED=0
DAY4_MOTION_DONE=1 ELAPSED_SIM=1.200 INITIAL_ERR=0.01726 FINAL_ERR=0.00029 ARM_V=0.00319
DAY4_GRASP_ATTEMPT=1
TRIAL=043 PHASE=CLOSE_SEARCH
TRIAL=043 LEFT_CONTACT=0 RIGHT_CONTACT=0 STALL=0
TRIAL=043 LEFT_CONTACT=1 RIGHT_CONTACT=0 STALL=0
TRIAL=043 PHASE=WAIT_DUAL_CONTACT
TRIAL=043 PHASE=WAIT_STALL
TRIAL=043 LEFT_CONTACT=1 RIGHT_CONTACT=1 STALL=0 GRIPPER_ERROR=0.06566 VELOCITY=0.04010 CLOSURE_M=0.00039
TRIAL=043 LEFT_CONTACT=1 RIGHT_CONTACT=1 STALL=0 GRIPPER_ERROR=0.04370 VELOCITY=0.01186 CLOSURE_M=0.00102
TRIAL=043 LEFT_CONTACT=1 RIGHT_CONTACT=1 STALL=0 GRIPPER_ERROR=0.03632 VELOCITY=0.00608 CLOSURE_M=0.00123
TRIAL=043 LEFT_CONTACT=1 RIGHT_CONTACT=1 STALL=0 GRIPPER_ERROR=0.03136 VELOCITY=0.00485 CLOSURE_M=0.00138
TRIAL=043 LEFT_CONTACT=1 RIGHT_CONTACT=1 STALL=1 GRIPPER_ERROR=0.02697 VELOCITY=0.00450 CLOSURE_M=0.00151
TRIAL=043 PHASE=LIFT_80_MM
TRIAL=043 ACTUAL_LIFT_M=-0.00002 LEFT_CONTACT=1 RIGHT_CONTACT=1
TRIAL=043 ACTUAL_LIFT_M=0.02752 LEFT_CONTACT=1 RIGHT_CONTACT=1
TRIAL=043 ACTUAL_LIFT_M=0.05910 LEFT_CONTACT=1 RIGHT_CONTACT=1
TRIAL=043 PHASE=HOLD
TRIAL=043 HOLD_SIM_SEC=0.000 HOLD_WALL_SEC=0.000 ACTUAL_LIFT_M=0.07225 RELATIVE_SLIP_M=0.00000 LEFT_CONTACT=1 RIGHT_CONTACT=1
TRIAL=043 HOLD_SIM_SEC=0.864 HOLD_WALL_SEC=1.001 ACTUAL_LIFT_M=0.07539 RELATIVE_SLIP_M=0.00028 LEFT_CONTACT=1 RIGHT_CONTACT=1
TRIAL=043 HOLD_SIM_SEC=1.798 HOLD_WALL_SEC=2.001 ACTUAL_LIFT_M=0.07532 RELATIVE_SLIP_M=0.00028 LEFT_CONTACT=1 RIGHT_CONTACT=1
TRIAL=043 HOLD_SIM_SEC=2.734 HOLD_WALL_SEC=3.001 ACTUAL_LIFT_M=0.07524 RELATIVE_SLIP_M=0.00028 LEFT_CONTACT=1 RIGHT_CONTACT=1
TRIAL=043 HOLD_SIM_SEC=3.674 HOLD_WALL_SEC=4.001 ACTUAL_LIFT_M=0.07515 RELATIVE_SLIP_M=0.00028 LEFT_CONTACT=1 RIGHT_CONTACT=1
TRIAL=043 HOLD_SIM_SEC=4.608 HOLD_WALL_SEC=5.001 ACTUAL_LIFT_M=0.07506 RELATIVE_SLIP_M=0.00028 LEFT_CONTACT=1 RIGHT_CONTACT=1
TRIAL=043 PHASE=PLACE_DOWN
TRIAL=043 PHASE=OPEN_GRIPPER
TRIAL=043 PHASE=RETREAT_PREGRASP
TRIAL=043 PHASE=GRASP_SUCCESS
TRIAL=043 DAY5_PLACE_RELEASE=PASS
DAY4_GRASP_RESULT=SUCCESS
DAY4_STEP=1 EPISODE=043 STEP=04 DIST=0.005638 YAW_ERR_DEG=0.017 REQUESTED_MOVE=0.004950 EXECUTED_MOVE=0.004865 ATTEMPT=1 SUCCESS=1 TERMINATED=1 TRUNCATED=0
DAY7_EPISODE=43 LEVEL=L1 VALID=37/50 TECHNICAL=False SUCCESS=True REASON=
DAY4_RESET_GRIPPER=OPEN ANGLE_RAD=1.570000 EFFORT_NM=1.200000
DAY4_RESET_GRIPPER=AFTER_INITIAL_MOVE ANGLE_RAD=1.570000 EFFORT_NM=1.200000
TRIAL=044 VISUAL_CENTER=[0.3066204786300659, -0.010071935132145882, 0.02569357463063649] SURFACE=[0.3066204786300659, -0.010071935132145882, 0.05069357463063649] CONTOUR_DEG=-0.07 AXIS_STD_DEG=0.03 FOOTPRINT=[0.04992772825062275, 0.04992772825062275] CONFIDENCE=0.9731
TRIAL=044 SELECTED_CONTOUR_ORIENTATION=+89.93deg TILT=20.0 LEAN=+1 SYMMETRY=1 IK_FK_POS_ERROR=0.000004m IK_FK_ORIENTATION_ERROR=0.000000rad FINGER_FK_LIFT=0.080000m FINGER_FK_DRIFT=0.000000m JOINT_MOTION=3.006424rad
DAY4_MOTION_DONE=1 ELAPSED_SIM=1.200 INITIAL_ERR=0.01663 FINAL_ERR=0.00028 ARM_V=0.00308
DAY4_STEP=1 EPISODE=044 STEP=01 DIST=0.020262 YAW_ERR_DEG=0.009 REQUESTED_MOVE=0.005002 EXECUTED_MOVE=0.004912 ATTEMPT=0 SUCCESS=0 TERMINATED=0 TRUNCATED=0
DAY4_MOTION_DONE=1 ELAPSED_SIM=1.202 INITIAL_ERR=0.01710 FINAL_ERR=0.00028 ARM_V=0.00316
DAY4_STEP=1 EPISODE=044 STEP=02 DIST=0.015381 YAW_ERR_DEG=0.016 REQUESTED_MOVE=0.004970 EXECUTED_MOVE=0.004883 ATTEMPT=0 SUCCESS=0 TERMINATED=0 TRUNCATED=0
DAY4_MOTION_DONE=1 ELAPSED_SIM=1.202 INITIAL_ERR=0.01724 FINAL_ERR=0.00026 ARM_V=0.00287
DAY4_STEP=1 EPISODE=044 STEP=03 DIST=0.010501 YAW_ERR_DEG=0.022 REQUESTED_MOVE=0.004958 EXECUTED_MOVE=0.004881 ATTEMPT=0 SUCCESS=0 TERMINATED=0 TRUNCATED=0
DAY4_MOTION_DONE=1 ELAPSED_SIM=1.202 INITIAL_ERR=0.01730 FINAL_ERR=0.00032 ARM_V=0.00355
DAY4_GRASP_ATTEMPT=1
TRIAL=044 PHASE=CLOSE_SEARCH
TRIAL=044 LEFT_CONTACT=0 RIGHT_CONTACT=0 STALL=0
TRIAL=044 LEFT_CONTACT=1 RIGHT_CONTACT=0 STALL=0
TRIAL=044 PHASE=WAIT_DUAL_CONTACT
TRIAL=044 PHASE=WAIT_STALL
TRIAL=044 LEFT_CONTACT=1 RIGHT_CONTACT=1 STALL=0 GRIPPER_ERROR=0.06558 VELOCITY=0.03637 CLOSURE_M=0.00042
TRIAL=044 LEFT_CONTACT=1 RIGHT_CONTACT=1 STALL=0 GRIPPER_ERROR=0.04302 VELOCITY=0.01271 CLOSURE_M=0.00110
TRIAL=044 LEFT_CONTACT=1 RIGHT_CONTACT=1 STALL=0 GRIPPER_ERROR=0.03579 VELOCITY=0.00588 CLOSURE_M=0.00133
TRIAL=044 LEFT_CONTACT=1 RIGHT_CONTACT=1 STALL=0 GRIPPER_ERROR=0.03094 VELOCITY=0.00477 CLOSURE_M=0.00148
TRIAL=044 PHASE=LIFT_80_MM
TRIAL=044 ACTUAL_LIFT_M=-0.00007 LEFT_CONTACT=1 RIGHT_CONTACT=1
TRIAL=044 ACTUAL_LIFT_M=0.02699 LEFT_CONTACT=1 RIGHT_CONTACT=1
TRIAL=044 ACTUAL_LIFT_M=0.05857 LEFT_CONTACT=1 RIGHT_CONTACT=1
TRIAL=044 PHASE=HOLD
TRIAL=044 HOLD_SIM_SEC=0.000 HOLD_WALL_SEC=0.000 ACTUAL_LIFT_M=0.07241 RELATIVE_SLIP_M=0.00000 LEFT_CONTACT=1 RIGHT_CONTACT=1
TRIAL=044 HOLD_SIM_SEC=0.882 HOLD_WALL_SEC=1.001 ACTUAL_LIFT_M=0.07535 RELATIVE_SLIP_M=0.00028 LEFT_CONTACT=1 RIGHT_CONTACT=1
TRIAL=044 HOLD_SIM_SEC=1.822 HOLD_WALL_SEC=2.001 ACTUAL_LIFT_M=0.07527 RELATIVE_SLIP_M=0.00028 LEFT_CONTACT=1 RIGHT_CONTACT=1
TRIAL=044 HOLD_SIM_SEC=2.756 HOLD_WALL_SEC=3.002 ACTUAL_LIFT_M=0.07519 RELATIVE_SLIP_M=0.00028 LEFT_CONTACT=1 RIGHT_CONTACT=1
TRIAL=044 HOLD_SIM_SEC=3.684 HOLD_WALL_SEC=4.002 ACTUAL_LIFT_M=0.07510 RELATIVE_SLIP_M=0.00028 LEFT_CONTACT=1 RIGHT_CONTACT=1
TRIAL=044 HOLD_SIM_SEC=4.610 HOLD_WALL_SEC=5.002 ACTUAL_LIFT_M=0.07503 RELATIVE_SLIP_M=0.00028 LEFT_CONTACT=1 RIGHT_CONTACT=1
TRIAL=044 PHASE=PLACE_DOWN
TRIAL=044 PHASE=OPEN_GRIPPER
TRIAL=044 PHASE=RETREAT_PREGRASP
TRIAL=044 PHASE=GRASP_SUCCESS
TRIAL=044 DAY5_PLACE_RELEASE=PASS
DAY4_GRASP_RESULT=SUCCESS
DAY4_STEP=1 EPISODE=044 STEP=04 DIST=0.005648 YAW_ERR_DEG=0.025 REQUESTED_MOVE=0.004950 EXECUTED_MOVE=0.004856 ATTEMPT=1 SUCCESS=1 TERMINATED=1 TRUNCATED=0
DAY7_EPISODE=44 LEVEL=L1 VALID=38/50 TECHNICAL=False SUCCESS=True REASON=
DAY4_RESET_GRIPPER=OPEN ANGLE_RAD=1.570000 EFFORT_NM=1.200000
DAY4_RESET_GRIPPER=AFTER_INITIAL_MOVE ANGLE_RAD=1.570000 EFFORT_NM=1.200000
TRIAL=045 VISUAL_CENTER=[0.29822583496570587, -0.0009159315377473831, 0.024936585563240223] SURFACE=[0.29822583496570587, -0.0009159315377473831, 0.049936585563240224] CONTOUR_DEG=-0.22 AXIS_STD_DEG=0.06 FOOTPRINT=[0.05016795173287392, 0.05016795173287392] CONFIDENCE=0.9729
TRIAL=045 SELECTED_CONTOUR_ORIENTATION=+89.78deg TILT=16.0 LEAN=+1 SYMMETRY=1 IK_FK_POS_ERROR=0.000000m IK_FK_ORIENTATION_ERROR=0.000000rad FINGER_FK_LIFT=0.080000m FINGER_FK_DRIFT=0.000000m JOINT_MOTION=3.101447rad
DAY4_MOTION_DONE=1 ELAPSED_SIM=1.200 INITIAL_ERR=0.01703 FINAL_ERR=0.00032 ARM_V=0.00351
DAY4_STEP=1 EPISODE=045 STEP=01 DIST=0.020250 YAW_ERR_DEG=0.007 REQUESTED_MOVE=0.005004 EXECUTED_MOVE=0.004906 ATTEMPT=0 SUCCESS=0 TERMINATED=0 TRUNCATED=0
DAY4_MOTION_DONE=1 ELAPSED_SIM=1.202 INITIAL_ERR=0.01736 FINAL_ERR=0.00032 ARM_V=0.00357
DAY4_STEP=1 EPISODE=045 STEP=02 DIST=0.015368 YAW_ERR_DEG=0.014 REQUESTED_MOVE=0.004968 EXECUTED_MOVE=0.004874 ATTEMPT=0 SUCCESS=0 TERMINATED=0 TRUNCATED=0
DAY4_MOTION_DONE=1 ELAPSED_SIM=1.202 INITIAL_ERR=0.01750 FINAL_ERR=0.00029 ARM_V=0.00324
DAY4_STEP=1 EPISODE=045 STEP=03 DIST=0.010498 YAW_ERR_DEG=0.020 REQUESTED_MOVE=0.004956 EXECUTED_MOVE=0.004872 ATTEMPT=0 SUCCESS=0 TERMINATED=0 TRUNCATED=0
DAY4_MOTION_DONE=1 ELAPSED_SIM=1.202 INITIAL_ERR=0.01753 FINAL_ERR=0.00032 ARM_V=0.00360
DAY4_GRASP_ATTEMPT=1
TRIAL=045 PHASE=CLOSE_SEARCH
TRIAL=045 LEFT_CONTACT=0 RIGHT_CONTACT=0 STALL=0
TRIAL=045 LEFT_CONTACT=1 RIGHT_CONTACT=0 STALL=0
TRIAL=045 PHASE=WAIT_DUAL_CONTACT
TRIAL=045 PHASE=WAIT_STALL
TRIAL=045 LEFT_CONTACT=1 RIGHT_CONTACT=1 STALL=0 GRIPPER_ERROR=0.06767 VELOCITY=0.04641 CLOSURE_M=0.00038
TRIAL=045 LEFT_CONTACT=1 RIGHT_CONTACT=1 STALL=0 GRIPPER_ERROR=0.04448 VELOCITY=0.01513 CLOSURE_M=0.00110
TRIAL=045 LEFT_CONTACT=1 RIGHT_CONTACT=1 STALL=0 GRIPPER_ERROR=0.03635 VELOCITY=0.00634 CLOSURE_M=0.00136
TRIAL=045 LEFT_CONTACT=1 RIGHT_CONTACT=1 STALL=1 GRIPPER_ERROR=0.03131 VELOCITY=0.00487 CLOSURE_M=0.00153
TRIAL=045 PHASE=LIFT_80_MM
TRIAL=045 ACTUAL_LIFT_M=-0.00018 LEFT_CONTACT=1 RIGHT_CONTACT=1
TRIAL=045 ACTUAL_LIFT_M=0.02714 LEFT_CONTACT=1 RIGHT_CONTACT=1
TRIAL=045 ACTUAL_LIFT_M=0.05861 LEFT_CONTACT=1 RIGHT_CONTACT=1
TRIAL=045 PHASE=HOLD
TRIAL=045 HOLD_SIM_SEC=0.000 HOLD_WALL_SEC=0.000 ACTUAL_LIFT_M=0.07171 RELATIVE_SLIP_M=0.00000 LEFT_CONTACT=1 RIGHT_CONTACT=1
TRIAL=045 HOLD_SIM_SEC=0.892 HOLD_WALL_SEC=1.001 ACTUAL_LIFT_M=0.07497 RELATIVE_SLIP_M=0.00002 LEFT_CONTACT=1 RIGHT_CONTACT=1
TRIAL=045 HOLD_SIM_SEC=1.816 HOLD_WALL_SEC=2.001 ACTUAL_LIFT_M=0.07490 RELATIVE_SLIP_M=0.00002 LEFT_CONTACT=1 RIGHT_CONTACT=1
TRIAL=045 HOLD_SIM_SEC=2.744 HOLD_WALL_SEC=3.001 ACTUAL_LIFT_M=0.07482 RELATIVE_SLIP_M=0.00002 LEFT_CONTACT=1 RIGHT_CONTACT=1
TRIAL=045 HOLD_SIM_SEC=3.692 HOLD_WALL_SEC=4.001 ACTUAL_LIFT_M=0.07473 RELATIVE_SLIP_M=0.00002 LEFT_CONTACT=1 RIGHT_CONTACT=1
TRIAL=045 HOLD_SIM_SEC=4.622 HOLD_WALL_SEC=5.001 ACTUAL_LIFT_M=0.07465 RELATIVE_SLIP_M=0.00002 LEFT_CONTACT=1 RIGHT_CONTACT=1
TRIAL=045 PHASE=PLACE_DOWN
TRIAL=045 PHASE=OPEN_GRIPPER
TRIAL=045 PHASE=RETREAT_PREGRASP
TRIAL=045 PHASE=GRASP_SUCCESS
TRIAL=045 DAY5_PLACE_RELEASE=PASS
DAY4_GRASP_RESULT=SUCCESS
DAY4_STEP=1 EPISODE=045 STEP=04 DIST=0.005646 YAW_ERR_DEG=0.023 REQUESTED_MOVE=0.004948 EXECUTED_MOVE=0.004855 ATTEMPT=1 SUCCESS=1 TERMINATED=1 TRUNCATED=0
DAY7_EPISODE=45 LEVEL=L1 VALID=39/50 TECHNICAL=False SUCCESS=True REASON=
DAY4_RESET_GRIPPER=OPEN ANGLE_RAD=1.570000 EFFORT_NM=1.200000
DAY4_RESET_GRIPPER=AFTER_INITIAL_MOVE ANGLE_RAD=1.570000 EFFORT_NM=1.200000
TRIAL=046 VISUAL_CENTER=[0.31414587795734406, -0.014238360454328358, 0.02660062454744016] SURFACE=[0.31414587795734406, -0.014238360454328358, 0.05160062454744016] CONTOUR_DEG=0.28 AXIS_STD_DEG=0.07 FOOTPRINT=[0.04969480633735657, 0.04969480633735657] CONFIDENCE=0.9742
TRIAL=046 SELECTED_CONTOUR_ORIENTATION=+90.28deg TILT=23.6 LEAN=+1 SYMMETRY=1 IK_FK_POS_ERROR=0.000008m IK_FK_ORIENTATION_ERROR=0.000000rad FINGER_FK_LIFT=0.080000m FINGER_FK_DRIFT=0.000000m JOINT_MOTION=3.011750rad
DAY4_MOTION_DONE=1 ELAPSED_SIM=1.202 INITIAL_ERR=0.01628 FINAL_ERR=0.00022 ARM_V=0.00244
DAY4_STEP=1 EPISODE=046 STEP=01 DIST=0.020281 YAW_ERR_DEG=0.011 REQUESTED_MOVE=0.005000 EXECUTED_MOVE=0.004926 ATTEMPT=0 SUCCESS=0 TERMINATED=0 TRUNCATED=0
DAY4_MOTION_DONE=1 ELAPSED_SIM=1.200 INITIAL_ERR=0.01682 FINAL_ERR=0.00028 ARM_V=0.00311
DAY4_STEP=1 EPISODE=046 STEP=02 DIST=0.015398 YAW_ERR_DEG=0.018 REQUESTED_MOVE=0.004971 EXECUTED_MOVE=0.004884 ATTEMPT=0 SUCCESS=0 TERMINATED=0 TRUNCATED=0
DAY4_MOTION_DONE=1 ELAPSED_SIM=1.202 INITIAL_ERR=0.01698 FINAL_ERR=0.00025 ARM_V=0.00282
DAY4_STEP=1 EPISODE=046 STEP=03 DIST=0.010518 YAW_ERR_DEG=0.024 REQUESTED_MOVE=0.004959 EXECUTED_MOVE=0.004882 ATTEMPT=0 SUCCESS=0 TERMINATED=0 TRUNCATED=0
DAY4_MOTION_DONE=1 ELAPSED_SIM=1.202 INITIAL_ERR=0.01708 FINAL_ERR=0.00028 ARM_V=0.00315
DAY4_GRASP_ATTEMPT=1
TRIAL=046 PHASE=CLOSE_SEARCH
TRIAL=046 LEFT_CONTACT=0 RIGHT_CONTACT=0 STALL=0
TRIAL=046 LEFT_CONTACT=0 RIGHT_CONTACT=1 STALL=0
TRIAL=046 PHASE=WAIT_DUAL_CONTACT
TRIAL=046 PHASE=WAIT_STALL
TRIAL=046 LEFT_CONTACT=1 RIGHT_CONTACT=1 STALL=0 GRIPPER_ERROR=0.06316 VELOCITY=0.04333 CLOSURE_M=0.00047
TRIAL=046 LEFT_CONTACT=1 RIGHT_CONTACT=1 STALL=0 GRIPPER_ERROR=0.04378 VELOCITY=0.01224 CLOSURE_M=0.00104
TRIAL=046 LEFT_CONTACT=1 RIGHT_CONTACT=1 STALL=0 GRIPPER_ERROR=0.03683 VELOCITY=0.00585 CLOSURE_M=0.00124
TRIAL=046 LEFT_CONTACT=1 RIGHT_CONTACT=1 STALL=0 GRIPPER_ERROR=0.03207 VELOCITY=0.00481 CLOSURE_M=0.00138
TRIAL=046 LEFT_CONTACT=1 RIGHT_CONTACT=1 STALL=1 GRIPPER_ERROR=0.02791 VELOCITY=0.00451 CLOSURE_M=0.00151
TRIAL=046 PHASE=LIFT_80_MM
TRIAL=046 ACTUAL_LIFT_M=-0.00002 LEFT_CONTACT=1 RIGHT_CONTACT=1
TRIAL=046 ACTUAL_LIFT_M=0.02688 LEFT_CONTACT=1 RIGHT_CONTACT=1
TRIAL=046 ACTUAL_LIFT_M=0.05891 LEFT_CONTACT=1 RIGHT_CONTACT=1
TRIAL=046 PHASE=HOLD
TRIAL=046 HOLD_SIM_SEC=0.000 HOLD_WALL_SEC=0.000 ACTUAL_LIFT_M=0.07193 RELATIVE_SLIP_M=0.00000 LEFT_CONTACT=1 RIGHT_CONTACT=1
TRIAL=046 HOLD_SIM_SEC=0.876 HOLD_WALL_SEC=1.001 ACTUAL_LIFT_M=0.07483 RELATIVE_SLIP_M=0.00028 LEFT_CONTACT=1 RIGHT_CONTACT=1
TRIAL=046 HOLD_SIM_SEC=1.826 HOLD_WALL_SEC=2.001 ACTUAL_LIFT_M=0.07475 RELATIVE_SLIP_M=0.00028 LEFT_CONTACT=1 RIGHT_CONTACT=1
TRIAL=046 HOLD_SIM_SEC=2.772 HOLD_WALL_SEC=3.001 ACTUAL_LIFT_M=0.07466 RELATIVE_SLIP_M=0.00028 LEFT_CONTACT=1 RIGHT_CONTACT=1
TRIAL=046 HOLD_SIM_SEC=3.706 HOLD_WALL_SEC=4.001 ACTUAL_LIFT_M=0.07458 RELATIVE_SLIP_M=0.00028 LEFT_CONTACT=1 RIGHT_CONTACT=1
TRIAL=046 HOLD_SIM_SEC=4.638 HOLD_WALL_SEC=5.002 ACTUAL_LIFT_M=0.07452 RELATIVE_SLIP_M=0.00028 LEFT_CONTACT=1 RIGHT_CONTACT=1
TRIAL=046 PHASE=PLACE_DOWN
TRIAL=046 PHASE=OPEN_GRIPPER
TRIAL=046 PHASE=RETREAT_PREGRASP
TRIAL=046 PHASE=GRASP_SUCCESS
TRIAL=046 DAY5_PLACE_RELEASE=PASS
DAY4_GRASP_RESULT=SUCCESS
DAY4_STEP=1 EPISODE=046 STEP=04 DIST=0.005655 YAW_ERR_DEG=0.027 REQUESTED_MOVE=0.004951 EXECUTED_MOVE=0.004866 ATTEMPT=1 SUCCESS=1 TERMINATED=1 TRUNCATED=0
DAY7_EPISODE=46 LEVEL=L1 VALID=40/50 TECHNICAL=False SUCCESS=True REASON=
DAY4_RESET_GRIPPER=OPEN ANGLE_RAD=1.570000 EFFORT_NM=1.200000
DAY4_RESET_GRIPPER=AFTER_INITIAL_MOVE ANGLE_RAD=1.570000 EFFORT_NM=1.200000
TRIAL=047 VISUAL_CENTER=[0.3010247051715851, 0.011717525543645024, 0.025946541123301407] SURFACE=[0.3010247051715851, 0.011717525543645024, 0.05094654112330141] CONTOUR_DEG=0.08 AXIS_STD_DEG=0.07 FOOTPRINT=[0.0499320812523365, 0.0499320812523365] CONFIDENCE=0.9720
TRIAL=047 SELECTED_CONTOUR_ORIENTATION=+90.08deg TILT=17.4 LEAN=+1 SYMMETRY=1 IK_FK_POS_ERROR=0.000004m IK_FK_ORIENTATION_ERROR=0.000000rad FINGER_FK_LIFT=0.080000m FINGER_FK_DRIFT=0.000000m JOINT_MOTION=3.001486rad
DAY4_MOTION_DONE=1 ELAPSED_SIM=1.202 INITIAL_ERR=0.01689 FINAL_ERR=0.00028 ARM_V=0.00313
DAY4_STEP=1 EPISODE=047 STEP=01 DIST=0.020243 YAW_ERR_DEG=0.005 REQUESTED_MOVE=0.005002 EXECUTED_MOVE=0.004913 ATTEMPT=0 SUCCESS=0 TERMINATED=0 TRUNCATED=0
DAY4_MOTION_DONE=1 ELAPSED_SIM=1.200 INITIAL_ERR=0.01731 FINAL_ERR=0.00026 ARM_V=0.00288
DAY4_STEP=1 EPISODE=047 STEP=02 DIST=0.015346 YAW_ERR_DEG=0.012 REQUESTED_MOVE=0.004969 EXECUTED_MOVE=0.004891 ATTEMPT=0 SUCCESS=0 TERMINATED=0 TRUNCATED=0
DAY4_MOTION_DONE=1 ELAPSED_SIM=1.202 INITIAL_ERR=0.01743 FINAL_ERR=0.00024 ARM_V=0.00261
DAY4_STEP=1 EPISODE=047 STEP=03 DIST=0.010460 YAW_ERR_DEG=0.017 REQUESTED_MOVE=0.004957 EXECUTED_MOVE=0.004887 ATTEMPT=0 SUCCESS=0 TERMINATED=0 TRUNCATED=0
DAY4_MOTION_DONE=1 ELAPSED_SIM=1.202 INITIAL_ERR=0.01749 FINAL_ERR=0.00029 ARM_V=0.00323
DAY4_GRASP_ATTEMPT=1
TRIAL=047 PHASE=CLOSE_SEARCH
TRIAL=047 LEFT_CONTACT=0 RIGHT_CONTACT=0 STALL=0
TRIAL=047 LEFT_CONTACT=0 RIGHT_CONTACT=0 STALL=0
TRIAL=047 PHASE=WAIT_DUAL_CONTACT
TRIAL=047 PHASE=WAIT_STALL
TRIAL=047 LEFT_CONTACT=1 RIGHT_CONTACT=1 STALL=0 GRIPPER_ERROR=0.06759 VELOCITY=0.04477 CLOSURE_M=0.00036
TRIAL=047 LEFT_CONTACT=1 RIGHT_CONTACT=1 STALL=0 GRIPPER_ERROR=0.04525 VELOCITY=0.01480 CLOSURE_M=0.00103
TRIAL=047 LEFT_CONTACT=1 RIGHT_CONTACT=1 STALL=0 GRIPPER_ERROR=0.03773 VELOCITY=0.00616 CLOSURE_M=0.00126
TRIAL=047 LEFT_CONTACT=1 RIGHT_CONTACT=1 STALL=0 GRIPPER_ERROR=0.03270 VELOCITY=0.00485 CLOSURE_M=0.00141
TRIAL=047 PHASE=LIFT_80_MM
TRIAL=047 ACTUAL_LIFT_M=-0.00003 LEFT_CONTACT=1 RIGHT_CONTACT=1
TRIAL=047 ACTUAL_LIFT_M=0.02792 LEFT_CONTACT=1 RIGHT_CONTACT=1
TRIAL=047 ACTUAL_LIFT_M=0.05943 LEFT_CONTACT=1 RIGHT_CONTACT=1
TRIAL=047 PHASE=HOLD
TRIAL=047 HOLD_SIM_SEC=0.000 HOLD_WALL_SEC=0.000 ACTUAL_LIFT_M=0.07186 RELATIVE_SLIP_M=0.00000 LEFT_CONTACT=1 RIGHT_CONTACT=1
TRIAL=047 HOLD_SIM_SEC=0.880 HOLD_WALL_SEC=1.001 ACTUAL_LIFT_M=0.07521 RELATIVE_SLIP_M=0.00000 LEFT_CONTACT=1 RIGHT_CONTACT=1
TRIAL=047 HOLD_SIM_SEC=1.806 HOLD_WALL_SEC=2.001 ACTUAL_LIFT_M=0.07514 RELATIVE_SLIP_M=0.00000 LEFT_CONTACT=1 RIGHT_CONTACT=1
TRIAL=047 HOLD_SIM_SEC=2.730 HOLD_WALL_SEC=3.001 ACTUAL_LIFT_M=0.07506 RELATIVE_SLIP_M=0.00000 LEFT_CONTACT=1 RIGHT_CONTACT=1
TRIAL=047 HOLD_SIM_SEC=3.670 HOLD_WALL_SEC=4.001 ACTUAL_LIFT_M=0.07497 RELATIVE_SLIP_M=0.00000 LEFT_CONTACT=1 RIGHT_CONTACT=1
TRIAL=047 HOLD_SIM_SEC=4.606 HOLD_WALL_SEC=5.001 ACTUAL_LIFT_M=0.07488 RELATIVE_SLIP_M=0.00000 LEFT_CONTACT=1 RIGHT_CONTACT=1
TRIAL=047 PHASE=PLACE_DOWN
TRIAL=047 PHASE=OPEN_GRIPPER
TRIAL=047 PHASE=RETREAT_PREGRASP
TRIAL=047 PHASE=GRASP_SUCCESS
TRIAL=047 DAY5_PLACE_RELEASE=PASS
DAY4_GRASP_RESULT=SUCCESS
DAY4_STEP=1 EPISODE=047 STEP=04 DIST=0.005591 YAW_ERR_DEG=0.021 REQUESTED_MOVE=0.004948 EXECUTED_MOVE=0.004864 ATTEMPT=1 SUCCESS=1 TERMINATED=1 TRUNCATED=0
DAY7_EPISODE=47 LEVEL=L1 VALID=41/50 TECHNICAL=False SUCCESS=True REASON=
DAY4_RESET_GRIPPER=OPEN ANGLE_RAD=1.570000 EFFORT_NM=1.200000
DAY4_RESET_GRIPPER=AFTER_INITIAL_MOVE ANGLE_RAD=1.570000 EFFORT_NM=1.200000
TRIAL=048 VISUAL_CENTER=[0.3107760399580002, -0.007115263491868973, 0.024866702023730765] SURFACE=[0.3107760399580002, -0.007115263491868973, 0.049866702023730766] CONTOUR_DEG=-0.16 AXIS_STD_DEG=0.09 FOOTPRINT=[0.04993737302720547, 0.04993737302720547] CONFIDENCE=0.9772
TRIAL=048 SELECTED_CONTOUR_ORIENTATION=+89.84deg TILT=21.8 LEAN=+1 SYMMETRY=1 IK_FK_POS_ERROR=0.000003m IK_FK_ORIENTATION_ERROR=0.000000rad FINGER_FK_LIFT=0.080000m FINGER_FK_DRIFT=0.000000m JOINT_MOTION=3.013992rad
DAY4_MOTION_DONE=1 ELAPSED_SIM=1.200 INITIAL_ERR=0.01647 FINAL_ERR=0.00022 ARM_V=0.00247
DAY4_STEP=1 EPISODE=048 STEP=01 DIST=0.020268 YAW_ERR_DEG=0.008 REQUESTED_MOVE=0.005000 EXECUTED_MOVE=0.004927 ATTEMPT=0 SUCCESS=0 TERMINATED=0 TRUNCATED=0
DAY4_MOTION_DONE=1 ELAPSED_SIM=1.202 INITIAL_ERR=0.01697 FINAL_ERR=0.00023 ARM_V=0.00254
DAY4_STEP=1 EPISODE=048 STEP=02 DIST=0.015371 YAW_ERR_DEG=0.015 REQUESTED_MOVE=0.004970 EXECUTED_MOVE=0.004899 ATTEMPT=0 SUCCESS=0 TERMINATED=0 TRUNCATED=0
DAY4_MOTION_DONE=1 ELAPSED_SIM=1.200 INITIAL_ERR=0.01714 FINAL_ERR=0.00026 ARM_V=0.00285
DAY4_STEP=1 EPISODE=048 STEP=03 DIST=0.010491 YAW_ERR_DEG=0.020 REQUESTED_MOVE=0.004959 EXECUTED_MOVE=0.004881 ATTEMPT=0 SUCCESS=0 TERMINATED=0 TRUNCATED=0
DAY4_MOTION_DONE=1 ELAPSED_SIM=1.202 INITIAL_ERR=0.01722 FINAL_ERR=0.00023 ARM_V=0.00258
DAY4_GRASP_ATTEMPT=1
TRIAL=048 PHASE=CLOSE_SEARCH
TRIAL=048 LEFT_CONTACT=0 RIGHT_CONTACT=0 STALL=0
TRIAL=048 LEFT_CONTACT=1 RIGHT_CONTACT=0 STALL=0
TRIAL=048 PHASE=WAIT_DUAL_CONTACT
TRIAL=048 PHASE=WAIT_STALL
TRIAL=048 LEFT_CONTACT=1 RIGHT_CONTACT=1 STALL=0 GRIPPER_ERROR=0.07246 VELOCITY=0.04343 CLOSURE_M=0.00022
TRIAL=048 LEFT_CONTACT=1 RIGHT_CONTACT=1 STALL=0 GRIPPER_ERROR=0.04873 VELOCITY=0.01624 CLOSURE_M=0.00093
TRIAL=048 LEFT_CONTACT=1 RIGHT_CONTACT=1 STALL=0 GRIPPER_ERROR=0.03990 VELOCITY=0.00662 CLOSURE_M=0.00121
TRIAL=048 LEFT_CONTACT=1 RIGHT_CONTACT=1 STALL=0 GRIPPER_ERROR=0.03464 VELOCITY=0.00498 CLOSURE_M=0.00137
TRIAL=048 LEFT_CONTACT=1 RIGHT_CONTACT=1 STALL=1 GRIPPER_ERROR=0.03026 VELOCITY=0.00452 CLOSURE_M=0.00151
TRIAL=048 PHASE=LIFT_80_MM
TRIAL=048 ACTUAL_LIFT_M=-0.00003 LEFT_CONTACT=1 RIGHT_CONTACT=1
TRIAL=048 ACTUAL_LIFT_M=0.02807 LEFT_CONTACT=1 RIGHT_CONTACT=1
TRIAL=048 ACTUAL_LIFT_M=0.05959 LEFT_CONTACT=1 RIGHT_CONTACT=1
TRIAL=048 PHASE=HOLD
TRIAL=048 HOLD_SIM_SEC=0.000 HOLD_WALL_SEC=0.000 ACTUAL_LIFT_M=0.07202 RELATIVE_SLIP_M=0.00000 LEFT_CONTACT=1 RIGHT_CONTACT=1
TRIAL=048 HOLD_SIM_SEC=0.882 HOLD_WALL_SEC=1.000 ACTUAL_LIFT_M=0.07521 RELATIVE_SLIP_M=0.00004 LEFT_CONTACT=1 RIGHT_CONTACT=1
TRIAL=048 HOLD_SIM_SEC=1.834 HOLD_WALL_SEC=2.001 ACTUAL_LIFT_M=0.07514 RELATIVE_SLIP_M=0.00004 LEFT_CONTACT=1 RIGHT_CONTACT=1
TRIAL=048 HOLD_SIM_SEC=2.768 HOLD_WALL_SEC=3.001 ACTUAL_LIFT_M=0.07506 RELATIVE_SLIP_M=0.00004 LEFT_CONTACT=1 RIGHT_CONTACT=1
TRIAL=048 HOLD_SIM_SEC=3.718 HOLD_WALL_SEC=4.001 ACTUAL_LIFT_M=0.07497 RELATIVE_SLIP_M=0.00004 LEFT_CONTACT=1 RIGHT_CONTACT=1
TRIAL=048 HOLD_SIM_SEC=4.656 HOLD_WALL_SEC=5.001 ACTUAL_LIFT_M=0.07490 RELATIVE_SLIP_M=0.00004 LEFT_CONTACT=1 RIGHT_CONTACT=1
TRIAL=048 PHASE=PLACE_DOWN
TRIAL=048 PHASE=OPEN_GRIPPER
TRIAL=048 PHASE=RETREAT_PREGRASP
TRIAL=048 PHASE=GRASP_SUCCESS
TRIAL=048 DAY5_PLACE_RELEASE=PASS
DAY4_GRASP_RESULT=SUCCESS
DAY4_STEP=1 EPISODE=048 STEP=04 DIST=0.005613 YAW_ERR_DEG=0.024 REQUESTED_MOVE=0.004951 EXECUTED_MOVE=0.004881 ATTEMPT=1 SUCCESS=1 TERMINATED=1 TRUNCATED=0
DAY7_EPISODE=48 LEVEL=L1 VALID=42/50 TECHNICAL=False SUCCESS=True REASON=
DAY4_RESET_GRIPPER=OPEN ANGLE_RAD=1.570000 EFFORT_NM=1.200000
DAY4_RESET_GRIPPER=AFTER_INITIAL_MOVE ANGLE_RAD=1.570000 EFFORT_NM=1.200000
DAY7_EPISODE=49 LEVEL=L1 VALID=42/50 TECHNICAL=True SUCCESS=False REASON=TechnicalFailure: world SDF readback service failed
DAY4_RESET_GRIPPER=OPEN ANGLE_RAD=1.570000 EFFORT_NM=1.200000
DAY4_RESET_GRIPPER=AFTER_INITIAL_MOVE ANGLE_RAD=1.570000 EFFORT_NM=1.200000
TRIAL=050 VISUAL_CENTER=[0.29571080207824707, -0.01623967569321394, 0.026698818153054103] SURFACE=[0.29571080207824707, -0.01623967569321394, 0.051698818153054105] CONTOUR_DEG=-0.25 AXIS_STD_DEG=0.08 FOOTPRINT=[0.05002998933196068, 0.05002998933196068] CONFIDENCE=0.9664
TRIAL=050 SELECTED_CONTOUR_ORIENTATION=+89.75deg TILT=15.2 LEAN=+1 SYMMETRY=1 IK_FK_POS_ERROR=0.000005m IK_FK_ORIENTATION_ERROR=0.000000rad FINGER_FK_LIFT=0.080000m FINGER_FK_DRIFT=0.000000m JOINT_MOTION=2.997592rad
DAY4_MOTION_DONE=1 ELAPSED_SIM=1.202 INITIAL_ERR=0.01711 FINAL_ERR=0.00026 ARM_V=0.00285
DAY4_STEP=1 EPISODE=050 STEP=01 DIST=0.020218 YAW_ERR_DEG=0.010 REQUESTED_MOVE=0.005005 EXECUTED_MOVE=0.004924 ATTEMPT=0 SUCCESS=0 TERMINATED=0 TRUNCATED=0
DAY4_MOTION_DONE=1 ELAPSED_SIM=1.200 INITIAL_ERR=0.01750 FINAL_ERR=0.00024 ARM_V=0.00262
DAY4_STEP=1 EPISODE=050 STEP=02 DIST=0.015321 YAW_ERR_DEG=0.017 REQUESTED_MOVE=0.004968 EXECUTED_MOVE=0.004898 ATTEMPT=0 SUCCESS=0 TERMINATED=0 TRUNCATED=0
DAY4_MOTION_DONE=1 ELAPSED_SIM=1.202 INITIAL_ERR=0.01760 FINAL_ERR=0.00024 ARM_V=0.00264
DAY4_STEP=1 EPISODE=050 STEP=03 DIST=0.010436 YAW_ERR_DEG=0.023 REQUESTED_MOVE=0.004956 EXECUTED_MOVE=0.004887 ATTEMPT=0 SUCCESS=0 TERMINATED=0 TRUNCATED=0
DAY4_MOTION_DONE=1 ELAPSED_SIM=1.200 INITIAL_ERR=0.01764 FINAL_ERR=0.00026 ARM_V=0.00294
DAY4_GRASP_ATTEMPT=1
TRIAL=050 PHASE=CLOSE_SEARCH
TRIAL=050 LEFT_CONTACT=0 RIGHT_CONTACT=0 STALL=0
TRIAL=050 LEFT_CONTACT=1 RIGHT_CONTACT=0 STALL=0
TRIAL=050 PHASE=WAIT_DUAL_CONTACT
TRIAL=050 PHASE=WAIT_STALL
TRIAL=050 LEFT_CONTACT=1 RIGHT_CONTACT=1 STALL=0 GRIPPER_ERROR=0.06694 VELOCITY=0.04459 CLOSURE_M=0.00038
TRIAL=050 LEFT_CONTACT=1 RIGHT_CONTACT=1 STALL=0 GRIPPER_ERROR=0.04349 VELOCITY=0.01265 CLOSURE_M=0.00110
TRIAL=050 LEFT_CONTACT=1 RIGHT_CONTACT=1 STALL=0 GRIPPER_ERROR=0.03554 VELOCITY=0.00637 CLOSURE_M=0.00135
TRIAL=050 LEFT_CONTACT=1 RIGHT_CONTACT=1 STALL=1 GRIPPER_ERROR=0.03036 VELOCITY=0.00487 CLOSURE_M=0.00151
TRIAL=050 PHASE=LIFT_80_MM
TRIAL=050 ACTUAL_LIFT_M=-0.00026 LEFT_CONTACT=1 RIGHT_CONTACT=1
TRIAL=050 ACTUAL_LIFT_M=0.02597 LEFT_CONTACT=1 RIGHT_CONTACT=1
TRIAL=050 ACTUAL_LIFT_M=0.05731 LEFT_CONTACT=1 RIGHT_CONTACT=1
TRIAL=050 PHASE=HOLD
TRIAL=050 HOLD_SIM_SEC=0.000 HOLD_WALL_SEC=0.000 ACTUAL_LIFT_M=0.07172 RELATIVE_SLIP_M=0.00000 LEFT_CONTACT=1 RIGHT_CONTACT=1
TRIAL=050 HOLD_SIM_SEC=0.918 HOLD_WALL_SEC=1.001 ACTUAL_LIFT_M=0.07462 RELATIVE_SLIP_M=0.00000 LEFT_CONTACT=1 RIGHT_CONTACT=1
TRIAL=050 HOLD_SIM_SEC=1.842 HOLD_WALL_SEC=2.001 ACTUAL_LIFT_M=0.07454 RELATIVE_SLIP_M=0.00000 LEFT_CONTACT=1 RIGHT_CONTACT=1
TRIAL=050 HOLD_SIM_SEC=2.754 HOLD_WALL_SEC=3.001 ACTUAL_LIFT_M=0.07445 RELATIVE_SLIP_M=0.00000 LEFT_CONTACT=1 RIGHT_CONTACT=1
TRIAL=050 HOLD_SIM_SEC=3.672 HOLD_WALL_SEC=4.002 ACTUAL_LIFT_M=0.07436 RELATIVE_SLIP_M=0.00000 LEFT_CONTACT=1 RIGHT_CONTACT=1
TRIAL=050 HOLD_SIM_SEC=4.610 HOLD_WALL_SEC=5.002 ACTUAL_LIFT_M=0.07429 RELATIVE_SLIP_M=0.00000 LEFT_CONTACT=1 RIGHT_CONTACT=1
TRIAL=050 PHASE=PLACE_DOWN
TRIAL=050 PHASE=OPEN_GRIPPER
TRIAL=050 PHASE=RETREAT_PREGRASP
TRIAL=050 PHASE=GRASP_SUCCESS
TRIAL=050 DAY5_PLACE_RELEASE=PASS
DAY4_GRASP_RESULT=SUCCESS
DAY4_STEP=1 EPISODE=050 STEP=04 DIST=0.005560 YAW_ERR_DEG=0.027 REQUESTED_MOVE=0.004948 EXECUTED_MOVE=0.004871 ATTEMPT=1 SUCCESS=1 TERMINATED=1 TRUNCATED=0
DAY7_EPISODE=50 LEVEL=L1 VALID=43/50 TECHNICAL=False SUCCESS=True REASON=
DAY4_RESET_GRIPPER=OPEN ANGLE_RAD=1.570000 EFFORT_NM=1.200000
DAY4_RESET_GRIPPER=AFTER_INITIAL_MOVE ANGLE_RAD=1.570000 EFFORT_NM=1.200000
TRIAL=051 VISUAL_CENTER=[0.30582648515701294, 0.016298886388540268, 0.024475732093148767] SURFACE=[0.30582648515701294, 0.016298886388540268, 0.04947573209314877] CONTOUR_DEG=-0.04 AXIS_STD_DEG=0.10 FOOTPRINT=[0.049978552386164665, 0.049978552386164665] CONFIDENCE=0.9732
TRIAL=051 SELECTED_CONTOUR_ORIENTATION=+89.96deg TILT=19.6 LEAN=+1 SYMMETRY=1 IK_FK_POS_ERROR=0.000007m IK_FK_ORIENTATION_ERROR=0.000000rad FINGER_FK_LIFT=0.080000m FINGER_FK_DRIFT=0.000000m JOINT_MOTION=3.012080rad
DAY4_MOTION_DONE=1 ELAPSED_SIM=1.202 INITIAL_ERR=0.01667 FINAL_ERR=0.00025 ARM_V=0.00278
DAY4_STEP=1 EPISODE=051 STEP=01 DIST=0.020259 YAW_ERR_DEG=0.004 REQUESTED_MOVE=0.005002 EXECUTED_MOVE=0.004921 ATTEMPT=0 SUCCESS=0 TERMINATED=0 TRUNCATED=0
DAY4_MOTION_DONE=1 ELAPSED_SIM=1.202 INITIAL_ERR=0.01716 FINAL_ERR=0.00029 ARM_V=0.00317
DAY4_STEP=1 EPISODE=051 STEP=02 DIST=0.015377 YAW_ERR_DEG=0.010 REQUESTED_MOVE=0.004969 EXECUTED_MOVE=0.004883 ATTEMPT=0 SUCCESS=0 TERMINATED=0 TRUNCATED=0
DAY4_MOTION_DONE=1 ELAPSED_SIM=1.202 INITIAL_ERR=0.01728 FINAL_ERR=0.00026 ARM_V=0.00287
DAY4_STEP=1 EPISODE=051 STEP=03 DIST=0.010498 YAW_ERR_DEG=0.014 REQUESTED_MOVE=0.004957 EXECUTED_MOVE=0.004880 ATTEMPT=0 SUCCESS=0 TERMINATED=0 TRUNCATED=0
DAY4_MOTION_DONE=1 ELAPSED_SIM=1.202 INITIAL_ERR=0.01736 FINAL_ERR=0.00029 ARM_V=0.00321
DAY4_GRASP_ATTEMPT=1
TRIAL=051 PHASE=CLOSE_SEARCH
TRIAL=051 LEFT_CONTACT=0 RIGHT_CONTACT=0 STALL=0
TRIAL=051 LEFT_CONTACT=0 RIGHT_CONTACT=0 STALL=0
TRIAL=051 PHASE=WAIT_DUAL_CONTACT
TRIAL=051 PHASE=WAIT_STALL
TRIAL=051 LEFT_CONTACT=1 RIGHT_CONTACT=1 STALL=0 GRIPPER_ERROR=0.06786 VELOCITY=0.04192 CLOSURE_M=0.00034
TRIAL=051 LEFT_CONTACT=1 RIGHT_CONTACT=1 STALL=0 GRIPPER_ERROR=0.04552 VELOCITY=0.01200 CLOSURE_M=0.00099
TRIAL=051 LEFT_CONTACT=1 RIGHT_CONTACT=1 STALL=0 GRIPPER_ERROR=0.03797 VELOCITY=0.00612 CLOSURE_M=0.00121
TRIAL=051 LEFT_CONTACT=1 RIGHT_CONTACT=1 STALL=0 GRIPPER_ERROR=0.03295 VELOCITY=0.00482 CLOSURE_M=0.00136
TRIAL=051 LEFT_CONTACT=1 RIGHT_CONTACT=1 STALL=0 GRIPPER_ERROR=0.02863 VELOCITY=0.00448 CLOSURE_M=0.00149
TRIAL=051 PHASE=LIFT_80_MM
TRIAL=051 ACTUAL_LIFT_M=-0.00002 LEFT_CONTACT=1 RIGHT_CONTACT=1
TRIAL=051 ACTUAL_LIFT_M=0.02824 LEFT_CONTACT=1 RIGHT_CONTACT=1
TRIAL=051 ACTUAL_LIFT_M=0.05970 LEFT_CONTACT=1 RIGHT_CONTACT=1
TRIAL=051 PHASE=HOLD
TRIAL=051 HOLD_SIM_SEC=0.000 HOLD_WALL_SEC=0.000 ACTUAL_LIFT_M=0.07209 RELATIVE_SLIP_M=0.00000 LEFT_CONTACT=1 RIGHT_CONTACT=1
TRIAL=051 HOLD_SIM_SEC=0.890 HOLD_WALL_SEC=1.000 ACTUAL_LIFT_M=0.07510 RELATIVE_SLIP_M=0.00028 LEFT_CONTACT=1 RIGHT_CONTACT=1
TRIAL=051 HOLD_SIM_SEC=1.828 HOLD_WALL_SEC=2.001 ACTUAL_LIFT_M=0.07503 RELATIVE_SLIP_M=0.00028 LEFT_CONTACT=1 RIGHT_CONTACT=1
TRIAL=051 HOLD_SIM_SEC=2.778 HOLD_WALL_SEC=3.001 ACTUAL_LIFT_M=0.07494 RELATIVE_SLIP_M=0.00028 LEFT_CONTACT=1 RIGHT_CONTACT=1
TRIAL=051 HOLD_SIM_SEC=3.724 HOLD_WALL_SEC=4.001 ACTUAL_LIFT_M=0.07485 RELATIVE_SLIP_M=0.00028 LEFT_CONTACT=1 RIGHT_CONTACT=1
TRIAL=051 HOLD_SIM_SEC=4.668 HOLD_WALL_SEC=5.001 ACTUAL_LIFT_M=0.07475 RELATIVE_SLIP_M=0.00028 LEFT_CONTACT=1 RIGHT_CONTACT=1
TRIAL=051 PHASE=PLACE_DOWN
TRIAL=051 PHASE=OPEN_GRIPPER
TRIAL=051 PHASE=RETREAT_PREGRASP
TRIAL=051 PHASE=GRASP_SUCCESS
TRIAL=051 DAY5_PLACE_RELEASE=PASS
DAY4_GRASP_RESULT=SUCCESS
DAY4_STEP=1 EPISODE=051 STEP=04 DIST=0.005637 YAW_ERR_DEG=0.018 REQUESTED_MOVE=0.004949 EXECUTED_MOVE=0.004864 ATTEMPT=1 SUCCESS=1 TERMINATED=1 TRUNCATED=0
DAY7_EPISODE=51 LEVEL=L1 VALID=44/50 TECHNICAL=False SUCCESS=True REASON=
DAY4_RESET_GRIPPER=OPEN ANGLE_RAD=1.570000 EFFORT_NM=1.200000
DAY4_RESET_GRIPPER=AFTER_INITIAL_MOVE ANGLE_RAD=1.570000 EFFORT_NM=1.200000
TRIAL=052 VISUAL_CENTER=[0.29623210430145264, 0.0005318764597177505, 0.02463665179563377] SURFACE=[0.29623210430145264, 0.0005318764597177505, 0.04963665179563377] CONTOUR_DEG=0.38 AXIS_STD_DEG=0.46 FOOTPRINT=[0.049885232001543045, 0.049885232001543045] CONFIDENCE=0.9708
TRIAL=052 SELECTED_CONTOUR_ORIENTATION=+90.38deg TILT=15.0 LEAN=+1 SYMMETRY=1 IK_FK_POS_ERROR=0.000000m IK_FK_ORIENTATION_ERROR=0.000000rad FINGER_FK_LIFT=0.080000m FINGER_FK_DRIFT=0.000000m JOINT_MOTION=3.003909rad
DAY4_MOTION_DONE=1 ELAPSED_SIM=1.202 INITIAL_ERR=0.01715 FINAL_ERR=0.00032 ARM_V=0.00353
DAY4_STEP=1 EPISODE=052 STEP=01 DIST=0.020226 YAW_ERR_DEG=0.008 REQUESTED_MOVE=0.005003 EXECUTED_MOVE=0.004906 ATTEMPT=0 SUCCESS=0 TERMINATED=0 TRUNCATED=0
DAY4_MOTION_DONE=1 ELAPSED_SIM=1.200 INITIAL_ERR=0.01752 FINAL_ERR=0.00029 ARM_V=0.00323
DAY4_STEP=1 EPISODE=052 STEP=02 DIST=0.015344 YAW_ERR_DEG=0.015 REQUESTED_MOVE=0.004968 EXECUTED_MOVE=0.004883 ATTEMPT=0 SUCCESS=0 TERMINATED=0 TRUNCATED=0
DAY4_MOTION_DONE=1 ELAPSED_SIM=1.202 INITIAL_ERR=0.01759 FINAL_ERR=0.00036 ARM_V=0.00401
DAY4_STEP=1 EPISODE=052 STEP=03 DIST=0.010483 YAW_ERR_DEG=0.020 REQUESTED_MOVE=0.004956 EXECUTED_MOVE=0.004852 ATTEMPT=0 SUCCESS=0 TERMINATED=0 TRUNCATED=0
DAY4_MOTION_DONE=1 ELAPSED_SIM=1.202 INITIAL_ERR=0.01763 FINAL_ERR=0.00036 ARM_V=0.00402
DAY4_GRASP_ATTEMPT=1
TRIAL=052 PHASE=CLOSE_SEARCH
TRIAL=052 LEFT_CONTACT=0 RIGHT_CONTACT=0 STALL=0
TRIAL=052 LEFT_CONTACT=0 RIGHT_CONTACT=0 STALL=0
TRIAL=052 PHASE=WAIT_DUAL_CONTACT
TRIAL=052 PHASE=WAIT_STALL
TRIAL=052 LEFT_CONTACT=1 RIGHT_CONTACT=1 STALL=0 GRIPPER_ERROR=0.06360 VELOCITY=0.04183 CLOSURE_M=0.00050
TRIAL=052 LEFT_CONTACT=1 RIGHT_CONTACT=1 STALL=0 GRIPPER_ERROR=0.04603 VELOCITY=0.00966 CLOSURE_M=0.00106
TRIAL=052 LEFT_CONTACT=1 RIGHT_CONTACT=1 STALL=0 GRIPPER_ERROR=0.03915 VELOCITY=0.00559 CLOSURE_M=0.00128
TRIAL=052 LEFT_CONTACT=1 RIGHT_CONTACT=1 STALL=0 GRIPPER_ERROR=0.03444 VELOCITY=0.00467 CLOSURE_M=0.00143
TRIAL=052 PHASE=LIFT_80_MM
TRIAL=052 ACTUAL_LIFT_M=-0.00010 LEFT_CONTACT=1 RIGHT_CONTACT=1
TRIAL=052 ACTUAL_LIFT_M=0.02656 LEFT_CONTACT=1 RIGHT_CONTACT=1
TRIAL=052 ACTUAL_LIFT_M=0.05874 LEFT_CONTACT=1 RIGHT_CONTACT=1
TRIAL=052 PHASE=HOLD
TRIAL=052 HOLD_SIM_SEC=0.000 HOLD_WALL_SEC=0.000 ACTUAL_LIFT_M=0.07248 RELATIVE_SLIP_M=0.00000 LEFT_CONTACT=1 RIGHT_CONTACT=1
TRIAL=052 HOLD_SIM_SEC=0.860 HOLD_WALL_SEC=1.001 ACTUAL_LIFT_M=0.07511 RELATIVE_SLIP_M=0.00025 LEFT_CONTACT=1 RIGHT_CONTACT=1
TRIAL=052 HOLD_SIM_SEC=1.808 HOLD_WALL_SEC=2.001 ACTUAL_LIFT_M=0.07504 RELATIVE_SLIP_M=0.00025 LEFT_CONTACT=1 RIGHT_CONTACT=1
TRIAL=052 HOLD_SIM_SEC=2.740 HOLD_WALL_SEC=3.002 ACTUAL_LIFT_M=0.07496 RELATIVE_SLIP_M=0.00025 LEFT_CONTACT=1 RIGHT_CONTACT=1
TRIAL=052 HOLD_SIM_SEC=3.680 HOLD_WALL_SEC=4.002 ACTUAL_LIFT_M=0.07487 RELATIVE_SLIP_M=0.00025 LEFT_CONTACT=1 RIGHT_CONTACT=1
TRIAL=052 HOLD_SIM_SEC=4.624 HOLD_WALL_SEC=5.002 ACTUAL_LIFT_M=0.07479 RELATIVE_SLIP_M=0.00025 LEFT_CONTACT=1 RIGHT_CONTACT=1
TRIAL=052 PHASE=PLACE_DOWN
TRIAL=052 PHASE=OPEN_GRIPPER
TRIAL=052 PHASE=RETREAT_PREGRASP
TRIAL=052 PHASE=GRASP_SUCCESS
TRIAL=052 DAY5_PLACE_RELEASE=PASS
DAY4_GRASP_RESULT=SUCCESS
DAY4_STEP=1 EPISODE=052 STEP=04 DIST=0.005641 YAW_ERR_DEG=0.024 REQUESTED_MOVE=0.004947 EXECUTED_MOVE=0.004845 ATTEMPT=1 SUCCESS=1 TERMINATED=1 TRUNCATED=0
DAY7_EPISODE=52 LEVEL=L1 VALID=45/50 TECHNICAL=False SUCCESS=True REASON=
DAY4_RESET_GRIPPER=OPEN ANGLE_RAD=1.570000 EFFORT_NM=1.200000
DAY4_RESET_GRIPPER=AFTER_INITIAL_MOVE ANGLE_RAD=1.570000 EFFORT_NM=1.200000
TRIAL=053 VISUAL_CENTER=[0.30333347618579865, 0.006176380440592766, 0.023630669221147246] SURFACE=[0.30333347618579865, 0.006176380440592766, 0.04863066922114725] CONTOUR_DEG=0.12 AXIS_STD_DEG=0.09 FOOTPRINT=[0.05018041096627712, 0.05018041096627712] CONFIDENCE=0.9776
TRIAL=053 SELECTED_CONTOUR_ORIENTATION=+90.12deg TILT=18.2 LEAN=+1 SYMMETRY=1 IK_FK_POS_ERROR=0.000002m IK_FK_ORIENTATION_ERROR=0.000000rad FINGER_FK_LIFT=0.080000m FINGER_FK_DRIFT=0.000000m JOINT_MOTION=3.012850rad
DAY4_MOTION_DONE=1 ELAPSED_SIM=1.200 INITIAL_ERR=0.01682 FINAL_ERR=0.00031 ARM_V=0.00346
DAY4_STEP=1 EPISODE=053 STEP=01 DIST=0.020266 YAW_ERR_DEG=0.006 REQUESTED_MOVE=0.005003 EXECUTED_MOVE=0.004904 ATTEMPT=0 SUCCESS=0 TERMINATED=0 TRUNCATED=0
DAY4_MOTION_DONE=1 ELAPSED_SIM=1.202 INITIAL_ERR=0.01725 FINAL_ERR=0.00029 ARM_V=0.00318
DAY4_STEP=1 EPISODE=053 STEP=02 DIST=0.015385 YAW_ERR_DEG=0.013 REQUESTED_MOVE=0.004969 EXECUTED_MOVE=0.004883 ATTEMPT=0 SUCCESS=0 TERMINATED=0 TRUNCATED=0
DAY4_MOTION_DONE=1 ELAPSED_SIM=1.200 INITIAL_ERR=0.01737 FINAL_ERR=0.00032 ARM_V=0.00356
DAY4_STEP=1 EPISODE=053 STEP=03 DIST=0.010523 YAW_ERR_DEG=0.017 REQUESTED_MOVE=0.004957 EXECUTED_MOVE=0.004863 ATTEMPT=0 SUCCESS=0 TERMINATED=0 TRUNCATED=0
DAY4_MOTION_DONE=1 ELAPSED_SIM=1.202 INITIAL_ERR=0.01744 FINAL_ERR=0.00029 ARM_V=0.00322
DAY4_GRASP_ATTEMPT=1
TRIAL=053 PHASE=CLOSE_SEARCH
TRIAL=053 LEFT_CONTACT=0 RIGHT_CONTACT=0 STALL=0
TRIAL=053 LEFT_CONTACT=1 RIGHT_CONTACT=0 STALL=0
TRIAL=053 PHASE=WAIT_DUAL_CONTACT
TRIAL=053 PHASE=WAIT_STALL
TRIAL=053 LEFT_CONTACT=1 RIGHT_CONTACT=1 STALL=0 GRIPPER_ERROR=0.06389 VELOCITY=0.04177 CLOSURE_M=0.00048
TRIAL=053 LEFT_CONTACT=1 RIGHT_CONTACT=1 STALL=0 GRIPPER_ERROR=0.04689 VELOCITY=0.01132 CLOSURE_M=0.00099
TRIAL=053 LEFT_CONTACT=1 RIGHT_CONTACT=1 STALL=0 GRIPPER_ERROR=0.04027 VELOCITY=0.00554 CLOSURE_M=0.00120
TRIAL=053 LEFT_CONTACT=1 RIGHT_CONTACT=1 STALL=0 GRIPPER_ERROR=0.03556 VELOCITY=0.00466 CLOSURE_M=0.00135
TRIAL=053 LEFT_CONTACT=1 RIGHT_CONTACT=1 STALL=0 GRIPPER_ERROR=0.03129 VELOCITY=0.00444 CLOSURE_M=0.00148
TRIAL=053 PHASE=LIFT_80_MM
TRIAL=053 ACTUAL_LIFT_M=-0.00002 LEFT_CONTACT=1 RIGHT_CONTACT=1
TRIAL=053 ACTUAL_LIFT_M=0.02716 LEFT_CONTACT=1 RIGHT_CONTACT=1
TRIAL=053 ACTUAL_LIFT_M=0.06010 LEFT_CONTACT=1 RIGHT_CONTACT=1
TRIAL=053 PHASE=HOLD
TRIAL=053 HOLD_SIM_SEC=0.000 HOLD_WALL_SEC=0.000 ACTUAL_LIFT_M=0.07186 RELATIVE_SLIP_M=0.00000 LEFT_CONTACT=1 RIGHT_CONTACT=1
TRIAL=053 HOLD_SIM_SEC=0.882 HOLD_WALL_SEC=1.001 ACTUAL_LIFT_M=0.07534 RELATIVE_SLIP_M=0.00000 LEFT_CONTACT=1 RIGHT_CONTACT=1
TRIAL=053 HOLD_SIM_SEC=1.836 HOLD_WALL_SEC=2.001 ACTUAL_LIFT_M=0.07527 RELATIVE_SLIP_M=0.00000 LEFT_CONTACT=1 RIGHT_CONTACT=1
TRIAL=053 HOLD_SIM_SEC=2.770 HOLD_WALL_SEC=3.001 ACTUAL_LIFT_M=0.07519 RELATIVE_SLIP_M=0.00000 LEFT_CONTACT=1 RIGHT_CONTACT=1
TRIAL=053 HOLD_SIM_SEC=3.700 HOLD_WALL_SEC=4.002 ACTUAL_LIFT_M=0.07510 RELATIVE_SLIP_M=0.00000 LEFT_CONTACT=1 RIGHT_CONTACT=1
TRIAL=053 HOLD_SIM_SEC=4.630 HOLD_WALL_SEC=5.002 ACTUAL_LIFT_M=0.07502 RELATIVE_SLIP_M=0.00000 LEFT_CONTACT=1 RIGHT_CONTACT=1
TRIAL=053 PHASE=PLACE_DOWN
TRIAL=053 PHASE=OPEN_GRIPPER
TRIAL=053 PHASE=RETREAT_PREGRASP
TRIAL=053 PHASE=GRASP_SUCCESS
TRIAL=053 DAY5_PLACE_RELEASE=PASS
DAY4_GRASP_RESULT=SUCCESS
DAY4_STEP=1 EPISODE=053 STEP=04 DIST=0.005662 YAW_ERR_DEG=0.021 REQUESTED_MOVE=0.004949 EXECUTED_MOVE=0.004864 ATTEMPT=1 SUCCESS=1 TERMINATED=1 TRUNCATED=0
DAY7_EPISODE=53 LEVEL=L1 VALID=46/50 TECHNICAL=False SUCCESS=True REASON=
DAY4_RESET_GRIPPER=OPEN ANGLE_RAD=1.570000 EFFORT_NM=1.200000
DAY4_RESET_GRIPPER=AFTER_INITIAL_MOVE ANGLE_RAD=1.570000 EFFORT_NM=1.200000
TRIAL=054 VISUAL_CENTER=[0.30345316231250763, -0.0011374140158295631, 0.02400365022451268] SURFACE=[0.30345316231250763, -0.0011374140158295631, 0.04900365022451268] CONTOUR_DEG=0.05 AXIS_STD_DEG=0.05 FOOTPRINT=[0.049938563257455826, 0.049938563257455826] CONFIDENCE=0.9731
TRIAL=054 SELECTED_CONTOUR_ORIENTATION=+90.05deg TILT=18.3 LEAN=+1 SYMMETRY=1 IK_FK_POS_ERROR=0.000001m IK_FK_ORIENTATION_ERROR=0.000000rad FINGER_FK_LIFT=0.080000m FINGER_FK_DRIFT=0.000000m JOINT_MOTION=3.010075rad
DAY4_MOTION_DONE=1 ELAPSED_SIM=1.202 INITIAL_ERR=0.01683 FINAL_ERR=0.00025 ARM_V=0.00281
DAY4_STEP=1 EPISODE=054 STEP=01 DIST=0.020245 YAW_ERR_DEG=0.007 REQUESTED_MOVE=0.005001 EXECUTED_MOVE=0.004920 ATTEMPT=0 SUCCESS=0 TERMINATED=0 TRUNCATED=0
DAY4_MOTION_DONE=1 ELAPSED_SIM=1.200 INITIAL_ERR=0.01723 FINAL_ERR=0.00032 ARM_V=0.00354
DAY4_STEP=1 EPISODE=054 STEP=02 DIST=0.015363 YAW_ERR_DEG=0.014 REQUESTED_MOVE=0.004969 EXECUTED_MOVE=0.004874 ATTEMPT=0 SUCCESS=0 TERMINATED=0 TRUNCATED=0
DAY4_MOTION_DONE=1 ELAPSED_SIM=1.200 INITIAL_ERR=0.01738 FINAL_ERR=0.00029 ARM_V=0.00321
DAY4_STEP=1 EPISODE=054 STEP=03 DIST=0.010492 YAW_ERR_DEG=0.020 REQUESTED_MOVE=0.004957 EXECUTED_MOVE=0.004872 ATTEMPT=0 SUCCESS=0 TERMINATED=0 TRUNCATED=0
DAY4_MOTION_DONE=1 ELAPSED_SIM=1.202 INITIAL_ERR=0.01740 FINAL_ERR=0.00036 ARM_V=0.00397
DAY4_GRASP_ATTEMPT=1
TRIAL=054 PHASE=CLOSE_SEARCH
TRIAL=054 LEFT_CONTACT=0 RIGHT_CONTACT=0 STALL=0
TRIAL=054 LEFT_CONTACT=0 RIGHT_CONTACT=1 STALL=0
TRIAL=054 PHASE=WAIT_DUAL_CONTACT
TRIAL=054 PHASE=WAIT_STALL
TRIAL=054 LEFT_CONTACT=1 RIGHT_CONTACT=1 STALL=0 GRIPPER_ERROR=0.07031 VELOCITY=0.04081 CLOSURE_M=0.00029
TRIAL=054 LEFT_CONTACT=1 RIGHT_CONTACT=1 STALL=0 GRIPPER_ERROR=0.04786 VELOCITY=0.01370 CLOSURE_M=0.00098
TRIAL=054 LEFT_CONTACT=1 RIGHT_CONTACT=1 STALL=0 GRIPPER_ERROR=0.04018 VELOCITY=0.00618 CLOSURE_M=0.00123
TRIAL=054 LEFT_CONTACT=1 RIGHT_CONTACT=1 STALL=0 GRIPPER_ERROR=0.03518 VELOCITY=0.00484 CLOSURE_M=0.00138
TRIAL=054 LEFT_CONTACT=1 RIGHT_CONTACT=1 STALL=1 GRIPPER_ERROR=0.03095 VELOCITY=0.00448 CLOSURE_M=0.00152
TRIAL=054 PHASE=LIFT_80_MM
TRIAL=054 ACTUAL_LIFT_M=-0.00004 LEFT_CONTACT=1 RIGHT_CONTACT=1
TRIAL=054 ACTUAL_LIFT_M=0.02723 LEFT_CONTACT=1 RIGHT_CONTACT=1
TRIAL=054 ACTUAL_LIFT_M=0.05940 LEFT_CONTACT=1 RIGHT_CONTACT=1
TRIAL=054 PHASE=HOLD
TRIAL=054 HOLD_SIM_SEC=0.000 HOLD_WALL_SEC=0.000 ACTUAL_LIFT_M=0.07181 RELATIVE_SLIP_M=0.00000 LEFT_CONTACT=1 RIGHT_CONTACT=1
TRIAL=054 HOLD_SIM_SEC=0.876 HOLD_WALL_SEC=1.001 ACTUAL_LIFT_M=0.07514 RELATIVE_SLIP_M=0.00000 LEFT_CONTACT=1 RIGHT_CONTACT=1
TRIAL=054 HOLD_SIM_SEC=1.820 HOLD_WALL_SEC=2.001 ACTUAL_LIFT_M=0.07507 RELATIVE_SLIP_M=0.00000 LEFT_CONTACT=1 RIGHT_CONTACT=1
TRIAL=054 HOLD_SIM_SEC=2.764 HOLD_WALL_SEC=3.001 ACTUAL_LIFT_M=0.07499 RELATIVE_SLIP_M=0.00000 LEFT_CONTACT=1 RIGHT_CONTACT=1
TRIAL=054 HOLD_SIM_SEC=3.696 HOLD_WALL_SEC=4.001 ACTUAL_LIFT_M=0.07491 RELATIVE_SLIP_M=0.00000 LEFT_CONTACT=1 RIGHT_CONTACT=1
TRIAL=054 HOLD_SIM_SEC=4.628 HOLD_WALL_SEC=5.001 ACTUAL_LIFT_M=0.07482 RELATIVE_SLIP_M=0.00000 LEFT_CONTACT=1 RIGHT_CONTACT=1
TRIAL=054 PHASE=PLACE_DOWN
TRIAL=054 PHASE=OPEN_GRIPPER
TRIAL=054 PHASE=RETREAT_PREGRASP
TRIAL=054 PHASE=GRASP_SUCCESS
TRIAL=054 DAY5_PLACE_RELEASE=PASS
DAY4_GRASP_RESULT=SUCCESS
DAY4_STEP=1 EPISODE=054 STEP=04 DIST=0.005650 YAW_ERR_DEG=0.023 REQUESTED_MOVE=0.004949 EXECUTED_MOVE=0.004846 ATTEMPT=1 SUCCESS=1 TERMINATED=1 TRUNCATED=0
DAY7_EPISODE=54 LEVEL=L1 VALID=47/50 TECHNICAL=False SUCCESS=True REASON=
DAY4_RESET_GRIPPER=OPEN ANGLE_RAD=1.570000 EFFORT_NM=1.200000
DAY4_RESET_GRIPPER=AFTER_INITIAL_MOVE ANGLE_RAD=1.570000 EFFORT_NM=1.200000
TRIAL=055 VISUAL_CENTER=[0.29998767375946045, 0.013467474724166095, 0.027167208637911125] SURFACE=[0.29998767375946045, 0.013467474724166095, 0.052167208637911126] CONTOUR_DEG=0.28 AXIS_STD_DEG=0.14 FOOTPRINT=[0.04980627819895744, 0.04980627819895744] CONFIDENCE=0.9646
TRIAL=055 SELECTED_CONTOUR_ORIENTATION=+90.28deg TILT=17.1 LEAN=+1 SYMMETRY=1 IK_FK_POS_ERROR=0.000004m IK_FK_ORIENTATION_ERROR=0.000000rad FINGER_FK_LIFT=0.080000m FINGER_FK_DRIFT=0.000000m JOINT_MOTION=2.995747rad
DAY4_MOTION_DONE=1 ELAPSED_SIM=1.202 INITIAL_ERR=0.01690 FINAL_ERR=0.00031 ARM_V=0.00348
DAY4_STEP=1 EPISODE=055 STEP=01 DIST=0.020248 YAW_ERR_DEG=0.005 REQUESTED_MOVE=0.005003 EXECUTED_MOVE=0.004905 ATTEMPT=0 SUCCESS=0 TERMINATED=0 TRUNCATED=0
DAY4_MOTION_DONE=1 ELAPSED_SIM=1.200 INITIAL_ERR=0.01735 FINAL_ERR=0.00023 ARM_V=0.00260
DAY4_STEP=1 EPISODE=055 STEP=02 DIST=0.015352 YAW_ERR_DEG=0.012 REQUESTED_MOVE=0.004968 EXECUTED_MOVE=0.004898 ATTEMPT=0 SUCCESS=0 TERMINATED=0 TRUNCATED=0
DAY4_MOTION_DONE=1 ELAPSED_SIM=1.200 INITIAL_ERR=0.01746 FINAL_ERR=0.00026 ARM_V=0.00291
DAY4_STEP=1 EPISODE=055 STEP=03 DIST=0.010473 YAW_ERR_DEG=0.017 REQUESTED_MOVE=0.004956 EXECUTED_MOVE=0.004880 ATTEMPT=0 SUCCESS=0 TERMINATED=0 TRUNCATED=0
DAY4_MOTION_DONE=1 ELAPSED_SIM=1.202 INITIAL_ERR=0.01750 FINAL_ERR=0.00024 ARM_V=0.00262
DAY4_GRASP_ATTEMPT=1
TRIAL=055 PHASE=CLOSE_SEARCH
TRIAL=055 LEFT_CONTACT=0 RIGHT_CONTACT=0 STALL=0
TRIAL=055 LEFT_CONTACT=0 RIGHT_CONTACT=1 STALL=0
TRIAL=055 PHASE=WAIT_DUAL_CONTACT
TRIAL=055 PHASE=WAIT_STALL
TRIAL=055 LEFT_CONTACT=1 RIGHT_CONTACT=1 STALL=0 GRIPPER_ERROR=0.07231 VELOCITY=0.11616 CLOSURE_M=0.00022
TRIAL=055 LEFT_CONTACT=1 RIGHT_CONTACT=1 STALL=0 GRIPPER_ERROR=0.04904 VELOCITY=0.01360 CLOSURE_M=0.00091
TRIAL=055 LEFT_CONTACT=1 RIGHT_CONTACT=1 STALL=0 GRIPPER_ERROR=0.03976 VELOCITY=0.00706 CLOSURE_M=0.00120
TRIAL=055 LEFT_CONTACT=1 RIGHT_CONTACT=1 STALL=0 GRIPPER_ERROR=0.03428 VELOCITY=0.00504 CLOSURE_M=0.00137
TRIAL=055 LEFT_CONTACT=1 RIGHT_CONTACT=1 STALL=0 GRIPPER_ERROR=0.03002 VELOCITY=0.00455 CLOSURE_M=0.00150
TRIAL=055 PHASE=LIFT_80_MM
TRIAL=055 ACTUAL_LIFT_M=-0.00002 LEFT_CONTACT=1 RIGHT_CONTACT=1
TRIAL=055 ACTUAL_LIFT_M=0.02735 LEFT_CONTACT=1 RIGHT_CONTACT=1
TRIAL=055 ACTUAL_LIFT_M=0.05950 LEFT_CONTACT=1 RIGHT_CONTACT=1
TRIAL=055 PHASE=HOLD
TRIAL=055 HOLD_SIM_SEC=0.000 HOLD_WALL_SEC=0.000 ACTUAL_LIFT_M=0.07193 RELATIVE_SLIP_M=0.00000 LEFT_CONTACT=1 RIGHT_CONTACT=1
TRIAL=055 HOLD_SIM_SEC=0.876 HOLD_WALL_SEC=1.000 ACTUAL_LIFT_M=0.07513 RELATIVE_SLIP_M=0.00004 LEFT_CONTACT=1 RIGHT_CONTACT=1
TRIAL=055 HOLD_SIM_SEC=1.810 HOLD_WALL_SEC=2.001 ACTUAL_LIFT_M=0.07506 RELATIVE_SLIP_M=0.00004 LEFT_CONTACT=1 RIGHT_CONTACT=1
TRIAL=055 HOLD_SIM_SEC=2.738 HOLD_WALL_SEC=3.001 ACTUAL_LIFT_M=0.07498 RELATIVE_SLIP_M=0.00004 LEFT_CONTACT=1 RIGHT_CONTACT=1
TRIAL=055 HOLD_SIM_SEC=3.662 HOLD_WALL_SEC=4.003 ACTUAL_LIFT_M=0.07489 RELATIVE_SLIP_M=0.00004 LEFT_CONTACT=1 RIGHT_CONTACT=1
TRIAL=055 HOLD_SIM_SEC=4.592 HOLD_WALL_SEC=5.003 ACTUAL_LIFT_M=0.07480 RELATIVE_SLIP_M=0.00004 LEFT_CONTACT=1 RIGHT_CONTACT=1
TRIAL=055 PHASE=PLACE_DOWN
TRIAL=055 PHASE=OPEN_GRIPPER
TRIAL=055 PHASE=RETREAT_PREGRASP
TRIAL=055 PHASE=GRASP_SUCCESS
TRIAL=055 DAY5_PLACE_RELEASE=PASS
DAY4_GRASP_RESULT=SUCCESS
DAY4_STEP=1 EPISODE=055 STEP=04 DIST=0.005597 YAW_ERR_DEG=0.020 REQUESTED_MOVE=0.004948 EXECUTED_MOVE=0.004879 ATTEMPT=1 SUCCESS=1 TERMINATED=1 TRUNCATED=0
DAY7_EPISODE=55 LEVEL=L1 VALID=48/50 TECHNICAL=False SUCCESS=True REASON=
DAY4_RESET_GRIPPER=OPEN ANGLE_RAD=1.570000 EFFORT_NM=1.200000
DAY4_RESET_GRIPPER=AFTER_INITIAL_MOVE ANGLE_RAD=1.570000 EFFORT_NM=1.200000
TRIAL=056 VISUAL_CENTER=[0.3126276433467865, -0.010915346327237785, 0.024851197763151672] SURFACE=[0.3126276433467865, -0.010915346327237785, 0.049851197763151674] CONTOUR_DEG=0.44 AXIS_STD_DEG=0.08 FOOTPRINT=[0.049844639375805855, 0.049844639375805855] CONFIDENCE=0.9766
TRIAL=056 SELECTED_CONTOUR_ORIENTATION=+90.44deg TILT=22.7 LEAN=+1 SYMMETRY=1 IK_FK_POS_ERROR=0.000007m IK_FK_ORIENTATION_ERROR=0.000000rad FINGER_FK_LIFT=0.080000m FINGER_FK_DRIFT=0.000000m JOINT_MOTION=3.016836rad
DAY4_MOTION_DONE=1 ELAPSED_SIM=1.200 INITIAL_ERR=0.01639 FINAL_ERR=0.00025 ARM_V=0.00273
DAY4_STEP=1 EPISODE=056 STEP=01 DIST=0.020280 YAW_ERR_DEG=0.010 REQUESTED_MOVE=0.005000 EXECUTED_MOVE=0.004919 ATTEMPT=0 SUCCESS=0 TERMINATED=0 TRUNCATED=0
DAY4_MOTION_DONE=1 ELAPSED_SIM=1.202 INITIAL_ERR=0.01691 FINAL_ERR=0.00025 ARM_V=0.00281
DAY4_STEP=1 EPISODE=056 STEP=02 DIST=0.015389 YAW_ERR_DEG=0.017 REQUESTED_MOVE=0.004970 EXECUTED_MOVE=0.004892 ATTEMPT=0 SUCCESS=0 TERMINATED=0 TRUNCATED=0
DAY4_MOTION_DONE=1 ELAPSED_SIM=1.200 INITIAL_ERR=0.01707 FINAL_ERR=0.00026 ARM_V=0.00284
DAY4_STEP=1 EPISODE=056 STEP=03 DIST=0.010509 YAW_ERR_DEG=0.022 REQUESTED_MOVE=0.004959 EXECUTED_MOVE=0.004881 ATTEMPT=0 SUCCESS=0 TERMINATED=0 TRUNCATED=0
DAY4_MOTION_DONE=1 ELAPSED_SIM=1.202 INITIAL_ERR=0.01716 FINAL_ERR=0.00026 ARM_V=0.00286
DAY4_GRASP_ATTEMPT=1
TRIAL=056 PHASE=CLOSE_SEARCH
TRIAL=056 LEFT_CONTACT=0 RIGHT_CONTACT=0 STALL=0
TRIAL=056 LEFT_CONTACT=0 RIGHT_CONTACT=1 STALL=0
TRIAL=056 PHASE=WAIT_DUAL_CONTACT
TRIAL=056 PHASE=WAIT_STALL
TRIAL=056 LEFT_CONTACT=1 RIGHT_CONTACT=1 STALL=0 GRIPPER_ERROR=0.06733 VELOCITY=0.04555 CLOSURE_M=0.00036
TRIAL=056 LEFT_CONTACT=1 RIGHT_CONTACT=1 STALL=0 GRIPPER_ERROR=0.04484 VELOCITY=0.01555 CLOSURE_M=0.00101
TRIAL=056 LEFT_CONTACT=1 RIGHT_CONTACT=1 STALL=0 GRIPPER_ERROR=0.03642 VELOCITY=0.00664 CLOSURE_M=0.00127
TRIAL=056 LEFT_CONTACT=1 RIGHT_CONTACT=1 STALL=0 GRIPPER_ERROR=0.03113 VELOCITY=0.00502 CLOSURE_M=0.00143
TRIAL=056 PHASE=LIFT_80_MM
TRIAL=056 ACTUAL_LIFT_M=-0.00002 LEFT_CONTACT=1 RIGHT_CONTACT=1
TRIAL=056 ACTUAL_LIFT_M=0.02740 LEFT_CONTACT=1 RIGHT_CONTACT=1
TRIAL=056 ACTUAL_LIFT_M=0.05949 LEFT_CONTACT=1 RIGHT_CONTACT=1
TRIAL=056 PHASE=HOLD
TRIAL=056 HOLD_SIM_SEC=0.000 HOLD_WALL_SEC=0.000 ACTUAL_LIFT_M=0.07187 RELATIVE_SLIP_M=0.00000 LEFT_CONTACT=1 RIGHT_CONTACT=1
TRIAL=056 HOLD_SIM_SEC=0.878 HOLD_WALL_SEC=1.001 ACTUAL_LIFT_M=0.07497 RELATIVE_SLIP_M=0.00028 LEFT_CONTACT=1 RIGHT_CONTACT=1
TRIAL=056 HOLD_SIM_SEC=1.824 HOLD_WALL_SEC=2.001 ACTUAL_LIFT_M=0.07489 RELATIVE_SLIP_M=0.00028 LEFT_CONTACT=1 RIGHT_CONTACT=1
TRIAL=056 HOLD_SIM_SEC=2.760 HOLD_WALL_SEC=3.001 ACTUAL_LIFT_M=0.07480 RELATIVE_SLIP_M=0.00028 LEFT_CONTACT=1 RIGHT_CONTACT=1
TRIAL=056 HOLD_SIM_SEC=3.706 HOLD_WALL_SEC=4.001 ACTUAL_LIFT_M=0.07472 RELATIVE_SLIP_M=0.00028 LEFT_CONTACT=1 RIGHT_CONTACT=1
TRIAL=056 HOLD_SIM_SEC=4.634 HOLD_WALL_SEC=5.001 ACTUAL_LIFT_M=0.07466 RELATIVE_SLIP_M=0.00028 LEFT_CONTACT=1 RIGHT_CONTACT=1
TRIAL=056 PHASE=PLACE_DOWN
TRIAL=056 PHASE=OPEN_GRIPPER
TRIAL=056 PHASE=RETREAT_PREGRASP
TRIAL=056 PHASE=GRASP_SUCCESS
TRIAL=056 DAY5_PLACE_RELEASE=PASS
DAY4_GRASP_RESULT=SUCCESS
DAY4_STEP=1 EPISODE=056 STEP=04 DIST=0.005638 YAW_ERR_DEG=0.026 REQUESTED_MOVE=0.004951 EXECUTED_MOVE=0.004874 ATTEMPT=1 SUCCESS=1 TERMINATED=1 TRUNCATED=0
DAY7_EPISODE=56 LEVEL=L1 VALID=49/50 TECHNICAL=False SUCCESS=True REASON=
DAY4_RESET_GRIPPER=OPEN ANGLE_RAD=1.570000 EFFORT_NM=1.200000
DAY4_RESET_GRIPPER=AFTER_INITIAL_MOVE ANGLE_RAD=1.570000 EFFORT_NM=1.200000
TRIAL=057 VISUAL_CENTER=[0.3058716654777527, 0.003704279661178589, 0.023659342309048217] SURFACE=[0.3058716654777527, 0.003704279661178589, 0.04865934230904822] CONTOUR_DEG=0.03 AXIS_STD_DEG=0.06 FOOTPRINT=[0.04994816519320011, 0.04994816519320011] CONFIDENCE=0.9792
TRIAL=057 SELECTED_CONTOUR_ORIENTATION=+90.03deg TILT=19.4 LEAN=+1 SYMMETRY=1 IK_FK_POS_ERROR=0.000001m IK_FK_ORIENTATION_ERROR=0.000000rad FINGER_FK_LIFT=0.080000m FINGER_FK_DRIFT=0.000000m JOINT_MOTION=3.013568rad
DAY4_MOTION_DONE=1 ELAPSED_SIM=1.202 INITIAL_ERR=0.01672 FINAL_ERR=0.00028 ARM_V=0.00310
DAY4_STEP=1 EPISODE=057 STEP=01 DIST=0.020262 YAW_ERR_DEG=0.006 REQUESTED_MOVE=0.005001 EXECUTED_MOVE=0.004912 ATTEMPT=0 SUCCESS=0 TERMINATED=0 TRUNCATED=0
DAY4_MOTION_DONE=1 ELAPSED_SIM=1.202 INITIAL_ERR=0.01715 FINAL_ERR=0.00032 ARM_V=0.00352
DAY4_STEP=1 EPISODE=057 STEP=02 DIST=0.015380 YAW_ERR_DEG=0.013 REQUESTED_MOVE=0.004969 EXECUTED_MOVE=0.004874 ATTEMPT=0 SUCCESS=0 TERMINATED=0 TRUNCATED=0
DAY4_MOTION_DONE=1 ELAPSED_SIM=1.202 INITIAL_ERR=0.01731 FINAL_ERR=0.00032 ARM_V=0.00355
DAY4_STEP=1 EPISODE=057 STEP=03 DIST=0.010518 YAW_ERR_DEG=0.018 REQUESTED_MOVE=0.004957 EXECUTED_MOVE=0.004863 ATTEMPT=0 SUCCESS=0 TERMINATED=0 TRUNCATED=0
DAY4_MOTION_DONE=1 ELAPSED_SIM=1.200 INITIAL_ERR=0.01734 FINAL_ERR=0.00032 ARM_V=0.00356
DAY4_GRASP_ATTEMPT=1
TRIAL=057 PHASE=CLOSE_SEARCH
TRIAL=057 LEFT_CONTACT=0 RIGHT_CONTACT=0 STALL=0
TRIAL=057 LEFT_CONTACT=1 RIGHT_CONTACT=0 STALL=0
TRIAL=057 PHASE=WAIT_DUAL_CONTACT
TRIAL=057 PHASE=WAIT_STALL
TRIAL=057 LEFT_CONTACT=1 RIGHT_CONTACT=1 STALL=0 GRIPPER_ERROR=0.06840 VELOCITY=0.03799 CLOSURE_M=0.00034
TRIAL=057 LEFT_CONTACT=1 RIGHT_CONTACT=1 STALL=0 GRIPPER_ERROR=0.04796 VELOCITY=0.01320 CLOSURE_M=0.00097
TRIAL=057 LEFT_CONTACT=1 RIGHT_CONTACT=1 STALL=0 GRIPPER_ERROR=0.04036 VELOCITY=0.00608 CLOSURE_M=0.00120
TRIAL=057 LEFT_CONTACT=1 RIGHT_CONTACT=1 STALL=0 GRIPPER_ERROR=0.03547 VELOCITY=0.00483 CLOSURE_M=0.00136
TRIAL=057 LEFT_CONTACT=1 RIGHT_CONTACT=1 STALL=0 GRIPPER_ERROR=0.03119 VELOCITY=0.00446 CLOSURE_M=0.00149
TRIAL=057 PHASE=LIFT_80_MM
TRIAL=057 ACTUAL_LIFT_M=-0.00002 LEFT_CONTACT=1 RIGHT_CONTACT=1
TRIAL=057 ACTUAL_LIFT_M=0.02709 LEFT_CONTACT=1 RIGHT_CONTACT=1
TRIAL=057 ACTUAL_LIFT_M=0.05934 LEFT_CONTACT=1 RIGHT_CONTACT=1
TRIAL=057 PHASE=HOLD
TRIAL=057 HOLD_SIM_SEC=0.000 HOLD_WALL_SEC=0.000 ACTUAL_LIFT_M=0.07245 RELATIVE_SLIP_M=0.00000 LEFT_CONTACT=1 RIGHT_CONTACT=1
TRIAL=057 HOLD_SIM_SEC=0.878 HOLD_WALL_SEC=1.001 ACTUAL_LIFT_M=0.07534 RELATIVE_SLIP_M=0.00053 LEFT_CONTACT=1 RIGHT_CONTACT=1
TRIAL=057 HOLD_SIM_SEC=1.824 HOLD_WALL_SEC=2.001 ACTUAL_LIFT_M=0.07527 RELATIVE_SLIP_M=0.00053 LEFT_CONTACT=1 RIGHT_CONTACT=1
TRIAL=057 HOLD_SIM_SEC=2.746 HOLD_WALL_SEC=3.001 ACTUAL_LIFT_M=0.07519 RELATIVE_SLIP_M=0.00053 LEFT_CONTACT=1 RIGHT_CONTACT=1
TRIAL=057 HOLD_SIM_SEC=3.676 HOLD_WALL_SEC=4.001 ACTUAL_LIFT_M=0.07511 RELATIVE_SLIP_M=0.00053 LEFT_CONTACT=1 RIGHT_CONTACT=1
TRIAL=057 HOLD_SIM_SEC=4.598 HOLD_WALL_SEC=5.001 ACTUAL_LIFT_M=0.07502 RELATIVE_SLIP_M=0.00053 LEFT_CONTACT=1 RIGHT_CONTACT=1
TRIAL=057 PHASE=PLACE_DOWN
TRIAL=057 PHASE=OPEN_GRIPPER
TRIAL=057 PHASE=RETREAT_PREGRASP
TRIAL=057 PHASE=GRASP_SUCCESS
TRIAL=057 DAY5_PLACE_RELEASE=PASS
DAY4_GRASP_RESULT=SUCCESS
DAY4_STEP=1 EPISODE=057 STEP=04 DIST=0.005665 YAW_ERR_DEG=0.021 REQUESTED_MOVE=0.004949 EXECUTED_MOVE=0.004856 ATTEMPT=1 SUCCESS=1 TERMINATED=1 TRUNCATED=0
DAY7_EPISODE=57 LEVEL=L1 VALID=50/50 TECHNICAL=False SUCCESS=True REASON=
