/usr/lib/python3/dist-packages/scipy/__init__.py:146: UserWarning: A NumPy version >=1.17.3 and <1.25.0 is required for this version of SciPy (detected version 1.26.4
  warnings.warn(f"A NumPy version >={np_minversion} and <{np_maxversion}"
[0m[INFO] [1789222335.768609892] [perception]: Day 2 perception started: /depth_cam/rgbd/image + /depth_cam/rgbd/depth_image; depth_cam_link -> base_link[0m
[0m[INFO] [1789222338.349991678] [perception]: CameraInfo: 320x200, fx=277.19, fy=277.19, cx=160.00, cy=100.00[0m
[0m[INFO] [1789222338.440841103] [perception]: NOT DETECTED[0m
[0m[INFO] [1789222339.479356449] [perception]: NOT DETECTED[0m
[0m[INFO] [1789222340.494975478] [perception]: NOT DETECTED[0m
[0m[INFO] [1789222341.550799662] [perception]: NOT DETECTED[0m
[0m[INFO] [1789222342.580246163] [perception]: NOT DETECTED[0m
[0m[INFO] [1789222343.622707391] [perception]: NOT DETECTED[0m
[0m[INFO] [1789222344.650783692] [perception]: NOT DETECTED[0m
[0m[INFO] [1789222345.696315114] [perception]: NOT DETECTED[0m
[0m[INFO] [1789222346.722820440] [perception]: NOT DETECTED[0m
[0m[INFO] [1789222347.774081020] [perception]: NOT DETECTED[0m
[0m[INFO] [1789222348.793306903] [perception]: NOT DETECTED[0m
[0m[INFO] [1789222349.822008100] [perception]: NOT DETECTED[0m
[0m[INFO] [1789222350.839141274] [perception]: NOT DETECTED[0m
[0m[INFO] [1789222351.852176143] [perception]: NOT DETECTED[0m
[0m[INFO] [1789222352.888220382] [perception]: NOT DETECTED[0m
[0m[INFO] [1789222353.914819451] [perception]: NOT DETECTED[0m
[0m[INFO] [1789222354.927739896] [perception]: DETECTED pixel=(79,105) depth=0.345 m surface=(0.303,0.005,0.050) m center=(0.303,0.005,0.025) m conf=0.98 edge=0.0deg sides=(0.050,0.048)m sync_rate=12.25 Hz mask_px=1294[0m
[0m[INFO] [1789222355.970639767] [perception]: DETECTED pixel=(79,105) depth=0.345 m surface=(0.303,0.005,0.050) m center=(0.303,0.005,0.025) m conf=0.98 edge=0.0deg sides=(0.050,0.048)m sync_rate=12.21 Hz mask_px=1274[0m
[0m[INFO] [1789222357.005139109] [perception]: DETECTED pixel=(79,105) depth=0.345 m surface=(0.303,0.006,0.050) m center=(0.303,0.006,0.025) m conf=0.98 edge=0.0deg sides=(0.050,0.048)m sync_rate=12.32 Hz mask_px=1275[0m
[0m[INFO] [1789222358.042294570] [perception]: DETECTED pixel=(80,105) depth=0.345 m surface=(0.304,0.006,0.050) m center=(0.304,0.006,0.025) m conf=0.97 edge=0.0deg sides=(0.050,0.049)m sync_rate=12.42 Hz mask_px=1269[0m
[0m[INFO] [1789222359.069362497] [perception]: NOT DETECTED[0m
[0m[INFO] [1789222360.102539527] [perception]: NOT DETECTED[0m
[0m[INFO] [1789222361.134232468] [perception]: NOT DETECTED[0m
[0m[INFO] [1789222362.179200892] [perception]: NOT DETECTED[0m
[0m[INFO] [1789222390.067158383] [perception]: NOT DETECTED[0m
[0m[INFO] [1789222391.106637417] [perception]: NOT DETECTED[0m
[0m[INFO] [1789222392.149693773] [perception]: DETECTED pixel=(118,99) depth=0.324 m surface=(0.306,0.005,0.050) m center=(0.306,0.005,0.025) m conf=0.85 edge=0.2deg sides=(0.050,0.049)m sync_rate=13.62 Hz mask_px=335[0m
[0m[INFO] [1789222393.161091264] [perception]: DETECTED pixel=(75,99) depth=0.349 m surface=(0.320,-0.001,0.050) m center=(0.320,-0.001,0.025) m conf=0.98 edge=0.0deg sides=(0.050,0.049)m sync_rate=13.60 Hz mask_px=1439[0m
[0m[INFO] [1789222394.190920615] [perception]: DETECTED pixel=(75,99) depth=0.349 m surface=(0.320,-0.001,0.050) m center=(0.320,-0.001,0.025) m conf=0.98 edge=0.0deg sides=(0.050,0.049)m sync_rate=13.62 Hz mask_px=1439[0m
[0m[INFO] [1789222395.243262149] [perception]: DETECTED pixel=(75,99) depth=0.349 m surface=(0.320,-0.001,0.050) m center=(0.320,-0.001,0.025) m conf=0.98 edge=0.0deg sides=(0.050,0.049)m sync_rate=13.63 Hz mask_px=1439[0m
[0m[INFO] [1789222396.279935372] [perception]: DETECTED pixel=(75,99) depth=0.349 m surface=(0.320,-0.001,0.050) m center=(0.320,-0.001,0.025) m conf=0.98 edge=0.0deg sides=(0.050,0.049)m sync_rate=13.64 Hz mask_px=1439[0m
[0m[INFO] [1789222397.325416330] [perception]: DETECTED pixel=(75,99) depth=0.349 m surface=(0.320,-0.001,0.050) m center=(0.320,-0.001,0.025) m conf=0.98 edge=0.0deg sides=(0.050,0.049)m sync_rate=13.66 Hz mask_px=1439[0m
[0m[INFO] [1789222398.398681852] [perception]: DETECTED pixel=(75,99) depth=0.349 m surface=(0.320,-0.001,0.050) m center=(0.320,-0.001,0.025) m conf=0.98 edge=0.0deg sides=(0.050,0.049)m sync_rate=13.68 Hz mask_px=1439[0m
[0m[INFO] [1789222399.464693146] [perception]: DETECTED pixel=(75,99) depth=0.349 m surface=(0.320,-0.001,0.050) m center=(0.320,-0.001,0.025) m conf=0.98 edge=0.0deg sides=(0.050,0.049)m sync_rate=13.68 Hz mask_px=1439[0m
[0m[INFO] [1789222400.546674192] [perception]: DETECTED pixel=(75,99) depth=0.349 m surface=(0.320,-0.001,0.050) m center=(0.320,-0.001,0.025) m conf=0.98 edge=0.0deg sides=(0.050,0.049)m sync_rate=13.70 Hz mask_px=1439[0m
[0m[INFO] [1789222401.585628766] [perception]: DETECTED pixel=(75,99) depth=0.349 m surface=(0.320,-0.001,0.050) m center=(0.320,-0.001,0.025) m conf=0.98 edge=0.0deg sides=(0.050,0.049)m sync_rate=13.71 Hz mask_px=1439[0m
[0m[INFO] [1789222402.639243302] [perception]: DETECTED pixel=(75,99) depth=0.349 m surface=(0.320,-0.001,0.050) m center=(0.320,-0.001,0.025) m conf=0.98 edge=0.0deg sides=(0.050,0.049)m sync_rate=13.72 Hz mask_px=1439[0m
[0m[INFO] [1789222403.643881079] [perception]: DETECTED pixel=(75,99) depth=0.349 m surface=(0.320,-0.001,0.050) m center=(0.320,-0.001,0.025) m conf=0.98 edge=0.0deg sides=(0.050,0.049)m sync_rate=13.73 Hz mask_px=1439[0m
[0m[INFO] [1789222404.725570040] [perception]: DETECTED pixel=(75,99) depth=0.349 m surface=(0.320,-0.001,0.050) m center=(0.320,-0.001,0.025) m conf=0.98 edge=0.0deg sides=(0.050,0.049)m sync_rate=13.73 Hz mask_px=1439[0m
[0m[INFO] [1789222405.869306467] [perception]: DETECTED pixel=(75,99) depth=0.349 m surface=(0.321,0.001,0.052) m center=(0.321,0.001,0.027) m conf=0.88 edge=-0.0deg sides=(0.050,0.049)m sync_rate=13.72 Hz mask_px=1439[0m
[0m[INFO] [1789222406.898507169] [perception]: DETECTED pixel=(75,99) depth=0.349 m surface=(0.321,0.001,0.052) m center=(0.321,0.001,0.027) m conf=0.98 edge=-0.1deg sides=(0.050,0.049)m sync_rate=13.73 Hz mask_px=1439[0m
[0m[INFO] [1789222407.947073989] [perception]: DETECTED pixel=(75,99) depth=0.349 m surface=(0.321,0.001,0.052) m center=(0.321,0.001,0.027) m conf=0.98 edge=0.1deg sides=(0.050,0.049)m sync_rate=13.74 Hz mask_px=1439[0m
[0m[INFO] [1789222408.986072421] [perception]: DETECTED pixel=(75,99) depth=0.349 m surface=(0.321,0.001,0.052) m center=(0.321,0.001,0.027) m conf=0.98 edge=0.2deg sides=(0.050,0.049)m sync_rate=13.75 Hz mask_px=1439[0m
[0m[INFO] [1789222410.032923265] [perception]: DETECTED pixel=(75,99) depth=0.349 m surface=(0.321,0.001,0.052) m center=(0.321,0.001,0.027) m conf=0.98 edge=-0.1deg sides=(0.050,0.049)m sync_rate=13.76 Hz mask_px=1439[0m
[0m[INFO] [1789222411.083985482] [perception]: DETECTED pixel=(75,99) depth=0.349 m surface=(0.321,0.001,0.052) m center=(0.321,0.001,0.027) m conf=0.98 edge=0.1deg sides=(0.050,0.049)m sync_rate=13.76 Hz mask_px=1439[0m
[0m[INFO] [1789222412.108293823] [perception]: DETECTED pixel=(75,99) depth=0.349 m surface=(0.321,0.001,0.052) m center=(0.321,0.001,0.027) m conf=0.98 edge=0.2deg sides=(0.050,0.049)m sync_rate=13.78 Hz mask_px=1439[0m
[0m[INFO] [1789222413.149472829] [perception]: DETECTED pixel=(75,99) depth=0.349 m surface=(0.321,0.001,0.052) m center=(0.321,0.001,0.027) m conf=0.98 edge=0.1deg sides=(0.050,0.049)m sync_rate=13.78 Hz mask_px=1439[0m
[0m[INFO] [1789222414.181332691] [perception]: DETECTED pixel=(75,99) depth=0.349 m surface=(0.321,0.001,0.052) m center=(0.321,0.001,0.027) m conf=0.98 edge=0.1deg sides=(0.050,0.049)m sync_rate=13.79 Hz mask_px=1439[0m
[0m[INFO] [1789222415.227301901] [perception]: DETECTED pixel=(75,99) depth=0.349 m surface=(0.321,0.001,0.052) m center=(0.321,0.001,0.027) m conf=0.98 edge=0.2deg sides=(0.050,0.049)m sync_rate=13.80 Hz mask_px=1439[0m
[0m[INFO] [1789222416.286956387] [perception]: DETECTED pixel=(75,99) depth=0.349 m surface=(0.321,0.001,0.052) m center=(0.321,0.001,0.027) m conf=0.98 edge=0.2deg sides=(0.050,0.049)m sync_rate=13.81 Hz mask_px=1439[0m
[0m[INFO] [1789222417.302469646] [perception]: DETECTED pixel=(75,99) depth=0.349 m surface=(0.321,0.001,0.052) m center=(0.321,0.001,0.027) m conf=0.98 edge=0.2deg sides=(0.050,0.049)m sync_rate=13.82 Hz mask_px=1439[0m
[0m[INFO] [1789222418.345496961] [perception]: DETECTED pixel=(75,99) depth=0.349 m surface=(0.321,0.001,0.052) m center=(0.321,0.001,0.027) m conf=0.98 edge=0.1deg sides=(0.050,0.049)m sync_rate=13.83 Hz mask_px=1439[0m
[0m[INFO] [1789222419.391643065] [perception]: DETECTED pixel=(75,99) depth=0.349 m surface=(0.321,0.001,0.052) m center=(0.321,0.001,0.027) m conf=0.98 edge=0.1deg sides=(0.050,0.049)m sync_rate=13.83 Hz mask_px=1439[0m
[0m[INFO] [1789222420.395746276] [perception]: DETECTED pixel=(75,99) depth=0.349 m surface=(0.321,0.001,0.052) m center=(0.321,0.001,0.027) m conf=0.98 edge=0.1deg sides=(0.050,0.049)m sync_rate=13.83 Hz mask_px=1439[0m
[0m[INFO] [1789222421.415718783] [perception]: DETECTED pixel=(78,90) depth=0.346 m surface=(0.311,-0.010,0.052) m center=(0.311,-0.010,0.027) m conf=0.97 edge=0.1deg sides=(0.050,0.049)m sync_rate=13.78 Hz mask_px=1344[0m
[0m[INFO] [1789222422.476164513] [perception]: DETECTED pixel=(78,90) depth=0.346 m surface=(0.311,-0.010,0.052) m center=(0.311,-0.010,0.027) m conf=0.98 edge=0.1deg sides=(0.050,0.049)m sync_rate=13.78 Hz mask_px=1344[0m
[0m[INFO] [1789222423.538953483] [perception]: DETECTED pixel=(78,90) depth=0.346 m surface=(0.311,-0.010,0.052) m center=(0.311,-0.010,0.027) m conf=0.97 edge=0.2deg sides=(0.050,0.049)m sync_rate=13.78 Hz mask_px=1344[0m
[0m[INFO] [1789222424.930627232] [perception]: NOT DETECTED[0m
[0m[INFO] [1789222425.951348892] [perception]: NOT DETECTED[0m
[0m[INFO] [1789222426.991776493] [perception]: NOT DETECTED[0m
[0m[INFO] [1789222428.021107767] [perception]: NOT DETECTED[0m
[0m[INFO] [1789222429.052806706] [perception]: NOT DETECTED[0m
[0m[INFO] [1789222430.075023081] [perception]: NOT DETECTED[0m
[0m[INFO] [1789222432.428315793] [perception]: DETECTED pixel=(114,47) depth=0.118 m surface=(0.319,-0.011,0.051) m center=(0.319,-0.011,0.026) m conf=0.83 edge=0.7deg sides=(0.050,0.035)m sync_rate=13.85 Hz mask_px=634[0m
[0m[INFO] [1789222433.440448470] [perception]: DETECTED pixel=(110,48) depth=0.114 m surface=(0.317,-0.011,0.051) m center=(0.317,-0.011,0.026) m conf=0.93 edge=0.5deg sides=(0.050,0.036)m sync_rate=13.85 Hz mask_px=1033[0m
[0m[INFO] [1789222434.446181017] [perception]: DETECTED pixel=(110,49) depth=0.114 m surface=(0.318,-0.010,0.051) m center=(0.318,-0.010,0.026) m conf=0.89 edge=0.9deg sides=(0.050,0.037)m sync_rate=13.86 Hz mask_px=993[0m
[0m[INFO] [1789222435.496660929] [perception]: DETECTED pixel=(108,51) depth=0.116 m surface=(0.319,-0.010,0.050) m center=(0.319,-0.010,0.025) m conf=0.90 edge=0.3deg sides=(0.050,0.039)m sync_rate=13.86 Hz mask_px=1102[0m
[0m[INFO] [1789222436.566402569] [perception]: DETECTED pixel=(111,151) depth=0.115 m surface=(0.319,-0.010,0.050) m center=(0.319,-0.010,0.025) m conf=0.89 edge=2.0deg sides=(0.050,0.039)m sync_rate=13.87 Hz mask_px=1202[0m
[0m[INFO] [1789222437.621356958] [perception]: DETECTED pixel=(110,151) depth=0.114 m surface=(0.319,-0.010,0.050) m center=(0.319,-0.010,0.025) m conf=0.90 edge=0.5deg sides=(0.050,0.039)m sync_rate=13.87 Hz mask_px=1253[0m
[0m[INFO] [1789222438.662705839] [perception]: DETECTED pixel=(110,152) depth=0.114 m surface=(0.319,-0.010,0.051) m center=(0.319,-0.010,0.026) m conf=0.90 edge=0.3deg sides=(0.050,0.039)m sync_rate=13.87 Hz mask_px=1273[0m
[0m[INFO] [1789222448.141045269] [perception]: DETECTED pixel=(110,152) depth=0.115 m surface=(0.321,-0.010,0.072) m center=(0.321,-0.010,0.047) m conf=0.79 edge=0.4deg sides=(0.050,0.039)m sync_rate=13.91 Hz mask_px=1218[0m
[0m[INFO] [1789222449.209167386] [perception]: DETECTED pixel=(110,151) depth=0.114 m surface=(0.319,-0.009,0.051) m center=(0.319,-0.009,0.026) m conf=0.89 edge=0.3deg sides=(0.050,0.039)m sync_rate=13.91 Hz mask_px=1326[0m
[0m[INFO] [1789222450.243414466] [perception]: DETECTED pixel=(110,151) depth=0.114 m surface=(0.319,-0.009,0.051) m center=(0.319,-0.009,0.026) m conf=0.90 edge=0.2deg sides=(0.050,0.039)m sync_rate=13.91 Hz mask_px=1329[0m
[0m[INFO] [1789222451.247911296] [perception]: DETECTED pixel=(110,151) depth=0.114 m surface=(0.319,-0.009,0.051) m center=(0.319,-0.009,0.026) m conf=0.90 edge=0.2deg sides=(0.050,0.039)m sync_rate=13.92 Hz mask_px=1329[0m
[0m[INFO] [1789222452.269730385] [perception]: DETECTED pixel=(110,151) depth=0.114 m surface=(0.319,-0.009,0.051) m center=(0.319,-0.009,0.026) m conf=0.90 edge=0.2deg sides=(0.050,0.039)m sync_rate=13.93 Hz mask_px=1329[0m
[0m[INFO] [1789222453.312277277] [perception]: DETECTED pixel=(110,151) depth=0.114 m surface=(0.319,-0.009,0.051) m center=(0.319,-0.009,0.026) m conf=0.92 edge=0.3deg sides=(0.050,0.039)m sync_rate=13.93 Hz mask_px=1346[0m
[0m[INFO] [1789222454.376330252] [perception]: DETECTED pixel=(110,151) depth=0.114 m surface=(0.319,-0.009,0.051) m center=(0.319,-0.009,0.026) m conf=0.92 edge=0.2deg sides=(0.050,0.039)m sync_rate=13.93 Hz mask_px=1351[0m
[0m[INFO] [1789222455.418013716] [perception]: DETECTED pixel=(116,154) depth=0.117 m surface=(0.319,-0.009,0.051) m center=(0.319,-0.009,0.026) m conf=0.88 edge=0.2deg sides=(0.050,0.038)m sync_rate=13.94 Hz mask_px=998[0m
[0m[INFO] [1789222456.448093743] [perception]: NOT DETECTED[0m
[0m[INFO] [1789222457.903179046] [perception]: DETECTED pixel=(90,90) depth=0.350 m surface=(0.314,-0.010,0.052) m center=(0.314,-0.010,0.027) m conf=0.80 edge=0.5deg sides=(0.049,0.049)m sync_rate=13.95 Hz mask_px=487[0m
[0m[INFO] [1789222458.918851582] [perception]: DETECTED pixel=(75,99) depth=0.349 m surface=(0.321,0.001,0.052) m center=(0.321,0.001,0.027) m conf=0.98 edge=0.0deg sides=(0.050,0.049)m sync_rate=13.94 Hz mask_px=1439[0m
[0m[INFO] [1789222459.921353091] [perception]: DETECTED pixel=(75,99) depth=0.349 m surface=(0.321,0.001,0.052) m center=(0.321,0.001,0.027) m conf=0.98 edge=0.3deg sides=(0.050,0.049)m sync_rate=13.94 Hz mask_px=1439[0m
[0m[INFO] [1789222460.988144781] [perception]: DETECTED pixel=(75,99) depth=0.349 m surface=(0.321,0.001,0.052) m center=(0.321,0.001,0.027) m conf=0.98 edge=0.0deg sides=(0.050,0.049)m sync_rate=13.94 Hz mask_px=1439[0m
[0m[INFO] [1789222462.032976605] [perception]: DETECTED pixel=(75,99) depth=0.349 m surface=(0.321,0.001,0.052) m center=(0.321,0.001,0.027) m conf=0.98 edge=0.1deg sides=(0.050,0.049)m sync_rate=13.94 Hz mask_px=1439[0m
[0m[INFO] [1789222463.064388449] [perception]: DETECTED pixel=(75,99) depth=0.349 m surface=(0.321,0.001,0.052) m center=(0.321,0.001,0.027) m conf=0.98 edge=0.0deg sides=(0.050,0.049)m sync_rate=13.94 Hz mask_px=1439[0m
[0m[INFO] [1789222464.124477267] [perception]: DETECTED pixel=(75,99) depth=0.349 m surface=(0.321,0.001,0.052) m center=(0.321,0.001,0.027) m conf=0.98 edge=0.1deg sides=(0.050,0.049)m sync_rate=13.94 Hz mask_px=1439[0m
[0m[INFO] [1789222465.157227783] [perception]: DETECTED pixel=(75,99) depth=0.349 m surface=(0.321,0.001,0.052) m center=(0.321,0.001,0.027) m conf=0.98 edge=0.1deg sides=(0.050,0.049)m sync_rate=13.95 Hz mask_px=1439[0m
[0m[INFO] [1789222466.176672384] [perception]: DETECTED pixel=(75,99) depth=0.349 m surface=(0.320,-0.006,0.054) m center=(0.320,-0.006,0.029) m conf=0.98 edge=-0.1deg sides=(0.050,0.050)m sync_rate=13.95 Hz mask_px=1439[0m
[0m[INFO] [1789222467.249225281] [perception]: DETECTED pixel=(75,99) depth=0.349 m surface=(0.320,-0.006,0.054) m center=(0.320,-0.006,0.029) m conf=0.97 edge=-0.0deg sides=(0.050,0.049)m sync_rate=13.95 Hz mask_px=1439[0m
[0m[INFO] [1789222468.290476218] [perception]: DETECTED pixel=(75,99) depth=0.349 m surface=(0.320,-0.006,0.054) m center=(0.320,-0.006,0.029) m conf=0.97 edge=0.0deg sides=(0.050,0.050)m sync_rate=13.95 Hz mask_px=1439[0m
[0m[INFO] [1789222469.311287752] [perception]: DETECTED pixel=(75,99) depth=0.349 m surface=(0.320,-0.006,0.054) m center=(0.320,-0.006,0.029) m conf=0.97 edge=-0.1deg sides=(0.050,0.050)m sync_rate=13.96 Hz mask_px=1439[0m
[0m[INFO] [1789222470.311805675] [perception]: DETECTED pixel=(75,99) depth=0.349 m surface=(0.320,-0.006,0.054) m center=(0.320,-0.006,0.029) m conf=0.97 edge=-0.2deg sides=(0.050,0.050)m sync_rate=13.96 Hz mask_px=1439[0m
[0m[INFO] [1789222471.347624376] [perception]: DETECTED pixel=(75,99) depth=0.349 m surface=(0.320,-0.006,0.054) m center=(0.320,-0.006,0.029) m conf=0.98 edge=-0.5deg sides=(0.050,0.050)m sync_rate=13.96 Hz mask_px=1439[0m
[0m[INFO] [1789222472.373719968] [perception]: DETECTED pixel=(75,99) depth=0.349 m surface=(0.320,-0.006,0.054) m center=(0.320,-0.006,0.029) m conf=0.97 edge=-0.1deg sides=(0.050,0.050)m sync_rate=13.96 Hz mask_px=1439[0m
[0m[INFO] [1789222473.409398588] [perception]: DETECTED pixel=(75,99) depth=0.349 m surface=(0.320,-0.006,0.054) m center=(0.320,-0.006,0.029) m conf=0.98 edge=0.1deg sides=(0.050,0.050)m sync_rate=13.97 Hz mask_px=1439[0m
[0m[INFO] [1789222474.445032470] [perception]: DETECTED pixel=(75,99) depth=0.349 m surface=(0.320,-0.006,0.054) m center=(0.320,-0.006,0.029) m conf=0.97 edge=-0.3deg sides=(0.050,0.050)m sync_rate=13.97 Hz mask_px=1439[0m
[0m[INFO] [1789222475.498722340] [perception]: DETECTED pixel=(75,99) depth=0.349 m surface=(0.320,-0.006,0.054) m center=(0.320,-0.006,0.029) m conf=0.98 edge=0.1deg sides=(0.050,0.050)m sync_rate=13.97 Hz mask_px=1439[0m
[0m[INFO] [1789222476.539955340] [perception]: DETECTED pixel=(75,99) depth=0.349 m surface=(0.320,-0.006,0.054) m center=(0.320,-0.006,0.029) m conf=0.97 edge=-0.2deg sides=(0.050,0.050)m sync_rate=13.98 Hz mask_px=1439[0m
[0m[INFO] [1789222477.560828887] [perception]: DETECTED pixel=(75,99) depth=0.349 m surface=(0.320,-0.006,0.054) m center=(0.320,-0.006,0.029) m conf=0.98 edge=-0.1deg sides=(0.050,0.050)m sync_rate=13.98 Hz mask_px=1439[0m
[0m[INFO] [1789222478.595142910] [perception]: DETECTED pixel=(75,99) depth=0.349 m surface=(0.320,-0.006,0.054) m center=(0.320,-0.006,0.029) m conf=0.97 edge=-0.0deg sides=(0.050,0.050)m sync_rate=13.99 Hz mask_px=1439[0m
[0m[INFO] [1789222479.625053680] [perception]: DETECTED pixel=(75,99) depth=0.349 m surface=(0.320,-0.006,0.054) m center=(0.320,-0.006,0.029) m conf=0.98 edge=-0.3deg sides=(0.050,0.050)m sync_rate=13.99 Hz mask_px=1439[0m
[0m[INFO] [1789222480.672575066] [perception]: DETECTED pixel=(75,99) depth=0.349 m surface=(0.320,-0.006,0.054) m center=(0.320,-0.006,0.029) m conf=0.98 edge=0.1deg sides=(0.050,0.050)m sync_rate=13.99 Hz mask_px=1439[0m
[0m[INFO] [1789222481.693443170] [perception]: DETECTED pixel=(81,87) depth=0.342 m surface=(0.297,-0.020,0.054) m center=(0.297,-0.020,0.029) m conf=0.96 edge=-0.1deg sides=(0.050,0.050)m sync_rate=13.96 Hz mask_px=1289[0m
[0m[INFO] [1789222482.751749187] [perception]: DETECTED pixel=(81,87) depth=0.342 m surface=(0.297,-0.020,0.054) m center=(0.297,-0.020,0.029) m conf=0.97 edge=-0.2deg sides=(0.051,0.050)m sync_rate=13.96 Hz mask_px=1289[0m
[0m[INFO] [1789222483.806187060] [perception]: DETECTED pixel=(81,87) depth=0.342 m surface=(0.297,-0.020,0.054) m center=(0.297,-0.020,0.029) m conf=0.97 edge=0.1deg sides=(0.051,0.050)m sync_rate=13.96 Hz mask_px=1289[0m
[0m[INFO] [1789222484.823381234] [perception]: DETECTED pixel=(90,88) depth=0.348 m surface=(0.297,-0.020,0.054) m center=(0.297,-0.020,0.029) m conf=0.90 edge=0.3deg sides=(0.050,0.050)m sync_rate=13.96 Hz mask_px=589[0m
[0m[INFO] [1789222485.848584122] [perception]: NOT DETECTED[0m
[0m[INFO] [1789222486.881315042] [perception]: NOT DETECTED[0m
[0m[INFO] [1789222487.922707670] [perception]: NOT DETECTED[0m
[0m[INFO] [1789222488.970471748] [perception]: NOT DETECTED[0m
[0m[INFO] [1789222492.402076777] [perception]: DETECTED pixel=(123,159) depth=0.117 m surface=(0.304,-0.021,0.053) m center=(0.304,-0.021,0.028) m conf=0.77 edge=-0.2deg sides=(0.050,0.035)m sync_rate=13.99 Hz mask_px=787[0m
[0m[INFO] [1789222493.467377065] [perception]: DETECTED pixel=(120,158) depth=0.114 m surface=(0.304,-0.022,0.053) m center=(0.304,-0.022,0.028) m conf=0.88 edge=0.2deg sides=(0.050,0.035)m sync_rate=13.99 Hz mask_px=1078[0m
[0m[INFO] [1789222494.512797269] [perception]: DETECTED pixel=(114,156) depth=0.112 m surface=(0.304,-0.022,0.053) m center=(0.304,-0.022,0.028) m conf=0.90 edge=1.0deg sides=(0.050,0.036)m sync_rate=13.99 Hz mask_px=1133[0m
[0m[INFO] [1789222495.535392010] [perception]: DETECTED pixel=(113,154) depth=0.115 m surface=(0.305,-0.023,0.053) m center=(0.305,-0.023,0.028) m conf=0.88 edge=-0.3deg sides=(0.050,0.037)m sync_rate=13.99 Hz mask_px=1124[0m
[0m[INFO] [1789222496.596258341] [perception]: DETECTED pixel=(112,153) depth=0.113 m surface=(0.305,-0.024,0.053) m center=(0.305,-0.024,0.028) m conf=0.88 edge=1.0deg sides=(0.050,0.037)m sync_rate=13.99 Hz mask_px=1270[0m
[0m[INFO] [1789222497.631331993] [perception]: DETECTED pixel=(111,153) depth=0.113 m surface=(0.304,-0.023,0.053) m center=(0.304,-0.023,0.028) m conf=0.89 edge=-0.5deg sides=(0.050,0.038)m sync_rate=14.00 Hz mask_px=1346[0m
[0m[INFO] [1789222498.711975684] [perception]: DETECTED pixel=(111,153) depth=0.113 m surface=(0.304,-0.023,0.053) m center=(0.304,-0.023,0.028) m conf=0.88 edge=0.0deg sides=(0.050,0.037)m sync_rate=14.00 Hz mask_px=1393[0m
[0m[INFO] [1789222499.759787054] [perception]: DETECTED pixel=(111,153) depth=0.113 m surface=(0.304,-0.023,0.059) m center=(0.304,-0.023,0.034) m conf=0.87 edge=0.4deg sides=(0.050,0.038)m sync_rate=14.00 Hz mask_px=1396[0m
[0m[INFO] [1789222508.718972867] [perception]: DETECTED pixel=(111,153) depth=0.113 m surface=(0.307,-0.023,0.081) m center=(0.307,-0.023,0.056) m conf=0.78 edge=-0.2deg sides=(0.050,0.037)m sync_rate=14.01 Hz mask_px=1318[0m
[0m[INFO] [1789222509.733821893] [perception]: DETECTED pixel=(111,153) depth=0.113 m surface=(0.305,-0.023,0.053) m center=(0.305,-0.023,0.028) m conf=0.88 edge=1.4deg sides=(0.050,0.038)m sync_rate=14.02 Hz mask_px=1429[0m
[0m[INFO] [1789222510.737324437] [perception]: DETECTED pixel=(111,153) depth=0.112 m surface=(0.305,-0.023,0.053) m center=(0.305,-0.023,0.028) m conf=0.88 edge=1.1deg sides=(0.050,0.038)m sync_rate=14.02 Hz mask_px=1449[0m
[0m[INFO] [1789222511.768174451] [perception]: DETECTED pixel=(111,153) depth=0.112 m surface=(0.304,-0.023,0.053) m center=(0.304,-0.023,0.028) m conf=0.89 edge=-0.3deg sides=(0.050,0.038)m sync_rate=14.02 Hz mask_px=1449[0m
[0m[INFO] [1789222512.782995103] [perception]: DETECTED pixel=(111,153) depth=0.112 m surface=(0.305,-0.023,0.053) m center=(0.305,-0.023,0.028) m conf=0.89 edge=0.1deg sides=(0.050,0.038)m sync_rate=14.03 Hz mask_px=1449[0m
[0m[INFO] [1789222513.815029603] [perception]: DETECTED pixel=(111,153) depth=0.112 m surface=(0.304,-0.023,0.053) m center=(0.304,-0.023,0.028) m conf=0.90 edge=-0.3deg sides=(0.050,0.038)m sync_rate=14.03 Hz mask_px=1449[0m
[0m[INFO] [1789222514.845345589] [perception]: DETECTED pixel=(111,153) depth=0.112 m surface=(0.305,-0.023,0.053) m center=(0.305,-0.023,0.028) m conf=0.89 edge=0.3deg sides=(0.050,0.038)m sync_rate=14.03 Hz mask_px=1449[0m
[0m[INFO] [1789222515.890113035] [perception]: DETECTED pixel=(114,154) depth=0.112 m surface=(0.304,-0.023,0.053) m center=(0.304,-0.023,0.028) m conf=0.87 edge=-0.3deg sides=(0.050,0.038)m sync_rate=14.03 Hz mask_px=1655[0m
[0m[INFO] [1789222516.908635774] [perception]: NOT DETECTED[0m
[0m[INFO] [1789222517.927895152] [perception]: NOT DETECTED[0m
[0m[INFO] [1789222518.976136021] [perception]: DETECTED pixel=(87,83) depth=0.344 m surface=(0.304,-0.025,0.054) m center=(0.304,-0.025,0.029) m conf=0.86 edge=-0.6deg sides=(0.049,0.039)m sync_rate=14.04 Hz mask_px=855[0m
[0m[INFO] [1789222520.002381094] [perception]: DETECTED pixel=(75,99) depth=0.349 m surface=(0.320,-0.006,0.054) m center=(0.320,-0.006,0.029) m conf=0.98 edge=-0.1deg sides=(0.050,0.050)m sync_rate=14.03 Hz mask_px=1439[0m
[0m[INFO] [1789222521.048421261] [perception]: DETECTED pixel=(75,99) depth=0.349 m surface=(0.320,-0.006,0.054) m center=(0.320,-0.006,0.029) m conf=0.98 edge=0.1deg sides=(0.050,0.050)m sync_rate=14.04 Hz mask_px=1439[0m
[0m[INFO] [1789222522.071881095] [perception]: DETECTED pixel=(75,99) depth=0.349 m surface=(0.320,-0.006,0.054) m center=(0.320,-0.006,0.029) m conf=0.98 edge=0.2deg sides=(0.050,0.050)m sync_rate=14.04 Hz mask_px=1439[0m
[0m[INFO] [1789222523.106922677] [perception]: DETECTED pixel=(75,99) depth=0.349 m surface=(0.320,-0.006,0.054) m center=(0.320,-0.006,0.029) m conf=0.98 edge=-0.6deg sides=(0.050,0.050)m sync_rate=14.04 Hz mask_px=1439[0m
[0m[INFO] [1789222524.171580364] [perception]: DETECTED pixel=(75,99) depth=0.349 m surface=(0.320,-0.006,0.054) m center=(0.320,-0.006,0.029) m conf=0.97 edge=0.1deg sides=(0.050,0.050)m sync_rate=14.04 Hz mask_px=1439[0m
[0m[INFO] [1789222525.272873319] [perception]: DETECTED pixel=(75,99) depth=0.349 m surface=(0.320,-0.006,0.054) m center=(0.320,-0.006,0.029) m conf=0.97 edge=-0.5deg sides=(0.050,0.050)m sync_rate=14.05 Hz mask_px=1439[0m
[0m[INFO] [1789222526.353042493] [perception]: DETECTED pixel=(75,99) depth=0.349 m surface=(0.320,-0.006,0.054) m center=(0.320,-0.006,0.029) m conf=0.97 edge=-0.2deg sides=(0.050,0.050)m sync_rate=14.05 Hz mask_px=1439[0m
[0m[INFO] [1789222527.409838898] [perception]: DETECTED pixel=(75,99) depth=0.349 m surface=(0.320,-0.006,0.054) m center=(0.320,-0.006,0.029) m conf=0.97 edge=-0.1deg sides=(0.050,0.050)m sync_rate=14.05 Hz mask_px=1439[0m
[0m[INFO] [1789222528.494511007] [perception]: DETECTED pixel=(75,99) depth=0.349 m surface=(0.320,-0.006,0.054) m center=(0.320,-0.006,0.029) m conf=0.98 edge=-0.2deg sides=(0.050,0.050)m sync_rate=14.05 Hz mask_px=1439[0m
[0m[INFO] [1789222529.543611252] [perception]: DETECTED pixel=(75,99) depth=0.349 m surface=(0.320,-0.006,0.054) m center=(0.320,-0.006,0.029) m conf=0.98 edge=0.4deg sides=(0.050,0.050)m sync_rate=14.06 Hz mask_px=1439[0m
[0m[INFO] [1789222530.544783732] [perception]: DETECTED pixel=(75,99) depth=0.349 m surface=(0.320,-0.006,0.054) m center=(0.320,-0.006,0.029) m conf=0.97 edge=-0.4deg sides=(0.050,0.050)m sync_rate=14.06 Hz mask_px=1439[0m
[0m[INFO] [1789222531.573094001] [perception]: DETECTED pixel=(75,99) depth=0.349 m surface=(0.320,-0.006,0.054) m center=(0.320,-0.006,0.029) m conf=0.97 edge=-0.1deg sides=(0.050,0.050)m sync_rate=14.06 Hz mask_px=1439[0m
[0m[INFO] [1789222532.625208669] [perception]: DETECTED pixel=(75,99) depth=0.349 m surface=(0.320,-0.006,0.054) m center=(0.320,-0.006,0.029) m conf=0.98 edge=-0.2deg sides=(0.050,0.050)m sync_rate=14.06 Hz mask_px=1439[0m
[0m[INFO] [1789222533.659798633] [perception]: DETECTED pixel=(75,99) depth=0.349 m surface=(0.320,-0.006,0.054) m center=(0.320,-0.006,0.029) m conf=0.98 edge=0.1deg sides=(0.050,0.050)m sync_rate=14.06 Hz mask_px=1439[0m
[0m[INFO] [1789222534.670826482] [perception]: DETECTED pixel=(75,99) depth=0.349 m surface=(0.320,-0.006,0.054) m center=(0.320,-0.006,0.029) m conf=0.97 edge=-0.1deg sides=(0.050,0.050)m sync_rate=14.06 Hz mask_px=1439[0m
[0m[INFO] [1789222535.761736978] [perception]: DETECTED pixel=(75,99) depth=0.349 m surface=(0.320,-0.006,0.054) m center=(0.320,-0.006,0.029) m conf=0.97 edge=-0.5deg sides=(0.050,0.050)m sync_rate=14.06 Hz mask_px=1439[0m
[0m[INFO] [1789222536.800170888] [perception]: DETECTED pixel=(75,99) depth=0.349 m surface=(0.320,0.004,0.047) m center=(0.320,0.004,0.022) m conf=0.97 edge=-0.5deg sides=(0.050,0.050)m sync_rate=14.06 Hz mask_px=1439[0m
[0m[INFO] [1789222537.832574762] [perception]: DETECTED pixel=(75,99) depth=0.349 m surface=(0.320,0.004,0.047) m center=(0.320,0.004,0.022) m conf=0.97 edge=-0.1deg sides=(0.050,0.050)m sync_rate=14.06 Hz mask_px=1439[0m
[0m[INFO] [1789222538.873685594] [perception]: DETECTED pixel=(75,99) depth=0.349 m surface=(0.320,0.004,0.047) m center=(0.320,0.004,0.022) m conf=0.97 edge=-0.7deg sides=(0.051,0.050)m sync_rate=14.06 Hz mask_px=1439[0m
[0m[INFO] [1789222539.911942102] [perception]: DETECTED pixel=(75,99) depth=0.349 m surface=(0.319,0.004,0.047) m center=(0.319,0.004,0.022) m conf=0.98 edge=-0.1deg sides=(0.050,0.050)m sync_rate=14.07 Hz mask_px=1439[0m
[0m[INFO] [1789222540.960439983] [perception]: DETECTED pixel=(75,99) depth=0.349 m surface=(0.319,0.004,0.047) m center=(0.319,0.004,0.022) m conf=0.97 edge=0.2deg sides=(0.050,0.050)m sync_rate=14.07 Hz mask_px=1439[0m
[0m[INFO] [1789222541.978198175] [perception]: DETECTED pixel=(75,99) depth=0.349 m surface=(0.320,0.004,0.047) m center=(0.320,0.004,0.022) m conf=0.97 edge=0.6deg sides=(0.050,0.050)m sync_rate=14.07 Hz mask_px=1439[0m
[0m[INFO] [1789222543.015279179] [perception]: DETECTED pixel=(75,99) depth=0.349 m surface=(0.320,0.004,0.047) m center=(0.320,0.004,0.022) m conf=0.97 edge=-0.2deg sides=(0.050,0.050)m sync_rate=14.07 Hz mask_px=1439[0m
[0m[INFO] [1789222544.056049442] [perception]: DETECTED pixel=(75,99) depth=0.349 m surface=(0.320,0.004,0.047) m center=(0.320,0.004,0.022) m conf=0.96 edge=-0.0deg sides=(0.050,0.050)m sync_rate=14.07 Hz mask_px=1439[0m
[0m[INFO] [1789222545.089871162] [perception]: DETECTED pixel=(75,99) depth=0.349 m surface=(0.319,0.004,0.047) m center=(0.319,0.004,0.022) m conf=0.97 edge=-0.4deg sides=(0.050,0.050)m sync_rate=14.08 Hz mask_px=1439[0m
[0m[INFO] [1789222546.144064518] [perception]: DETECTED pixel=(75,99) depth=0.349 m surface=(0.319,0.004,0.047) m center=(0.319,0.004,0.022) m conf=0.97 edge=0.1deg sides=(0.050,0.050)m sync_rate=14.08 Hz mask_px=1439[0m
[0m[INFO] [1789222547.157763289] [perception]: DETECTED pixel=(75,99) depth=0.349 m surface=(0.319,0.004,0.047) m center=(0.319,0.004,0.022) m conf=0.97 edge=-0.1deg sides=(0.050,0.050)m sync_rate=14.08 Hz mask_px=1439[0m
[0m[INFO] [1789222548.187115251] [perception]: DETECTED pixel=(75,99) depth=0.349 m surface=(0.319,0.004,0.047) m center=(0.319,0.004,0.022) m conf=0.97 edge=0.1deg sides=(0.050,0.050)m sync_rate=14.08 Hz mask_px=1439[0m
[0m[INFO] [1789222549.218321195] [perception]: DETECTED pixel=(75,99) depth=0.349 m surface=(0.320,0.004,0.047) m center=(0.320,0.004,0.022) m conf=0.97 edge=0.1deg sides=(0.050,0.050)m sync_rate=14.09 Hz mask_px=1439[0m
[0m[INFO] [1789222550.270622116] [perception]: DETECTED pixel=(75,99) depth=0.349 m surface=(0.320,0.004,0.047) m center=(0.320,0.004,0.022) m conf=0.98 edge=0.0deg sides=(0.050,0.050)m sync_rate=14.09 Hz mask_px=1439[0m
[0m[INFO] [1789222551.305790788] [perception]: DETECTED pixel=(75,99) depth=0.349 m surface=(0.319,0.004,0.047) m center=(0.319,0.004,0.022) m conf=0.96 edge=-0.1deg sides=(0.050,0.050)m sync_rate=14.09 Hz mask_px=1439[0m
[0m[INFO] [1789222552.327018614] [perception]: DETECTED pixel=(75,99) depth=0.349 m surface=(0.319,0.004,0.047) m center=(0.319,0.004,0.022) m conf=0.97 edge=-0.7deg sides=(0.050,0.050)m sync_rate=14.09 Hz mask_px=1439[0m
[0m[INFO] [1789222553.331391737] [perception]: DETECTED pixel=(87,76) depth=0.336 m surface=(0.281,-0.021,0.047) m center=(0.281,-0.021,0.022) m conf=0.92 edge=-0.2deg sides=(0.049,0.049)m sync_rate=14.08 Hz mask_px=1008[0m
[0m[INFO] [1789222554.384376915] [perception]: DETECTED pixel=(87,76) depth=0.336 m surface=(0.281,-0.021,0.047) m center=(0.281,-0.021,0.022) m conf=0.92 edge=-0.2deg sides=(0.049,0.049)m sync_rate=14.06 Hz mask_px=1008[0m
[0m[INFO] [1789222555.447971414] [perception]: DETECTED pixel=(87,76) depth=0.336 m surface=(0.281,-0.021,0.047) m center=(0.281,-0.021,0.022) m conf=0.91 edge=-0.2deg sides=(0.049,0.049)m sync_rate=14.06 Hz mask_px=1008[0m
[0m[INFO] [1789222556.464622715] [perception]: DETECTED pixel=(89,77) depth=0.337 m surface=(0.283,-0.020,0.047) m center=(0.283,-0.020,0.022) m conf=0.89 edge=-0.2deg sides=(0.050,0.048)m sync_rate=14.07 Hz mask_px=880[0m
[0m[INFO] [1789222557.484537606] [perception]: NOT DETECTED[0m
[0m[INFO] [1789222558.520639737] [perception]: NOT DETECTED[0m
[0m[INFO] [1789222559.564126569] [perception]: NOT DETECTED[0m
[0m[INFO] [1789222565.061503574] [perception]: DETECTED pixel=(105,51) depth=0.109 m surface=(0.288,-0.018,0.046) m center=(0.288,-0.018,0.021) m conf=0.78 edge=0.1deg sides=(0.050,0.038)m sync_rate=14.08 Hz mask_px=2273[0m
[0m[INFO] [1789222567.414284717] [perception]: DETECTED pixel=(100,104) depth=0.105 m surface=(0.288,-0.016,0.046) m center=(0.288,-0.016,0.021) m conf=0.67 edge=-0.3deg sides=(0.050,0.038)m sync_rate=14.08 Hz mask_px=2947[0m
[0m[INFO] [1789222568.486190221] [perception]: DETECTED pixel=(100,104) depth=0.106 m surface=(0.288,-0.016,0.045) m center=(0.288,-0.016,0.020) m conf=0.77 edge=0.2deg sides=(0.050,0.039)m sync_rate=14.08 Hz mask_px=3030[0m
[0m[INFO] [1789222580.357153649] [perception]: DETECTED pixel=(99,106) depth=0.105 m surface=(0.291,-0.016,0.075) m center=(0.291,-0.016,0.050) m conf=0.67 edge=0.6deg sides=(0.050,0.037)m sync_rate=14.09 Hz mask_px=3169[0m
[0m[INFO] [1789222588.036963229] [perception]: DETECTED pixel=(103,106) depth=0.107 m surface=(0.288,-0.015,0.046) m center=(0.288,-0.015,0.021) m conf=0.66 edge=-0.3deg sides=(0.050,0.039)m sync_rate=14.10 Hz mask_px=3137[0m
[0m[INFO] [1789222589.054228158] [perception]: NOT DETECTED[0m
[0m[INFO] [1789222590.728071745] [perception]: DETECTED pixel=(92,80) depth=0.336 m surface=(0.283,-0.016,0.047) m center=(0.283,-0.016,0.022) m conf=0.78 edge=-0.1deg sides=(0.050,0.049)m sync_rate=14.11 Hz mask_px=547[0m
[0m[INFO] [1789222591.743598790] [perception]: DETECTED pixel=(75,99) depth=0.349 m surface=(0.319,0.004,0.047) m center=(0.319,0.004,0.022) m conf=0.97 edge=-0.5deg sides=(0.050,0.050)m sync_rate=14.10 Hz mask_px=1439[0m
[0m[INFO] [1789222592.788129221] [perception]: DETECTED pixel=(75,99) depth=0.349 m surface=(0.320,0.004,0.047) m center=(0.320,0.004,0.022) m conf=0.97 edge=-0.1deg sides=(0.050,0.050)m sync_rate=14.10 Hz mask_px=1439[0m
[0m[INFO] [1789222593.808965757] [perception]: DETECTED pixel=(75,99) depth=0.349 m surface=(0.320,0.004,0.047) m center=(0.320,0.004,0.022) m conf=0.98 edge=0.1deg sides=(0.050,0.050)m sync_rate=14.10 Hz mask_px=1439[0m
[0m[INFO] [1789222594.822375257] [perception]: DETECTED pixel=(75,99) depth=0.349 m surface=(0.320,0.004,0.047) m center=(0.320,0.004,0.022) m conf=0.96 edge=0.0deg sides=(0.050,0.050)m sync_rate=14.11 Hz mask_px=1439[0m
[0m[INFO] [1789222595.841087324] [perception]: DETECTED pixel=(75,99) depth=0.349 m surface=(0.319,0.004,0.047) m center=(0.319,0.004,0.022) m conf=0.96 edge=-0.2deg sides=(0.050,0.050)m sync_rate=14.11 Hz mask_px=1439[0m
[0m[INFO] [1789222596.876824170] [perception]: DETECTED pixel=(75,99) depth=0.349 m surface=(0.319,0.004,0.047) m center=(0.319,0.004,0.022) m conf=0.97 edge=0.1deg sides=(0.050,0.050)m sync_rate=14.11 Hz mask_px=1439[0m
[0m[INFO] [1789222597.930248150] [perception]: DETECTED pixel=(75,99) depth=0.349 m surface=(0.320,0.004,0.047) m center=(0.320,0.004,0.022) m conf=0.98 edge=-0.7deg sides=(0.050,0.050)m sync_rate=14.11 Hz mask_px=1439[0m
[0m[INFO] [1789222598.963241915] [perception]: DETECTED pixel=(75,99) depth=0.349 m surface=(0.319,0.004,0.047) m center=(0.319,0.004,0.022) m conf=0.97 edge=0.3deg sides=(0.050,0.050)m sync_rate=14.11 Hz mask_px=1439[0m
[0m[INFO] [1789222599.971561996] [perception]: DETECTED pixel=(75,99) depth=0.349 m surface=(0.319,0.004,0.047) m center=(0.319,0.004,0.022) m conf=0.97 edge=-0.2deg sides=(0.050,0.050)m sync_rate=14.12 Hz mask_px=1439[0m
[0m[INFO] [1789222600.989452796] [perception]: DETECTED pixel=(75,99) depth=0.349 m surface=(0.319,0.004,0.047) m center=(0.319,0.004,0.022) m conf=0.97 edge=0.0deg sides=(0.050,0.050)m sync_rate=14.12 Hz mask_px=1439[0m
[0m[INFO] [1789222602.064277629] [perception]: DETECTED pixel=(75,99) depth=0.349 m surface=(0.320,0.004,0.047) m center=(0.320,0.004,0.022) m conf=0.97 edge=0.5deg sides=(0.050,0.050)m sync_rate=14.11 Hz mask_px=1439[0m
[0m[INFO] [1789222603.114447888] [perception]: DETECTED pixel=(75,99) depth=0.349 m surface=(0.319,0.004,0.047) m center=(0.319,0.004,0.022) m conf=0.97 edge=0.1deg sides=(0.050,0.050)m sync_rate=14.12 Hz mask_px=1439[0m
[0m[INFO] [1789222604.142661575] [perception]: DETECTED pixel=(75,99) depth=0.349 m surface=(0.319,0.004,0.047) m center=(0.319,0.004,0.022) m conf=0.98 edge=-0.1deg sides=(0.050,0.050)m sync_rate=14.12 Hz mask_px=1439[0m
[0m[INFO] [1789222605.142876423] [perception]: DETECTED pixel=(75,99) depth=0.349 m surface=(0.319,0.004,0.047) m center=(0.319,0.004,0.022) m conf=0.97 edge=-0.4deg sides=(0.050,0.050)m sync_rate=14.12 Hz mask_px=1439[0m
[0m[INFO] [1789222606.174151441] [perception]: DETECTED pixel=(75,99) depth=0.349 m surface=(0.319,0.004,0.047) m center=(0.319,0.004,0.022) m conf=0.96 edge=-0.3deg sides=(0.050,0.050)m sync_rate=14.12 Hz mask_px=1439[0m
[0m[INFO] [1789222607.176132823] [perception]: DETECTED pixel=(75,99) depth=0.349 m surface=(0.320,-0.001,0.050) m center=(0.320,-0.001,0.025) m conf=0.98 edge=0.0deg sides=(0.050,0.049)m sync_rate=14.12 Hz mask_px=1439[0m
[0m[INFO] [1789222608.208430632] [perception]: DETECTED pixel=(75,99) depth=0.349 m surface=(0.320,-0.001,0.050) m center=(0.320,-0.001,0.025) m conf=0.98 edge=0.0deg sides=(0.050,0.049)m sync_rate=14.12 Hz mask_px=1439[0m
[0m[INFO] [1789222609.280649353] [perception]: DETECTED pixel=(75,99) depth=0.349 m surface=(0.320,-0.001,0.050) m center=(0.320,-0.001,0.025) m conf=0.98 edge=0.0deg sides=(0.050,0.049)m sync_rate=14.12 Hz mask_px=1439[0m
[0m[INFO] [1789222610.286940408] [perception]: DETECTED pixel=(75,99) depth=0.349 m surface=(0.320,-0.001,0.050) m center=(0.320,-0.001,0.025) m conf=0.98 edge=0.0deg sides=(0.050,0.049)m sync_rate=14.13 Hz mask_px=1439[0m
[0m[INFO] [1789222611.324305070] [perception]: DETECTED pixel=(75,99) depth=0.349 m surface=(0.320,-0.001,0.050) m center=(0.320,-0.001,0.025) m conf=0.98 edge=0.0deg sides=(0.050,0.049)m sync_rate=14.13 Hz mask_px=1439[0m
[0m[INFO] [1789222612.362555381] [perception]: DETECTED pixel=(75,99) depth=0.349 m surface=(0.320,-0.001,0.050) m center=(0.320,-0.001,0.025) m conf=0.98 edge=0.0deg sides=(0.050,0.049)m sync_rate=14.13 Hz mask_px=1439[0m
[0m[INFO] [1789222613.403577928] [perception]: DETECTED pixel=(75,99) depth=0.349 m surface=(0.320,-0.001,0.050) m center=(0.320,-0.001,0.025) m conf=0.98 edge=0.0deg sides=(0.050,0.049)m sync_rate=14.13 Hz mask_px=1439[0m
[0m[INFO] [1789222614.411525999] [perception]: DETECTED pixel=(75,99) depth=0.349 m surface=(0.320,-0.001,0.050) m center=(0.320,-0.001,0.025) m conf=0.98 edge=0.0deg sides=(0.050,0.049)m sync_rate=14.13 Hz mask_px=1439[0m
[0m[INFO] [1789222615.504089743] [perception]: DETECTED pixel=(75,99) depth=0.349 m surface=(0.320,-0.001,0.050) m center=(0.320,-0.001,0.025) m conf=0.98 edge=0.0deg sides=(0.050,0.049)m sync_rate=14.13 Hz mask_px=1439[0m
[0m[INFO] [1789222616.534996761] [perception]: DETECTED pixel=(75,99) depth=0.349 m surface=(0.320,-0.001,0.050) m center=(0.320,-0.001,0.025) m conf=0.98 edge=0.0deg sides=(0.050,0.049)m sync_rate=14.14 Hz mask_px=1439[0m
[0m[INFO] [1789222617.609166637] [perception]: DETECTED pixel=(75,99) depth=0.349 m surface=(0.320,-0.001,0.050) m center=(0.320,-0.001,0.025) m conf=0.98 edge=0.0deg sides=(0.050,0.049)m sync_rate=14.14 Hz mask_px=1439[0m
[0m[INFO] [1789222618.618969204] [perception]: DETECTED pixel=(75,99) depth=0.349 m surface=(0.320,-0.001,0.050) m center=(0.320,-0.001,0.025) m conf=0.98 edge=0.0deg sides=(0.050,0.049)m sync_rate=14.14 Hz mask_px=1439[0m
[0m[INFO] [1789222619.631329645] [perception]: DETECTED pixel=(75,99) depth=0.349 m surface=(0.320,-0.001,0.050) m center=(0.320,-0.001,0.025) m conf=0.98 edge=0.0deg sides=(0.050,0.049)m sync_rate=14.14 Hz mask_px=1439[0m
[0m[INFO] [1789222620.678400829] [perception]: DETECTED pixel=(75,99) depth=0.349 m surface=(0.320,-0.001,0.050) m center=(0.320,-0.001,0.025) m conf=0.98 edge=0.0deg sides=(0.050,0.049)m sync_rate=14.14 Hz mask_px=1439[0m
[0m[INFO] [1789222621.710543542] [perception]: DETECTED pixel=(75,99) depth=0.349 m surface=(0.320,-0.001,0.050) m center=(0.320,-0.001,0.025) m conf=0.98 edge=0.0deg sides=(0.050,0.049)m sync_rate=14.14 Hz mask_px=1439[0m
[0m[INFO] [1789222622.746300473] [perception]: DETECTED pixel=(75,99) depth=0.349 m surface=(0.320,-0.001,0.050) m center=(0.320,-0.001,0.025) m conf=0.98 edge=0.0deg sides=(0.050,0.049)m sync_rate=14.15 Hz mask_px=1439[0m
[0m[INFO] [1789222623.764172524] [perception]: DETECTED pixel=(75,99) depth=0.349 m surface=(0.320,-0.001,0.050) m center=(0.320,-0.001,0.025) m conf=0.98 edge=0.0deg sides=(0.050,0.049)m sync_rate=14.15 Hz mask_px=1439[0m
[0m[INFO] [1789222624.795861582] [perception]: DETECTED pixel=(75,99) depth=0.349 m surface=(0.320,-0.001,0.050) m center=(0.320,-0.001,0.025) m conf=0.98 edge=0.0deg sides=(0.050,0.049)m sync_rate=14.15 Hz mask_px=1439[0m
[0m[INFO] [1789222625.836574184] [perception]: DETECTED pixel=(75,99) depth=0.349 m surface=(0.320,-0.001,0.050) m center=(0.320,-0.001,0.025) m conf=0.98 edge=0.0deg sides=(0.050,0.049)m sync_rate=14.15 Hz mask_px=1439[0m
[0m[INFO] [1789222626.838427708] [perception]: DETECTED pixel=(75,99) depth=0.349 m surface=(0.320,-0.001,0.050) m center=(0.320,-0.001,0.025) m conf=0.98 edge=0.0deg sides=(0.050,0.049)m sync_rate=14.15 Hz mask_px=1439[0m
[0m[INFO] [1789222627.918712101] [perception]: DETECTED pixel=(75,99) depth=0.349 m surface=(0.320,-0.001,0.050) m center=(0.320,-0.001,0.025) m conf=0.98 edge=0.0deg sides=(0.050,0.049)m sync_rate=14.15 Hz mask_px=1439[0m
[0m[INFO] [1789222628.923558972] [perception]: DETECTED pixel=(75,99) depth=0.349 m surface=(0.320,-0.001,0.050) m center=(0.320,-0.001,0.025) m conf=0.98 edge=0.0deg sides=(0.050,0.049)m sync_rate=14.16 Hz mask_px=1439[0m
[0m[INFO] [1789222629.957903605] [perception]: DETECTED pixel=(75,99) depth=0.349 m surface=(0.320,-0.001,0.050) m center=(0.320,-0.001,0.025) m conf=0.98 edge=0.0deg sides=(0.050,0.049)m sync_rate=14.16 Hz mask_px=1439[0m
[0m[INFO] [1789222630.995631743] [perception]: DETECTED pixel=(75,99) depth=0.349 m surface=(0.320,-0.001,0.050) m center=(0.320,-0.001,0.025) m conf=0.98 edge=0.0deg sides=(0.050,0.049)m sync_rate=14.16 Hz mask_px=1439[0m
[0m[INFO] [1789222632.026251911] [perception]: DETECTED pixel=(75,99) depth=0.349 m surface=(0.320,-0.001,0.050) m center=(0.320,-0.001,0.025) m conf=0.98 edge=0.0deg sides=(0.050,0.049)m sync_rate=14.16 Hz mask_px=1439[0m
[0m[INFO] [1789222633.080719426] [perception]: DETECTED pixel=(75,99) depth=0.349 m surface=(0.320,-0.001,0.050) m center=(0.320,-0.001,0.025) m conf=0.98 edge=0.0deg sides=(0.050,0.049)m sync_rate=14.16 Hz mask_px=1439[0m
[0m[INFO] [1789222634.101723043] [perception]: DETECTED pixel=(75,99) depth=0.349 m surface=(0.320,-0.001,0.050) m center=(0.320,-0.001,0.025) m conf=0.98 edge=0.0deg sides=(0.050,0.049)m sync_rate=14.16 Hz mask_px=1439[0m
[0m[INFO] [1789222635.123622632] [perception]: DETECTED pixel=(75,99) depth=0.349 m surface=(0.320,-0.001,0.050) m center=(0.320,-0.001,0.025) m conf=0.98 edge=0.0deg sides=(0.050,0.049)m sync_rate=14.16 Hz mask_px=1439[0m
[0m[INFO] [1789222636.142471622] [perception]: DETECTED pixel=(75,99) depth=0.349 m surface=(0.320,-0.001,0.050) m center=(0.320,-0.001,0.025) m conf=0.98 edge=0.0deg sides=(0.050,0.049)m sync_rate=14.16 Hz mask_px=1439[0m
[0m[INFO] [1789222637.144580812] [perception]: DETECTED pixel=(79,105) depth=0.345 m surface=(0.303,0.005,0.050) m center=(0.303,0.005,0.025) m conf=0.98 edge=0.0deg sides=(0.050,0.048)m sync_rate=14.15 Hz mask_px=1274[0m
[0m[INFO] [1789222638.220678995] [perception]: DETECTED pixel=(79,105) depth=0.345 m surface=(0.303,0.006,0.050) m center=(0.303,0.006,0.025) m conf=0.98 edge=0.0deg sides=(0.050,0.048)m sync_rate=14.15 Hz mask_px=1275[0m
[0m[INFO] [1789222639.300521611] [perception]: DETECTED pixel=(79,105) depth=0.345 m surface=(0.303,0.006,0.050) m center=(0.303,0.006,0.025) m conf=0.98 edge=0.0deg sides=(0.050,0.048)m sync_rate=14.15 Hz mask_px=1275[0m
[0m[INFO] [1789222640.387298817] [perception]: DETECTED pixel=(88,105) depth=0.351 m surface=(0.304,0.006,0.050) m center=(0.304,0.006,0.025) m conf=0.86 edge=0.1deg sides=(0.050,0.049)m sync_rate=14.15 Hz mask_px=672[0m
[0m[INFO] [1789222641.392203941] [perception]: NOT DETECTED[0m
[0m[INFO] [1789222642.425604495] [perception]: NOT DETECTED[0m
[0m[INFO] [1789222643.451212200] [perception]: NOT DETECTED[0m
[0m[INFO] [1789222644.482325523] [perception]: NOT DETECTED[0m
[0m[INFO] [1789222672.025360419] [perception]: NOT DETECTED[0m
[0m[INFO] [1789222673.041408433] [perception]: NOT DETECTED[0m
[0m[INFO] [1789222674.047402821] [perception]: DETECTED pixel=(118,99) depth=0.324 m surface=(0.306,0.005,0.050) m center=(0.306,0.005,0.025) m conf=0.85 edge=0.2deg sides=(0.050,0.049)m sync_rate=14.18 Hz mask_px=335[0m
[0m[INFO] [1789222675.133594451] [perception]: DETECTED pixel=(80,99) depth=0.344 m surface=(0.299,-0.001,0.050) m center=(0.299,-0.001,0.025) m conf=0.87 edge=0.0deg sides=(0.050,0.049)m sync_rate=14.17 Hz mask_px=1240[0m
[0m[INFO] [1789222676.149040770] [perception]: DETECTED pixel=(80,99) depth=0.343 m surface=(0.299,-0.001,0.050) m center=(0.299,-0.001,0.025) m conf=0.97 edge=0.0deg sides=(0.050,0.049)m sync_rate=14.16 Hz mask_px=1241[0m
[0m[INFO] [1789222677.153982902] [perception]: DETECTED pixel=(80,99) depth=0.343 m surface=(0.299,-0.001,0.050) m center=(0.299,-0.001,0.025) m conf=0.97 edge=0.0deg sides=(0.050,0.049)m sync_rate=14.16 Hz mask_px=1241[0m
[0m[INFO] [1789222678.164379051] [perception]: DETECTED pixel=(80,99) depth=0.343 m surface=(0.299,-0.001,0.050) m center=(0.299,-0.001,0.025) m conf=0.97 edge=0.0deg sides=(0.050,0.049)m sync_rate=14.16 Hz mask_px=1241[0m
[0m[INFO] [1789222679.195136663] [perception]: DETECTED pixel=(88,99) depth=0.349 m surface=(0.299,-0.001,0.050) m center=(0.299,-0.001,0.025) m conf=0.83 edge=-0.0deg sides=(0.050,0.049)m sync_rate=14.16 Hz mask_px=587[0m
[0m[INFO] [1789222680.232310913] [perception]: NOT DETECTED[0m
[0m[INFO] [1789222681.260854060] [perception]: NOT DETECTED[0m
[0m[INFO] [1789222682.298926144] [perception]: NOT DETECTED[0m
[0m[INFO] [1789222683.316053835] [perception]: NOT DETECTED[0m
[0m[INFO] [1789222711.013425335] [perception]: NOT DETECTED[0m
[0m[INFO] [1789222712.049518022] [perception]: NOT DETECTED[0m
[0m[INFO] [1789222713.179805307] [perception]: DETECTED pixel=(90,99) depth=0.344 m surface=(0.300,-0.001,0.050) m center=(0.300,-0.001,0.025) m conf=0.81 edge=-0.0deg sides=(0.050,0.048)m sync_rate=14.19 Hz mask_px=475[0m
[0m[INFO] [1789222714.272181111] [perception]: DETECTED pixel=(80,92) depth=0.344 m surface=(0.299,-0.009,0.050) m center=(0.299,-0.009,0.025) m conf=0.97 edge=-0.0deg sides=(0.050,0.049)m sync_rate=14.18 Hz mask_px=1260[0m
[0m[INFO] [1789222715.272690288] [perception]: DETECTED pixel=(80,92) depth=0.343 m surface=(0.299,-0.009,0.050) m center=(0.299,-0.009,0.025) m conf=0.97 edge=-0.1deg sides=(0.050,0.049)m sync_rate=14.18 Hz mask_px=1262[0m
[0m[INFO] [1789222716.292932785] [perception]: DETECTED pixel=(80,92) depth=0.343 m surface=(0.299,-0.009,0.050) m center=(0.299,-0.009,0.025) m conf=0.97 edge=-0.1deg sides=(0.050,0.049)m sync_rate=14.18 Hz mask_px=1262[0m
[0m[INFO] [1789222717.339331895] [perception]: DETECTED pixel=(80,92) depth=0.343 m surface=(0.299,-0.009,0.050) m center=(0.299,-0.009,0.025) m conf=0.97 edge=-0.1deg sides=(0.050,0.049)m sync_rate=14.18 Hz mask_px=1262[0m
[0m[INFO] [1789222718.372548531] [perception]: NOT DETECTED[0m
[0m[INFO] [1789222719.400772142] [perception]: NOT DETECTED[0m
[0m[INFO] [1789222720.436333393] [perception]: NOT DETECTED[0m
[0m[INFO] [1789222721.468855782] [perception]: NOT DETECTED[0m
[0m[INFO] [1789222723.817764708] [perception]: DETECTED pixel=(118,154) depth=0.121 m surface=(0.307,-0.009,0.050) m center=(0.307,-0.009,0.025) m conf=0.77 edge=-0.4deg sides=(0.050,0.035)m sync_rate=14.19 Hz mask_px=584[0m
[0m[INFO] [1789222724.832788471] [perception]: DETECTED pixel=(117,154) depth=0.117 m surface=(0.306,-0.009,0.050) m center=(0.306,-0.009,0.025) m conf=0.88 edge=0.1deg sides=(0.050,0.036)m sync_rate=14.18 Hz mask_px=886[0m
[0m[INFO] [1789222725.916200608] [perception]: DETECTED pixel=(114,154) depth=0.113 m surface=(0.306,-0.009,0.050) m center=(0.306,-0.009,0.025) m conf=0.88 edge=-0.2deg sides=(0.050,0.037)m sync_rate=14.19 Hz mask_px=1370[0m
[0m[INFO] [1789222726.926686064] [perception]: DETECTED pixel=(108,151) depth=0.110 m surface=(0.306,-0.009,0.050) m center=(0.306,-0.009,0.025) m conf=0.89 edge=0.8deg sides=(0.050,0.037)m sync_rate=14.19 Hz mask_px=1701[0m
[0m[INFO] [1789222727.949724317] [perception]: DETECTED pixel=(107,151) depth=0.110 m surface=(0.306,-0.009,0.050) m center=(0.306,-0.009,0.025) m conf=0.89 edge=-0.1deg sides=(0.050,0.038)m sync_rate=14.19 Hz mask_px=1710[0m
[0m[INFO] [1789222728.988014812] [perception]: DETECTED pixel=(106,149) depth=0.112 m surface=(0.307,-0.009,0.049) m center=(0.307,-0.009,0.024) m conf=0.89 edge=0.3deg sides=(0.050,0.039)m sync_rate=14.19 Hz mask_px=1765[0m
[0m[INFO] [1789222729.995848840] [perception]: DETECTED pixel=(106,149) depth=0.111 m surface=(0.307,-0.009,0.049) m center=(0.307,-0.009,0.024) m conf=0.90 edge=-0.1deg sides=(0.050,0.039)m sync_rate=14.19 Hz mask_px=1861[0m
[0m[INFO] [1789222731.045756031] [perception]: DETECTED pixel=(105,149) depth=0.111 m surface=(0.307,-0.009,0.050) m center=(0.307,-0.009,0.025) m conf=0.89 edge=0.2deg sides=(0.050,0.039)m sync_rate=14.19 Hz mask_px=1969[0m
[0m[INFO] [1789222732.067621814] [perception]: DETECTED pixel=(105,149) depth=0.111 m surface=(0.306,-0.009,0.062) m center=(0.306,-0.009,0.037) m conf=0.87 edge=-0.1deg sides=(0.050,0.039)m sync_rate=14.19 Hz mask_px=1991[0m
[0m[INFO] [1789222740.631726240] [perception]: DETECTED pixel=(105,149) depth=0.111 m surface=(0.309,-0.009,0.081) m center=(0.309,-0.009,0.056) m conf=0.79 edge=1.2deg sides=(0.050,0.039)m sync_rate=14.19 Hz mask_px=1934[0m
[0m[INFO] [1789222741.672660461] [perception]: DETECTED pixel=(105,148) depth=0.110 m surface=(0.307,-0.009,0.050) m center=(0.307,-0.009,0.025) m conf=0.88 edge=-0.1deg sides=(0.050,0.039)m sync_rate=14.19 Hz mask_px=2102[0m
[0m[INFO] [1789222742.704454910] [perception]: DETECTED pixel=(104,148) depth=0.110 m surface=(0.307,-0.009,0.050) m center=(0.307,-0.009,0.025) m conf=0.88 edge=-0.1deg sides=(0.050,0.039)m sync_rate=14.20 Hz mask_px=2154[0m
[0m[INFO] [1789222743.716266023] [perception]: DETECTED pixel=(104,148) depth=0.110 m surface=(0.307,-0.009,0.050) m center=(0.307,-0.009,0.025) m conf=0.88 edge=-0.1deg sides=(0.050,0.039)m sync_rate=14.19 Hz mask_px=2154[0m
[0m[INFO] [1789222744.782511339] [perception]: DETECTED pixel=(104,148) depth=0.110 m surface=(0.307,-0.009,0.050) m center=(0.307,-0.009,0.025) m conf=0.88 edge=-0.1deg sides=(0.050,0.039)m sync_rate=14.20 Hz mask_px=2154[0m
[0m[INFO] [1789222745.787294325] [perception]: DETECTED pixel=(104,148) depth=0.110 m surface=(0.307,-0.009,0.050) m center=(0.307,-0.009,0.025) m conf=0.88 edge=-0.1deg sides=(0.050,0.039)m sync_rate=14.20 Hz mask_px=2154[0m
[0m[INFO] [1789222746.823732721] [perception]: DETECTED pixel=(104,148) depth=0.110 m surface=(0.307,-0.009,0.050) m center=(0.307,-0.009,0.025) m conf=0.88 edge=-0.1deg sides=(0.050,0.039)m sync_rate=14.20 Hz mask_px=2154[0m
[0m[INFO] [1789222747.849186288] [perception]: DETECTED pixel=(107,149) depth=0.110 m surface=(0.307,-0.009,0.050) m center=(0.307,-0.009,0.025) m conf=0.86 edge=-0.1deg sides=(0.050,0.039)m sync_rate=14.20 Hz mask_px=2410[0m
[0m[INFO] [1789222748.886605441] [perception]: NOT DETECTED[0m
[0m[INFO] [1789222749.907899604] [perception]: NOT DETECTED[0m
[0m[INFO] [1789222750.959621197] [perception]: DETECTED pixel=(87,92) depth=0.345 m surface=(0.301,-0.010,0.050) m center=(0.301,-0.010,0.025) m conf=0.93 edge=-0.1deg sides=(0.050,0.049)m sync_rate=14.20 Hz mask_px=728[0m
[0m[INFO] [1789222751.960684313] [perception]: DETECTED pixel=(79,102) depth=0.345 m surface=(0.305,0.003,0.050) m center=(0.305,0.003,0.025) m conf=0.98 edge=0.0deg sides=(0.050,0.048)m sync_rate=14.19 Hz mask_px=1285[0m
[0m[INFO] [1789222753.009483000] [perception]: DETECTED pixel=(79,102) depth=0.345 m surface=(0.305,0.003,0.050) m center=(0.305,0.003,0.025) m conf=0.98 edge=0.0deg sides=(0.050,0.048)m sync_rate=14.19 Hz mask_px=1285[0m
[0m[INFO] [1789222754.075635985] [perception]: DETECTED pixel=(79,102) depth=0.345 m surface=(0.305,0.003,0.050) m center=(0.305,0.003,0.025) m conf=0.98 edge=0.0deg sides=(0.050,0.048)m sync_rate=14.19 Hz mask_px=1285[0m
[0m[INFO] [1789222755.090070743] [perception]: DETECTED pixel=(79,102) depth=0.345 m surface=(0.305,0.003,0.050) m center=(0.305,0.003,0.025) m conf=0.98 edge=0.0deg sides=(0.050,0.048)m sync_rate=14.19 Hz mask_px=1285[0m
[0m[INFO] [1789222756.252768889] [perception]: NOT DETECTED[0m
[0m[INFO] [1789222757.278589012] [perception]: NOT DETECTED[0m
[0m[INFO] [1789222758.314008779] [perception]: NOT DETECTED[0m
[0m[INFO] [1789222759.351916954] [perception]: NOT DETECTED[0m
[0m[INFO] [1789222760.396156682] [perception]: NOT DETECTED[0m
[0m[INFO] [1789222761.770930668] [perception]: DETECTED pixel=(118,99) depth=0.122 m surface=(0.314,0.003,0.050) m center=(0.314,0.003,0.025) m conf=0.81 edge=0.6deg sides=(0.050,0.035)m sync_rate=14.19 Hz mask_px=488[0m
[0m[INFO] [1789222762.813640515] [perception]: DETECTED pixel=(116,152) depth=0.119 m surface=(0.313,0.003,0.050) m center=(0.313,0.003,0.025) m conf=0.88 edge=0.2deg sides=(0.050,0.036)m sync_rate=14.19 Hz mask_px=770[0m
[0m[INFO] [1789222763.843558017] [perception]: DETECTED pixel=(113,152) depth=0.115 m surface=(0.312,0.003,0.050) m center=(0.312,0.003,0.025) m conf=0.90 edge=0.6deg sides=(0.050,0.037)m sync_rate=14.20 Hz mask_px=1218[0m
[0m[INFO] [1789222764.871440929] [perception]: DETECTED pixel=(107,149) depth=0.111 m surface=(0.312,0.003,0.050) m center=(0.312,0.003,0.025) m conf=0.92 edge=0.6deg sides=(0.050,0.038)m sync_rate=14.20 Hz mask_px=1557[0m
[0m[INFO] [1789222765.924429314] [perception]: DETECTED pixel=(107,49) depth=0.111 m surface=(0.312,0.003,0.050) m center=(0.312,0.003,0.025) m conf=0.90 edge=0.6deg sides=(0.050,0.038)m sync_rate=14.20 Hz mask_px=1607[0m
[0m[INFO] [1789222766.952366324] [perception]: DETECTED pixel=(105,147) depth=0.113 m surface=(0.313,0.003,0.049) m center=(0.313,0.003,0.024) m conf=0.90 edge=0.6deg sides=(0.050,0.039)m sync_rate=14.20 Hz mask_px=1649[0m
[0m[INFO] [1789222768.013915267] [perception]: DETECTED pixel=(104,147) depth=0.113 m surface=(0.313,0.003,0.049) m center=(0.313,0.003,0.024) m conf=0.90 edge=0.5deg sides=(0.050,0.040)m sync_rate=14.20 Hz mask_px=1767[0m
[0m[INFO] [1789222769.020129030] [perception]: DETECTED pixel=(105,51) depth=0.112 m surface=(0.313,0.003,0.049) m center=(0.313,0.003,0.024) m conf=0.89 edge=-0.0deg sides=(0.050,0.040)m sync_rate=14.20 Hz mask_px=1869[0m
[0m[INFO] [1789222770.083209719] [perception]: DETECTED pixel=(104,52) depth=0.112 m surface=(0.313,0.003,0.050) m center=(0.313,0.003,0.025) m conf=0.89 edge=0.5deg sides=(0.050,0.040)m sync_rate=14.20 Hz mask_px=1943[0m
[0m[INFO] [1789222771.101632813] [perception]: DETECTED pixel=(104,52) depth=0.112 m surface=(0.313,0.003,0.079) m center=(0.313,0.003,0.054) m conf=0.86 edge=0.5deg sides=(0.050,0.040)m sync_rate=14.20 Hz mask_px=1934[0m
[0m[INFO] [1789222779.261994945] [perception]: DETECTED pixel=(105,51) depth=0.112 m surface=(0.315,0.003,0.079) m center=(0.315,0.003,0.054) m conf=0.79 edge=0.5deg sides=(0.050,0.040)m sync_rate=14.20 Hz mask_px=1893[0m
[0m[INFO] [1789222780.298714838] [perception]: DETECTED pixel=(104,52) depth=0.112 m surface=(0.313,0.003,0.050) m center=(0.313,0.003,0.025) m conf=0.89 edge=0.6deg sides=(0.050,0.040)m sync_rate=14.20 Hz mask_px=2032[0m
[0m[INFO] [1789222781.309014686] [perception]: DETECTED pixel=(104,52) depth=0.112 m surface=(0.313,0.003,0.050) m center=(0.313,0.003,0.025) m conf=0.88 edge=0.6deg sides=(0.050,0.040)m sync_rate=14.20 Hz mask_px=2065[0m
[0m[INFO] [1789222782.348808829] [perception]: DETECTED pixel=(104,52) depth=0.112 m surface=(0.313,0.003,0.050) m center=(0.313,0.003,0.025) m conf=0.88 edge=0.6deg sides=(0.050,0.040)m sync_rate=14.20 Hz mask_px=2065[0m
[0m[INFO] [1789222783.383688428] [perception]: DETECTED pixel=(104,52) depth=0.112 m surface=(0.313,0.003,0.050) m center=(0.313,0.003,0.025) m conf=0.88 edge=0.6deg sides=(0.050,0.040)m sync_rate=14.20 Hz mask_px=2065[0m
[0m[INFO] [1789222784.420347978] [perception]: DETECTED pixel=(104,52) depth=0.112 m surface=(0.313,0.003,0.050) m center=(0.313,0.003,0.025) m conf=0.88 edge=0.6deg sides=(0.050,0.040)m sync_rate=14.20 Hz mask_px=2065[0m
[0m[INFO] [1789222785.478686653] [perception]: DETECTED pixel=(104,52) depth=0.112 m surface=(0.313,0.003,0.050) m center=(0.313,0.003,0.025) m conf=0.89 edge=0.6deg sides=(0.050,0.040)m sync_rate=14.20 Hz mask_px=2102[0m
[0m[INFO] [1789222786.564225164] [perception]: DETECTED pixel=(106,51) depth=0.111 m surface=(0.313,0.003,0.050) m center=(0.313,0.003,0.025) m conf=0.87 edge=0.6deg sides=(0.050,0.040)m sync_rate=14.21 Hz mask_px=2304[0m
[0m[INFO] [1789222787.574038307] [perception]: NOT DETECTED[0m
[0m[INFO] [1789222788.599977832] [perception]: NOT DETECTED[0m
[0m[INFO] [1789222789.636645892] [perception]: DETECTED pixel=(82,102) depth=0.348 m surface=(0.310,0.002,0.050) m center=(0.310,0.002,0.025) m conf=0.86 edge=0.0deg sides=(0.050,0.044)m sync_rate=14.21 Hz mask_px=1114[0m
[0m[INFO] [1789222790.658929510] [perception]: DETECTED pixel=(80,103) depth=0.343 m surface=(0.299,0.003,0.050) m center=(0.299,0.003,0.025) m conf=0.97 edge=0.0deg sides=(0.050,0.049)m sync_rate=14.20 Hz mask_px=1246[0m
[0m[INFO] [1789222791.664724853] [perception]: DETECTED pixel=(80,103) depth=0.343 m surface=(0.299,0.003,0.050) m center=(0.299,0.003,0.025) m conf=0.97 edge=0.0deg sides=(0.050,0.049)m sync_rate=14.20 Hz mask_px=1246[0m
[0m[INFO] [1789222792.697261731] [perception]: DETECTED pixel=(80,103) depth=0.343 m surface=(0.299,0.003,0.050) m center=(0.299,0.003,0.025) m conf=0.97 edge=0.0deg sides=(0.050,0.049)m sync_rate=14.20 Hz mask_px=1246[0m
[0m[INFO] [1789222793.731677845] [perception]: DETECTED pixel=(80,103) depth=0.343 m surface=(0.299,0.003,0.050) m center=(0.299,0.003,0.025) m conf=0.97 edge=0.0deg sides=(0.050,0.049)m sync_rate=14.20 Hz mask_px=1246[0m
[0m[INFO] [1789222794.825481739] [perception]: NOT DETECTED[0m
[0m[INFO] [1789222795.846570176] [perception]: NOT DETECTED[0m
[0m[INFO] [1789222796.866440620] [perception]: NOT DETECTED[0m
[0m[INFO] [1789222797.901333042] [perception]: NOT DETECTED[0m
[0m[INFO] [1789222800.167590299] [perception]: DETECTED pixel=(118,99) depth=0.122 m surface=(0.307,0.003,0.050) m center=(0.307,0.003,0.025) m conf=0.81 edge=-0.0deg sides=(0.050,0.035)m sync_rate=14.20 Hz mask_px=509[0m
[0m[INFO] [1789222801.195498039] [perception]: DETECTED pixel=(115,152) depth=0.118 m surface=(0.306,0.003,0.050) m center=(0.306,0.003,0.025) m conf=0.88 edge=0.1deg sides=(0.050,0.036)m sync_rate=14.20 Hz mask_px=821[0m
[0m[INFO] [1789222802.248067862] [perception]: DETECTED pixel=(113,152) depth=0.114 m surface=(0.306,0.003,0.050) m center=(0.306,0.003,0.025) m conf=0.89 edge=-0.0deg sides=(0.050,0.037)m sync_rate=14.20 Hz mask_px=1240[0m
[0m[INFO] [1789222803.272505404] [perception]: DETECTED pixel=(109,151) depth=0.110 m surface=(0.306,0.003,0.050) m center=(0.306,0.003,0.025) m conf=0.89 edge=0.6deg sides=(0.050,0.037)m sync_rate=14.20 Hz mask_px=1894[0m
[0m[INFO] [1789222804.287645959] [perception]: DETECTED pixel=(106,149) depth=0.110 m surface=(0.306,0.003,0.050) m center=(0.306,0.003,0.025) m conf=0.90 edge=0.6deg sides=(0.050,0.037)m sync_rate=14.21 Hz mask_px=1657[0m
[0m[INFO] [1789222805.318395147] [perception]: DETECTED pixel=(105,147) depth=0.113 m surface=(0.307,0.003,0.049) m center=(0.307,0.003,0.024) m conf=0.90 edge=0.6deg sides=(0.050,0.039)m sync_rate=14.21 Hz mask_px=1669[0m
[0m[INFO] [1789222806.340273992] [perception]: DETECTED pixel=(105,51) depth=0.111 m surface=(0.307,0.003,0.049) m center=(0.307,0.003,0.024) m conf=0.89 edge=0.5deg sides=(0.050,0.039)m sync_rate=14.21 Hz mask_px=1856[0m
[0m[INFO] [1789222807.367571124] [perception]: DETECTED pixel=(105,52) depth=0.111 m surface=(0.307,0.003,0.049) m center=(0.307,0.003,0.024) m conf=0.88 edge=0.5deg sides=(0.050,0.039)m sync_rate=14.21 Hz mask_px=1948[0m
[0m[INFO] [1789222808.415903460] [perception]: DETECTED pixel=(104,51) depth=0.111 m surface=(0.307,0.003,0.050) m center=(0.307,0.003,0.025) m conf=0.89 edge=0.1deg sides=(0.050,0.039)m sync_rate=14.21 Hz mask_px=2030[0m
[0m[INFO] [1789222809.482751433] [perception]: DETECTED pixel=(104,52) depth=0.111 m surface=(0.306,0.003,0.077) m center=(0.306,0.003,0.052) m conf=0.87 edge=0.0deg sides=(0.050,0.039)m sync_rate=14.21 Hz mask_px=2020[0m
[0m[INFO] [1789222817.675891192] [perception]: DETECTED pixel=(104,52) depth=0.111 m surface=(0.309,0.003,0.080) m center=(0.309,0.003,0.055) m conf=0.79 edge=0.5deg sides=(0.050,0.039)m sync_rate=14.21 Hz mask_px=1964[0m
[0m[INFO] [1789222818.707310620] [perception]: DETECTED pixel=(103,52) depth=0.111 m surface=(0.307,0.003,0.050) m center=(0.307,0.003,0.025) m conf=0.88 edge=0.6deg sides=(0.050,0.039)m sync_rate=14.21 Hz mask_px=2125[0m
[0m[INFO] [1789222819.729240937] [perception]: DETECTED pixel=(103,52) depth=0.110 m surface=(0.307,0.003,0.050) m center=(0.307,0.003,0.025) m conf=0.88 edge=0.6deg sides=(0.050,0.040)m sync_rate=14.21 Hz mask_px=2169[0m
[0m[INFO] [1789222820.788093053] [perception]: DETECTED pixel=(103,52) depth=0.110 m surface=(0.307,0.003,0.050) m center=(0.307,0.003,0.025) m conf=0.88 edge=0.6deg sides=(0.050,0.040)m sync_rate=14.21 Hz mask_px=2169[0m
[0m[INFO] [1789222821.813163121] [perception]: DETECTED pixel=(103,52) depth=0.110 m surface=(0.307,0.003,0.050) m center=(0.307,0.003,0.025) m conf=0.88 edge=0.6deg sides=(0.050,0.040)m sync_rate=14.21 Hz mask_px=2169[0m
[0m[INFO] [1789222822.815333101] [perception]: DETECTED pixel=(103,52) depth=0.110 m surface=(0.307,0.003,0.050) m center=(0.307,0.003,0.025) m conf=0.88 edge=0.6deg sides=(0.050,0.040)m sync_rate=14.21 Hz mask_px=2169[0m
[0m[INFO] [1789222823.860787396] [perception]: DETECTED pixel=(103,52) depth=0.110 m surface=(0.307,0.003,0.050) m center=(0.307,0.003,0.025) m conf=0.90 edge=0.6deg sides=(0.050,0.040)m sync_rate=14.21 Hz mask_px=2206[0m
[0m[INFO] [1789222824.877328662] [perception]: DETECTED pixel=(106,51) depth=0.110 m surface=(0.307,0.003,0.050) m center=(0.307,0.003,0.025) m conf=0.87 edge=0.1deg sides=(0.050,0.040)m sync_rate=14.21 Hz mask_px=2417[0m
[0m[INFO] [1789222825.907260597] [perception]: NOT DETECTED[0m
[0m[INFO] [1789222826.948841156] [perception]: NOT DETECTED[0m
[0m[INFO] [1789222827.992999479] [perception]: DETECTED pixel=(89,102) depth=0.345 m surface=(0.301,0.002,0.050) m center=(0.301,0.002,0.025) m conf=0.92 edge=0.1deg sides=(0.049,0.049)m sync_rate=14.21 Hz mask_px=594[0m
[0m[INFO] [1789222829.032919973] [perception]: DETECTED pixel=(78,104) depth=0.346 m surface=(0.308,0.005,0.050) m center=(0.308,0.005,0.025) m conf=0.98 edge=0.0deg sides=(0.050,0.048)m sync_rate=14.21 Hz mask_px=1299[0m
[0m[INFO] [1789222830.067422068] [perception]: DETECTED pixel=(78,104) depth=0.346 m surface=(0.308,0.005,0.050) m center=(0.308,0.005,0.025) m conf=0.98 edge=0.0deg sides=(0.050,0.048)m sync_rate=14.20 Hz mask_px=1300[0m
[0m[INFO] [1789222831.076587849] [perception]: DETECTED pixel=(78,104) depth=0.346 m surface=(0.308,0.005,0.050) m center=(0.308,0.005,0.025) m conf=0.98 edge=0.0deg sides=(0.050,0.048)m sync_rate=14.20 Hz mask_px=1300[0m
[0m[INFO] [1789222832.147280625] [perception]: DETECTED pixel=(78,104) depth=0.346 m surface=(0.308,0.005,0.050) m center=(0.308,0.005,0.025) m conf=0.98 edge=0.0deg sides=(0.050,0.048)m sync_rate=14.20 Hz mask_px=1300[0m
[0m[INFO] [1789222833.212387863] [perception]: NOT DETECTED[0m
[0m[INFO] [1789222834.231033900] [perception]: NOT DETECTED[0m
[0m[INFO] [1789222835.255336610] [perception]: NOT DETECTED[0m
[0m[INFO] [1789222836.291990819] [perception]: NOT DETECTED[0m
[0m[INFO] [1789222838.563867234] [perception]: DETECTED pixel=(118,99) depth=0.123 m surface=(0.316,0.005,0.050) m center=(0.316,0.005,0.025) m conf=0.81 edge=0.9deg sides=(0.050,0.035)m sync_rate=14.21 Hz mask_px=428[0m
[0m[INFO] [1789222839.596785958] [perception]: DETECTED pixel=(116,152) depth=0.120 m surface=(0.315,0.005,0.050) m center=(0.315,0.005,0.025) m conf=0.88 edge=0.0deg sides=(0.050,0.036)m sync_rate=14.21 Hz mask_px=710[0m
[0m[INFO] [1789222840.626470570] [perception]: DETECTED pixel=(114,152) depth=0.115 m surface=(0.315,0.005,0.050) m center=(0.315,0.005,0.025) m conf=0.90 edge=-0.0deg sides=(0.050,0.037)m sync_rate=14.21 Hz mask_px=1166[0m
[0m[INFO] [1789222842.852448638] [perception]: DETECTED pixel=(106,148) depth=0.112 m surface=(0.315,0.004,0.050) m center=(0.315,0.004,0.025) m conf=0.80 edge=1.0deg sides=(0.050,0.039)m sync_rate=14.21 Hz mask_px=1554[0m
[0m[INFO] [1789222843.883879487] [perception]: DETECTED pixel=(106,50) depth=0.113 m surface=(0.315,0.005,0.049) m center=(0.315,0.005,0.024) m conf=0.90 edge=0.9deg sides=(0.050,0.040)m sync_rate=14.21 Hz mask_px=1642[0m
[0m[INFO] [1789222844.924675885] [perception]: DETECTED pixel=(105,51) depth=0.113 m surface=(0.315,0.005,0.049) m center=(0.315,0.005,0.024) m conf=0.90 edge=0.9deg sides=(0.050,0.040)m sync_rate=14.21 Hz mask_px=1763[0m
[0m[INFO] [1789222845.930600616] [perception]: DETECTED pixel=(105,51) depth=0.112 m surface=(0.315,0.005,0.050) m center=(0.315,0.005,0.025) m conf=0.89 edge=0.9deg sides=(0.050,0.040)m sync_rate=14.21 Hz mask_px=1840[0m
[0m[INFO] [1789222848.309003659] [perception]: DETECTED pixel=(105,51) depth=0.112 m surface=(0.315,0.004,0.075) m center=(0.315,0.004,0.050) m conf=0.80 edge=0.9deg sides=(0.050,0.040)m sync_rate=14.21 Hz mask_px=1900[0m
[0m[INFO] [1789222856.781358529] [perception]: DETECTED pixel=(105,51) depth=0.112 m surface=(0.317,0.004,0.079) m center=(0.317,0.004,0.054) m conf=0.80 edge=0.9deg sides=(0.050,0.040)m sync_rate=14.21 Hz mask_px=1836[0m
[0m[INFO] [1789222864.328947298] [perception]: DETECTED pixel=(108,50) depth=0.112 m surface=(0.315,0.004,0.050) m center=(0.315,0.004,0.025) m conf=0.79 edge=0.9deg sides=(0.050,0.040)m sync_rate=14.21 Hz mask_px=2131[0m
[0m[INFO] [1789222865.355875165] [perception]: NOT DETECTED[0m
[0m[INFO] [1789222866.375168561] [perception]: NOT DETECTED[0m
[0m[INFO] [1789222867.425166952] [perception]: DETECTED pixel=(78,103) depth=0.346 m surface=(0.310,0.004,0.050) m center=(0.310,0.004,0.025) m conf=0.98 edge=-0.0deg sides=(0.050,0.049)m sync_rate=14.21 Hz mask_px=1316[0m
[0m[INFO] [1789222868.452262111] [perception]: DETECTED pixel=(78,102) depth=0.346 m surface=(0.307,0.002,0.050) m center=(0.307,0.002,0.025) m conf=0.98 edge=0.0deg sides=(0.050,0.049)m sync_rate=14.20 Hz mask_px=1316[0m
[0m[INFO] [1789222869.508568861] [perception]: DETECTED pixel=(78,102) depth=0.346 m surface=(0.307,0.002,0.050) m center=(0.307,0.002,0.025) m conf=0.98 edge=0.0deg sides=(0.050,0.049)m sync_rate=14.20 Hz mask_px=1316[0m
[0m[INFO] [1789222870.523161376] [perception]: DETECTED pixel=(78,102) depth=0.346 m surface=(0.307,0.002,0.050) m center=(0.307,0.002,0.025) m conf=0.98 edge=0.0deg sides=(0.050,0.049)m sync_rate=14.20 Hz mask_px=1316[0m
[0m[INFO] [1789222871.557622887] [perception]: DETECTED pixel=(79,102) depth=0.346 m surface=(0.308,0.002,0.050) m center=(0.308,0.002,0.025) m conf=0.97 edge=0.0deg sides=(0.050,0.050)m sync_rate=14.20 Hz mask_px=1298[0m
[0m[INFO] [1789222872.575412182] [perception]: NOT DETECTED[0m
[0m[INFO] [1789222873.607360743] [perception]: NOT DETECTED[0m
[0m[INFO] [1789222874.631075189] [perception]: NOT DETECTED[0m
[0m[INFO] [1789222875.657013281] [perception]: NOT DETECTED[0m
[0m[INFO] [1789222876.715840220] [perception]: NOT DETECTED[0m
[0m[INFO] [1789222878.545097779] [perception]: DETECTED pixel=(117,153) depth=0.121 m surface=(0.315,0.002,0.050) m center=(0.315,0.002,0.025) m conf=0.78 edge=0.2deg sides=(0.050,0.035)m sync_rate=14.21 Hz mask_px=577[0m
[0m[INFO] [1789222879.585809127] [perception]: DETECTED pixel=(115,153) depth=0.116 m surface=(0.314,0.002,0.050) m center=(0.314,0.002,0.025) m conf=0.89 edge=0.4deg sides=(0.050,0.036)m sync_rate=14.21 Hz mask_px=991[0m
[0m[INFO] [1789222880.629771686] [perception]: DETECTED pixel=(111,152) depth=0.112 m surface=(0.313,0.002,0.050) m center=(0.313,0.002,0.025) m conf=0.90 edge=-0.1deg sides=(0.050,0.037)m sync_rate=14.21 Hz mask_px=1581[0m
[0m[INFO] [1789222882.079451098] [perception]: DETECTED pixel=(108,49) depth=0.111 m surface=(0.314,0.002,0.050) m center=(0.314,0.002,0.025) m conf=0.81 edge=0.4deg sides=(0.050,0.038)m sync_rate=14.21 Hz mask_px=1468[0m
[0m[INFO] [1789222883.118342976] [perception]: DETECTED pixel=(105,148) depth=0.114 m surface=(0.315,0.002,0.049) m center=(0.315,0.002,0.024) m conf=0.90 edge=0.3deg sides=(0.050,0.039)m sync_rate=14.21 Hz mask_px=1534[0m
[0m[INFO] [1789222884.137991147] [perception]: DETECTED pixel=(105,148) depth=0.113 m surface=(0.315,0.002,0.049) m center=(0.315,0.002,0.024) m conf=0.90 edge=0.3deg sides=(0.050,0.040)m sync_rate=14.21 Hz mask_px=1628[0m
[0m[INFO] [1789222885.185324436] [perception]: DETECTED pixel=(105,51) depth=0.112 m surface=(0.314,0.002,0.049) m center=(0.314,0.002,0.024) m conf=0.90 edge=0.3deg sides=(0.050,0.039)m sync_rate=14.21 Hz mask_px=1712[0m
[0m[INFO] [1789222886.221894021] [perception]: DETECTED pixel=(105,51) depth=0.112 m surface=(0.314,0.002,0.050) m center=(0.314,0.002,0.025) m conf=0.89 edge=0.3deg sides=(0.050,0.040)m sync_rate=14.21 Hz mask_px=1802[0m
[0m[INFO] [1789222887.230117654] [perception]: DETECTED pixel=(105,51) depth=0.112 m surface=(0.314,0.002,0.051) m center=(0.314,0.002,0.026) m conf=0.79 edge=0.4deg sides=(0.050,0.039)m sync_rate=14.21 Hz mask_px=1835[0m
[0m[INFO] [1789222888.283867838] [perception]: DETECTED pixel=(105,52) depth=0.112 m surface=(0.314,0.002,0.085) m center=(0.314,0.002,0.060) m conf=0.87 edge=0.4deg sides=(0.050,0.039)m sync_rate=14.21 Hz mask_px=1827[0m
[0m[INFO] [1789222896.314931576] [perception]: DETECTED pixel=(104,147) depth=0.113 m surface=(0.317,0.002,0.080) m center=(0.317,0.002,0.055) m conf=0.80 edge=0.4deg sides=(0.050,0.039)m sync_rate=14.21 Hz mask_px=1758[0m
[0m[INFO] [1789222897.350082363] [perception]: DETECTED pixel=(104,51) depth=0.112 m surface=(0.315,0.002,0.050) m center=(0.315,0.002,0.025) m conf=0.89 edge=0.4deg sides=(0.050,0.040)m sync_rate=14.21 Hz mask_px=1869[0m
[0m[INFO] [1789222904.050550368] [perception]: DETECTED pixel=(108,50) depth=0.112 m surface=(0.315,0.002,0.050) m center=(0.315,0.002,0.025) m conf=0.79 edge=0.4deg sides=(0.050,0.039)m sync_rate=14.21 Hz mask_px=1939[0m
[0m[INFO] [1789222905.115170153] [perception]: NOT DETECTED[0m
[0m[INFO] [1789222906.605833264] [perception]: DETECTED pixel=(91,101) depth=0.347 m surface=(0.309,0.001,0.050) m center=(0.309,0.001,0.025) m conf=0.79 edge=0.1deg sides=(0.049,0.049)m sync_rate=14.21 Hz mask_px=433[0m
[0m[INFO] [1789222907.651781507] [perception]: DETECTED pixel=(78,106) depth=0.346 m surface=(0.309,0.007,0.050) m center=(0.309,0.007,0.025) m conf=0.88 edge=0.0deg sides=(0.050,0.050)m sync_rate=14.21 Hz mask_px=1348[0m
[0m[INFO] [1789222908.728556625] [perception]: DETECTED pixel=(78,106) depth=0.346 m surface=(0.309,0.007,0.050) m center=(0.309,0.007,0.025) m conf=0.98 edge=0.0deg sides=(0.050,0.050)m sync_rate=14.20 Hz mask_px=1348[0m
[0m[INFO] [1789222909.733870142] [perception]: DETECTED pixel=(78,106) depth=0.346 m surface=(0.309,0.007,0.050) m center=(0.309,0.007,0.025) m conf=0.98 edge=0.0deg sides=(0.050,0.050)m sync_rate=14.20 Hz mask_px=1348[0m
[0m[INFO] [1789222910.755860682] [perception]: DETECTED pixel=(78,106) depth=0.346 m surface=(0.309,0.007,0.050) m center=(0.309,0.007,0.025) m conf=0.98 edge=0.0deg sides=(0.050,0.050)m sync_rate=14.20 Hz mask_px=1348[0m
[0m[INFO] [1789222911.826285693] [perception]: NOT DETECTED[0m
[0m[INFO] [1789222912.861686780] [perception]: NOT DETECTED[0m
[0m[INFO] [1789222913.908214437] [perception]: NOT DETECTED[0m
[0m[INFO] [1789222914.936014532] [perception]: NOT DETECTED[0m
[0m[INFO] [1789222915.981070271] [perception]: NOT DETECTED[0m
[0m[INFO] [1789222942.612695317] [perception]: NOT DETECTED[0m
[0m[INFO] [1789222943.639865131] [perception]: NOT DETECTED[0m
[0m[INFO] [1789222944.675306109] [perception]: DETECTED pixel=(118,99) depth=0.326 m surface=(0.311,0.007,0.050) m center=(0.311,0.007,0.025) m conf=0.86 edge=0.3deg sides=(0.050,0.049)m sync_rate=14.21 Hz mask_px=334[0m
[0m[INFO] [1789222945.745201619] [perception]: DETECTED pixel=(80,102) depth=0.344 m surface=(0.302,0.002,0.050) m center=(0.302,0.002,0.025) m conf=0.87 edge=0.0deg sides=(0.050,0.048)m sync_rate=14.21 Hz mask_px=1253[0m
[0m[INFO] [1789222946.770617588] [perception]: DETECTED pixel=(80,102) depth=0.343 m surface=(0.302,0.002,0.050) m center=(0.302,0.002,0.025) m conf=0.97 edge=0.0deg sides=(0.050,0.048)m sync_rate=14.20 Hz mask_px=1253[0m
[0m[INFO] [1789222947.853625959] [perception]: DETECTED pixel=(80,102) depth=0.343 m surface=(0.302,0.002,0.050) m center=(0.302,0.002,0.025) m conf=0.97 edge=0.0deg sides=(0.050,0.048)m sync_rate=14.20 Hz mask_px=1253[0m
[0m[INFO] [1789222948.876641933] [perception]: DETECTED pixel=(80,102) depth=0.343 m surface=(0.302,0.002,0.050) m center=(0.302,0.002,0.025) m conf=0.97 edge=0.0deg sides=(0.050,0.048)m sync_rate=14.20 Hz mask_px=1253[0m
[0m[INFO] [1789222950.161912345] [perception]: NOT DETECTED[0m
[0m[INFO] [1789222951.188565624] [perception]: NOT DETECTED[0m
[0m[INFO] [1789222952.204558157] [perception]: NOT DETECTED[0m
[0m[INFO] [1789222953.233723579] [perception]: NOT DETECTED[0m
[0m[INFO] [1789222955.447694021] [perception]: DETECTED pixel=(118,99) depth=0.123 m surface=(0.310,0.002,0.050) m center=(0.310,0.002,0.025) m conf=0.81 edge=0.4deg sides=(0.050,0.035)m sync_rate=14.21 Hz mask_px=476[0m
[0m[INFO] [1789222956.453857308] [perception]: DETECTED pixel=(115,152) depth=0.120 m surface=(0.309,0.002,0.050) m center=(0.309,0.002,0.025) m conf=0.88 edge=0.4deg sides=(0.050,0.036)m sync_rate=14.21 Hz mask_px=724[0m
[0m[INFO] [1789222957.546239614] [perception]: DETECTED pixel=(113,152) depth=0.115 m surface=(0.309,0.002,0.050) m center=(0.309,0.002,0.025) m conf=0.89 edge=0.4deg sides=(0.050,0.037)m sync_rate=14.21 Hz mask_px=1193[0m
[0m[INFO] [1789222958.632674287] [perception]: DETECTED pixel=(109,151) depth=0.110 m surface=(0.308,0.002,0.050) m center=(0.308,0.002,0.025) m conf=0.90 edge=0.4deg sides=(0.050,0.038)m sync_rate=14.21 Hz mask_px=1937[0m
[0m[INFO] [1789222959.666737576] [perception]: DETECTED pixel=(106,149) depth=0.110 m surface=(0.308,0.002,0.050) m center=(0.308,0.002,0.025) m conf=0.90 edge=0.4deg sides=(0.050,0.038)m sync_rate=14.21 Hz mask_px=1683[0m
[0m[INFO] [1789222960.689933479] [perception]: DETECTED pixel=(105,51) depth=0.113 m surface=(0.310,0.002,0.049) m center=(0.310,0.002,0.024) m conf=0.89 edge=0.4deg sides=(0.050,0.039)m sync_rate=14.21 Hz mask_px=1669[0m
[0m[INFO] [1789222961.732388731] [perception]: DETECTED pixel=(104,52) depth=0.112 m surface=(0.309,0.002,0.049) m center=(0.309,0.002,0.024) m conf=0.89 edge=0.3deg sides=(0.050,0.040)m sync_rate=14.21 Hz mask_px=1859[0m
[0m[INFO] [1789222962.751009735] [perception]: DETECTED pixel=(104,52) depth=0.111 m surface=(0.309,0.002,0.049) m center=(0.309,0.002,0.024) m conf=0.89 edge=0.2deg sides=(0.050,0.039)m sync_rate=14.21 Hz mask_px=1959[0m
[0m[INFO] [1789222963.792637580] [perception]: DETECTED pixel=(103,53) depth=0.111 m surface=(0.309,0.002,0.050) m center=(0.309,0.002,0.025) m conf=0.88 edge=0.3deg sides=(0.050,0.040)m sync_rate=14.21 Hz mask_px=2097[0m
[0m[INFO] [1789222964.804305004] [perception]: DETECTED pixel=(103,53) depth=0.111 m surface=(0.309,0.002,0.074) m center=(0.309,0.002,0.049) m conf=0.86 edge=0.3deg sides=(0.050,0.040)m sync_rate=14.21 Hz mask_px=2114[0m
[0m[INFO] [1789222973.192844827] [perception]: DETECTED pixel=(104,52) depth=0.112 m surface=(0.311,0.002,0.079) m center=(0.311,0.002,0.054) m conf=0.79 edge=0.3deg sides=(0.050,0.040)m sync_rate=14.21 Hz mask_px=1983[0m
[0m[INFO] [1789222974.244747387] [perception]: DETECTED pixel=(102,144) depth=0.111 m surface=(0.309,0.002,0.050) m center=(0.309,0.002,0.025) m conf=0.88 edge=0.4deg sides=(0.050,0.040)m sync_rate=14.21 Hz mask_px=2184[0m
[0m[INFO] [1789222975.277725887] [perception]: DETECTED pixel=(102,54) depth=0.111 m surface=(0.309,0.002,0.050) m center=(0.309,0.002,0.025) m conf=0.87 edge=0.4deg sides=(0.050,0.040)m sync_rate=14.21 Hz mask_px=2233[0m
[0m[INFO] [1789222976.327838952] [perception]: DETECTED pixel=(102,54) depth=0.111 m surface=(0.309,0.002,0.050) m center=(0.309,0.002,0.025) m conf=0.87 edge=0.4deg sides=(0.050,0.040)m sync_rate=14.21 Hz mask_px=2233[0m
[0m[INFO] [1789222977.388950561] [perception]: DETECTED pixel=(102,54) depth=0.111 m surface=(0.309,0.002,0.050) m center=(0.309,0.002,0.025) m conf=0.87 edge=0.4deg sides=(0.050,0.040)m sync_rate=14.21 Hz mask_px=2233[0m
[0m[INFO] [1789222978.467559293] [perception]: DETECTED pixel=(102,54) depth=0.111 m surface=(0.309,0.002,0.050) m center=(0.309,0.002,0.025) m conf=0.89 edge=0.4deg sides=(0.050,0.040)m sync_rate=14.21 Hz mask_px=2282[0m
[0m[INFO] [1789222979.478005552] [perception]: DETECTED pixel=(102,54) depth=0.111 m surface=(0.309,0.002,0.050) m center=(0.309,0.002,0.025) m conf=0.89 edge=0.4deg sides=(0.050,0.040)m sync_rate=14.21 Hz mask_px=2282[0m
[0m[INFO] [1789222980.509024431] [perception]: DETECTED pixel=(105,52) depth=0.111 m surface=(0.309,0.002,0.050) m center=(0.309,0.002,0.025) m conf=0.86 edge=0.4deg sides=(0.050,0.040)m sync_rate=14.21 Hz mask_px=2502[0m
[0m[INFO] [1789222981.573455721] [perception]: NOT DETECTED[0m
[0m[INFO] [1789222982.613812552] [perception]: NOT DETECTED[0m
[0m[INFO] [1789222983.751950031] [perception]: DETECTED pixel=(84,101) depth=0.347 m surface=(0.310,0.001,0.050) m center=(0.310,0.001,0.025) m conf=0.85 edge=0.0deg sides=(0.050,0.038)m sync_rate=14.21 Hz mask_px=994[0m
[0m[INFO] [1789222984.807924351] [perception]: DETECTED pixel=(80,93) depth=0.343 m surface=(0.301,-0.008,0.050) m center=(0.301,-0.008,0.025) m conf=0.97 edge=0.0deg sides=(0.050,0.049)m sync_rate=14.21 Hz mask_px=1276[0m
[0m[INFO] [1789222985.856680892] [perception]: DETECTED pixel=(80,93) depth=0.343 m surface=(0.301,-0.008,0.050) m center=(0.301,-0.008,0.025) m conf=0.97 edge=0.0deg sides=(0.050,0.049)m sync_rate=14.20 Hz mask_px=1276[0m
[0m[INFO] [1789222986.879044072] [perception]: DETECTED pixel=(80,93) depth=0.343 m surface=(0.301,-0.008,0.050) m center=(0.301,-0.008,0.025) m conf=0.97 edge=0.0deg sides=(0.050,0.049)m sync_rate=14.20 Hz mask_px=1276[0m
[0m[INFO] [1789222987.921469139] [perception]: DETECTED pixel=(81,93) depth=0.346 m surface=(0.301,-0.008,0.050) m center=(0.301,-0.008,0.025) m conf=0.96 edge=-0.0deg sides=(0.050,0.050)m sync_rate=14.20 Hz mask_px=1195[0m
[0m[INFO] [1789222988.950466599] [perception]: NOT DETECTED[0m
[0m[INFO] [1789222989.970752266] [perception]: NOT DETECTED[0m
[0m[INFO] [1789222991.002305859] [perception]: NOT DETECTED[0m
[0m[INFO] [1789222992.038111275] [perception]: NOT DETECTED[0m
[0m[INFO] [1789222994.278318573] [perception]: DETECTED pixel=(118,101) depth=0.122 m surface=(0.309,-0.008,0.050) m center=(0.309,-0.008,0.025) m conf=0.81 edge=0.5deg sides=(0.050,0.035)m sync_rate=14.21 Hz mask_px=520[0m
[0m[INFO] [1789222995.280119457] [perception]: DETECTED pixel=(117,154) depth=0.118 m surface=(0.308,-0.008,0.050) m center=(0.308,-0.008,0.025) m conf=0.88 edge=0.4deg sides=(0.050,0.036)m sync_rate=14.21 Hz mask_px=845[0m
[0m[INFO] [1789222996.319464605] [perception]: DETECTED pixel=(115,154) depth=0.114 m surface=(0.308,-0.008,0.050) m center=(0.308,-0.008,0.025) m conf=0.89 edge=-0.0deg sides=(0.050,0.037)m sync_rate=14.21 Hz mask_px=1277[0m
[0m[INFO] [1789222997.361378326] [perception]: DETECTED pixel=(108,152) depth=0.110 m surface=(0.307,-0.008,0.050) m center=(0.307,-0.008,0.025) m conf=0.90 edge=-0.0deg sides=(0.050,0.037)m sync_rate=14.21 Hz mask_px=1629[0m
[0m[INFO] [1789222998.361614478] [perception]: DETECTED pixel=(108,151) depth=0.110 m surface=(0.307,-0.008,0.050) m center=(0.307,-0.008,0.025) m conf=0.90 edge=0.0deg sides=(0.050,0.037)m sync_rate=14.21 Hz mask_px=1606[0m
[0m[INFO] [1789222999.367357861] [perception]: DETECTED pixel=(107,150) depth=0.112 m surface=(0.309,-0.009,0.049) m center=(0.309,-0.009,0.024) m conf=0.89 edge=1.3deg sides=(0.050,0.039)m sync_rate=14.21 Hz mask_px=1649[0m
[0m[INFO] [1789223000.374290628] [perception]: DETECTED pixel=(106,149) depth=0.112 m surface=(0.308,-0.008,0.049) m center=(0.308,-0.008,0.024) m conf=0.89 edge=0.2deg sides=(0.050,0.039)m sync_rate=14.21 Hz mask_px=1764[0m
[0m[INFO] [1789223001.434566573] [perception]: DETECTED pixel=(106,149) depth=0.111 m surface=(0.309,-0.008,0.049) m center=(0.309,-0.008,0.024) m conf=0.88 edge=0.5deg sides=(0.050,0.039)m sync_rate=14.21 Hz mask_px=1881[0m
[0m[INFO] [1789223002.472168924] [perception]: DETECTED pixel=(105,149) depth=0.111 m surface=(0.308,-0.008,0.050) m center=(0.308,-0.008,0.025) m conf=0.89 edge=0.2deg sides=(0.050,0.039)m sync_rate=14.21 Hz mask_px=1936[0m
[0m[INFO] [1789223003.512368390] [perception]: DETECTED pixel=(105,149) depth=0.111 m surface=(0.309,-0.009,0.083) m center=(0.309,-0.009,0.058) m conf=0.86 edge=1.3deg sides=(0.050,0.039)m sync_rate=14.21 Hz mask_px=1927[0m
[0m[INFO] [1789223011.506190455] [perception]: DETECTED pixel=(106,149) depth=0.111 m surface=(0.311,-0.008,0.081) m center=(0.311,-0.008,0.056) m conf=0.78 edge=0.2deg sides=(0.050,0.038)m sync_rate=14.21 Hz mask_px=1879[0m
[0m[INFO] [1789223012.549703995] [perception]: DETECTED pixel=(105,148) depth=0.111 m surface=(0.309,-0.008,0.050) m center=(0.309,-0.008,0.025) m conf=0.88 edge=0.4deg sides=(0.050,0.039)m sync_rate=14.21 Hz mask_px=2013[0m
[0m[INFO] [1789223013.557344599] [perception]: DETECTED pixel=(105,148) depth=0.111 m surface=(0.308,-0.008,0.050) m center=(0.308,-0.008,0.025) m conf=0.89 edge=0.0deg sides=(0.050,0.040)m sync_rate=14.21 Hz mask_px=2059[0m
[0m[INFO] [1789223014.590545551] [perception]: DETECTED pixel=(105,148) depth=0.111 m surface=(0.308,-0.008,0.050) m center=(0.308,-0.008,0.025) m conf=0.89 edge=0.0deg sides=(0.050,0.040)m sync_rate=14.21 Hz mask_px=2061[0m
[0m[INFO] [1789223015.593543165] [perception]: DETECTED pixel=(105,148) depth=0.111 m surface=(0.308,-0.008,0.050) m center=(0.308,-0.008,0.025) m conf=0.89 edge=0.0deg sides=(0.050,0.040)m sync_rate=14.21 Hz mask_px=2059[0m
[0m[INFO] [1789223016.674160466] [perception]: DETECTED pixel=(105,148) depth=0.111 m surface=(0.308,-0.008,0.050) m center=(0.308,-0.008,0.025) m conf=0.89 edge=0.0deg sides=(0.050,0.040)m sync_rate=14.21 Hz mask_px=2062[0m
[0m[INFO] [1789223017.721227955] [perception]: DETECTED pixel=(105,148) depth=0.111 m surface=(0.308,-0.008,0.050) m center=(0.308,-0.008,0.025) m conf=0.89 edge=0.0deg sides=(0.050,0.040)m sync_rate=14.21 Hz mask_px=2091[0m
[0m[INFO] [1789223018.723626874] [perception]: DETECTED pixel=(107,149) depth=0.110 m surface=(0.308,-0.008,0.050) m center=(0.308,-0.008,0.025) m conf=0.87 edge=0.0deg sides=(0.050,0.040)m sync_rate=14.21 Hz mask_px=2307[0m
[0m[INFO] [1789223019.770359179] [perception]: NOT DETECTED[0m
[0m[INFO] [1789223020.793972592] [perception]: NOT DETECTED[0m
[0m[INFO] [1789223021.853601378] [perception]: DETECTED pixel=(87,93) depth=0.346 m surface=(0.303,-0.008,0.050) m center=(0.303,-0.008,0.025) m conf=0.93 edge=-0.2deg sides=(0.050,0.049)m sync_rate=14.21 Hz mask_px=720[0m
[0m[INFO] [1789223022.930614731] [perception]: DETECTED pixel=(78,95) depth=0.346 m surface=(0.309,-0.005,0.050) m center=(0.309,-0.005,0.025) m conf=0.98 edge=0.0deg sides=(0.050,0.050)m sync_rate=14.21 Hz mask_px=1340[0m
[0m[INFO] [1789223023.940351277] [perception]: DETECTED pixel=(78,95) depth=0.346 m surface=(0.309,-0.005,0.050) m center=(0.309,-0.005,0.025) m conf=0.98 edge=0.0deg sides=(0.050,0.050)m sync_rate=14.21 Hz mask_px=1341[0m
[0m[INFO] [1789223024.999118851] [perception]: DETECTED pixel=(78,95) depth=0.346 m surface=(0.309,-0.005,0.050) m center=(0.309,-0.005,0.025) m conf=0.98 edge=0.0deg sides=(0.050,0.050)m sync_rate=14.21 Hz mask_px=1341[0m
[0m[INFO] [1789223026.027613298] [perception]: DETECTED pixel=(78,95) depth=0.346 m surface=(0.309,-0.005,0.050) m center=(0.309,-0.005,0.025) m conf=0.98 edge=0.0deg sides=(0.050,0.050)m sync_rate=14.21 Hz mask_px=1341[0m
[0m[INFO] [1789223027.060535398] [perception]: NOT DETECTED[0m
[0m[INFO] [1789223028.075620411] [perception]: NOT DETECTED[0m
[0m[INFO] [1789223029.127566465] [perception]: NOT DETECTED[0m
[0m[INFO] [1789223030.154763043] [perception]: NOT DETECTED[0m
[0m[INFO] [1789223031.188402213] [perception]: NOT DETECTED[0m
[0m[INFO] [1789223033.176033417] [perception]: DETECTED pixel=(119,154) depth=0.120 m surface=(0.316,-0.005,0.050) m center=(0.316,-0.005,0.025) m conf=0.78 edge=-0.3deg sides=(0.050,0.035)m sync_rate=14.21 Hz mask_px=555[0m
[0m[INFO] [1789223034.178921064] [perception]: DETECTED pixel=(117,154) depth=0.116 m surface=(0.315,-0.005,0.050) m center=(0.315,-0.005,0.025) m conf=0.89 edge=-0.2deg sides=(0.050,0.036)m sync_rate=14.21 Hz mask_px=921[0m
[0m[INFO] [1789223035.211471205] [perception]: DETECTED pixel=(114,154) depth=0.111 m surface=(0.315,-0.005,0.050) m center=(0.315,-0.005,0.025) m conf=0.90 edge=-0.0deg sides=(0.050,0.037)m sync_rate=14.21 Hz mask_px=1495[0m
[0m[INFO] [1789223036.819366937] [perception]: DETECTED pixel=(107,50) depth=0.113 m surface=(0.316,-0.006,0.050) m center=(0.316,-0.006,0.025) m conf=0.81 edge=2.0deg sides=(0.050,0.038)m sync_rate=14.21 Hz mask_px=1372[0m
[0m[INFO] [1789223037.851493789] [perception]: DETECTED pixel=(108,150) depth=0.113 m surface=(0.316,-0.006,0.049) m center=(0.316,-0.006,0.024) m conf=0.90 edge=0.3deg sides=(0.050,0.039)m sync_rate=14.21 Hz mask_px=1471[0m
[0m[INFO] [1789223049.893254262] [perception]: DETECTED pixel=(107,149) depth=0.112 m surface=(0.318,-0.006,0.080) m center=(0.318,-0.006,0.055) m conf=0.80 edge=0.2deg sides=(0.050,0.039)m sync_rate=14.21 Hz mask_px=1647[0m
[0m[INFO] [1789223057.507940884] [perception]: DETECTED pixel=(109,150) depth=0.112 m surface=(0.316,-0.005,0.050) m center=(0.316,-0.005,0.025) m conf=0.79 edge=-0.1deg sides=(0.050,0.040)m sync_rate=14.21 Hz mask_px=1898[0m
[0m[INFO] [1789223058.510192219] [perception]: NOT DETECTED[0m
[0m[INFO] [1789223059.550205784] [perception]: NOT DETECTED[0m
[0m[INFO] [1789223060.580905953] [perception]: DETECTED pixel=(78,95) depth=0.346 m surface=(0.311,-0.006,0.050) m center=(0.311,-0.006,0.025) m conf=0.97 edge=-0.0deg sides=(0.050,0.049)m sync_rate=14.22 Hz mask_px=1315[0m
[0m[INFO] [1789223061.640266023] [perception]: DETECTED pixel=(78,97) depth=0.346 m surface=(0.310,-0.004,0.050) m center=(0.310,-0.004,0.025) m conf=0.98 edge=0.0deg sides=(0.050,0.048)m sync_rate=14.21 Hz mask_px=1318[0m
[0m[INFO] [1789223062.679306006] [perception]: DETECTED pixel=(78,97) depth=0.346 m surface=(0.310,-0.004,0.050) m center=(0.310,-0.004,0.025) m conf=0.98 edge=0.0deg sides=(0.050,0.048)m sync_rate=14.21 Hz mask_px=1318[0m
[0m[INFO] [1789223063.700712735] [perception]: DETECTED pixel=(78,97) depth=0.346 m surface=(0.310,-0.004,0.050) m center=(0.310,-0.004,0.025) m conf=0.98 edge=0.0deg sides=(0.050,0.048)m sync_rate=14.21 Hz mask_px=1318[0m
[0m[INFO] [1789223064.823245981] [perception]: DETECTED pixel=(88,97) depth=0.355 m surface=(0.310,-0.004,0.050) m center=(0.310,-0.004,0.025) m conf=0.83 edge=-0.1deg sides=(0.050,0.049)m sync_rate=14.21 Hz mask_px=661[0m
[0m[INFO] [1789223065.841396140] [perception]: NOT DETECTED[0m
[0m[INFO] [1789223066.874479966] [perception]: NOT DETECTED[0m
[0m[INFO] [1789223067.901688543] [perception]: NOT DETECTED[0m
[0m[INFO] [1789223068.943841213] [perception]: NOT DETECTED[0m
[0m[INFO] [1789223096.770717298] [perception]: NOT DETECTED[0m
[0m[INFO] [1789223097.795336828] [perception]: NOT DETECTED[0m
[0m[INFO] [1789223098.840404897] [perception]: DETECTED pixel=(91,97) depth=0.349 m surface=(0.313,-0.004,0.050) m center=(0.313,-0.004,0.025) m conf=0.79 edge=-0.1deg sides=(0.049,0.049)m sync_rate=14.22 Hz mask_px=426[0m
[0m[INFO] [1789223099.899086274] [perception]: DETECTED pixel=(79,97) depth=0.345 m surface=(0.305,-0.004,0.050) m center=(0.305,-0.004,0.025) m conf=0.88 edge=0.0deg sides=(0.050,0.049)m sync_rate=14.21 Hz mask_px=1302[0m
[0m[INFO] [1789223100.959053508] [perception]: DETECTED pixel=(79,97) depth=0.345 m surface=(0.305,-0.004,0.050) m center=(0.305,-0.004,0.025) m conf=0.98 edge=0.0deg sides=(0.050,0.049)m sync_rate=14.21 Hz mask_px=1302[0m
[0m[INFO] [1789223101.999202913] [perception]: DETECTED pixel=(79,97) depth=0.345 m surface=(0.305,-0.004,0.050) m center=(0.305,-0.004,0.025) m conf=0.98 edge=0.0deg sides=(0.050,0.049)m sync_rate=14.21 Hz mask_px=1302[0m
[0m[INFO] [1789223103.041589279] [perception]: DETECTED pixel=(79,97) depth=0.345 m surface=(0.305,-0.004,0.050) m center=(0.305,-0.004,0.025) m conf=0.98 edge=0.0deg sides=(0.050,0.049)m sync_rate=14.21 Hz mask_px=1302[0m
[0m[INFO] [1789223104.102691600] [perception]: NOT DETECTED[0m
[0m[INFO] [1789223105.140558614] [perception]: DETECTED pixel=(80,102) depth=0.343 m surface=(0.301,0.003,0.050) m center=(0.301,0.003,0.025) m conf=0.98 edge=0.0deg sides=(0.050,0.049)m sync_rate=14.20 Hz mask_px=1267[0m
[0m[INFO] [1789223106.223938218] [perception]: DETECTED pixel=(80,102) depth=0.343 m surface=(0.301,0.003,0.050) m center=(0.301,0.003,0.025) m conf=0.98 edge=0.0deg sides=(0.050,0.049)m sync_rate=14.21 Hz mask_px=1267[0m
[0m[INFO] [1789223107.293603469] [perception]: DETECTED pixel=(80,102) depth=0.343 m surface=(0.301,0.003,0.050) m center=(0.301,0.003,0.025) m conf=0.98 edge=0.0deg sides=(0.050,0.049)m sync_rate=14.21 Hz mask_px=1267[0m
[0m[INFO] [1789223108.309150738] [perception]: DETECTED pixel=(90,102) depth=0.350 m surface=(0.301,0.002,0.050) m center=(0.301,0.002,0.025) m conf=0.90 edge=0.1deg sides=(0.049,0.049)m sync_rate=14.21 Hz mask_px=472[0m
[0m[INFO] [1789223109.346904465] [perception]: NOT DETECTED[0m
[0m[INFO] [1789223110.390235240] [perception]: NOT DETECTED[0m
[0m[INFO] [1789223111.429271294] [perception]: NOT DETECTED[0m
[0m[INFO] [1789223112.448350852] [perception]: NOT DETECTED[0m
[0m[INFO] [1789223114.447482375] [perception]: DETECTED pixel=(118,99) depth=0.121 m surface=(0.309,0.003,0.050) m center=(0.309,0.003,0.025) m conf=0.81 edge=0.5deg sides=(0.050,0.035)m sync_rate=14.21 Hz mask_px=555[0m
[0m[INFO] [1789223115.486119351] [perception]: DETECTED pixel=(115,152) depth=0.118 m surface=(0.308,0.003,0.050) m center=(0.308,0.003,0.025) m conf=0.88 edge=0.5deg sides=(0.050,0.036)m sync_rate=14.21 Hz mask_px=860[0m
[0m[INFO] [1789223116.501853380] [perception]: DETECTED pixel=(112,152) depth=0.114 m surface=(0.308,0.003,0.050) m center=(0.308,0.003,0.025) m conf=0.90 edge=0.5deg sides=(0.050,0.037)m sync_rate=14.21 Hz mask_px=1319[0m
[0m[INFO] [1789223117.539457421] [perception]: DETECTED pixel=(106,150) depth=0.110 m surface=(0.308,0.003,0.050) m center=(0.308,0.003,0.025) m conf=0.92 edge=0.3deg sides=(0.050,0.038)m sync_rate=14.21 Hz mask_px=1639[0m
[0m[INFO] [1789223118.570394864] [perception]: DETECTED pixel=(107,49) depth=0.111 m surface=(0.308,0.003,0.050) m center=(0.308,0.003,0.025) m conf=0.90 edge=0.6deg sides=(0.050,0.038)m sync_rate=14.21 Hz mask_px=1626[0m
[0m[INFO] [1789223119.592501367] [perception]: DETECTED pixel=(105,147) depth=0.112 m surface=(0.309,0.003,0.049) m center=(0.309,0.003,0.024) m conf=0.90 edge=0.5deg sides=(0.050,0.039)m sync_rate=14.21 Hz mask_px=1672[0m
[0m[INFO] [1789223120.643589534] [perception]: DETECTED pixel=(104,147) depth=0.112 m surface=(0.309,0.003,0.049) m center=(0.309,0.003,0.024) m conf=0.90 edge=0.4deg sides=(0.050,0.039)m sync_rate=14.21 Hz mask_px=1795[0m
[0m[INFO] [1789223121.682995675] [perception]: DETECTED pixel=(105,51) depth=0.111 m surface=(0.309,0.003,0.049) m center=(0.309,0.003,0.024) m conf=0.89 edge=0.4deg sides=(0.050,0.039)m sync_rate=14.21 Hz mask_px=1905[0m
[0m[INFO] [1789223122.727698224] [perception]: DETECTED pixel=(104,52) depth=0.111 m surface=(0.309,0.003,0.054) m center=(0.309,0.003,0.029) m conf=0.87 edge=0.5deg sides=(0.050,0.039)m sync_rate=14.21 Hz mask_px=1955[0m
[0m[INFO] [1789223131.594873418] [perception]: DETECTED pixel=(105,51) depth=0.111 m surface=(0.311,0.002,0.080) m center=(0.311,0.002,0.055) m conf=0.79 edge=0.5deg sides=(0.050,0.039)m sync_rate=14.21 Hz mask_px=1887[0m
[0m[INFO] [1789223132.611170360] [perception]: DETECTED pixel=(104,51) depth=0.111 m surface=(0.309,0.002,0.050) m center=(0.309,0.002,0.025) m conf=0.89 edge=0.5deg sides=(0.050,0.039)m sync_rate=14.21 Hz mask_px=2063[0m
[0m[INFO] [1789223133.622695267] [perception]: DETECTED pixel=(104,52) depth=0.111 m surface=(0.309,0.002,0.050) m center=(0.309,0.002,0.025) m conf=0.88 edge=0.6deg sides=(0.050,0.039)m sync_rate=14.21 Hz mask_px=2098[0m
[0m[INFO] [1789223134.659427546] [perception]: DETECTED pixel=(104,52) depth=0.111 m surface=(0.309,0.002,0.050) m center=(0.309,0.002,0.025) m conf=0.88 edge=0.6deg sides=(0.050,0.039)m sync_rate=14.21 Hz mask_px=2102[0m
[0m[INFO] [1789223135.707151030] [perception]: DETECTED pixel=(104,52) depth=0.111 m surface=(0.309,0.002,0.050) m center=(0.309,0.002,0.025) m conf=0.88 edge=0.6deg sides=(0.050,0.039)m sync_rate=14.21 Hz mask_px=2099[0m
[0m[INFO] [1789223136.740693199] [perception]: DETECTED pixel=(104,52) depth=0.111 m surface=(0.309,0.002,0.050) m center=(0.309,0.002,0.025) m conf=0.87 edge=0.6deg sides=(0.050,0.039)m sync_rate=14.21 Hz mask_px=2095[0m
[0m[INFO] [1789223137.759418960] [perception]: DETECTED pixel=(104,52) depth=0.111 m surface=(0.309,0.002,0.050) m center=(0.309,0.002,0.025) m conf=0.89 edge=0.6deg sides=(0.050,0.039)m sync_rate=14.21 Hz mask_px=2136[0m
[0m[INFO] [1789223138.780342022] [perception]: DETECTED pixel=(106,51) depth=0.110 m surface=(0.309,0.002,0.050) m center=(0.309,0.002,0.025) m conf=0.87 edge=0.6deg sides=(0.050,0.039)m sync_rate=14.21 Hz mask_px=2347[0m
[0m[INFO] [1789223139.808928932] [perception]: NOT DETECTED[0m
[0m[INFO] [1789223140.834816277] [perception]: NOT DETECTED[0m
[0m[INFO] [1789223141.886364039] [perception]: DETECTED pixel=(88,102) depth=0.347 m surface=(0.304,0.002,0.050) m center=(0.304,0.002,0.025) m conf=0.92 edge=0.1deg sides=(0.050,0.049)m sync_rate=14.21 Hz mask_px=674[0m
[0m[INFO] [1789223142.924604235] [perception]: DETECTED pixel=(78,95) depth=0.346 m surface=(0.308,-0.006,0.050) m center=(0.308,-0.006,0.025) m conf=0.98 edge=0.0deg sides=(0.050,0.048)m sync_rate=14.21 Hz mask_px=1304[0m
[0m[INFO] [1789223143.969038900] [perception]: DETECTED pixel=(78,95) depth=0.346 m surface=(0.308,-0.006,0.050) m center=(0.308,-0.006,0.025) m conf=0.98 edge=0.0deg sides=(0.050,0.048)m sync_rate=14.21 Hz mask_px=1304[0m
[0m[INFO] [1789223145.011572051] [perception]: DETECTED pixel=(78,95) depth=0.346 m surface=(0.308,-0.006,0.050) m center=(0.308,-0.006,0.025) m conf=0.98 edge=0.0deg sides=(0.050,0.048)m sync_rate=14.21 Hz mask_px=1304[0m
[0m[INFO] [1789223146.057657181] [perception]: DETECTED pixel=(78,95) depth=0.346 m surface=(0.308,-0.006,0.050) m center=(0.308,-0.006,0.025) m conf=0.98 edge=0.0deg sides=(0.050,0.048)m sync_rate=14.21 Hz mask_px=1304[0m
[0m[INFO] [1789223147.077246771] [perception]: NOT DETECTED[0m
[0m[INFO] [1789223148.098551052] [perception]: NOT DETECTED[0m
[0m[INFO] [1789223149.126334825] [perception]: NOT DETECTED[0m
[0m[INFO] [1789223150.159711167] [perception]: NOT DETECTED[0m
[0m[INFO] [1789223151.199649453] [perception]: NOT DETECTED[0m
[0m[INFO] [1789223152.361413125] [perception]: DETECTED pixel=(118,100) depth=0.124 m surface=(0.316,-0.006,0.050) m center=(0.316,-0.006,0.025) m conf=0.81 edge=0.2deg sides=(0.050,0.035)m sync_rate=14.21 Hz mask_px=424[0m
[0m[INFO] [1789223153.395946752] [perception]: DETECTED pixel=(117,154) depth=0.119 m surface=(0.315,-0.006,0.050) m center=(0.315,-0.006,0.025) m conf=0.88 edge=-0.4deg sides=(0.050,0.036)m sync_rate=14.21 Hz mask_px=694[0m
[0m[INFO] [1789223154.443129336] [perception]: DETECTED pixel=(115,153) depth=0.115 m surface=(0.314,-0.006,0.050) m center=(0.314,-0.006,0.025) m conf=0.88 edge=-0.1deg sides=(0.050,0.037)m sync_rate=14.21 Hz mask_px=1105[0m
[0m[INFO] [1789223156.685381725] [perception]: DETECTED pixel=(108,150) depth=0.112 m surface=(0.314,-0.006,0.050) m center=(0.314,-0.006,0.025) m conf=0.80 edge=0.1deg sides=(0.050,0.039)m sync_rate=14.21 Hz mask_px=1509[0m
[0m[INFO] [1789223157.751084172] [perception]: DETECTED pixel=(106,149) depth=0.113 m surface=(0.315,-0.006,0.049) m center=(0.315,-0.006,0.024) m conf=0.89 edge=0.2deg sides=(0.050,0.040)m sync_rate=14.21 Hz mask_px=1633[0m
[0m[INFO] [1789223158.757556185] [perception]: DETECTED pixel=(106,148) depth=0.113 m surface=(0.315,-0.006,0.049) m center=(0.315,-0.006,0.024) m conf=0.89 edge=-0.0deg sides=(0.050,0.040)m sync_rate=14.21 Hz mask_px=1718[0m
[0m[INFO] [1789223170.189626487] [perception]: DETECTED pixel=(105,148) depth=0.113 m surface=(0.318,-0.006,0.080) m center=(0.318,-0.006,0.055) m conf=0.79 edge=0.9deg sides=(0.050,0.039)m sync_rate=14.21 Hz mask_px=1815[0m
[0m[INFO] [1789223177.820089148] [perception]: DETECTED pixel=(109,150) depth=0.112 m surface=(0.315,-0.006,0.050) m center=(0.315,-0.006,0.025) m conf=0.79 edge=-0.0deg sides=(0.050,0.040)m sync_rate=14.22 Hz mask_px=1974[0m
[0m[INFO] [1789223178.850784845] [perception]: NOT DETECTED[0m
[0m[INFO] [1789223179.901405930] [perception]: NOT DETECTED[0m
[0m[INFO] [1789223180.925906189] [perception]: DETECTED pixel=(78,95) depth=0.346 m surface=(0.311,-0.006,0.050) m center=(0.311,-0.006,0.025) m conf=0.98 edge=-0.0deg sides=(0.050,0.050)m sync_rate=14.22 Hz mask_px=1341[0m
[0m[INFO] [1789223181.963206083] [perception]: DETECTED pixel=(80,100) depth=0.343 m surface=(0.301,-0.001,0.050) m center=(0.301,-0.001,0.025) m conf=0.98 edge=0.0deg sides=(0.050,0.049)m sync_rate=14.21 Hz mask_px=1267[0m
[0m[INFO] [1789223183.064266767] [perception]: DETECTED pixel=(80,100) depth=0.343 m surface=(0.301,-0.001,0.050) m center=(0.301,-0.001,0.025) m conf=0.98 edge=0.0deg sides=(0.050,0.049)m sync_rate=14.21 Hz mask_px=1267[0m
[0m[INFO] [1789223184.099258135] [perception]: DETECTED pixel=(80,100) depth=0.343 m surface=(0.301,-0.001,0.050) m center=(0.301,-0.001,0.025) m conf=0.98 edge=0.0deg sides=(0.050,0.049)m sync_rate=14.21 Hz mask_px=1267[0m
[0m[INFO] [1789223185.101943147] [perception]: DETECTED pixel=(80,100) depth=0.343 m surface=(0.301,-0.001,0.050) m center=(0.301,-0.001,0.025) m conf=0.98 edge=0.0deg sides=(0.050,0.049)m sync_rate=14.21 Hz mask_px=1267[0m
[0m[INFO] [1789223186.328612441] [perception]: NOT DETECTED[0m
[0m[INFO] [1789223187.355021991] [perception]: NOT DETECTED[0m
[0m[INFO] [1789223188.383206510] [perception]: NOT DETECTED[0m
[0m[INFO] [1789223189.407259951] [perception]: NOT DETECTED[0m
[0m[INFO] [1789223217.769583691] [perception]: NOT DETECTED[0m
[0m[INFO] [1789223218.787858958] [perception]: NOT DETECTED[0m
[0m[INFO] [1789223220.124282082] [perception]: DETECTED pixel=(90,99) depth=0.345 m surface=(0.303,-0.001,0.050) m center=(0.303,-0.001,0.025) m conf=0.81 edge=-0.0deg sides=(0.049,0.049)m sync_rate=14.22 Hz mask_px=469[0m
[0m[INFO] [1789223221.182639423] [perception]: DETECTED pixel=(79,94) depth=0.345 m surface=(0.303,-0.007,0.050) m center=(0.303,-0.007,0.025) m conf=0.88 edge=0.0deg sides=(0.050,0.049)m sync_rate=14.21 Hz mask_px=1295[0m
[0m[INFO] [1789223222.190888648] [perception]: DETECTED pixel=(79,94) depth=0.345 m surface=(0.303,-0.007,0.050) m center=(0.303,-0.007,0.025) m conf=0.98 edge=0.0deg sides=(0.050,0.049)m sync_rate=14.21 Hz mask_px=1295[0m
[0m[INFO] [1789223223.222692320] [perception]: DETECTED pixel=(79,94) depth=0.345 m surface=(0.303,-0.007,0.050) m center=(0.303,-0.007,0.025) m conf=0.98 edge=0.0deg sides=(0.050,0.049)m sync_rate=14.21 Hz mask_px=1295[0m
[0m[INFO] [1789223224.223538325] [perception]: DETECTED pixel=(79,94) depth=0.345 m surface=(0.303,-0.007,0.050) m center=(0.303,-0.007,0.025) m conf=0.98 edge=0.0deg sides=(0.050,0.049)m sync_rate=14.21 Hz mask_px=1295[0m
[0m[INFO] [1789223225.225894157] [perception]: NOT DETECTED[0m
[0m[INFO] [1789223226.282417569] [perception]: NOT DETECTED[0m
[0m[INFO] [1789223227.305276223] [perception]: NOT DETECTED[0m
[0m[INFO] [1789223228.330337050] [perception]: NOT DETECTED[0m
[0m[INFO] [1789223230.816622056] [perception]: DETECTED pixel=(118,100) depth=0.121 m surface=(0.311,-0.006,0.050) m center=(0.311,-0.006,0.025) m conf=0.81 edge=-0.0deg sides=(0.050,0.035)m sync_rate=14.21 Hz mask_px=530[0m
[0m[INFO] [1789223231.844891626] [perception]: DETECTED pixel=(117,154) depth=0.117 m surface=(0.311,-0.007,0.050) m center=(0.311,-0.007,0.025) m conf=0.87 edge=2.9deg sides=(0.050,0.036)m sync_rate=14.21 Hz mask_px=839[0m
[0m[INFO] [1789223232.884775622] [perception]: DETECTED pixel=(115,154) depth=0.113 m surface=(0.310,-0.007,0.050) m center=(0.310,-0.007,0.025) m conf=0.90 edge=0.1deg sides=(0.050,0.037)m sync_rate=14.22 Hz mask_px=1284[0m
[0m[INFO] [1789223233.920422937] [perception]: DETECTED pixel=(108,151) depth=0.110 m surface=(0.309,-0.006,0.050) m center=(0.309,-0.006,0.025) m conf=0.92 edge=-0.0deg sides=(0.050,0.038)m sync_rate=14.22 Hz mask_px=1590[0m
[0m[INFO] [1789223234.940915101] [perception]: DETECTED pixel=(106,51) depth=0.111 m surface=(0.310,-0.007,0.050) m center=(0.310,-0.007,0.025) m conf=0.90 edge=1.4deg sides=(0.050,0.038)m sync_rate=14.22 Hz mask_px=1598[0m
[0m[INFO] [1789223235.954706127] [perception]: DETECTED pixel=(106,149) depth=0.112 m surface=(0.310,-0.007,0.049) m center=(0.310,-0.007,0.024) m conf=0.90 edge=-0.0deg sides=(0.050,0.039)m sync_rate=14.22 Hz mask_px=1680[0m
[0m[INFO] [1789223236.973258542] [perception]: DETECTED pixel=(106,149) depth=0.112 m surface=(0.310,-0.007,0.049) m center=(0.310,-0.007,0.024) m conf=0.90 edge=-0.2deg sides=(0.050,0.040)m sync_rate=14.22 Hz mask_px=1775[0m
[0m[INFO] [1789223238.032443465] [perception]: DETECTED pixel=(105,148) depth=0.111 m surface=(0.311,-0.007,0.050) m center=(0.311,-0.007,0.025) m conf=0.89 edge=1.4deg sides=(0.050,0.039)m sync_rate=14.22 Hz mask_px=1872[0m
[0m[INFO] [1789223239.060118386] [perception]: DETECTED pixel=(105,148) depth=0.111 m surface=(0.310,-0.007,0.050) m center=(0.310,-0.007,0.025) m conf=0.89 edge=-0.3deg sides=(0.050,0.040)m sync_rate=14.22 Hz mask_px=1922[0m
[0m[INFO] [1789223240.108780499] [perception]: DETECTED pixel=(105,148) depth=0.111 m surface=(0.310,-0.007,0.078) m center=(0.310,-0.007,0.053) m conf=0.87 edge=0.2deg sides=(0.050,0.039)m sync_rate=14.22 Hz mask_px=1915[0m
[0m[INFO] [1789223248.337487279] [perception]: DETECTED pixel=(105,148) depth=0.112 m surface=(0.313,-0.007,0.080) m center=(0.313,-0.007,0.055) m conf=0.79 edge=0.7deg sides=(0.050,0.039)m sync_rate=14.22 Hz mask_px=1848[0m
[0m[INFO] [1789223249.378977486] [perception]: DETECTED pixel=(105,148) depth=0.111 m surface=(0.311,-0.007,0.050) m center=(0.311,-0.007,0.025) m conf=0.88 edge=0.7deg sides=(0.050,0.040)m sync_rate=14.22 Hz mask_px=1989[0m
[0m[INFO] [1789223250.384918142] [perception]: DETECTED pixel=(104,148) depth=0.111 m surface=(0.311,-0.007,0.050) m center=(0.311,-0.007,0.025) m conf=0.89 edge=0.3deg sides=(0.050,0.040)m sync_rate=14.22 Hz mask_px=2035[0m
[0m[INFO] [1789223251.416331772] [perception]: DETECTED pixel=(104,148) depth=0.111 m surface=(0.311,-0.007,0.050) m center=(0.311,-0.007,0.025) m conf=0.89 edge=0.3deg sides=(0.050,0.040)m sync_rate=14.22 Hz mask_px=2035[0m
[0m[INFO] [1789223252.464451824] [perception]: DETECTED pixel=(104,148) depth=0.111 m surface=(0.311,-0.007,0.050) m center=(0.311,-0.007,0.025) m conf=0.89 edge=0.3deg sides=(0.050,0.040)m sync_rate=14.22 Hz mask_px=2036[0m
[0m[INFO] [1789223253.526516656] [perception]: DETECTED pixel=(104,148) depth=0.111 m surface=(0.311,-0.007,0.050) m center=(0.311,-0.007,0.025) m conf=0.89 edge=0.2deg sides=(0.050,0.040)m sync_rate=14.22 Hz mask_px=2052[0m
[0m[INFO] [1789223254.576097790] [perception]: DETECTED pixel=(104,148) depth=0.111 m surface=(0.311,-0.007,0.050) m center=(0.311,-0.007,0.025) m conf=0.91 edge=0.2deg sides=(0.050,0.040)m sync_rate=14.22 Hz mask_px=2085[0m
[0m[INFO] [1789223255.668535046] [perception]: DETECTED pixel=(107,149) depth=0.111 m surface=(0.310,-0.007,0.050) m center=(0.310,-0.007,0.025) m conf=0.88 edge=-0.0deg sides=(0.050,0.040)m sync_rate=14.22 Hz mask_px=2298[0m
[0m[INFO] [1789223256.727895205] [perception]: NOT DETECTED[0m
[0m[INFO] [1789223257.758449648] [perception]: NOT DETECTED[0m
[0m[INFO] [1789223258.794836048] [perception]: DETECTED pixel=(82,94) depth=0.346 m surface=(0.306,-0.007,0.050) m center=(0.306,-0.007,0.025) m conf=0.92 edge=-0.1deg sides=(0.050,0.048)m sync_rate=14.22 Hz mask_px=1155[0m
[0m[INFO] [1789223259.827810655] [perception]: DETECTED pixel=(80,94) depth=0.343 m surface=(0.299,-0.006,0.050) m center=(0.299,-0.006,0.025) m conf=0.98 edge=0.0deg sides=(0.050,0.049)m sync_rate=14.22 Hz mask_px=1251[0m
[0m[INFO] [1789223260.873448897] [perception]: DETECTED pixel=(80,94) depth=0.343 m surface=(0.299,-0.006,0.050) m center=(0.299,-0.006,0.025) m conf=0.98 edge=0.0deg sides=(0.050,0.049)m sync_rate=14.21 Hz mask_px=1251[0m
[0m[INFO] [1789223261.961146095] [perception]: DETECTED pixel=(80,94) depth=0.343 m surface=(0.299,-0.006,0.050) m center=(0.299,-0.006,0.025) m conf=0.98 edge=0.0deg sides=(0.050,0.049)m sync_rate=14.21 Hz mask_px=1251[0m
[0m[INFO] [1789223263.044520549] [perception]: DETECTED pixel=(83,94) depth=0.346 m surface=(0.302,-0.006,0.050) m center=(0.302,-0.006,0.025) m conf=0.93 edge=-0.0deg sides=(0.050,0.042)m sync_rate=14.21 Hz mask_px=1040[0m
[0m[INFO] [1789223264.050976977] [perception]: NOT DETECTED[0m
[0m[INFO] [1789223265.088340080] [perception]: NOT DETECTED[0m
[0m[INFO] [1789223266.108144438] [perception]: NOT DETECTED[0m
[0m[INFO] [1789223267.137265139] [perception]: NOT DETECTED[0m
[0m[INFO] [1789223269.101679922] [perception]: DETECTED pixel=(118,100) depth=0.123 m surface=(0.307,-0.006,0.050) m center=(0.307,-0.006,0.025) m conf=0.81 edge=1.1deg sides=(0.050,0.035)m sync_rate=14.21 Hz mask_px=494[0m
[0m[INFO] [1789223270.137718381] [perception]: DETECTED pixel=(117,154) depth=0.119 m surface=(0.306,-0.006,0.050) m center=(0.306,-0.006,0.025) m conf=0.87 edge=0.1deg sides=(0.050,0.036)m sync_rate=14.21 Hz mask_px=784[0m
[0m[INFO] [1789223271.223765254] [perception]: DETECTED pixel=(115,153) depth=0.114 m surface=(0.306,-0.006,0.050) m center=(0.306,-0.006,0.025) m conf=0.89 edge=0.2deg sides=(0.050,0.037)m sync_rate=14.22 Hz mask_px=1243[0m
[0m[INFO] [1789223272.278660073] [perception]: DETECTED pixel=(111,152) depth=0.109 m surface=(0.306,-0.006,0.050) m center=(0.306,-0.006,0.025) m conf=0.89 edge=-0.0deg sides=(0.050,0.038)m sync_rate=14.22 Hz mask_px=1902[0m
[0m[INFO] [1789223273.291910857] [perception]: DETECTED pixel=(107,151) depth=0.110 m surface=(0.306,-0.006,0.050) m center=(0.306,-0.006,0.025) m conf=0.90 edge=-0.0deg sides=(0.050,0.038)m sync_rate=14.22 Hz mask_px=1676[0m
[0m[INFO] [1789223274.330692132] [perception]: DETECTED pixel=(106,149) depth=0.112 m surface=(0.307,-0.006,0.049) m center=(0.307,-0.006,0.024) m conf=0.89 edge=-0.1deg sides=(0.050,0.039)m sync_rate=14.22 Hz mask_px=1663[0m
[0m[INFO] [1789223275.331979082] [perception]: DETECTED pixel=(106,149) depth=0.111 m surface=(0.307,-0.006,0.049) m center=(0.307,-0.006,0.024) m conf=0.90 edge=0.1deg sides=(0.050,0.039)m sync_rate=14.22 Hz mask_px=1821[0m
[0m[INFO] [1789223276.367505652] [perception]: DETECTED pixel=(105,148) depth=0.111 m surface=(0.306,-0.006,0.049) m center=(0.306,-0.006,0.024) m conf=0.89 edge=-0.1deg sides=(0.050,0.039)m sync_rate=14.22 Hz mask_px=1936[0m
[0m[INFO] [1789223277.420782309] [perception]: DETECTED pixel=(105,148) depth=0.110 m surface=(0.307,-0.007,0.051) m center=(0.307,-0.007,0.026) m conf=0.87 edge=0.9deg sides=(0.050,0.039)m sync_rate=14.22 Hz mask_px=2010[0m
[0m[INFO] [1789223278.466077183] [perception]: DETECTED pixel=(105,148) depth=0.111 m surface=(0.306,-0.007,0.085) m center=(0.306,-0.007,0.060) m conf=0.86 edge=0.6deg sides=(0.050,0.039)m sync_rate=14.22 Hz mask_px=1997[0m
[0m[INFO] [1789223286.385430895] [perception]: DETECTED pixel=(105,149) depth=0.111 m surface=(0.309,-0.006,0.082) m center=(0.309,-0.006,0.057) m conf=0.79 edge=0.1deg sides=(0.050,0.038)m sync_rate=14.22 Hz mask_px=1932[0m
[0m[INFO] [1789223287.447758615] [perception]: DETECTED pixel=(104,148) depth=0.111 m surface=(0.307,-0.006,0.050) m center=(0.307,-0.006,0.025) m conf=0.88 edge=0.0deg sides=(0.050,0.040)m sync_rate=14.22 Hz mask_px=2095[0m
[0m[INFO] [1789223288.481033313] [perception]: DETECTED pixel=(104,147) depth=0.110 m surface=(0.307,-0.006,0.050) m center=(0.307,-0.006,0.025) m conf=0.88 edge=0.9deg sides=(0.050,0.039)m sync_rate=14.22 Hz mask_px=2164[0m
[0m[INFO] [1789223289.516707018] [perception]: DETECTED pixel=(104,147) depth=0.110 m surface=(0.307,-0.006,0.050) m center=(0.307,-0.006,0.025) m conf=0.88 edge=0.9deg sides=(0.050,0.039)m sync_rate=14.22 Hz mask_px=2164[0m
[0m[INFO] [1789223290.517368354] [perception]: DETECTED pixel=(104,147) depth=0.110 m surface=(0.307,-0.006,0.050) m center=(0.307,-0.006,0.025) m conf=0.88 edge=0.9deg sides=(0.050,0.039)m sync_rate=14.22 Hz mask_px=2164[0m
[0m[INFO] [1789223291.540637138] [perception]: DETECTED pixel=(104,147) depth=0.110 m surface=(0.307,-0.006,0.050) m center=(0.307,-0.006,0.025) m conf=0.88 edge=0.9deg sides=(0.050,0.039)m sync_rate=14.22 Hz mask_px=2164[0m
[0m[INFO] [1789223292.599321471] [perception]: DETECTED pixel=(104,147) depth=0.110 m surface=(0.307,-0.006,0.050) m center=(0.307,-0.006,0.025) m conf=0.90 edge=0.9deg sides=(0.050,0.039)m sync_rate=14.22 Hz mask_px=2191[0m
[0m[INFO] [1789223293.635836295] [perception]: DETECTED pixel=(107,149) depth=0.110 m surface=(0.307,-0.006,0.050) m center=(0.307,-0.006,0.025) m conf=0.87 edge=0.9deg sides=(0.050,0.039)m sync_rate=14.22 Hz mask_px=2404[0m
[0m[INFO] [1789223294.701832306] [perception]: NOT DETECTED[0m
[0m[INFO] [1789223295.724665858] [perception]: NOT DETECTED[0m
[0m[INFO] [1789223296.755899406] [perception]: DETECTED pixel=(87,94) depth=0.345 m surface=(0.301,-0.007,0.050) m center=(0.301,-0.007,0.025) m conf=0.93 edge=0.0deg sides=(0.050,0.049)m sync_rate=14.22 Hz mask_px=717[0m
[0m[INFO] [1789223297.809390557] [perception]: DETECTED pixel=(79,99) depth=0.345 m surface=(0.306,-0.001,0.050) m center=(0.306,-0.001,0.025) m conf=0.98 edge=-0.0deg sides=(0.050,0.048)m sync_rate=14.22 Hz mask_px=1277[0m
[0m[INFO] [1789223298.830034163] [perception]: DETECTED pixel=(78,99) depth=0.346 m surface=(0.307,-0.001,0.050) m center=(0.307,-0.001,0.025) m conf=0.98 edge=0.0deg sides=(0.050,0.050)m sync_rate=14.21 Hz mask_px=1314[0m
[0m[INFO] [1789223299.855820331] [perception]: DETECTED pixel=(78,99) depth=0.346 m surface=(0.307,-0.001,0.050) m center=(0.307,-0.001,0.025) m conf=0.98 edge=0.0deg sides=(0.050,0.050)m sync_rate=14.22 Hz mask_px=1314[0m
[0m[INFO] [1789223300.933423883] [perception]: DETECTED pixel=(78,99) depth=0.346 m surface=(0.307,-0.001,0.050) m center=(0.307,-0.001,0.025) m conf=0.98 edge=0.0deg sides=(0.050,0.050)m sync_rate=14.21 Hz mask_px=1314[0m
[0m[INFO] [1789223302.299151895] [perception]: NOT DETECTED[0m
[0m[INFO] [1789223303.330764118] [perception]: NOT DETECTED[0m
[0m[INFO] [1789223304.372472579] [perception]: NOT DETECTED[0m
[0m[INFO] [1789223305.396926877] [perception]: NOT DETECTED[0m
[0m[INFO] [1789223306.427888426] [perception]: NOT DETECTED[0m
[0m[INFO] [1789223333.413872635] [perception]: NOT DETECTED[0m
[0m[INFO] [1789223334.449208729] [perception]: NOT DETECTED[0m
[0m[INFO] [1789223335.616706795] [perception]: DETECTED pixel=(90,99) depth=0.348 m surface=(0.309,-0.001,0.050) m center=(0.309,-0.001,0.025) m conf=0.81 edge=-0.0deg sides=(0.049,0.049)m sync_rate=14.22 Hz mask_px=469[0m
[0m[INFO] [1789223336.681965950] [perception]: DETECTED pixel=(79,104) depth=0.345 m surface=(0.303,0.005,0.050) m center=(0.303,0.005,0.025) m conf=0.88 edge=0.0deg sides=(0.050,0.049)m sync_rate=14.22 Hz mask_px=1289[0m
[0m[INFO] [1789223337.695596496] [perception]: DETECTED pixel=(79,104) depth=0.345 m surface=(0.303,0.005,0.050) m center=(0.303,0.005,0.025) m conf=0.98 edge=0.0deg sides=(0.050,0.049)m sync_rate=14.22 Hz mask_px=1289[0m
[0m[INFO] [1789223338.738997656] [perception]: DETECTED pixel=(79,104) depth=0.345 m surface=(0.303,0.005,0.050) m center=(0.303,0.005,0.025) m conf=0.98 edge=0.0deg sides=(0.050,0.049)m sync_rate=14.22 Hz mask_px=1289[0m
[0m[INFO] [1789223339.777614867] [perception]: DETECTED pixel=(79,104) depth=0.345 m surface=(0.303,0.005,0.050) m center=(0.303,0.005,0.025) m conf=0.98 edge=0.0deg sides=(0.050,0.049)m sync_rate=14.22 Hz mask_px=1289[0m
[0m[INFO] [1789223340.836034880] [perception]: NOT DETECTED[0m
[0m[INFO] [1789223341.871579702] [perception]: NOT DETECTED[0m
[0m[INFO] [1789223342.913339614] [perception]: NOT DETECTED[0m
[0m[INFO] [1789223343.938674370] [perception]: NOT DETECTED[0m
[0m[INFO] [1789223371.588962605] [perception]: NOT DETECTED[0m
[0m[INFO] [1789223372.591998244] [perception]: NOT DETECTED[0m
[0m[INFO] [1789223373.612584072] [perception]: DETECTED pixel=(118,99) depth=0.322 m surface=(0.305,0.005,0.050) m center=(0.305,0.005,0.025) m conf=0.85 edge=0.2deg sides=(0.050,0.049)m sync_rate=14.23 Hz mask_px=275[0m
[0m[INFO] [1789223374.775882215] [perception]: DETECTED pixel=(79,101) depth=0.345 m surface=(0.305,0.002,0.050) m center=(0.305,0.002,0.025) m conf=0.88 edge=0.0deg sides=(0.050,0.049)m sync_rate=14.22 Hz mask_px=1303[0m
[0m[INFO] [1789223375.797967353] [perception]: DETECTED pixel=(79,101) depth=0.345 m surface=(0.305,0.002,0.050) m center=(0.305,0.002,0.025) m conf=0.98 edge=0.0deg sides=(0.050,0.049)m sync_rate=14.22 Hz mask_px=1303[0m
[0m[INFO] [1789223376.804070204] [perception]: DETECTED pixel=(79,101) depth=0.345 m surface=(0.305,0.002,0.050) m center=(0.305,0.002,0.025) m conf=0.98 edge=0.0deg sides=(0.050,0.049)m sync_rate=14.22 Hz mask_px=1303[0m
[0m[INFO] [1789223377.843592334] [perception]: DETECTED pixel=(79,101) depth=0.345 m surface=(0.305,0.002,0.050) m center=(0.305,0.002,0.025) m conf=0.98 edge=0.0deg sides=(0.050,0.049)m sync_rate=14.22 Hz mask_px=1303[0m
[0m[INFO] [1789223379.237799915] [perception]: NOT DETECTED[0m
[0m[INFO] [1789223380.248867457] [perception]: NOT DETECTED[0m
[0m[INFO] [1789223381.291488668] [perception]: NOT DETECTED[0m
[0m[INFO] [1789223382.327325382] [perception]: NOT DETECTED[0m
[0m[INFO] [1789223383.360741759] [perception]: NOT DETECTED[0m
[0m[INFO] [1789223384.872303983] [perception]: DETECTED pixel=(118,99) depth=0.122 m surface=(0.313,0.002,0.050) m center=(0.313,0.002,0.025) m conf=0.81 edge=-0.1deg sides=(0.050,0.035)m sync_rate=14.22 Hz mask_px=503[0m
[0m[INFO] [1789223385.910414838] [perception]: DETECTED pixel=(116,153) depth=0.118 m surface=(0.313,0.002,0.050) m center=(0.313,0.002,0.025) m conf=0.88 edge=0.3deg sides=(0.050,0.036)m sync_rate=14.22 Hz mask_px=808[0m
[0m[INFO] [1789223386.935881581] [perception]: DETECTED pixel=(113,152) depth=0.114 m surface=(0.312,0.002,0.050) m center=(0.312,0.002,0.025) m conf=0.89 edge=0.3deg sides=(0.050,0.037)m sync_rate=14.22 Hz mask_px=1266[0m
[0m[INFO] [1789223388.024061918] [perception]: DETECTED pixel=(107,150) depth=0.111 m surface=(0.312,0.002,0.050) m center=(0.312,0.002,0.025) m conf=0.90 edge=0.3deg sides=(0.050,0.038)m sync_rate=14.22 Hz mask_px=1555[0m
[0m[INFO] [1789223389.098030256] [perception]: DETECTED pixel=(107,50) depth=0.112 m surface=(0.312,0.002,0.050) m center=(0.312,0.002,0.025) m conf=0.90 edge=0.4deg sides=(0.050,0.038)m sync_rate=14.22 Hz mask_px=1514[0m
[0m[INFO] [1789223390.167604604] [perception]: DETECTED pixel=(105,147) depth=0.113 m surface=(0.313,0.002,0.049) m center=(0.313,0.002,0.024) m conf=0.89 edge=0.3deg sides=(0.050,0.039)m sync_rate=14.22 Hz mask_px=1675[0m
[0m[INFO] [1789223391.220008710] [perception]: DETECTED pixel=(104,147) depth=0.113 m surface=(0.313,0.002,0.049) m center=(0.313,0.002,0.024) m conf=0.89 edge=0.2deg sides=(0.050,0.040)m sync_rate=14.22 Hz mask_px=1756[0m
[0m[INFO] [1789223392.240063564] [perception]: DETECTED pixel=(104,52) depth=0.112 m surface=(0.313,0.002,0.050) m center=(0.313,0.002,0.025) m conf=0.89 edge=0.2deg sides=(0.050,0.039)m sync_rate=14.22 Hz mask_px=1832[0m
[0m[INFO] [1789223393.252921170] [perception]: DETECTED pixel=(103,146) depth=0.112 m surface=(0.313,0.002,0.050) m center=(0.313,0.002,0.025) m conf=0.89 edge=0.3deg sides=(0.050,0.040)m sync_rate=14.22 Hz mask_px=1924[0m
[0m[INFO] [1789223394.324198769] [perception]: DETECTED pixel=(103,146) depth=0.112 m surface=(0.313,0.001,0.071) m center=(0.313,0.001,0.046) m conf=0.86 edge=0.3deg sides=(0.050,0.040)m sync_rate=14.22 Hz mask_px=1924[0m
[0m[INFO] [1789223402.686670472] [perception]: DETECTED pixel=(104,52) depth=0.112 m surface=(0.315,0.001,0.080) m center=(0.315,0.001,0.055) m conf=0.79 edge=0.3deg sides=(0.050,0.039)m sync_rate=14.22 Hz mask_px=1824[0m
[0m[INFO] [1789223403.737415411] [perception]: DETECTED pixel=(104,52) depth=0.112 m surface=(0.313,0.001,0.050) m center=(0.313,0.001,0.025) m conf=0.89 edge=0.3deg sides=(0.050,0.040)m sync_rate=14.22 Hz mask_px=1960[0m
[0m[INFO] [1789223404.787686687] [perception]: DETECTED pixel=(103,145) depth=0.112 m surface=(0.313,0.001,0.050) m center=(0.313,0.001,0.025) m conf=0.88 edge=0.3deg sides=(0.050,0.040)m sync_rate=14.22 Hz mask_px=2029[0m
[0m[INFO] [1789223405.857438244] [perception]: DETECTED pixel=(103,145) depth=0.112 m surface=(0.313,0.001,0.050) m center=(0.313,0.001,0.025) m conf=0.88 edge=0.3deg sides=(0.050,0.040)m sync_rate=14.22 Hz mask_px=2029[0m
[0m[INFO] [1789223406.904607656] [perception]: DETECTED pixel=(103,145) depth=0.112 m surface=(0.313,0.001,0.050) m center=(0.313,0.001,0.025) m conf=0.88 edge=0.3deg sides=(0.050,0.040)m sync_rate=14.22 Hz mask_px=2029[0m
[0m[INFO] [1789223407.999166054] [perception]: DETECTED pixel=(103,145) depth=0.112 m surface=(0.313,0.001,0.050) m center=(0.313,0.001,0.025) m conf=0.90 edge=0.3deg sides=(0.050,0.040)m sync_rate=14.23 Hz mask_px=2073[0m
[0m[INFO] [1789223408.999084086] [perception]: DETECTED pixel=(103,145) depth=0.112 m surface=(0.313,0.001,0.050) m center=(0.313,0.001,0.025) m conf=0.90 edge=0.3deg sides=(0.050,0.040)m sync_rate=14.23 Hz mask_px=2073[0m
[0m[INFO] [1789223410.030310105] [perception]: DETECTED pixel=(105,147) depth=0.111 m surface=(0.313,0.001,0.050) m center=(0.313,0.001,0.025) m conf=0.88 edge=0.3deg sides=(0.050,0.040)m sync_rate=14.23 Hz mask_px=2286[0m
[0m[INFO] [1789223411.053375713] [perception]: NOT DETECTED[0m
[0m[INFO] [1789223412.068708530] [perception]: NOT DETECTED[0m
[0m[INFO] [1789223413.149457387] [perception]: DETECTED pixel=(83,101) depth=0.348 m surface=(0.311,0.001,0.050) m center=(0.311,0.001,0.025) m conf=0.86 edge=0.0deg sides=(0.050,0.043)m sync_rate=14.23 Hz mask_px=1072[0m
[0m[INFO] [1789223414.177762040] [perception]: DETECTED pixel=(78,97) depth=0.346 m surface=(0.308,-0.003,0.050) m center=(0.308,-0.003,0.025) m conf=0.97 edge=0.0deg sides=(0.050,0.048)m sync_rate=14.22 Hz mask_px=1295[0m
[0m[INFO] [1789223415.211153039] [perception]: DETECTED pixel=(78,97) depth=0.346 m surface=(0.308,-0.003,0.050) m center=(0.308,-0.003,0.025) m conf=0.97 edge=0.0deg sides=(0.050,0.048)m sync_rate=14.22 Hz mask_px=1295[0m
[0m[INFO] [1789223416.215145243] [perception]: DETECTED pixel=(78,97) depth=0.346 m surface=(0.308,-0.003,0.050) m center=(0.308,-0.003,0.025) m conf=0.97 edge=0.0deg sides=(0.050,0.048)m sync_rate=14.22 Hz mask_px=1295[0m
[0m[INFO] [1789223417.270640560] [perception]: DETECTED pixel=(78,97) depth=0.346 m surface=(0.308,-0.003,0.050) m center=(0.308,-0.003,0.025) m conf=0.97 edge=0.0deg sides=(0.050,0.048)m sync_rate=14.22 Hz mask_px=1295[0m
[0m[INFO] [1789223418.286349864] [perception]: NOT DETECTED[0m
[0m[INFO] [1789223419.326054756] [perception]: NOT DETECTED[0m
[0m[INFO] [1789223420.356764008] [perception]: NOT DETECTED[0m
[0m[INFO] [1789223421.378076661] [perception]: NOT DETECTED[0m
[0m[INFO] [1789223422.414123282] [perception]: NOT DETECTED[0m
[0m[INFO] [1789223449.147257616] [perception]: NOT DETECTED[0m
[0m[INFO] [1789223450.177228810] [perception]: NOT DETECTED[0m
[0m[INFO] [1789223451.221014111] [perception]: DETECTED pixel=(91,97) depth=0.348 m surface=(0.311,-0.004,0.050) m center=(0.311,-0.004,0.025) m conf=0.79 edge=-0.1deg sides=(0.049,0.049)m sync_rate=14.23 Hz mask_px=428[0m
[0m[INFO] [1789223452.264894549] [perception]: DETECTED pixel=(80,101) depth=0.344 m surface=(0.301,0.001,0.050) m center=(0.301,0.001,0.025) m conf=0.87 edge=0.0deg sides=(0.050,0.048)m sync_rate=14.22 Hz mask_px=1267[0m
[0m[INFO] [1789223453.305270513] [perception]: DETECTED pixel=(80,101) depth=0.343 m surface=(0.301,0.001,0.050) m center=(0.301,0.001,0.025) m conf=0.97 edge=0.0deg sides=(0.050,0.048)m sync_rate=14.22 Hz mask_px=1267[0m
[0m[INFO] [1789223454.326560017] [perception]: DETECTED pixel=(80,101) depth=0.343 m surface=(0.301,0.001,0.050) m center=(0.301,0.001,0.025) m conf=0.97 edge=0.0deg sides=(0.050,0.048)m sync_rate=14.22 Hz mask_px=1267[0m
[0m[INFO] [1789223455.349393589] [perception]: DETECTED pixel=(80,101) depth=0.343 m surface=(0.301,0.001,0.050) m center=(0.301,0.001,0.025) m conf=0.97 edge=0.0deg sides=(0.050,0.048)m sync_rate=14.22 Hz mask_px=1267[0m
[0m[INFO] [1789223456.364376348] [perception]: DETECTED pixel=(88,101) depth=0.349 m surface=(0.301,0.001,0.050) m center=(0.301,0.001,0.025) m conf=0.83 edge=0.0deg sides=(0.050,0.048)m sync_rate=14.22 Hz mask_px=673[0m
[0m[INFO] [1789223457.389864460] [perception]: NOT DETECTED[0m
[0m[INFO] [1789223458.432792797] [perception]: NOT DETECTED[0m
[0m[INFO] [1789223459.479871281] [perception]: NOT DETECTED[0m
[0m[INFO] [1789223460.518093819] [perception]: NOT DETECTED[0m
[0m[INFO] [1789223462.018353949] [perception]: DETECTED pixel=(118,99) depth=0.125 m surface=(0.309,0.001,0.050) m center=(0.309,0.001,0.025) m conf=0.81 edge=0.1deg sides=(0.050,0.035)m sync_rate=14.22 Hz mask_px=385[0m
[0m[INFO] [1789223463.059545137] [perception]: DETECTED pixel=(116,152) depth=0.120 m surface=(0.309,0.001,0.050) m center=(0.309,0.001,0.025) m conf=0.89 edge=0.2deg sides=(0.050,0.036)m sync_rate=14.22 Hz mask_px=660[0m
[0m[INFO] [1789223464.089732582] [perception]: DETECTED pixel=(114,152) depth=0.116 m surface=(0.309,0.001,0.050) m center=(0.309,0.001,0.025) m conf=0.89 edge=0.2deg sides=(0.050,0.036)m sync_rate=14.22 Hz mask_px=1123[0m
[0m[INFO] [1789223465.131535443] [perception]: DETECTED pixel=(110,151) depth=0.112 m surface=(0.308,0.001,0.050) m center=(0.308,0.001,0.025) m conf=0.88 edge=0.2deg sides=(0.050,0.037)m sync_rate=14.22 Hz mask_px=1635[0m
[0m[INFO] [1789223466.175400175] [perception]: DETECTED pixel=(106,150) depth=0.110 m surface=(0.308,0.001,0.050) m center=(0.308,0.001,0.025) m conf=0.90 edge=0.2deg sides=(0.050,0.038)m sync_rate=14.22 Hz mask_px=1691[0m
[0m[INFO] [1789223467.207074696] [perception]: DETECTED pixel=(106,148) depth=0.114 m surface=(0.310,0.001,0.049) m center=(0.310,0.001,0.024) m conf=0.89 edge=0.2deg sides=(0.050,0.039)m sync_rate=14.22 Hz mask_px=1537[0m
[0m[INFO] [1789223468.213154928] [perception]: DETECTED pixel=(104,52) depth=0.112 m surface=(0.309,0.001,0.049) m center=(0.309,0.001,0.024) m conf=0.89 edge=0.1deg sides=(0.050,0.039)m sync_rate=14.22 Hz mask_px=1825[0m
[0m[INFO] [1789223469.269518161] [perception]: DETECTED pixel=(104,146) depth=0.112 m surface=(0.309,0.001,0.049) m center=(0.309,0.001,0.024) m conf=0.88 edge=0.1deg sides=(0.050,0.039)m sync_rate=14.22 Hz mask_px=1901[0m
[0m[INFO] [1789223470.309292760] [perception]: DETECTED pixel=(104,52) depth=0.111 m surface=(0.309,0.001,0.050) m center=(0.309,0.001,0.025) m conf=0.89 edge=0.1deg sides=(0.050,0.039)m sync_rate=14.22 Hz mask_px=1981[0m
[0m[INFO] [1789223471.312328418] [perception]: DETECTED pixel=(104,52) depth=0.111 m surface=(0.309,0.001,0.058) m center=(0.309,0.001,0.033) m conf=0.87 edge=0.1deg sides=(0.050,0.040)m sync_rate=14.22 Hz mask_px=1991[0m
[0m[INFO] [1789223480.091398661] [perception]: DETECTED pixel=(104,52) depth=0.112 m surface=(0.312,0.001,0.081) m center=(0.312,0.001,0.056) m conf=0.79 edge=0.1deg sides=(0.050,0.038)m sync_rate=14.22 Hz mask_px=1968[0m
[0m[INFO] [1789223481.127676139] [perception]: DETECTED pixel=(103,53) depth=0.111 m surface=(0.309,0.001,0.050) m center=(0.309,0.001,0.025) m conf=0.88 edge=0.2deg sides=(0.050,0.040)m sync_rate=14.22 Hz mask_px=2120[0m
[0m[INFO] [1789223482.170082050] [perception]: DETECTED pixel=(103,53) depth=0.111 m surface=(0.309,0.001,0.050) m center=(0.309,0.001,0.025) m conf=0.88 edge=-0.1deg sides=(0.050,0.040)m sync_rate=14.23 Hz mask_px=2150[0m
[0m[INFO] [1789223483.248661953] [perception]: DETECTED pixel=(103,53) depth=0.111 m surface=(0.309,0.001,0.050) m center=(0.309,0.001,0.025) m conf=0.88 edge=-0.1deg sides=(0.050,0.040)m sync_rate=14.23 Hz mask_px=2150[0m
[0m[INFO] [1789223484.255633326] [perception]: DETECTED pixel=(103,53) depth=0.111 m surface=(0.309,0.001,0.050) m center=(0.309,0.001,0.025) m conf=0.88 edge=-0.1deg sides=(0.050,0.040)m sync_rate=14.23 Hz mask_px=2150[0m
[0m[INFO] [1789223485.301218936] [perception]: DETECTED pixel=(103,53) depth=0.111 m surface=(0.309,0.001,0.050) m center=(0.309,0.001,0.025) m conf=0.88 edge=-0.1deg sides=(0.050,0.040)m sync_rate=14.23 Hz mask_px=2150[0m
[0m[INFO] [1789223486.326844147] [perception]: DETECTED pixel=(103,53) depth=0.111 m surface=(0.309,0.001,0.050) m center=(0.309,0.001,0.025) m conf=0.88 edge=-0.1deg sides=(0.050,0.040)m sync_rate=14.23 Hz mask_px=2182[0m
[0m[INFO] [1789223487.337971414] [perception]: DETECTED pixel=(106,51) depth=0.110 m surface=(0.309,0.001,0.050) m center=(0.309,0.001,0.025) m conf=0.87 edge=-0.1deg sides=(0.050,0.040)m sync_rate=14.23 Hz mask_px=2394[0m
[0m[INFO] [1789223488.397214411] [perception]: NOT DETECTED[0m
[0m[INFO] [1789223489.427719262] [perception]: NOT DETECTED[0m
[0m[INFO] [1789223490.543408390] [perception]: DETECTED pixel=(90,101) depth=0.345 m surface=(0.304,0.000,0.050) m center=(0.304,0.000,0.025) m conf=0.80 edge=0.0deg sides=(0.050,0.050)m sync_rate=14.23 Hz mask_px=477[0m
[0m[INFO] [1789223491.567762625] [perception]: DETECTED pixel=(79,105) depth=0.345 m surface=(0.305,0.006,0.050) m center=(0.305,0.006,0.025) m conf=0.88 edge=0.0deg sides=(0.050,0.050)m sync_rate=14.22 Hz mask_px=1306[0m
[0m[INFO] [1789223492.603582032] [perception]: DETECTED pixel=(79,105) depth=0.345 m surface=(0.305,0.006,0.050) m center=(0.305,0.006,0.025) m conf=0.98 edge=0.0deg sides=(0.050,0.050)m sync_rate=14.22 Hz mask_px=1307[0m
[0m[INFO] [1789223493.647106697] [perception]: DETECTED pixel=(79,105) depth=0.345 m surface=(0.305,0.006,0.050) m center=(0.305,0.006,0.025) m conf=0.98 edge=0.0deg sides=(0.050,0.050)m sync_rate=14.22 Hz mask_px=1307[0m
[0m[INFO] [1789223494.691155452] [perception]: DETECTED pixel=(79,105) depth=0.345 m surface=(0.305,0.006,0.050) m center=(0.305,0.006,0.025) m conf=0.98 edge=0.0deg sides=(0.050,0.050)m sync_rate=14.22 Hz mask_px=1307[0m
[0m[INFO] [1789223495.702369462] [perception]: NOT DETECTED[0m
[0m[INFO] [1789223496.723836152] [perception]: NOT DETECTED[0m
[0m[INFO] [1789223497.750959228] [perception]: NOT DETECTED[0m
[0m[INFO] [1789223498.785648948] [perception]: NOT DETECTED[0m
[0m[INFO] [1789223499.816298199] [perception]: NOT DETECTED[0m
[0m[INFO] [1789223526.744814060] [perception]: NOT DETECTED[0m
[0m[INFO] [1789223527.787557954] [perception]: NOT DETECTED[0m
[0m[INFO] [1789223528.897727544] [perception]: DETECTED pixel=(89,105) depth=0.347 m surface=(0.307,0.005,0.050) m center=(0.307,0.005,0.025) m conf=0.83 edge=0.2deg sides=(0.049,0.049)m sync_rate=14.23 Hz mask_px=554[0m
[0m[INFO] [1789223529.947555579] [perception]: DETECTED pixel=(79,92) depth=0.345 m surface=(0.305,-0.009,0.050) m center=(0.305,-0.009,0.025) m conf=0.97 edge=0.0deg sides=(0.050,0.049)m sync_rate=14.23 Hz mask_px=1295[0m
[0m[INFO] [1789223530.988642489] [perception]: DETECTED pixel=(79,92) depth=0.345 m surface=(0.305,-0.009,0.050) m center=(0.305,-0.009,0.025) m conf=0.97 edge=0.0deg sides=(0.050,0.048)m sync_rate=14.23 Hz mask_px=1295[0m
[0m[INFO] [1789223532.013875724] [perception]: DETECTED pixel=(79,92) depth=0.345 m surface=(0.305,-0.009,0.050) m center=(0.305,-0.009,0.025) m conf=0.97 edge=0.0deg sides=(0.050,0.048)m sync_rate=14.23 Hz mask_px=1295[0m
[0m[INFO] [1789223533.057384306] [perception]: DETECTED pixel=(79,92) depth=0.345 m surface=(0.305,-0.009,0.050) m center=(0.305,-0.009,0.025) m conf=0.97 edge=0.0deg sides=(0.050,0.048)m sync_rate=14.23 Hz mask_px=1295[0m
[0m[INFO] [1789223534.077080279] [perception]: NOT DETECTED[0m
[0m[INFO] [1789223535.112405183] [perception]: NOT DETECTED[0m
[0m[INFO] [1789223536.145814727] [perception]: NOT DETECTED[0m
[0m[INFO] [1789223537.175308281] [perception]: NOT DETECTED[0m
[0m[INFO] [1789223539.528047413] [perception]: DETECTED pixel=(118,101) depth=0.123 m surface=(0.313,-0.008,0.050) m center=(0.313,-0.008,0.025) m conf=0.81 edge=-0.3deg sides=(0.050,0.035)m sync_rate=14.23 Hz mask_px=481[0m
[0m[INFO] [1789223540.571634507] [perception]: DETECTED pixel=(118,154) depth=0.119 m surface=(0.313,-0.008,0.050) m center=(0.313,-0.008,0.025) m conf=0.88 edge=0.3deg sides=(0.050,0.036)m sync_rate=14.23 Hz mask_px=775[0m
[0m[INFO] [1789223541.610323774] [perception]: DETECTED pixel=(115,154) depth=0.114 m surface=(0.313,-0.008,0.050) m center=(0.313,-0.008,0.025) m conf=0.88 edge=0.5deg sides=(0.050,0.037)m sync_rate=14.23 Hz mask_px=1205[0m
[0m[INFO] [1789223543.709187059] [perception]: DETECTED pixel=(108,151) depth=0.111 m surface=(0.312,-0.009,0.050) m center=(0.312,-0.009,0.025) m conf=0.80 edge=0.0deg sides=(0.050,0.038)m sync_rate=14.23 Hz mask_px=1573[0m
[0m[INFO] [1789223544.760391335] [perception]: DETECTED pixel=(107,149) depth=0.113 m surface=(0.313,-0.009,0.049) m center=(0.313,-0.009,0.024) m conf=0.90 edge=-0.0deg sides=(0.050,0.040)m sync_rate=14.23 Hz mask_px=1653[0m
[0m[INFO] [1789223545.800613997] [perception]: DETECTED pixel=(106,149) depth=0.112 m surface=(0.313,-0.009,0.049) m center=(0.313,-0.009,0.024) m conf=0.89 edge=1.6deg sides=(0.050,0.040)m sync_rate=14.23 Hz mask_px=1756[0m
[0m[INFO] [1789223546.818743219] [perception]: DETECTED pixel=(106,149) depth=0.112 m surface=(0.313,-0.009,0.050) m center=(0.313,-0.009,0.025) m conf=0.88 edge=0.5deg sides=(0.050,0.040)m sync_rate=14.23 Hz mask_px=1858[0m
[0m[INFO] [1789223547.995825699] [perception]: DETECTED pixel=(105,149) depth=0.112 m surface=(0.313,-0.009,0.054) m center=(0.313,-0.009,0.029) m conf=0.79 edge=0.0deg sides=(0.050,0.040)m sync_rate=14.23 Hz mask_px=1912[0m
[0m[INFO] [1789223556.928520269] [perception]: DETECTED pixel=(106,149) depth=0.112 m surface=(0.315,-0.009,0.078) m center=(0.315,-0.009,0.053) m conf=0.78 edge=0.1deg sides=(0.050,0.040)m sync_rate=14.23 Hz mask_px=1855[0m
[0m[INFO] [1789223557.954604632] [perception]: DETECTED pixel=(105,148) depth=0.112 m surface=(0.313,-0.009,0.050) m center=(0.313,-0.009,0.025) m conf=0.88 edge=0.6deg sides=(0.050,0.040)m sync_rate=14.23 Hz mask_px=2006[0m
[0m[INFO] [1789223564.438697011] [perception]: DETECTED pixel=(108,150) depth=0.112 m surface=(0.313,-0.008,0.050) m center=(0.313,-0.008,0.025) m conf=0.77 edge=0.1deg sides=(0.050,0.040)m sync_rate=14.23 Hz mask_px=2083[0m
[0m[INFO] [1789223565.443689080] [perception]: NOT DETECTED[0m
[0m[INFO] [1789223566.490130975] [perception]: NOT DETECTED[0m
[0m[INFO] [1789223567.511868211] [perception]: DETECTED pixel=(78,92) depth=0.346 m surface=(0.308,-0.009,0.050) m center=(0.308,-0.009,0.025) m conf=0.97 edge=-0.0deg sides=(0.050,0.049)m sync_rate=14.23 Hz mask_px=1332[0m
[0m[INFO] [1789223568.530444967] [perception]: DETECTED pixel=(78,103) depth=0.346 m surface=(0.309,0.004,0.050) m center=(0.309,0.004,0.025) m conf=0.98 edge=0.0deg sides=(0.050,0.050)m sync_rate=14.23 Hz mask_px=1341[0m
[0m[INFO] [1789223569.548027024] [perception]: DETECTED pixel=(78,103) depth=0.346 m surface=(0.309,0.004,0.050) m center=(0.309,0.004,0.025) m conf=0.98 edge=0.0deg sides=(0.050,0.050)m sync_rate=14.23 Hz mask_px=1341[0m
[0m[INFO] [1789223570.579336884] [perception]: DETECTED pixel=(78,103) depth=0.346 m surface=(0.309,0.004,0.050) m center=(0.309,0.004,0.025) m conf=0.98 edge=0.0deg sides=(0.050,0.050)m sync_rate=14.23 Hz mask_px=1341[0m
[0m[INFO] [1789223571.716337509] [perception]: DETECTED pixel=(90,104) depth=0.354 m surface=(0.308,0.004,0.050) m center=(0.308,0.004,0.025) m conf=0.82 edge=0.1deg sides=(0.049,0.048)m sync_rate=14.23 Hz mask_px=503[0m
[0m[INFO] [1789223572.776391883] [perception]: NOT DETECTED[0m
[0m[INFO] [1789223573.796930940] [perception]: NOT DETECTED[0m
[0m[INFO] [1789223574.824366337] [perception]: NOT DETECTED[0m
[0m[INFO] [1789223575.858472040] [perception]: NOT DETECTED[0m
[0m[INFO] [1789223576.891325836] [perception]: NOT DETECTED[0m
[0m[INFO] [1789223578.573038652] [perception]: DETECTED pixel=(117,153) depth=0.120 m surface=(0.316,0.004,0.050) m center=(0.316,0.004,0.025) m conf=0.78 edge=0.8deg sides=(0.050,0.035)m sync_rate=14.23 Hz mask_px=611[0m
[0m[INFO] [1789223579.663026411] [perception]: DETECTED pixel=(115,153) depth=0.115 m surface=(0.315,0.005,0.050) m center=(0.315,0.005,0.025) m conf=0.89 edge=0.1deg sides=(0.050,0.036)m sync_rate=14.23 Hz mask_px=1018[0m
[0m[INFO] [1789223581.905266934] [perception]: DETECTED pixel=(107,149) depth=0.112 m surface=(0.315,0.004,0.050) m center=(0.315,0.004,0.025) m conf=0.80 edge=-0.1deg sides=(0.050,0.038)m sync_rate=14.23 Hz mask_px=1366[0m
[0m[INFO] [1789223582.947852498] [perception]: DETECTED pixel=(108,49) depth=0.113 m surface=(0.316,0.004,0.049) m center=(0.316,0.004,0.024) m conf=0.91 edge=0.8deg sides=(0.050,0.039)m sync_rate=14.23 Hz mask_px=1467[0m
[0m[INFO] [1789223583.966920204] [perception]: DETECTED pixel=(107,49) depth=0.113 m surface=(0.316,0.004,0.049) m center=(0.316,0.004,0.024) m conf=0.91 edge=0.8deg sides=(0.050,0.039)m sync_rate=14.23 Hz mask_px=1570[0m
[0m[INFO] [1789223595.285933663] [perception]: DETECTED pixel=(106,50) depth=0.113 m surface=(0.318,0.004,0.079) m center=(0.318,0.004,0.054) m conf=0.80 edge=0.8deg sides=(0.050,0.039)m sync_rate=14.23 Hz mask_px=1656[0m
[0m[INFO] [1789223602.842396298] [perception]: DETECTED pixel=(109,49) depth=0.112 m surface=(0.316,0.004,0.050) m center=(0.316,0.004,0.025) m conf=0.79 edge=0.8deg sides=(0.050,0.040)m sync_rate=14.23 Hz mask_px=1934[0m
[0m[INFO] [1789223603.846116780] [perception]: NOT DETECTED[0m
[0m[INFO] [1789223604.872577054] [perception]: NOT DETECTED[0m
[0m[INFO] [1789223605.923174292] [perception]: DETECTED pixel=(78,103) depth=0.346 m surface=(0.311,0.004,0.050) m center=(0.311,0.004,0.025) m conf=0.97 edge=-0.0deg sides=(0.050,0.049)m sync_rate=14.23 Hz mask_px=1320[0m
[0m[INFO] [1789223606.929891590] [perception]: DETECTED pixel=(80,96) depth=0.343 m surface=(0.301,-0.005,0.050) m center=(0.301,-0.005,0.025) m conf=0.97 edge=0.0deg sides=(0.050,0.050)m sync_rate=14.23 Hz mask_px=1284[0m
[0m[INFO] [1789223608.012370976] [perception]: DETECTED pixel=(80,96) depth=0.343 m surface=(0.301,-0.005,0.050) m center=(0.301,-0.005,0.025) m conf=0.97 edge=0.0deg sides=(0.050,0.050)m sync_rate=14.23 Hz mask_px=1284[0m
[0m[INFO] [1789223609.052149843] [perception]: DETECTED pixel=(80,96) depth=0.343 m surface=(0.301,-0.005,0.050) m center=(0.301,-0.005,0.025) m conf=0.97 edge=0.0deg sides=(0.050,0.050)m sync_rate=14.23 Hz mask_px=1284[0m
[0m[INFO] [1789223610.091695685] [perception]: DETECTED pixel=(90,96) depth=0.350 m surface=(0.300,-0.005,0.050) m center=(0.300,-0.005,0.025) m conf=0.91 edge=-0.1deg sides=(0.050,0.049)m sync_rate=14.23 Hz mask_px=507[0m
[0m[INFO] [1789223611.114769917] [perception]: NOT DETECTED[0m
[0m[INFO] [1789223612.144849487] [perception]: NOT DETECTED[0m
[0m[INFO] [1789223613.165268676] [perception]: NOT DETECTED[0m
[0m[INFO] [1789223614.205861621] [perception]: NOT DETECTED[0m
[0m[INFO] [1789223641.474181566] [perception]: NOT DETECTED[0m
[0m[INFO] [1789223642.480895954] [perception]: NOT DETECTED[0m
[0m[INFO] [1789223643.591121289] [perception]: DETECTED pixel=(91,95) depth=0.344 m surface=(0.302,-0.005,0.050) m center=(0.302,-0.005,0.025) m conf=0.79 edge=-0.2deg sides=(0.049,0.048)m sync_rate=14.23 Hz mask_px=429[0m
[0m[INFO] [1789223644.673084604] [perception]: DETECTED pixel=(79,93) depth=0.345 m surface=(0.303,-0.008,0.050) m center=(0.303,-0.008,0.025) m conf=0.88 edge=0.0deg sides=(0.050,0.049)m sync_rate=14.23 Hz mask_px=1297[0m
[0m[INFO] [1789223645.691107661] [perception]: DETECTED pixel=(79,93) depth=0.345 m surface=(0.303,-0.008,0.050) m center=(0.303,-0.008,0.025) m conf=0.97 edge=0.0deg sides=(0.050,0.049)m sync_rate=14.23 Hz mask_px=1297[0m
[0m[INFO] [1789223646.706895459] [perception]: DETECTED pixel=(79,93) depth=0.345 m surface=(0.303,-0.008,0.050) m center=(0.303,-0.008,0.025) m conf=0.97 edge=0.0deg sides=(0.050,0.049)m sync_rate=14.23 Hz mask_px=1297[0m
[0m[INFO] [1789223647.756556486] [perception]: DETECTED pixel=(79,93) depth=0.345 m surface=(0.303,-0.008,0.050) m center=(0.303,-0.008,0.025) m conf=0.97 edge=0.0deg sides=(0.050,0.049)m sync_rate=14.23 Hz mask_px=1297[0m
[0m[INFO] [1789223648.763806836] [perception]: NOT DETECTED[0m
[0m[INFO] [1789223649.800308508] [perception]: NOT DETECTED[0m
[0m[INFO] [1789223650.822358958] [perception]: NOT DETECTED[0m
[0m[INFO] [1789223651.850352596] [perception]: NOT DETECTED[0m
[0m[INFO] [1789223654.328734325] [perception]: DETECTED pixel=(118,101) depth=0.122 m surface=(0.311,-0.008,0.050) m center=(0.311,-0.008,0.025) m conf=0.81 edge=0.2deg sides=(0.050,0.035)m sync_rate=14.23 Hz mask_px=521[0m
[0m[INFO] [1789223655.361402032] [perception]: DETECTED pixel=(118,154) depth=0.117 m surface=(0.310,-0.008,0.050) m center=(0.310,-0.008,0.025) m conf=0.88 edge=0.4deg sides=(0.050,0.036)m sync_rate=14.23 Hz mask_px=853[0m
[0m[INFO] [1789223656.386570778] [perception]: DETECTED pixel=(115,154) depth=0.113 m surface=(0.310,-0.008,0.050) m center=(0.310,-0.008,0.025) m conf=0.89 edge=0.2deg sides=(0.050,0.037)m sync_rate=14.23 Hz mask_px=1296[0m
[0m[INFO] [1789223657.437534061] [perception]: DETECTED pixel=(109,152) depth=0.110 m surface=(0.310,-0.008,0.050) m center=(0.310,-0.008,0.025) m conf=0.90 edge=0.0deg sides=(0.050,0.038)m sync_rate=14.23 Hz mask_px=1607[0m
[0m[INFO] [1789223658.477550767] [perception]: DETECTED pixel=(108,151) depth=0.111 m surface=(0.310,-0.008,0.050) m center=(0.310,-0.008,0.025) m conf=0.90 edge=0.0deg sides=(0.050,0.038)m sync_rate=14.23 Hz mask_px=1574[0m
[0m[INFO] [1789223659.533074901] [perception]: DETECTED pixel=(107,150) depth=0.112 m surface=(0.311,-0.008,0.049) m center=(0.311,-0.008,0.024) m conf=0.89 edge=-0.0deg sides=(0.050,0.039)m sync_rate=14.23 Hz mask_px=1675[0m
[0m[INFO] [1789223660.579865745] [perception]: DETECTED pixel=(106,149) depth=0.112 m surface=(0.311,-0.008,0.049) m center=(0.311,-0.008,0.024) m conf=0.89 edge=-0.0deg sides=(0.050,0.039)m sync_rate=14.23 Hz mask_px=1774[0m
[0m[INFO] [1789223661.582401287] [perception]: DETECTED pixel=(106,149) depth=0.111 m surface=(0.311,-0.009,0.050) m center=(0.311,-0.009,0.025) m conf=0.89 edge=0.5deg sides=(0.050,0.039)m sync_rate=14.23 Hz mask_px=1876[0m
[0m[INFO] [1789223662.647640225] [perception]: DETECTED pixel=(105,149) depth=0.111 m surface=(0.310,-0.008,0.050) m center=(0.310,-0.008,0.025) m conf=0.89 edge=-0.0deg sides=(0.050,0.040)m sync_rate=14.23 Hz mask_px=1933[0m
[0m[INFO] [1789223663.702214354] [perception]: DETECTED pixel=(105,149) depth=0.111 m surface=(0.311,-0.009,0.065) m center=(0.311,-0.009,0.040) m conf=0.86 edge=1.9deg sides=(0.050,0.039)m sync_rate=14.23 Hz mask_px=1933[0m
[0m[INFO] [1789223672.352553494] [perception]: DETECTED pixel=(106,149) depth=0.112 m surface=(0.313,-0.008,0.078) m center=(0.313,-0.008,0.053) m conf=0.78 edge=0.2deg sides=(0.050,0.039)m sync_rate=14.23 Hz mask_px=1885[0m
[0m[INFO] [1789223673.357544375] [perception]: DETECTED pixel=(105,148) depth=0.111 m surface=(0.311,-0.008,0.050) m center=(0.311,-0.008,0.025) m conf=0.88 edge=0.5deg sides=(0.050,0.040)m sync_rate=14.23 Hz mask_px=2021[0m
[0m[INFO] [1789223674.396865635] [perception]: DETECTED pixel=(105,148) depth=0.111 m surface=(0.311,-0.008,0.050) m center=(0.311,-0.008,0.025) m conf=0.88 edge=0.0deg sides=(0.050,0.040)m sync_rate=14.23 Hz mask_px=2042[0m
[0m[INFO] [1789223675.438197696] [perception]: DETECTED pixel=(105,148) depth=0.111 m surface=(0.311,-0.008,0.050) m center=(0.311,-0.008,0.025) m conf=0.89 edge=0.0deg sides=(0.050,0.040)m sync_rate=14.23 Hz mask_px=2041[0m
[0m[INFO] [1789223676.447146744] [perception]: DETECTED pixel=(105,148) depth=0.111 m surface=(0.311,-0.008,0.050) m center=(0.311,-0.008,0.025) m conf=0.88 edge=0.0deg sides=(0.050,0.040)m sync_rate=14.23 Hz mask_px=2042[0m
[0m[INFO] [1789223677.529901361] [perception]: DETECTED pixel=(105,148) depth=0.111 m surface=(0.311,-0.008,0.050) m center=(0.311,-0.008,0.025) m conf=0.89 edge=0.0deg sides=(0.050,0.040)m sync_rate=14.23 Hz mask_px=2041[0m
[0m[INFO] [1789223678.535719259] [perception]: DETECTED pixel=(105,148) depth=0.111 m surface=(0.311,-0.008,0.050) m center=(0.311,-0.008,0.025) m conf=0.88 edge=0.0deg sides=(0.050,0.040)m sync_rate=14.23 Hz mask_px=2074[0m
[0m[INFO] [1789223679.565238373] [perception]: DETECTED pixel=(107,149) depth=0.111 m surface=(0.311,-0.008,0.050) m center=(0.311,-0.008,0.025) m conf=0.87 edge=0.0deg sides=(0.050,0.040)m sync_rate=14.23 Hz mask_px=2287[0m
[0m[INFO] [1789223680.580256840] [perception]: NOT DETECTED[0m
[0m[INFO] [1789223681.622751443] [perception]: NOT DETECTED[0m
[0m[INFO] [1789223682.667209271] [perception]: DETECTED pixel=(84,93) depth=0.347 m surface=(0.309,-0.009,0.050) m center=(0.309,-0.009,0.025) m conf=0.84 edge=1.4deg sides=(0.049,0.044)m sync_rate=14.23 Hz mask_px=1009[0m
[0m[INFO] [1789223683.742664451] [perception]: DETECTED pixel=(80,105) depth=0.343 m surface=(0.299,0.006,0.050) m center=(0.299,0.006,0.025) m conf=0.97 edge=0.0deg sides=(0.050,0.048)m sync_rate=14.23 Hz mask_px=1253[0m
[0m[INFO] [1789223684.744825201] [perception]: DETECTED pixel=(80,105) depth=0.343 m surface=(0.299,0.006,0.050) m center=(0.299,0.006,0.025) m conf=0.97 edge=0.0deg sides=(0.050,0.048)m sync_rate=14.23 Hz mask_px=1253[0m
[0m[INFO] [1789223685.774117380] [perception]: DETECTED pixel=(80,105) depth=0.343 m surface=(0.299,0.006,0.050) m center=(0.299,0.006,0.025) m conf=0.97 edge=0.0deg sides=(0.050,0.048)m sync_rate=14.23 Hz mask_px=1253[0m
[0m[INFO] [1789223686.803223434] [perception]: DETECTED pixel=(82,105) depth=0.344 m surface=(0.300,0.006,0.050) m center=(0.300,0.006,0.025) m conf=0.96 edge=0.2deg sides=(0.050,0.048)m sync_rate=14.23 Hz mask_px=1163[0m
[0m[INFO] [1789223687.828259979] [perception]: NOT DETECTED[0m
[0m[INFO] [1789223688.861354942] [perception]: NOT DETECTED[0m
[0m[INFO] [1789223689.886399597] [perception]: NOT DETECTED[0m
[0m[INFO] [1789223690.904296159] [perception]: NOT DETECTED[0m
[0m[INFO] [1789223718.801774031] [perception]: NOT DETECTED[0m
[0m[INFO] [1789223719.825223290] [perception]: NOT DETECTED[0m
[0m[INFO] [1789223720.862140823] [perception]: DETECTED pixel=(89,104) depth=0.345 m surface=(0.302,0.005,0.050) m center=(0.302,0.005,0.025) m conf=0.93 edge=0.2deg sides=(0.049,0.049)m sync_rate=14.23 Hz mask_px=593[0m
[0m[INFO] [1789223721.862766146] [perception]: DETECTED pixel=(80,94) depth=0.344 m surface=(0.299,-0.007,0.050) m center=(0.299,-0.007,0.025) m conf=0.88 edge=-0.1deg sides=(0.050,0.049)m sync_rate=14.23 Hz mask_px=1250[0m
[0m[INFO] [1789223722.906452001] [perception]: DETECTED pixel=(80,94) depth=0.343 m surface=(0.299,-0.007,0.050) m center=(0.299,-0.007,0.025) m conf=0.98 edge=-0.1deg sides=(0.050,0.049)m sync_rate=14.23 Hz mask_px=1250[0m
[0m[INFO] [1789223723.975421284] [perception]: DETECTED pixel=(80,94) depth=0.343 m surface=(0.299,-0.007,0.050) m center=(0.299,-0.007,0.025) m conf=0.98 edge=-0.1deg sides=(0.050,0.049)m sync_rate=14.23 Hz mask_px=1250[0m
[0m[INFO] [1789223724.991809548] [perception]: DETECTED pixel=(80,94) depth=0.343 m surface=(0.299,-0.007,0.050) m center=(0.299,-0.007,0.025) m conf=0.98 edge=-0.1deg sides=(0.050,0.049)m sync_rate=14.23 Hz mask_px=1250[0m
[0m[INFO] [1789223726.017327600] [perception]: NOT DETECTED[0m
[0m[INFO] [1789223727.045922202] [perception]: NOT DETECTED[0m
[0m[INFO] [1789223728.083728955] [perception]: NOT DETECTED[0m
[0m[INFO] [1789223729.111969847] [perception]: NOT DETECTED[0m
[0m[INFO] [1789223731.526719836] [perception]: DETECTED pixel=(118,153) depth=0.122 m surface=(0.307,-0.006,0.050) m center=(0.307,-0.006,0.025) m conf=0.79 edge=0.0deg sides=(0.050,0.035)m sync_rate=14.23 Hz mask_px=555[0m
[0m[INFO] [1789223732.556903491] [perception]: DETECTED pixel=(117,154) depth=0.117 m surface=(0.306,-0.006,0.050) m center=(0.306,-0.006,0.025) m conf=0.88 edge=0.1deg sides=(0.050,0.036)m sync_rate=14.23 Hz mask_px=873[0m
[0m[INFO] [1789223733.562785963] [perception]: DETECTED pixel=(114,153) depth=0.113 m surface=(0.306,-0.006,0.050) m center=(0.306,-0.006,0.025) m conf=0.89 edge=-0.0deg sides=(0.050,0.037)m sync_rate=14.23 Hz mask_px=1306[0m
[0m[INFO] [1789223734.589987579] [perception]: DETECTED pixel=(108,151) depth=0.110 m surface=(0.306,-0.007,0.050) m center=(0.306,-0.007,0.025) m conf=0.91 edge=1.8deg sides=(0.050,0.037)m sync_rate=14.23 Hz mask_px=1668[0m
[0m[INFO] [1789223735.619084066] [perception]: DETECTED pixel=(107,150) depth=0.110 m surface=(0.306,-0.007,0.050) m center=(0.306,-0.007,0.025) m conf=0.89 edge=-0.1deg sides=(0.050,0.038)m sync_rate=14.23 Hz mask_px=1689[0m
[0m[INFO] [1789223736.694445708] [perception]: DETECTED pixel=(106,149) depth=0.112 m surface=(0.306,-0.007,0.049) m center=(0.306,-0.007,0.024) m conf=0.90 edge=0.1deg sides=(0.050,0.039)m sync_rate=14.23 Hz mask_px=1699[0m
[0m[INFO] [1789223737.745463422] [perception]: DETECTED pixel=(106,149) depth=0.111 m surface=(0.306,-0.007,0.049) m center=(0.306,-0.007,0.024) m conf=0.90 edge=0.0deg sides=(0.050,0.039)m sync_rate=14.23 Hz mask_px=1813[0m
[0m[INFO] [1789223738.767073718] [perception]: DETECTED pixel=(105,148) depth=0.111 m surface=(0.306,-0.007,0.049) m center=(0.306,-0.007,0.024) m conf=0.89 edge=-0.2deg sides=(0.050,0.039)m sync_rate=14.23 Hz mask_px=1924[0m
[0m[INFO] [1789223739.814902676] [perception]: DETECTED pixel=(105,148) depth=0.110 m surface=(0.306,-0.007,0.050) m center=(0.306,-0.007,0.025) m conf=0.88 edge=0.4deg sides=(0.050,0.039)m sync_rate=14.23 Hz mask_px=1993[0m
[0m[INFO] [1789223740.851836332] [perception]: DETECTED pixel=(105,149) depth=0.110 m surface=(0.306,-0.007,0.081) m center=(0.306,-0.007,0.056) m conf=0.87 edge=0.1deg sides=(0.050,0.039)m sync_rate=14.23 Hz mask_px=1970[0m
[0m[INFO] [1789223748.909164943] [perception]: DETECTED pixel=(105,148) depth=0.111 m surface=(0.309,-0.007,0.081) m center=(0.309,-0.007,0.056) m conf=0.79 edge=0.2deg sides=(0.050,0.038)m sync_rate=14.23 Hz mask_px=1914[0m
[0m[INFO] [1789223749.947335976] [perception]: DETECTED pixel=(104,148) depth=0.111 m surface=(0.307,-0.007,0.050) m center=(0.307,-0.007,0.025) m conf=0.88 edge=2.6deg sides=(0.050,0.039)m sync_rate=14.23 Hz mask_px=2062[0m
[0m[INFO] [1789223750.953388059] [perception]: DETECTED pixel=(104,148) depth=0.110 m surface=(0.306,-0.006,0.050) m center=(0.306,-0.006,0.025) m conf=0.89 edge=0.0deg sides=(0.050,0.039)m sync_rate=14.23 Hz mask_px=2104[0m
[0m[INFO] [1789223751.977067998] [perception]: DETECTED pixel=(104,148) depth=0.110 m surface=(0.306,-0.006,0.050) m center=(0.306,-0.006,0.025) m conf=0.89 edge=0.0deg sides=(0.050,0.039)m sync_rate=14.23 Hz mask_px=2104[0m
[0m[INFO] [1789223752.984007961] [perception]: DETECTED pixel=(104,148) depth=0.110 m surface=(0.306,-0.006,0.050) m center=(0.306,-0.006,0.025) m conf=0.89 edge=0.0deg sides=(0.050,0.039)m sync_rate=14.23 Hz mask_px=2104[0m
[0m[INFO] [1789223754.013618947] [perception]: DETECTED pixel=(104,148) depth=0.110 m surface=(0.306,-0.006,0.050) m center=(0.306,-0.006,0.025) m conf=0.89 edge=0.0deg sides=(0.050,0.039)m sync_rate=14.23 Hz mask_px=2104[0m
[0m[INFO] [1789223755.038368283] [perception]: DETECTED pixel=(104,148) depth=0.110 m surface=(0.306,-0.006,0.050) m center=(0.306,-0.006,0.025) m conf=0.91 edge=0.0deg sides=(0.050,0.039)m sync_rate=14.23 Hz mask_px=2131[0m
[0m[INFO] [1789223756.087194763] [perception]: DETECTED pixel=(105,53) depth=0.110 m surface=(0.306,-0.006,0.050) m center=(0.306,-0.006,0.025) m conf=0.87 edge=0.0deg sides=(0.050,0.039)m sync_rate=14.23 Hz mask_px=2232[0m
[0m[INFO] [1789223757.254923507] [perception]: NOT DETECTED[0m
[0m[INFO] [1789223758.274123257] [perception]: NOT DETECTED[0m
[0m[INFO] [1789223759.319084638] [perception]: DETECTED pixel=(89,94) depth=0.345 m surface=(0.301,-0.007,0.050) m center=(0.301,-0.007,0.025) m conf=0.92 edge=-0.2deg sides=(0.050,0.049)m sync_rate=14.23 Hz mask_px=596[0m
[0m[INFO] [1789223760.380468161] [perception]: DETECTED pixel=(79,103) depth=0.345 m surface=(0.305,0.003,0.050) m center=(0.305,0.003,0.025) m conf=0.98 edge=-0.0deg sides=(0.050,0.049)m sync_rate=14.23 Hz mask_px=1308[0m
[0m[INFO] [1789223761.402630958] [perception]: DETECTED pixel=(79,103) depth=0.345 m surface=(0.305,0.003,0.050) m center=(0.305,0.003,0.025) m conf=0.98 edge=0.0deg sides=(0.050,0.049)m sync_rate=14.23 Hz mask_px=1308[0m
[0m[INFO] [1789223762.406100708] [perception]: DETECTED pixel=(79,103) depth=0.345 m surface=(0.305,0.003,0.050) m center=(0.305,0.003,0.025) m conf=0.98 edge=0.0deg sides=(0.050,0.049)m sync_rate=14.23 Hz mask_px=1309[0m
[0m[INFO] [1789223763.473789985] [perception]: DETECTED pixel=(79,103) depth=0.345 m surface=(0.305,0.003,0.050) m center=(0.305,0.003,0.025) m conf=0.98 edge=0.0deg sides=(0.050,0.049)m sync_rate=14.23 Hz mask_px=1309[0m
[0m[INFO] [1789223764.641186633] [perception]: NOT DETECTED[0m
[0m[INFO] [1789223765.679006388] [perception]: NOT DETECTED[0m
[0m[INFO] [1789223766.710453362] [perception]: NOT DETECTED[0m
[0m[INFO] [1789223767.730062868] [perception]: NOT DETECTED[0m
[0m[INFO] [1789223768.749924418] [perception]: NOT DETECTED[0m
[0m[INFO] [1789223770.575381365] [perception]: DETECTED pixel=(118,99) depth=0.121 m surface=(0.313,0.003,0.050) m center=(0.313,0.003,0.025) m conf=0.81 edge=0.6deg sides=(0.050,0.035)m sync_rate=14.23 Hz mask_px=568[0m
[0m[INFO] [1789223771.584103973] [perception]: DETECTED pixel=(115,152) depth=0.117 m surface=(0.312,0.003,0.050) m center=(0.312,0.003,0.025) m conf=0.89 edge=0.0deg sides=(0.050,0.036)m sync_rate=14.23 Hz mask_px=938[0m
[0m[INFO] [1789223772.623124757] [perception]: DETECTED pixel=(112,152) depth=0.113 m surface=(0.312,0.003,0.050) m center=(0.312,0.003,0.025) m conf=0.91 edge=0.3deg sides=(0.050,0.037)m sync_rate=14.23 Hz mask_px=1422[0m
[0m[INFO] [1789223773.639400874] [perception]: DETECTED pixel=(107,150) depth=0.111 m surface=(0.311,0.003,0.050) m center=(0.311,0.003,0.025) m conf=0.90 edge=0.6deg sides=(0.050,0.037)m sync_rate=14.23 Hz mask_px=1477[0m
[0m[INFO] [1789223774.683277055] [perception]: DETECTED pixel=(108,49) depth=0.113 m surface=(0.313,0.003,0.050) m center=(0.313,0.003,0.025) m conf=0.90 edge=0.6deg sides=(0.050,0.038)m sync_rate=14.23 Hz mask_px=1402[0m
[0m[INFO] [1789223775.742536057] [perception]: DETECTED pixel=(106,50) depth=0.113 m surface=(0.312,0.003,0.049) m center=(0.312,0.003,0.024) m conf=0.90 edge=0.4deg sides=(0.050,0.039)m sync_rate=14.23 Hz mask_px=1637[0m
[0m[INFO] [1789223776.771674290] [perception]: DETECTED pixel=(105,51) depth=0.112 m surface=(0.312,0.003,0.049) m center=(0.312,0.003,0.024) m conf=0.90 edge=0.5deg sides=(0.050,0.039)m sync_rate=14.23 Hz mask_px=1731[0m
[0m[INFO] [1789223777.798983314] [perception]: DETECTED pixel=(106,50) depth=0.112 m surface=(0.312,0.003,0.050) m center=(0.312,0.003,0.025) m conf=0.90 edge=0.5deg sides=(0.050,0.039)m sync_rate=14.23 Hz mask_px=1795[0m
[0m[INFO] [1789223778.799558154] [perception]: DETECTED pixel=(105,51) depth=0.111 m surface=(0.312,0.003,0.054) m center=(0.312,0.003,0.029) m conf=0.87 edge=0.6deg sides=(0.050,0.039)m sync_rate=14.23 Hz mask_px=1848[0m
[0m[INFO] [1789223787.602634726] [perception]: DETECTED pixel=(106,50) depth=0.112 m surface=(0.314,0.003,0.080) m center=(0.314,0.003,0.055) m conf=0.80 edge=0.6deg sides=(0.050,0.039)m sync_rate=14.23 Hz mask_px=1782[0m
[0m[INFO] [1789223788.623758054] [perception]: DETECTED pixel=(105,51) depth=0.111 m surface=(0.313,0.003,0.050) m center=(0.313,0.003,0.025) m conf=0.89 edge=0.6deg sides=(0.050,0.040)m sync_rate=14.23 Hz mask_px=1919[0m
[0m[INFO] [1789223789.654659049] [perception]: DETECTED pixel=(105,51) depth=0.111 m surface=(0.312,0.003,0.050) m center=(0.312,0.003,0.025) m conf=0.89 edge=0.6deg sides=(0.050,0.040)m sync_rate=14.23 Hz mask_px=1947[0m
[0m[INFO] [1789223790.684620102] [perception]: DETECTED pixel=(105,51) depth=0.111 m surface=(0.312,0.003,0.050) m center=(0.312,0.003,0.025) m conf=0.89 edge=0.6deg sides=(0.050,0.040)m sync_rate=14.23 Hz mask_px=1947[0m
[0m[INFO] [1789223791.739364874] [perception]: DETECTED pixel=(105,51) depth=0.111 m surface=(0.312,0.003,0.050) m center=(0.312,0.003,0.025) m conf=0.89 edge=0.6deg sides=(0.050,0.040)m sync_rate=14.23 Hz mask_px=1947[0m
[0m[INFO] [1789223792.833799043] [perception]: DETECTED pixel=(105,51) depth=0.111 m surface=(0.312,0.003,0.050) m center=(0.312,0.003,0.025) m conf=0.89 edge=0.6deg sides=(0.050,0.040)m sync_rate=14.23 Hz mask_px=1947[0m
[0m[INFO] [1789223793.834617089] [perception]: DETECTED pixel=(105,51) depth=0.111 m surface=(0.312,0.003,0.050) m center=(0.312,0.003,0.025) m conf=0.90 edge=0.6deg sides=(0.050,0.040)m sync_rate=14.24 Hz mask_px=1984[0m
[0m[INFO] [1789223794.860989499] [perception]: DETECTED pixel=(107,50) depth=0.111 m surface=(0.312,0.003,0.050) m center=(0.312,0.003,0.025) m conf=0.88 edge=0.6deg sides=(0.050,0.040)m sync_rate=14.24 Hz mask_px=2186[0m
[0m[INFO] [1789223795.884015498] [perception]: NOT DETECTED[0m
[0m[INFO] [1789223796.914487593] [perception]: NOT DETECTED[0m
[0m[INFO] [1789223797.966320653] [perception]: DETECTED pixel=(84,102) depth=0.348 m surface=(0.313,0.003,0.050) m center=(0.313,0.003,0.025) m conf=0.84 edge=0.1deg sides=(0.050,0.037)m sync_rate=14.24 Hz mask_px=954[0m
[0m[INFO] [1789223799.027778603] [perception]: DETECTED pixel=(79,99) depth=0.345 m surface=(0.306,-0.002,0.050) m center=(0.306,-0.002,0.025) m conf=0.98 edge=0.0deg sides=(0.050,0.048)m sync_rate=14.23 Hz mask_px=1276[0m
[0m[INFO] [1789223800.032978532] [perception]: DETECTED pixel=(79,99) depth=0.345 m surface=(0.306,-0.002,0.050) m center=(0.306,-0.002,0.025) m conf=0.98 edge=0.0deg sides=(0.050,0.048)m sync_rate=14.23 Hz mask_px=1276[0m
[0m[INFO] [1789223801.070264322] [perception]: DETECTED pixel=(79,99) depth=0.345 m surface=(0.306,-0.002,0.050) m center=(0.306,-0.002,0.025) m conf=0.98 edge=0.0deg sides=(0.050,0.048)m sync_rate=14.23 Hz mask_px=1276[0m
[0m[INFO] [1789223802.112508789] [perception]: DETECTED pixel=(79,99) depth=0.345 m surface=(0.306,-0.002,0.050) m center=(0.306,-0.002,0.025) m conf=0.98 edge=0.0deg sides=(0.050,0.048)m sync_rate=14.23 Hz mask_px=1276[0m
[0m[INFO] [1789223803.264573822] [perception]: NOT DETECTED[0m
[0m[INFO] [1789223804.289344296] [perception]: NOT DETECTED[0m
[0m[INFO] [1789223805.315404903] [perception]: NOT DETECTED[0m
[0m[INFO] [1789223806.340622741] [perception]: NOT DETECTED[0m
[0m[INFO] [1789223807.365776012] [perception]: NOT DETECTED[0m
[0m[INFO] [1789223833.878335168] [perception]: NOT DETECTED[0m
[0m[INFO] [1789223834.906890827] [perception]: NOT DETECTED[0m
[0m[INFO] [1789223835.944712735] [perception]: DETECTED pixel=(91,98) depth=0.347 m surface=(0.308,-0.002,0.050) m center=(0.308,-0.002,0.025) m conf=0.80 edge=-0.0deg sides=(0.049,0.049)m sync_rate=14.24 Hz mask_px=428[0m
[0m[INFO] [1789223836.997635681] [perception]: DETECTED pixel=(79,106) depth=0.345 m surface=(0.303,0.007,0.050) m center=(0.303,0.007,0.025) m conf=0.88 edge=0.0deg sides=(0.050,0.049)m sync_rate=14.23 Hz mask_px=1297[0m
[0m[INFO] [1789223838.014633576] [perception]: DETECTED pixel=(79,106) depth=0.345 m surface=(0.303,0.007,0.050) m center=(0.303,0.007,0.025) m conf=0.98 edge=0.0deg sides=(0.050,0.049)m sync_rate=14.23 Hz mask_px=1297[0m
[0m[INFO] [1789223839.077627249] [perception]: DETECTED pixel=(79,106) depth=0.345 m surface=(0.303,0.007,0.050) m center=(0.303,0.007,0.025) m conf=0.98 edge=0.0deg sides=(0.050,0.049)m sync_rate=14.23 Hz mask_px=1297[0m
[0m[INFO] [1789223840.114227653] [perception]: DETECTED pixel=(79,106) depth=0.345 m surface=(0.303,0.007,0.050) m center=(0.303,0.007,0.025) m conf=0.98 edge=0.0deg sides=(0.050,0.049)m sync_rate=14.23 Hz mask_px=1297[0m
[0m[INFO] [1789223841.140908813] [perception]: NOT DETECTED[0m
[0m[INFO] [1789223842.171912322] [perception]: NOT DETECTED[0m
[0m[INFO] [1789223843.196887473] [perception]: NOT DETECTED[0m
[0m[INFO] [1789223844.228220812] [perception]: NOT DETECTED[0m
[0m[INFO] [1789223871.773207268] [perception]: NOT DETECTED[0m
[0m[INFO] [1789223872.805829086] [perception]: NOT DETECTED[0m
[0m[INFO] [1789223873.865506724] [perception]: DETECTED pixel=(118,99) depth=0.323 m surface=(0.305,0.007,0.050) m center=(0.305,0.007,0.025) m conf=0.85 edge=0.3deg sides=(0.049,0.048)m sync_rate=14.24 Hz mask_px=334[0m
[0m[INFO] [1789223874.898102662] [perception]: DETECTED pixel=(79,105) depth=0.345 m surface=(0.306,0.006,0.050) m center=(0.306,0.006,0.025) m conf=0.88 edge=0.0deg sides=(0.050,0.048)m sync_rate=14.24 Hz mask_px=1285[0m
[0m[INFO] [1789223875.915605390] [perception]: DETECTED pixel=(79,105) depth=0.345 m surface=(0.306,0.006,0.050) m center=(0.306,0.006,0.025) m conf=0.98 edge=0.0deg sides=(0.050,0.048)m sync_rate=14.23 Hz mask_px=1286[0m
[0m[INFO] [1789223876.979091064] [perception]: DETECTED pixel=(78,105) depth=0.346 m surface=(0.307,0.006,0.050) m center=(0.307,0.006,0.025) m conf=0.98 edge=0.0deg sides=(0.050,0.050)m sync_rate=14.23 Hz mask_px=1324[0m
[0m[INFO] [1789223878.020054170] [perception]: DETECTED pixel=(78,105) depth=0.346 m surface=(0.307,0.006,0.050) m center=(0.307,0.006,0.025) m conf=0.98 edge=0.0deg sides=(0.050,0.050)m sync_rate=14.23 Hz mask_px=1324[0m
[0m[INFO] [1789223879.159740355] [perception]: NOT DETECTED[0m
[0m[INFO] [1789223880.182839705] [perception]: NOT DETECTED[0m
[0m[INFO] [1789223881.224451472] [perception]: NOT DETECTED[0m
[0m[INFO] [1789223882.251818719] [perception]: NOT DETECTED[0m
[0m[INFO] [1789223883.282402393] [perception]: NOT DETECTED[0m
[0m[INFO] [1789223909.571547984] [perception]: NOT DETECTED[0m
[0m[INFO] [1789223910.588806532] [perception]: NOT DETECTED[0m
[0m[INFO] [1789223911.694829978] [perception]: DETECTED pixel=(89,105) depth=0.348 m surface=(0.309,0.005,0.050) m center=(0.309,0.005,0.025) m conf=0.83 edge=0.2deg sides=(0.050,0.049)m sync_rate=14.24 Hz mask_px=554[0m
[0m[INFO] [1789223912.701078858] [perception]: DETECTED pixel=(78,104) depth=0.346 m surface=(0.308,0.005,0.050) m center=(0.308,0.005,0.025) m conf=0.88 edge=0.0deg sides=(0.050,0.048)m sync_rate=14.24 Hz mask_px=1304[0m
[0m[INFO] [1789223913.713902736] [perception]: DETECTED pixel=(78,104) depth=0.346 m surface=(0.308,0.005,0.050) m center=(0.308,0.005,0.025) m conf=0.98 edge=0.0deg sides=(0.050,0.048)m sync_rate=14.24 Hz mask_px=1304[0m
[0m[INFO] [1789223914.781910065] [perception]: DETECTED pixel=(78,104) depth=0.346 m surface=(0.308,0.005,0.050) m center=(0.308,0.005,0.025) m conf=0.98 edge=0.0deg sides=(0.050,0.048)m sync_rate=14.24 Hz mask_px=1305[0m
[0m[INFO] [1789223915.820763556] [perception]: DETECTED pixel=(78,104) depth=0.346 m surface=(0.308,0.005,0.050) m center=(0.308,0.005,0.025) m conf=0.98 edge=0.0deg sides=(0.050,0.048)m sync_rate=14.24 Hz mask_px=1305[0m
[0m[INFO] [1789223916.920466527] [perception]: NOT DETECTED[0m
[0m[INFO] [1789223917.944696293] [perception]: NOT DETECTED[0m
[0m[INFO] [1789223918.970022319] [perception]: NOT DETECTED[0m
[0m[INFO] [1789223919.989688668] [perception]: NOT DETECTED[0m
[0m[INFO] [1789223921.028420059] [perception]: NOT DETECTED[0m
[0m[INFO] [1789223922.322471460] [perception]: DETECTED pixel=(118,99) depth=0.123 m surface=(0.316,0.005,0.050) m center=(0.316,0.005,0.025) m conf=0.81 edge=0.9deg sides=(0.050,0.035)m sync_rate=14.24 Hz mask_px=429[0m
[0m[INFO] [1789223923.346484485] [perception]: DETECTED pixel=(115,152) depth=0.119 m surface=(0.315,0.005,0.050) m center=(0.315,0.005,0.025) m conf=0.89 edge=-0.2deg sides=(0.050,0.036)m sync_rate=14.24 Hz mask_px=721[0m
[0m[INFO] [1789223924.375147262] [perception]: DETECTED pixel=(114,152) depth=0.115 m surface=(0.314,0.005,0.050) m center=(0.314,0.005,0.025) m conf=0.90 edge=-0.0deg sides=(0.050,0.037)m sync_rate=14.24 Hz mask_px=1177[0m
[0m[INFO] [1789223926.547805772] [perception]: DETECTED pixel=(106,148) depth=0.112 m surface=(0.315,0.005,0.050) m center=(0.315,0.005,0.025) m conf=0.80 edge=1.0deg sides=(0.050,0.039)m sync_rate=14.24 Hz mask_px=1531[0m
[0m[INFO] [1789223927.557695811] [perception]: DETECTED pixel=(106,50) depth=0.113 m surface=(0.315,0.005,0.049) m center=(0.315,0.005,0.024) m conf=0.90 edge=0.9deg sides=(0.050,0.040)m sync_rate=14.24 Hz mask_px=1644[0m
[0m[INFO] [1789223928.633290254] [perception]: DETECTED pixel=(105,51) depth=0.113 m surface=(0.315,0.005,0.049) m center=(0.315,0.005,0.024) m conf=0.90 edge=0.9deg sides=(0.050,0.040)m sync_rate=14.24 Hz mask_px=1763[0m
[0m[INFO] [1789223929.659235665] [perception]: DETECTED pixel=(105,51) depth=0.112 m surface=(0.315,0.005,0.050) m center=(0.315,0.005,0.025) m conf=0.90 edge=0.9deg sides=(0.050,0.040)m sync_rate=14.24 Hz mask_px=1845[0m
[0m[INFO] [1789223931.753653829] [perception]: DETECTED pixel=(105,51) depth=0.112 m surface=(0.315,0.004,0.080) m center=(0.315,0.004,0.055) m conf=0.80 edge=0.9deg sides=(0.050,0.040)m sync_rate=14.24 Hz mask_px=1899[0m
[0m[INFO] [1789223939.814603640] [perception]: DETECTED pixel=(105,51) depth=0.112 m surface=(0.318,0.004,0.080) m center=(0.318,0.004,0.055) m conf=0.79 edge=0.9deg sides=(0.050,0.039)m sync_rate=14.24 Hz mask_px=1824[0m
[0m[INFO] [1789223940.816275531] [perception]: DETECTED pixel=(105,51) depth=0.112 m surface=(0.315,0.005,0.050) m center=(0.315,0.005,0.025) m conf=0.89 edge=-0.2deg sides=(0.050,0.041)m sync_rate=14.24 Hz mask_px=1892[0m
[0m[INFO] [1789223947.430215743] [perception]: DETECTED pixel=(109,49) depth=0.113 m surface=(0.315,0.005,0.050) m center=(0.315,0.005,0.025) m conf=0.77 edge=0.1deg sides=(0.050,0.040)m sync_rate=14.24 Hz mask_px=1882[0m
[0m[INFO] [1789223948.465424298] [perception]: NOT DETECTED[0m
[0m[INFO] [1789223949.975064782] [perception]: DETECTED pixel=(90,103) depth=0.348 m surface=(0.310,0.004,0.050) m center=(0.310,0.004,0.025) m conf=0.81 edge=0.2deg sides=(0.049,0.049)m sync_rate=14.24 Hz mask_px=515[0m
[0m[INFO] [1789223951.007124216] [perception]: DETECTED pixel=(78,101) depth=0.346 m surface=(0.309,0.001,0.050) m center=(0.309,0.001,0.025) m conf=0.88 edge=0.0deg sides=(0.050,0.049)m sync_rate=14.24 Hz mask_px=1332[0m
[0m[INFO] [1789223952.026576269] [perception]: DETECTED pixel=(78,101) depth=0.346 m surface=(0.309,0.001,0.050) m center=(0.309,0.001,0.025) m conf=0.98 edge=0.0deg sides=(0.050,0.049)m sync_rate=14.24 Hz mask_px=1332[0m
[0m[INFO] [1789223953.064307897] [perception]: DETECTED pixel=(78,101) depth=0.346 m surface=(0.309,0.001,0.050) m center=(0.309,0.001,0.025) m conf=0.98 edge=0.0deg sides=(0.050,0.049)m sync_rate=14.24 Hz mask_px=1332[0m
[0m[INFO] [1789223954.071882249] [perception]: DETECTED pixel=(78,101) depth=0.346 m surface=(0.309,0.001,0.050) m center=(0.309,0.001,0.025) m conf=0.98 edge=0.0deg sides=(0.050,0.049)m sync_rate=14.24 Hz mask_px=1332[0m
[0m[INFO] [1789223955.129402092] [perception]: DETECTED pixel=(89,101) depth=0.354 m surface=(0.309,0.001,0.050) m center=(0.309,0.001,0.025) m conf=0.82 edge=0.0deg sides=(0.050,0.049)m sync_rate=14.24 Hz mask_px=589[0m
[0m[INFO] [1789223956.190647651] [perception]: NOT DETECTED[0m
[0m[INFO] [1789223957.239792637] [perception]: NOT DETECTED[0m
[0m[INFO] [1789223958.261112727] [perception]: NOT DETECTED[0m
[0m[INFO] [1789223959.301276740] [perception]: NOT DETECTED[0m
[0m[INFO] [1789223961.497685401] [perception]: DETECTED pixel=(118,99) depth=0.122 m surface=(0.317,0.001,0.050) m center=(0.317,0.001,0.025) m conf=0.81 edge=0.2deg sides=(0.050,0.035)m sync_rate=14.24 Hz mask_px=487[0m
[0m[INFO] [1789223962.516173338] [perception]: DETECTED pixel=(116,153) depth=0.118 m surface=(0.316,0.001,0.050) m center=(0.316,0.001,0.025) m conf=0.88 edge=-0.2deg sides=(0.050,0.036)m sync_rate=14.24 Hz mask_px=794[0m
[0m[INFO] [1789223963.561359613] [perception]: DETECTED pixel=(114,153) depth=0.114 m surface=(0.316,0.001,0.050) m center=(0.316,0.001,0.025) m conf=0.90 edge=0.1deg sides=(0.050,0.037)m sync_rate=14.24 Hz mask_px=1242[0m
[0m[INFO] [1789223965.437535986] [perception]: DETECTED pixel=(108,49) depth=0.112 m surface=(0.316,0.001,0.050) m center=(0.316,0.001,0.025) m conf=0.81 edge=0.2deg sides=(0.050,0.038)m sync_rate=14.24 Hz mask_px=1376[0m
[0m[INFO] [1789223966.451246451] [perception]: DETECTED pixel=(107,50) depth=0.114 m surface=(0.317,0.001,0.049) m center=(0.317,0.001,0.024) m conf=0.90 edge=0.1deg sides=(0.050,0.039)m sync_rate=14.24 Hz mask_px=1484[0m
[0m[INFO] [1789223967.455381741] [perception]: DETECTED pixel=(106,51) depth=0.113 m surface=(0.317,0.001,0.049) m center=(0.317,0.001,0.024) m conf=0.90 edge=0.1deg sides=(0.050,0.040)m sync_rate=14.24 Hz mask_px=1596[0m
[0m[INFO] [1789223968.504538414] [perception]: DETECTED pixel=(105,51) depth=0.113 m surface=(0.317,0.001,0.049) m center=(0.317,0.001,0.024) m conf=0.90 edge=0.0deg sides=(0.050,0.040)m sync_rate=14.24 Hz mask_px=1705[0m
[0m[INFO] [1789223978.914125515] [perception]: DETECTED pixel=(105,51) depth=0.113 m surface=(0.318,0.001,0.080) m center=(0.318,0.001,0.055) m conf=0.80 edge=0.1deg sides=(0.050,0.040)m sync_rate=14.24 Hz mask_px=1705[0m
[0m[INFO] [1789223986.569469076] [perception]: DETECTED pixel=(109,49) depth=0.113 m surface=(0.317,0.001,0.050) m center=(0.317,0.001,0.025) m conf=0.78 edge=0.2deg sides=(0.050,0.039)m sync_rate=14.24 Hz mask_px=1802[0m
[0m[INFO] [1789223987.637752946] [perception]: NOT DETECTED[0m
[0m[INFO] [1789223988.665220078] [perception]: NOT DETECTED[0m
[0m[INFO] [1789223989.737567073] [perception]: DETECTED pixel=(78,100) depth=0.346 m surface=(0.311,0.000,0.050) m center=(0.311,0.000,0.025) m conf=0.97 edge=0.0deg sides=(0.050,0.048)m sync_rate=14.24 Hz mask_px=1313[0m
[0m[INFO] [1789223990.781867526] [perception]: NOT DETECTED[0m
[0m[INFO] [1789223991.800112392] [perception]: NOT DETECTED[0m
[0m[INFO] [1789223992.824834389] [perception]: NOT DETECTED[0m
[0m[INFO] [1789223993.858290017] [perception]: NOT DETECTED[0m
[0m[INFO] [1789223994.884979776] [perception]: NOT DETECTED[0m
[0m[INFO] [1789223995.913117773] [perception]: NOT DETECTED[0m
[0m[INFO] [1789223996.937911056] [perception]: NOT DETECTED[0m
[0m[INFO] [1789223997.958738526] [perception]: NOT DETECTED[0m
[0m[INFO] [1789223999.003839256] [perception]: NOT DETECTED[0m
[0m[INFO] [1789224000.051216655] [perception]: NOT DETECTED[0m
[0m[INFO] [1789224001.068659954] [perception]: NOT DETECTED[0m
[0m[INFO] [1789224002.093561034] [perception]: NOT DETECTED[0m
[0m[INFO] [1789224003.122315738] [perception]: NOT DETECTED[0m
[0m[INFO] [1789224004.149669712] [perception]: NOT DETECTED[0m
[0m[INFO] [1789224005.158865522] [perception]: NOT DETECTED[0m
[0m[INFO] [1789224006.183742451] [perception]: NOT DETECTED[0m
[0m[INFO] [1789224007.208255980] [perception]: NOT DETECTED[0m
[0m[INFO] [1789224008.218639288] [perception]: NOT DETECTED[0m
[0m[INFO] [1789224009.228759947] [perception]: NOT DETECTED[0m
[0m[INFO] [1789224010.248696422] [perception]: NOT DETECTED[0m
[0m[INFO] [1789224011.296997988] [perception]: NOT DETECTED[0m
[0m[INFO] [1789224012.314034337] [perception]: NOT DETECTED[0m
[0m[INFO] [1789224013.325973929] [perception]: NOT DETECTED[0m
[0m[INFO] [1789224014.353734850] [perception]: NOT DETECTED[0m
[0m[INFO] [1789224015.361061991] [perception]: NOT DETECTED[0m
[0m[INFO] [1789224016.374290164] [perception]: NOT DETECTED[0m
[0m[INFO] [1789224017.405551282] [perception]: NOT DETECTED[0m
[0m[INFO] [1789224018.427817250] [perception]: NOT DETECTED[0m
[0m[INFO] [1789224019.445378017] [perception]: NOT DETECTED[0m
[0m[INFO] [1789224020.516981610] [perception]: NOT DETECTED[0m
[0m[INFO] [1789224021.564235505] [perception]: DETECTED pixel=(79,104) depth=0.345 m surface=(0.303,0.005,0.050) m center=(0.303,0.005,0.025) m conf=0.98 edge=0.0deg sides=(0.050,0.049)m sync_rate=14.24 Hz mask_px=1287[0m
[0m[INFO] [1789224022.583540354] [perception]: DETECTED pixel=(79,104) depth=0.345 m surface=(0.303,0.005,0.050) m center=(0.303,0.005,0.025) m conf=0.98 edge=0.0deg sides=(0.050,0.049)m sync_rate=14.24 Hz mask_px=1287[0m
[0m[INFO] [1789224023.587424910] [perception]: DETECTED pixel=(79,104) depth=0.345 m surface=(0.303,0.005,0.050) m center=(0.303,0.005,0.025) m conf=0.98 edge=0.0deg sides=(0.050,0.049)m sync_rate=14.24 Hz mask_px=1287[0m
[0m[INFO] [1789224024.901991181] [perception]: NOT DETECTED[0m
[0m[INFO] [1789224025.939331026] [perception]: NOT DETECTED[0m
[0m[INFO] [1789224026.976596109] [perception]: NOT DETECTED[0m
[0m[INFO] [1789224028.007150923] [perception]: NOT DETECTED[0m
[0m[INFO] [1789224030.358085283] [perception]: DETECTED pixel=(118,99) depth=0.122 m surface=(0.311,0.005,0.050) m center=(0.311,0.005,0.025) m conf=0.81 edge=1.0deg sides=(0.050,0.035)m sync_rate=14.25 Hz mask_px=473[0m
[0m[INFO] [1789224031.363897987] [perception]: DETECTED pixel=(116,152) depth=0.119 m surface=(0.310,0.005,0.050) m center=(0.310,0.005,0.025) m conf=0.88 edge=0.8deg sides=(0.050,0.036)m sync_rate=14.25 Hz mask_px=775[0m
[0m[INFO] [1789224038.793556001] [perception]: DETECTED pixel=(105,51) depth=0.111 m surface=(0.311,0.005,0.051) m center=(0.311,0.005,0.026) m conf=0.80 edge=0.9deg sides=(0.050,0.039)m sync_rate=14.25 Hz mask_px=1926[0m
[0m[INFO] [1789224039.844785096] [perception]: DETECTED pixel=(105,51) depth=0.111 m surface=(0.310,0.005,0.085) m center=(0.310,0.005,0.060) m conf=0.87 edge=0.9deg sides=(0.050,0.039)m sync_rate=14.25 Hz mask_px=1926[0m
[0m[INFO] [1789224055.825665711] [perception]: NOT DETECTED[0m
[0m[INFO] [1789224056.843030761] [perception]: NOT DETECTED[0m
[0m[INFO] [1789224057.879397669] [perception]: DETECTED pixel=(118,99) depth=0.323 m surface=(0.305,0.004,0.050) m center=(0.305,0.004,0.025) m conf=0.85 edge=0.2deg sides=(0.048,0.048)m sync_rate=14.25 Hz mask_px=271[0m
[0m[INFO] [1789224058.940025641] [perception]: DETECTED pixel=(78,97) depth=0.346 m surface=(0.309,-0.003,0.050) m center=(0.309,-0.003,0.025) m conf=0.88 edge=0.0deg sides=(0.050,0.049)m sync_rate=14.25 Hz mask_px=1312[0m
[0m[INFO] [1789224059.984200688] [perception]: DETECTED pixel=(78,97) depth=0.346 m surface=(0.309,-0.003,0.050) m center=(0.309,-0.003,0.025) m conf=0.98 edge=0.0deg sides=(0.050,0.049)m sync_rate=14.25 Hz mask_px=1312[0m
[0m[INFO] [1789224061.057653016] [perception]: DETECTED pixel=(78,97) depth=0.346 m surface=(0.309,-0.003,0.050) m center=(0.309,-0.003,0.025) m conf=0.98 edge=0.0deg sides=(0.050,0.049)m sync_rate=14.25 Hz mask_px=1312[0m
[0m[INFO] [1789224062.080915130] [perception]: DETECTED pixel=(78,97) depth=0.346 m surface=(0.309,-0.003,0.050) m center=(0.309,-0.003,0.025) m conf=0.98 edge=0.0deg sides=(0.050,0.049)m sync_rate=14.25 Hz mask_px=1312[0m
[0m[INFO] [1789224063.181855284] [perception]: NOT DETECTED[0m
[0m[INFO] [1789224064.202748014] [perception]: NOT DETECTED[0m
[0m[INFO] [1789224065.224542725] [perception]: NOT DETECTED[0m
[0m[INFO] [1789224066.253718805] [perception]: NOT DETECTED[0m
[0m[INFO] [1789224067.292348608] [perception]: NOT DETECTED[0m
[0m[INFO] [1789224094.306100198] [perception]: NOT DETECTED[0m
[0m[INFO] [1789224095.339953639] [perception]: NOT DETECTED[0m
[0m[INFO] [1789224096.416258459] [perception]: DETECTED pixel=(118,99) depth=0.325 m surface=(0.312,-0.004,0.050) m center=(0.312,-0.004,0.025) m conf=0.85 edge=-0.1deg sides=(0.049,0.049)m sync_rate=14.25 Hz mask_px=265[0m
[0m[INFO] [1789224097.544213201] [perception]: DETECTED pixel=(78,98) depth=0.346 m surface=(0.307,-0.002,0.050) m center=(0.307,-0.002,0.025) m conf=0.88 edge=0.0deg sides=(0.050,0.050)m sync_rate=14.25 Hz mask_px=1318[0m
[0m[INFO] [1789224098.573785865] [perception]: DETECTED pixel=(78,98) depth=0.346 m surface=(0.307,-0.002,0.050) m center=(0.307,-0.002,0.025) m conf=0.98 edge=0.0deg sides=(0.050,0.050)m sync_rate=14.25 Hz mask_px=1318[0m
[0m[INFO] [1789224099.610126076] [perception]: DETECTED pixel=(78,98) depth=0.346 m surface=(0.307,-0.002,0.050) m center=(0.307,-0.002,0.025) m conf=0.98 edge=0.0deg sides=(0.050,0.050)m sync_rate=14.25 Hz mask_px=1318[0m
[0m[INFO] [1789224100.613622501] [perception]: DETECTED pixel=(78,98) depth=0.346 m surface=(0.307,-0.002,0.050) m center=(0.307,-0.002,0.025) m conf=0.98 edge=0.0deg sides=(0.050,0.050)m sync_rate=14.25 Hz mask_px=1318[0m
[0m[INFO] [1789224101.956718346] [perception]: NOT DETECTED[0m
[0m[INFO] [1789224102.992241045] [perception]: NOT DETECTED[0m
[0m[INFO] [1789224104.022709245] [perception]: NOT DETECTED[0m
[0m[INFO] [1789224105.047013967] [perception]: NOT DETECTED[0m
[0m[INFO] [1789224106.083501462] [perception]: NOT DETECTED[0m
[0m[INFO] [1789224132.983952246] [perception]: NOT DETECTED[0m
[0m[INFO] [1789224134.020971494] [perception]: NOT DETECTED[0m
[0m[INFO] [1789224135.173034910] [perception]: DETECTED pixel=(90,98) depth=0.347 m surface=(0.309,-0.002,0.050) m center=(0.309,-0.002,0.025) m conf=0.81 edge=-0.1deg sides=(0.049,0.049)m sync_rate=14.25 Hz mask_px=468[0m
[0m[INFO] [1789224136.236683081] [perception]: DETECTED pixel=(78,103) depth=0.346 m surface=(0.308,0.004,0.050) m center=(0.308,0.004,0.025) m conf=0.88 edge=0.0deg sides=(0.050,0.048)m sync_rate=14.25 Hz mask_px=1304[0m
[0m[INFO] [1789224137.243086962] [perception]: DETECTED pixel=(78,103) depth=0.346 m surface=(0.308,0.004,0.050) m center=(0.308,0.004,0.025) m conf=0.98 edge=0.0deg sides=(0.050,0.048)m sync_rate=14.25 Hz mask_px=1304[0m
[0m[INFO] [1789224138.299475555] [perception]: DETECTED pixel=(78,103) depth=0.346 m surface=(0.308,0.004,0.050) m center=(0.308,0.004,0.025) m conf=0.98 edge=0.0deg sides=(0.050,0.048)m sync_rate=14.25 Hz mask_px=1304[0m
[0m[INFO] [1789224139.346793674] [perception]: DETECTED pixel=(78,103) depth=0.346 m surface=(0.308,0.004,0.050) m center=(0.308,0.004,0.025) m conf=0.98 edge=0.0deg sides=(0.050,0.048)m sync_rate=14.25 Hz mask_px=1304[0m
[0m[INFO] [1789224140.511648169] [perception]: NOT DETECTED[0m
[0m[INFO] [1789224141.541383512] [perception]: NOT DETECTED[0m
[0m[INFO] [1789224142.584782161] [perception]: NOT DETECTED[0m
[0m[INFO] [1789224143.620710030] [perception]: NOT DETECTED[0m
[0m[INFO] [1789224144.656597002] [perception]: NOT DETECTED[0m
[0m[INFO] [1789224145.997083548] [perception]: DETECTED pixel=(118,99) depth=0.123 m surface=(0.316,0.004,0.050) m center=(0.316,0.004,0.025) m conf=0.81 edge=0.8deg sides=(0.050,0.035)m sync_rate=14.25 Hz mask_px=430[0m
[0m[INFO] [1789224147.017376366] [perception]: DETECTED pixel=(116,152) depth=0.120 m surface=(0.315,0.004,0.050) m center=(0.315,0.004,0.025) m conf=0.87 edge=-0.4deg sides=(0.050,0.036)m sync_rate=14.25 Hz mask_px=694[0m
[0m[INFO] [1789224148.046357057] [perception]: DETECTED pixel=(114,152) depth=0.115 m surface=(0.315,0.004,0.050) m center=(0.315,0.004,0.025) m conf=0.88 edge=0.0deg sides=(0.050,0.037)m sync_rate=14.25 Hz mask_px=1107[0m
[0m[INFO] [1789224150.287948055] [perception]: DETECTED pixel=(107,49) depth=0.112 m surface=(0.315,0.004,0.050) m center=(0.315,0.004,0.025) m conf=0.80 edge=0.8deg sides=(0.050,0.039)m sync_rate=14.25 Hz mask_px=1576[0m
[0m[INFO] [1789224151.320823412] [perception]: DETECTED pixel=(106,50) depth=0.113 m surface=(0.315,0.004,0.049) m center=(0.315,0.004,0.024) m conf=0.90 edge=0.8deg sides=(0.050,0.040)m sync_rate=14.25 Hz mask_px=1642[0m
[0m[INFO] [1789224152.334800621] [perception]: DETECTED pixel=(105,51) depth=0.113 m surface=(0.315,0.004,0.049) m center=(0.315,0.004,0.024) m conf=0.90 edge=0.7deg sides=(0.050,0.040)m sync_rate=14.25 Hz mask_px=1757[0m
[0m[INFO] [1789224153.415574438] [perception]: DETECTED pixel=(105,51) depth=0.112 m surface=(0.315,0.004,0.050) m center=(0.315,0.004,0.025) m conf=0.90 edge=0.7deg sides=(0.050,0.040)m sync_rate=14.25 Hz mask_px=1871[0m
[0m[INFO] [1789224154.872903833] [perception]: DETECTED pixel=(105,51) depth=0.112 m surface=(0.315,0.004,0.056) m center=(0.315,0.004,0.031) m conf=0.80 edge=0.8deg sides=(0.050,0.040)m sync_rate=14.25 Hz mask_px=1896[0m
[0m[INFO] [1789224163.791186430] [perception]: DETECTED pixel=(105,51) depth=0.113 m surface=(0.317,0.004,0.079) m center=(0.317,0.004,0.054) m conf=0.80 edge=0.8deg sides=(0.050,0.040)m sync_rate=14.25 Hz mask_px=1871[0m
[0m[INFO] [1789224164.836824360] [perception]: DETECTED pixel=(104,52) depth=0.112 m surface=(0.316,0.004,0.050) m center=(0.316,0.004,0.025) m conf=0.89 edge=0.8deg sides=(0.050,0.041)m sync_rate=14.25 Hz mask_px=2015[0m
[0m[INFO] [1789224171.350564908] [perception]: DETECTED pixel=(108,50) depth=0.112 m surface=(0.316,0.004,0.050) m center=(0.316,0.004,0.025) m conf=0.79 edge=0.6deg sides=(0.050,0.040)m sync_rate=14.25 Hz mask_px=2125[0m
[0m[INFO] [1789224172.370715139] [perception]: NOT DETECTED[0m
[0m[INFO] [1789224173.406988597] [perception]: NOT DETECTED[0m
[0m[INFO] [1789224174.441061726] [perception]: DETECTED pixel=(78,103) depth=0.346 m surface=(0.310,0.003,0.050) m center=(0.310,0.003,0.025) m conf=0.97 edge=0.0deg sides=(0.050,0.049)m sync_rate=14.25 Hz mask_px=1315[0m
[0m[INFO] [1789224175.483334027] [perception]: DETECTED pixel=(79,92) depth=0.345 m surface=(0.303,-0.009,0.050) m center=(0.303,-0.009,0.025) m conf=0.97 edge=0.0deg sides=(0.050,0.049)m sync_rate=14.24 Hz mask_px=1298[0m
[0m[INFO] [1789224176.514445539] [perception]: DETECTED pixel=(79,92) depth=0.345 m surface=(0.303,-0.009,0.050) m center=(0.303,-0.009,0.025) m conf=0.97 edge=0.0deg sides=(0.050,0.049)m sync_rate=14.24 Hz mask_px=1298[0m
[0m[INFO] [1789224177.547090648] [perception]: DETECTED pixel=(79,92) depth=0.345 m surface=(0.303,-0.009,0.050) m center=(0.303,-0.009,0.025) m conf=0.97 edge=0.0deg sides=(0.050,0.049)m sync_rate=14.24 Hz mask_px=1298[0m
[0m[INFO] [1789224178.553450337] [perception]: DETECTED pixel=(85,93) depth=0.349 m surface=(0.309,-0.009,0.050) m center=(0.309,-0.009,0.025) m conf=0.89 edge=-0.1deg sides=(0.050,0.039)m sync_rate=14.24 Hz mask_px=917[0m
[0m[INFO] [1789224179.568637428] [perception]: NOT DETECTED[0m
[0m[INFO] [1789224180.605005996] [perception]: NOT DETECTED[0m
[0m[INFO] [1789224181.617163456] [perception]: NOT DETECTED[0m
[0m[INFO] [1789224182.657332140] [perception]: NOT DETECTED[0m
[0m[INFO] [1789224184.887786124] [perception]: DETECTED pixel=(118,101) depth=0.121 m surface=(0.311,-0.009,0.050) m center=(0.311,-0.009,0.025) m conf=0.81 edge=1.8deg sides=(0.050,0.035)m sync_rate=14.24 Hz mask_px=536[0m
[0m[INFO] [1789224185.943842929] [perception]: DETECTED pixel=(117,154) depth=0.117 m surface=(0.310,-0.008,0.050) m center=(0.310,-0.008,0.025) m conf=0.88 edge=-0.1deg sides=(0.050,0.036)m sync_rate=14.24 Hz mask_px=884[0m
[0m[INFO] [1789224186.958269804] [perception]: DETECTED pixel=(115,154) depth=0.113 m surface=(0.310,-0.008,0.050) m center=(0.310,-0.008,0.025) m conf=0.88 edge=0.1deg sides=(0.050,0.037)m sync_rate=14.25 Hz mask_px=1327[0m
[0m[INFO] [1789224188.007166174] [perception]: DETECTED pixel=(109,152) depth=0.110 m surface=(0.310,-0.009,0.050) m center=(0.310,-0.009,0.025) m conf=0.90 edge=1.4deg sides=(0.050,0.037)m sync_rate=14.25 Hz mask_px=1575[0m
[0m[INFO] [1789224189.045924112] [perception]: DETECTED pixel=(108,151) depth=0.112 m surface=(0.310,-0.009,0.050) m center=(0.310,-0.009,0.025) m conf=0.90 edge=-0.1deg sides=(0.050,0.038)m sync_rate=14.25 Hz mask_px=1543[0m
[0m[INFO] [1789224190.079496042] [perception]: DETECTED pixel=(107,150) depth=0.112 m surface=(0.311,-0.009,0.049) m center=(0.311,-0.009,0.024) m conf=0.89 edge=1.7deg sides=(0.050,0.039)m sync_rate=14.25 Hz mask_px=1660[0m
[0m[INFO] [1789224191.106516991] [perception]: DETECTED pixel=(106,149) depth=0.112 m surface=(0.311,-0.009,0.049) m center=(0.311,-0.009,0.024) m conf=0.89 edge=0.6deg sides=(0.050,0.039)m sync_rate=14.25 Hz mask_px=1748[0m
[0m[INFO] [1789224192.204816453] [perception]: DETECTED pixel=(106,149) depth=0.111 m surface=(0.310,-0.009,0.050) m center=(0.310,-0.009,0.025) m conf=0.90 edge=0.0deg sides=(0.050,0.039)m sync_rate=14.24 Hz mask_px=1831[0m
[0m[INFO] [1789224193.254276553] [perception]: DETECTED pixel=(106,149) depth=0.111 m surface=(0.311,-0.009,0.050) m center=(0.311,-0.009,0.025) m conf=0.88 edge=0.8deg sides=(0.050,0.039)m sync_rate=14.24 Hz mask_px=1911[0m
[0m[INFO] [1789224194.259261438] [perception]: DETECTED pixel=(106,149) depth=0.111 m surface=(0.310,-0.009,0.077) m center=(0.310,-0.009,0.052) m conf=0.86 edge=0.4deg sides=(0.050,0.039)m sync_rate=14.24 Hz mask_px=1910[0m
[0m[INFO] [1789224202.880969739] [perception]: DETECTED pixel=(106,150) depth=0.112 m surface=(0.313,-0.009,0.080) m center=(0.313,-0.009,0.055) m conf=0.80 edge=0.1deg sides=(0.050,0.039)m sync_rate=14.24 Hz mask_px=1825[0m
[0m[INFO] [1789224203.882816880] [perception]: DETECTED pixel=(105,149) depth=0.111 m surface=(0.312,-0.009,0.050) m center=(0.312,-0.009,0.025) m conf=0.88 edge=2.7deg sides=(0.050,0.039)m sync_rate=14.24 Hz mask_px=1926[0m
[0m[INFO] [1789224204.952193792] [perception]: DETECTED pixel=(105,148) depth=0.111 m surface=(0.311,-0.008,0.050) m center=(0.311,-0.008,0.025) m conf=0.88 edge=0.2deg sides=(0.050,0.040)m sync_rate=14.24 Hz mask_px=2014[0m
[0m[INFO] [1789224205.985561058] [perception]: DETECTED pixel=(105,148) depth=0.111 m surface=(0.311,-0.008,0.050) m center=(0.311,-0.008,0.025) m conf=0.88 edge=0.2deg sides=(0.050,0.040)m sync_rate=14.24 Hz mask_px=2014[0m
[0m[INFO] [1789224207.002086389] [perception]: DETECTED pixel=(105,148) depth=0.111 m surface=(0.311,-0.008,0.050) m center=(0.311,-0.008,0.025) m conf=0.88 edge=0.2deg sides=(0.050,0.040)m sync_rate=14.24 Hz mask_px=2014[0m
[0m[INFO] [1789224208.038387199] [perception]: DETECTED pixel=(105,148) depth=0.111 m surface=(0.311,-0.008,0.050) m center=(0.311,-0.008,0.025) m conf=0.88 edge=0.2deg sides=(0.050,0.040)m sync_rate=14.24 Hz mask_px=2014[0m
[0m[INFO] [1789224209.093019839] [perception]: DETECTED pixel=(105,148) depth=0.111 m surface=(0.311,-0.008,0.050) m center=(0.311,-0.008,0.025) m conf=0.88 edge=0.2deg sides=(0.050,0.040)m sync_rate=14.24 Hz mask_px=2036[0m
[0m[INFO] [1789224210.130192663] [perception]: DETECTED pixel=(108,150) depth=0.111 m surface=(0.311,-0.008,0.050) m center=(0.311,-0.008,0.025) m conf=0.87 edge=0.2deg sides=(0.050,0.040)m sync_rate=14.24 Hz mask_px=2260[0m
[0m[INFO] [1789224211.145615523] [perception]: NOT DETECTED[0m
[0m[INFO] [1789224212.194456303] [perception]: NOT DETECTED[0m
[0m[INFO] [1789224213.236067870] [perception]: DETECTED pixel=(87,93) depth=0.347 m surface=(0.305,-0.009,0.050) m center=(0.305,-0.009,0.025) m conf=0.93 edge=-0.2deg sides=(0.050,0.049)m sync_rate=14.24 Hz mask_px=712[0m
[0m[INFO] [1789224214.261314488] [perception]: DETECTED pixel=(80,102) depth=0.344 m surface=(0.301,0.003,0.050) m center=(0.301,0.003,0.025) m conf=0.88 edge=-0.0deg sides=(0.050,0.049)m sync_rate=14.24 Hz mask_px=1267[0m
[0m[INFO] [1789224215.276487145] [perception]: DETECTED pixel=(80,102) depth=0.343 m surface=(0.301,0.003,0.050) m center=(0.301,0.003,0.025) m conf=0.98 edge=0.0deg sides=(0.050,0.049)m sync_rate=14.24 Hz mask_px=1267[0m
[0m[INFO] [1789224216.349198566] [perception]: DETECTED pixel=(80,102) depth=0.343 m surface=(0.301,0.003,0.050) m center=(0.301,0.003,0.025) m conf=0.98 edge=0.0deg sides=(0.050,0.049)m sync_rate=14.24 Hz mask_px=1267[0m
[0m[INFO] [1789224217.399645182] [perception]: DETECTED pixel=(80,102) depth=0.343 m surface=(0.301,0.003,0.050) m center=(0.301,0.003,0.025) m conf=0.98 edge=0.0deg sides=(0.050,0.049)m sync_rate=14.24 Hz mask_px=1267[0m
[0m[INFO] [1789224218.625607952] [perception]: NOT DETECTED[0m
[0m[INFO] [1789224219.651870287] [perception]: NOT DETECTED[0m
[0m[INFO] [1789224220.680801204] [perception]: NOT DETECTED[0m
[0m[INFO] [1789224221.727683473] [perception]: NOT DETECTED[0m
[0m[INFO] [1789224224.469684505] [perception]: DETECTED pixel=(116,152) depth=0.121 m surface=(0.308,0.003,0.050) m center=(0.308,0.003,0.025) m conf=0.79 edge=0.5deg sides=(0.050,0.035)m sync_rate=14.24 Hz mask_px=614[0m
[0m[INFO] [1789224225.553226861] [perception]: DETECTED pixel=(114,152) depth=0.116 m surface=(0.308,0.003,0.050) m center=(0.308,0.003,0.025) m conf=0.89 edge=0.4deg sides=(0.050,0.036)m sync_rate=14.24 Hz mask_px=995[0m
[0m[INFO] [1789224226.624237449] [perception]: DETECTED pixel=(112,152) depth=0.112 m surface=(0.307,0.003,0.050) m center=(0.307,0.003,0.025) m conf=0.90 edge=0.5deg sides=(0.050,0.037)m sync_rate=14.24 Hz mask_px=1451[0m
[0m[INFO] [1789224227.691372071] [perception]: DETECTED pixel=(107,150) depth=0.110 m surface=(0.307,0.003,0.050) m center=(0.307,0.003,0.025) m conf=0.92 edge=0.6deg sides=(0.050,0.037)m sync_rate=14.24 Hz mask_px=1576[0m
[0m[INFO] [1789224228.715458767] [perception]: DETECTED pixel=(108,49) depth=0.113 m surface=(0.309,0.003,0.049) m center=(0.309,0.003,0.024) m conf=0.90 edge=0.6deg sides=(0.050,0.038)m sync_rate=14.24 Hz mask_px=1470[0m
[0m[INFO] [1789224229.777487800] [perception]: DETECTED pixel=(106,50) depth=0.112 m surface=(0.308,0.003,0.049) m center=(0.308,0.003,0.024) m conf=0.89 edge=0.5deg sides=(0.050,0.039)m sync_rate=14.24 Hz mask_px=1708[0m
[0m[INFO] [1789224230.789284371] [perception]: DETECTED pixel=(104,147) depth=0.112 m surface=(0.308,0.003,0.049) m center=(0.308,0.003,0.024) m conf=0.90 edge=0.4deg sides=(0.050,0.039)m sync_rate=14.24 Hz mask_px=1801[0m
[0m[INFO] [1789224231.870028436] [perception]: DETECTED pixel=(105,51) depth=0.111 m surface=(0.308,0.003,0.050) m center=(0.308,0.003,0.025) m conf=0.89 edge=0.4deg sides=(0.050,0.039)m sync_rate=14.24 Hz mask_px=1871[0m
[0m[INFO] [1789224232.912612885] [perception]: DETECTED pixel=(103,146) depth=0.111 m surface=(0.308,0.003,0.050) m center=(0.308,0.003,0.025) m conf=0.89 edge=0.5deg sides=(0.050,0.039)m sync_rate=14.24 Hz mask_px=1949[0m
[0m[INFO] [1789224233.960988532] [perception]: DETECTED pixel=(103,146) depth=0.111 m surface=(0.308,0.003,0.078) m center=(0.308,0.003,0.053) m conf=0.87 edge=0.5deg sides=(0.050,0.039)m sync_rate=14.24 Hz mask_px=1934[0m
[0m[INFO] [1789224242.241753181] [perception]: DETECTED pixel=(105,51) depth=0.111 m surface=(0.310,0.003,0.080) m center=(0.310,0.003,0.055) m conf=0.79 edge=-0.1deg sides=(0.050,0.039)m sync_rate=14.24 Hz mask_px=1863[0m
[0m[INFO] [1789224243.270245920] [perception]: DETECTED pixel=(104,51) depth=0.111 m surface=(0.308,0.003,0.050) m center=(0.308,0.003,0.025) m conf=0.89 edge=-0.0deg sides=(0.050,0.039)m sync_rate=14.24 Hz mask_px=2008[0m
[0m[INFO] [1789224244.316032665] [perception]: DETECTED pixel=(104,51) depth=0.111 m surface=(0.308,0.002,0.050) m center=(0.308,0.002,0.025) m conf=0.89 edge=0.6deg sides=(0.050,0.039)m sync_rate=14.24 Hz mask_px=2039[0m
[0m[INFO] [1789224245.328850081] [perception]: DETECTED pixel=(104,51) depth=0.111 m surface=(0.308,0.002,0.050) m center=(0.308,0.002,0.025) m conf=0.89 edge=0.6deg sides=(0.050,0.039)m sync_rate=14.24 Hz mask_px=2035[0m
[0m[INFO] [1789224246.418112796] [perception]: DETECTED pixel=(104,51) depth=0.111 m surface=(0.308,0.002,0.050) m center=(0.308,0.002,0.025) m conf=0.89 edge=0.6deg sides=(0.050,0.039)m sync_rate=14.24 Hz mask_px=2039[0m
[0m[INFO] [1789224247.447915397] [perception]: DETECTED pixel=(104,51) depth=0.111 m surface=(0.308,0.002,0.050) m center=(0.308,0.002,0.025) m conf=0.89 edge=0.6deg sides=(0.050,0.039)m sync_rate=14.24 Hz mask_px=2035[0m
[0m[INFO] [1789224248.483019974] [perception]: DETECTED pixel=(104,51) depth=0.111 m surface=(0.308,0.002,0.050) m center=(0.308,0.002,0.025) m conf=0.91 edge=0.6deg sides=(0.050,0.039)m sync_rate=14.24 Hz mask_px=2076[0m
[0m[INFO] [1789224249.514301372] [perception]: DETECTED pixel=(107,50) depth=0.110 m surface=(0.308,0.003,0.050) m center=(0.308,0.003,0.025) m conf=0.88 edge=0.6deg sides=(0.050,0.039)m sync_rate=14.24 Hz mask_px=2288[0m
[0m[INFO] [1789224250.547666304] [perception]: NOT DETECTED[0m
[0m[INFO] [1789224251.592906997] [perception]: NOT DETECTED[0m
[0m[INFO] [1789224252.670611147] [perception]: DETECTED pixel=(89,102) depth=0.345 m surface=(0.303,0.002,0.050) m center=(0.303,0.002,0.025) m conf=0.91 edge=0.1deg sides=(0.050,0.049)m sync_rate=14.24 Hz mask_px=554[0m
[0m[INFO] [1789224253.711097778] [perception]: DETECTED pixel=(79,96) depth=0.345 m surface=(0.306,-0.004,0.050) m center=(0.306,-0.004,0.025) m conf=0.97 edge=0.0deg sides=(0.050,0.048)m sync_rate=14.24 Hz mask_px=1282[0m
[0m[INFO] [1789224254.747677691] [perception]: DETECTED pixel=(79,96) depth=0.345 m surface=(0.306,-0.004,0.050) m center=(0.306,-0.004,0.025) m conf=0.97 edge=0.0deg sides=(0.050,0.048)m sync_rate=14.24 Hz mask_px=1282[0m
[0m[INFO] [1789224255.750378247] [perception]: DETECTED pixel=(79,96) depth=0.345 m surface=(0.306,-0.004,0.050) m center=(0.306,-0.004,0.025) m conf=0.97 edge=0.0deg sides=(0.050,0.048)m sync_rate=14.24 Hz mask_px=1284[0m
[0m[INFO] [1789224256.844901140] [perception]: DETECTED pixel=(79,96) depth=0.345 m surface=(0.306,-0.004,0.050) m center=(0.306,-0.004,0.025) m conf=0.97 edge=0.0deg sides=(0.050,0.048)m sync_rate=14.24 Hz mask_px=1284[0m
[0m[INFO] [1789224257.976794202] [perception]: NOT DETECTED[0m
[0m[INFO] [1789224259.020751021] [perception]: NOT DETECTED[0m
[0m[INFO] [1789224260.062134700] [perception]: NOT DETECTED[0m
[0m[INFO] [1789224261.094603564] [perception]: NOT DETECTED[0m
[0m[INFO] [1789224289.662089611] [perception]: NOT DETECTED[0m
[0m[INFO] [1789224290.708373808] [perception]: NOT DETECTED[0m
[0m[INFO] [1789224291.862358435] [perception]: DETECTED pixel=(90,96) depth=0.348 m surface=(0.309,-0.004,0.050) m center=(0.309,-0.004,0.025) m conf=0.81 edge=-0.1deg sides=(0.050,0.049)m sync_rate=14.24 Hz mask_px=508[0m
[0m[INFO] [1789224292.889851966] [perception]: DETECTED pixel=(80,95) depth=0.344 m surface=(0.299,-0.006,0.050) m center=(0.299,-0.006,0.025) m conf=0.88 edge=0.0deg sides=(0.050,0.049)m sync_rate=14.24 Hz mask_px=1246[0m
[0m[INFO] [1789224293.929533570] [perception]: DETECTED pixel=(80,95) depth=0.343 m surface=(0.299,-0.006,0.050) m center=(0.299,-0.006,0.025) m conf=0.97 edge=0.0deg sides=(0.050,0.049)m sync_rate=14.23 Hz mask_px=1246[0m
[0m[INFO] [1789224294.984293934] [perception]: DETECTED pixel=(80,95) depth=0.343 m surface=(0.299,-0.006,0.050) m center=(0.299,-0.006,0.025) m conf=0.97 edge=0.0deg sides=(0.050,0.049)m sync_rate=14.23 Hz mask_px=1246[0m
[0m[INFO] [1789224296.069006747] [perception]: DETECTED pixel=(80,95) depth=0.343 m surface=(0.299,-0.006,0.050) m center=(0.299,-0.006,0.025) m conf=0.97 edge=0.0deg sides=(0.050,0.049)m sync_rate=14.23 Hz mask_px=1246[0m
[0m[INFO] [1789224297.071723974] [perception]: NOT DETECTED[0m
[0m[INFO] [1789224298.107287357] [perception]: NOT DETECTED[0m
[0m[INFO] [1789224299.152463239] [perception]: NOT DETECTED[0m
[0m[INFO] [1789224300.194737494] [perception]: NOT DETECTED[0m
[0m[INFO] [1789224302.339932323] [perception]: DETECTED pixel=(118,100) depth=0.122 m surface=(0.307,-0.006,0.050) m center=(0.307,-0.006,0.025) m conf=0.81 edge=1.1deg sides=(0.050,0.035)m sync_rate=14.24 Hz mask_px=495[0m
[0m[INFO] [1789224303.384135872] [perception]: DETECTED pixel=(117,154) depth=0.118 m surface=(0.306,-0.006,0.050) m center=(0.306,-0.006,0.025) m conf=0.87 edge=0.2deg sides=(0.050,0.036)m sync_rate=14.24 Hz mask_px=787[0m
[0m[INFO] [1789224304.412043269] [perception]: DETECTED pixel=(114,153) depth=0.114 m surface=(0.306,-0.006,0.050) m center=(0.306,-0.006,0.025) m conf=0.89 edge=0.0deg sides=(0.050,0.037)m sync_rate=14.24 Hz mask_px=1199[0m
[0m[INFO] [1789224305.498971221] [perception]: DETECTED pixel=(111,152) depth=0.110 m surface=(0.305,-0.006,0.050) m center=(0.305,-0.006,0.025) m conf=0.89 edge=-0.1deg sides=(0.050,0.038)m sync_rate=14.24 Hz mask_px=1892[0m
[0m[INFO] [1789224306.518833549] [perception]: DETECTED pixel=(107,151) depth=0.110 m surface=(0.305,-0.006,0.050) m center=(0.305,-0.006,0.025) m conf=0.90 edge=-0.1deg sides=(0.050,0.038)m sync_rate=14.24 Hz mask_px=1657[0m
[0m[INFO] [1789224307.567369783] [perception]: DETECTED pixel=(106,149) depth=0.112 m surface=(0.307,-0.006,0.049) m center=(0.307,-0.006,0.024) m conf=0.89 edge=0.0deg sides=(0.050,0.039)m sync_rate=14.24 Hz mask_px=1653[0m
[0m[INFO] [1789224308.567358578] [perception]: DETECTED pixel=(106,149) depth=0.111 m surface=(0.306,-0.006,0.049) m center=(0.306,-0.006,0.024) m conf=0.90 edge=0.1deg sides=(0.050,0.039)m sync_rate=14.24 Hz mask_px=1806[0m
[0m[INFO] [1789224309.647460062] [perception]: DETECTED pixel=(105,148) depth=0.111 m surface=(0.306,-0.006,0.049) m center=(0.306,-0.006,0.024) m conf=0.90 edge=-0.1deg sides=(0.050,0.039)m sync_rate=14.24 Hz mask_px=1923[0m
[0m[INFO] [1789224310.694729981] [perception]: DETECTED pixel=(105,148) depth=0.110 m surface=(0.307,-0.006,0.050) m center=(0.307,-0.006,0.025) m conf=0.88 edge=0.9deg sides=(0.050,0.039)m sync_rate=14.24 Hz mask_px=2002[0m
[0m[INFO] [1789224311.738939652] [perception]: DETECTED pixel=(105,148) depth=0.110 m surface=(0.307,-0.006,0.070) m center=(0.307,-0.006,0.045) m conf=0.86 edge=1.0deg sides=(0.050,0.039)m sync_rate=14.24 Hz mask_px=2009[0m
[0m[INFO] [1789224320.192308377] [perception]: DETECTED pixel=(105,149) depth=0.111 m surface=(0.309,-0.006,0.081) m center=(0.309,-0.006,0.056) m conf=0.79 edge=0.1deg sides=(0.050,0.038)m sync_rate=14.24 Hz mask_px=1942[0m
[0m[INFO] [1789224321.211866898] [perception]: DETECTED pixel=(104,148) depth=0.111 m surface=(0.307,-0.006,0.050) m center=(0.307,-0.006,0.025) m conf=0.88 edge=0.0deg sides=(0.050,0.040)m sync_rate=14.24 Hz mask_px=2085[0m
[0m[INFO] [1789224322.248245377] [perception]: DETECTED pixel=(104,147) depth=0.110 m surface=(0.307,-0.006,0.050) m center=(0.307,-0.006,0.025) m conf=0.88 edge=0.5deg sides=(0.050,0.039)m sync_rate=14.24 Hz mask_px=2140[0m
[0m[INFO] [1789224323.296373467] [perception]: DETECTED pixel=(104,147) depth=0.110 m surface=(0.307,-0.006,0.050) m center=(0.307,-0.006,0.025) m conf=0.88 edge=0.5deg sides=(0.050,0.039)m sync_rate=14.24 Hz mask_px=2140[0m
[0m[INFO] [1789224324.344307850] [perception]: DETECTED pixel=(104,147) depth=0.110 m surface=(0.307,-0.006,0.050) m center=(0.307,-0.006,0.025) m conf=0.88 edge=0.5deg sides=(0.050,0.039)m sync_rate=14.24 Hz mask_px=2140[0m
[0m[INFO] [1789224325.406477860] [perception]: DETECTED pixel=(104,147) depth=0.110 m surface=(0.307,-0.006,0.050) m center=(0.307,-0.006,0.025) m conf=0.88 edge=0.5deg sides=(0.050,0.039)m sync_rate=14.24 Hz mask_px=2140[0m
[0m[INFO] [1789224326.409132628] [perception]: DETECTED pixel=(104,147) depth=0.110 m surface=(0.307,-0.006,0.050) m center=(0.307,-0.006,0.025) m conf=0.89 edge=0.5deg sides=(0.050,0.039)m sync_rate=14.24 Hz mask_px=2162[0m
[0m[INFO] [1789224327.430892257] [perception]: DETECTED pixel=(107,149) depth=0.110 m surface=(0.307,-0.006,0.050) m center=(0.307,-0.006,0.025) m conf=0.87 edge=0.5deg sides=(0.050,0.039)m sync_rate=14.24 Hz mask_px=2389[0m
[0m[INFO] [1789224328.463621633] [perception]: NOT DETECTED[0m
[0m[INFO] [1789224329.497211713] [perception]: NOT DETECTED[0m
[0m[INFO] [1789224330.553105075] [perception]: DETECTED pixel=(90,95) depth=0.344 m surface=(0.301,-0.006,0.050) m center=(0.301,-0.006,0.025) m conf=0.90 edge=-0.2deg sides=(0.050,0.050)m sync_rate=14.24 Hz mask_px=519[0m
[0m[INFO] [1789224331.609468866] [perception]: DETECTED pixel=(78,99) depth=0.346 m surface=(0.309,-0.001,0.050) m center=(0.309,-0.001,0.025) m conf=0.98 edge=-0.0deg sides=(0.050,0.049)m sync_rate=14.24 Hz mask_px=1315[0m
[0m[INFO] [1789224332.645135839] [perception]: DETECTED pixel=(78,99) depth=0.346 m surface=(0.309,-0.001,0.050) m center=(0.309,-0.001,0.025) m conf=0.98 edge=0.0deg sides=(0.050,0.049)m sync_rate=14.23 Hz mask_px=1315[0m
[0m[INFO] [1789224333.663244107] [perception]: DETECTED pixel=(78,99) depth=0.346 m surface=(0.309,-0.001,0.050) m center=(0.309,-0.001,0.025) m conf=0.98 edge=0.0deg sides=(0.050,0.049)m sync_rate=14.23 Hz mask_px=1315[0m
[0m[INFO] [1789224334.698056952] [perception]: DETECTED pixel=(78,99) depth=0.346 m surface=(0.309,-0.001,0.050) m center=(0.309,-0.001,0.025) m conf=0.98 edge=0.0deg sides=(0.050,0.049)m sync_rate=14.23 Hz mask_px=1315[0m
[0m[INFO] [1789224335.750118643] [perception]: DETECTED pixel=(90,99) depth=0.355 m surface=(0.310,-0.001,0.050) m center=(0.310,-0.001,0.025) m conf=0.82 edge=-0.0deg sides=(0.050,0.050)m sync_rate=14.23 Hz mask_px=503[0m
[0m[INFO] [1789224336.777839594] [perception]: NOT DETECTED[0m
[0m[INFO] [1789224337.810468324] [perception]: NOT DETECTED[0m
[0m[INFO] [1789224338.863159116] [perception]: NOT DETECTED[0m
[0m[INFO] [1789224339.904750302] [perception]: NOT DETECTED[0m
[0m[INFO] [1789224367.916148650] [perception]: NOT DETECTED[0m
[0m[INFO] [1789224368.944875778] [perception]: NOT DETECTED[0m
[0m[INFO] [1789224370.009912889] [perception]: DETECTED pixel=(118,99) depth=0.326 m surface=(0.312,-0.001,0.050) m center=(0.312,-0.001,0.025) m conf=0.85 edge=-0.0deg sides=(0.050,0.049)m sync_rate=14.24 Hz mask_px=323[0m
[0m[INFO] [1789224371.120982246] [perception]: DETECTED pixel=(79,106) depth=0.345 m surface=(0.303,0.007,0.050) m center=(0.303,0.007,0.025) m conf=0.88 edge=0.0deg sides=(0.050,0.049)m sync_rate=14.23 Hz mask_px=1302[0m
[0m[INFO] [1789224372.144929791] [perception]: DETECTED pixel=(79,106) depth=0.345 m surface=(0.303,0.007,0.050) m center=(0.303,0.007,0.025) m conf=0.97 edge=0.0deg sides=(0.050,0.049)m sync_rate=14.23 Hz mask_px=1302[0m
[0m[INFO] [1789224373.178289104] [perception]: DETECTED pixel=(79,106) depth=0.345 m surface=(0.303,0.007,0.050) m center=(0.303,0.007,0.025) m conf=0.97 edge=0.0deg sides=(0.050,0.049)m sync_rate=14.23 Hz mask_px=1302[0m
[0m[INFO] [1789224374.195831540] [perception]: DETECTED pixel=(79,106) depth=0.345 m surface=(0.303,0.007,0.050) m center=(0.303,0.007,0.025) m conf=0.97 edge=0.0deg sides=(0.050,0.049)m sync_rate=14.23 Hz mask_px=1302[0m
[0m[INFO] [1789224375.233874825] [perception]: NOT DETECTED[0m
[0m[INFO] [1789224376.278798452] [perception]: NOT DETECTED[0m
[0m[INFO] [1789224377.298820834] [perception]: NOT DETECTED[0m
[0m[INFO] [1789224378.349891887] [perception]: NOT DETECTED[0m
[0m[INFO] [1789224406.200340235] [perception]: NOT DETECTED[0m
[0m[INFO] [1789224407.218099385] [perception]: NOT DETECTED[0m
[0m[INFO] [1789224408.351801044] [perception]: DETECTED pixel=(89,106) depth=0.346 m surface=(0.305,0.006,0.050) m center=(0.305,0.006,0.025) m conf=0.82 edge=0.2deg sides=(0.050,0.050)m sync_rate=14.24 Hz mask_px=553[0m
[0m[INFO] [1789224409.414945630] [perception]: DETECTED pixel=(77,100) depth=0.347 m surface=(0.311,0.000,0.050) m center=(0.311,0.000,0.025) m conf=0.97 edge=0.0deg sides=(0.050,0.050)m sync_rate=14.24 Hz mask_px=1347[0m
[0m[INFO] [1789224410.425012479] [perception]: DETECTED pixel=(77,100) depth=0.347 m surface=(0.311,0.000,0.050) m center=(0.311,0.000,0.025) m conf=0.98 edge=0.0deg sides=(0.050,0.050)m sync_rate=14.23 Hz mask_px=1347[0m
[0m[INFO] [1789224411.436279570] [perception]: DETECTED pixel=(77,100) depth=0.347 m surface=(0.311,0.000,0.050) m center=(0.311,0.000,0.025) m conf=0.98 edge=0.0deg sides=(0.050,0.050)m sync_rate=14.23 Hz mask_px=1347[0m
[0m[INFO] [1789224412.492328952] [perception]: DETECTED pixel=(77,100) depth=0.347 m surface=(0.311,0.000,0.050) m center=(0.311,0.000,0.025) m conf=0.98 edge=0.0deg sides=(0.050,0.050)m sync_rate=14.23 Hz mask_px=1347[0m
[0m[INFO] [1789224413.536370870] [perception]: DETECTED pixel=(82,100) depth=0.350 m surface=(0.312,0.001,0.050) m center=(0.312,0.001,0.025) m conf=0.95 edge=0.0deg sides=(0.050,0.047)m sync_rate=14.23 Hz mask_px=1127[0m
[0m[INFO] [1789224414.542549401] [perception]: NOT DETECTED[0m
[0m[INFO] [1789224415.565617874] [perception]: NOT DETECTED[0m
[0m[INFO] [1789224416.595613780] [perception]: NOT DETECTED[0m
[0m[INFO] [1789224417.623524809] [perception]: NOT DETECTED[0m
[0m[INFO] [1789224418.657882965] [perception]: NOT DETECTED[0m
[0m[INFO] [1789224420.722729130] [perception]: DETECTED pixel=(118,99) depth=0.121 m surface=(0.318,0.001,0.050) m center=(0.318,0.001,0.025) m conf=0.81 edge=0.1deg sides=(0.050,0.035)m sync_rate=14.24 Hz mask_px=533[0m
[0m[INFO] [1789224421.747697776] [perception]: DETECTED pixel=(117,153) depth=0.116 m surface=(0.317,0.001,0.050) m center=(0.317,0.001,0.025) m conf=0.89 edge=0.1deg sides=(0.050,0.036)m sync_rate=14.24 Hz mask_px=905[0m
[0m[INFO] [1789224424.144095855] [perception]: DETECTED pixel=(109,49) depth=0.112 m surface=(0.317,0.000,0.050) m center=(0.317,0.000,0.025) m conf=0.80 edge=0.1deg sides=(0.050,0.037)m sync_rate=14.24 Hz mask_px=1298[0m
[0m[INFO] [1789224425.198541532] [perception]: DETECTED pixel=(107,149) depth=0.114 m surface=(0.318,0.000,0.049) m center=(0.318,0.000,0.024) m conf=0.90 edge=0.2deg sides=(0.050,0.039)m sync_rate=14.24 Hz mask_px=1404[0m
[0m[INFO] [1789224426.261516899] [perception]: DETECTED pixel=(107,149) depth=0.113 m surface=(0.318,0.000,0.049) m center=(0.318,0.000,0.024) m conf=0.90 edge=0.2deg sides=(0.050,0.040)m sync_rate=14.24 Hz mask_px=1505[0m
[0m[INFO] [1789224437.604239849] [perception]: DETECTED pixel=(106,51) depth=0.113 m surface=(0.320,0.000,0.081) m center=(0.320,0.000,0.056) m conf=0.80 edge=0.1deg sides=(0.050,0.039)m sync_rate=14.24 Hz mask_px=1608[0m
[0m[INFO] [1789224445.228537911] [perception]: DETECTED pixel=(109,49) depth=0.112 m surface=(0.318,0.000,0.050) m center=(0.318,0.000,0.025) m conf=0.78 edge=0.1deg sides=(0.050,0.039)m sync_rate=14.24 Hz mask_px=1839[0m
[0m[INFO] [1789224446.258658262] [perception]: NOT DETECTED[0m
[0m[INFO] [1789224447.312645811] [perception]: NOT DETECTED[0m
[0m[INFO] [1789224448.365744437] [perception]: DETECTED pixel=(82,100) depth=0.351 m surface=(0.316,0.000,0.050) m center=(0.316,0.000,0.025) m conf=0.92 edge=0.0deg sides=(0.050,0.045)m sync_rate=14.24 Hz mask_px=1106[0m
[0m[INFO] [1789224449.437866265] [perception]: DETECTED pixel=(78,98) depth=0.346 m surface=(0.307,-0.003,0.050) m center=(0.307,-0.003,0.025) m conf=0.98 edge=0.0deg sides=(0.050,0.050)m sync_rate=14.24 Hz mask_px=1318[0m
[0m[INFO] [1789224450.467380343] [perception]: DETECTED pixel=(78,98) depth=0.346 m surface=(0.307,-0.003,0.050) m center=(0.307,-0.003,0.025) m conf=0.98 edge=0.0deg sides=(0.050,0.050)m sync_rate=14.23 Hz mask_px=1318[0m
[0m[INFO] [1789224451.500532446] [perception]: DETECTED pixel=(78,98) depth=0.346 m surface=(0.307,-0.003,0.050) m center=(0.307,-0.003,0.025) m conf=0.98 edge=0.0deg sides=(0.050,0.050)m sync_rate=14.23 Hz mask_px=1319[0m
[0m[INFO] [1789224452.546023117] [perception]: DETECTED pixel=(78,98) depth=0.346 m surface=(0.307,-0.003,0.050) m center=(0.307,-0.003,0.025) m conf=0.98 edge=0.0deg sides=(0.050,0.050)m sync_rate=14.23 Hz mask_px=1319[0m
[0m[INFO] [1789224453.568468404] [perception]: NOT DETECTED[0m
[0m[INFO] [1789224454.599636413] [perception]: NOT DETECTED[0m
[0m[INFO] [1789224455.621890515] [perception]: NOT DETECTED[0m
[0m[INFO] [1789224456.647665648] [perception]: NOT DETECTED[0m
[0m[INFO] [1789224457.658633449] [perception]: NOT DETECTED[0m
[0m[INFO] [1789224484.844744003] [perception]: NOT DETECTED[0m
[0m[INFO] [1789224485.863910121] [perception]: NOT DETECTED[0m
[0m[INFO] [1789224486.886347130] [perception]: DETECTED pixel=(118,99) depth=0.324 m surface=(0.309,-0.003,0.050) m center=(0.309,-0.003,0.025) m conf=0.85 edge=-0.1deg sides=(0.050,0.050)m sync_rate=14.24 Hz mask_px=270[0m
[0m[INFO] [1789224487.897817565] [perception]: NOT DETECTED[0m
[0m[INFO] [1789224488.899259581] [perception]: DETECTED pixel=(79,104) depth=0.345 m surface=(0.303,0.005,0.050) m center=(0.303,0.005,0.025) m conf=0.98 edge=0.0deg sides=(0.050,0.049)m sync_rate=14.24 Hz mask_px=1288[0m
[0m[INFO] [1789224489.930516448] [perception]: DETECTED pixel=(79,104) depth=0.345 m surface=(0.303,0.005,0.050) m center=(0.303,0.005,0.025) m conf=0.98 edge=0.0deg sides=(0.050,0.049)m sync_rate=14.24 Hz mask_px=1288[0m
[0m[INFO] [1789224490.932005353] [perception]: DETECTED pixel=(79,104) depth=0.345 m surface=(0.303,0.005,0.050) m center=(0.303,0.005,0.025) m conf=0.98 edge=0.0deg sides=(0.050,0.049)m sync_rate=14.24 Hz mask_px=1288[0m
[0m[INFO] [1789224492.212115724] [perception]: NOT DETECTED[0m
[0m[INFO] [1789224493.243797946] [perception]: NOT DETECTED[0m
[0m[INFO] [1789224494.279134796] [perception]: NOT DETECTED[0m
[0m[INFO] [1789224495.303340927] [perception]: NOT DETECTED[0m
[0m[INFO] [1789224497.917825930] [perception]: DETECTED pixel=(118,99) depth=0.121 m surface=(0.310,0.005,0.050) m center=(0.310,0.005,0.025) m conf=0.81 edge=-0.2deg sides=(0.050,0.035)m sync_rate=14.24 Hz mask_px=551[0m
[0m[INFO] [1789224498.971614864] [perception]: DETECTED pixel=(115,152) depth=0.117 m surface=(0.310,0.005,0.050) m center=(0.310,0.005,0.025) m conf=0.88 edge=0.3deg sides=(0.050,0.036)m sync_rate=14.24 Hz mask_px=890[0m
[0m[INFO] [1789224500.008458119] [perception]: DETECTED pixel=(113,152) depth=0.113 m surface=(0.309,0.005,0.050) m center=(0.309,0.005,0.025) m conf=0.90 edge=0.2deg sides=(0.050,0.037)m sync_rate=14.24 Hz mask_px=1368[0m
[0m[INFO] [1789224501.028407076] [perception]: DETECTED pixel=(107,149) depth=0.111 m surface=(0.309,0.005,0.050) m center=(0.309,0.005,0.025) m conf=0.90 edge=0.9deg sides=(0.050,0.037)m sync_rate=14.24 Hz mask_px=1536[0m
[0m[INFO] [1789224502.058904520] [perception]: DETECTED pixel=(108,49) depth=0.112 m surface=(0.310,0.005,0.050) m center=(0.310,0.005,0.025) m conf=0.91 edge=1.0deg sides=(0.050,0.038)m sync_rate=14.24 Hz mask_px=1507[0m
[0m[INFO] [1789224503.084785774] [perception]: DETECTED pixel=(106,50) depth=0.112 m surface=(0.310,0.005,0.049) m center=(0.310,0.005,0.024) m conf=0.90 edge=0.9deg sides=(0.050,0.039)m sync_rate=14.24 Hz mask_px=1677[0m
[0m[INFO] [1789224504.126225313] [perception]: DETECTED pixel=(106,51) depth=0.112 m surface=(0.310,0.005,0.049) m center=(0.310,0.005,0.024) m conf=0.89 edge=0.9deg sides=(0.050,0.039)m sync_rate=14.24 Hz mask_px=1752[0m
[0m[INFO] [1789224505.185063501] [perception]: DETECTED pixel=(106,50) depth=0.111 m surface=(0.310,0.005,0.050) m center=(0.310,0.005,0.025) m conf=0.90 edge=-0.0deg sides=(0.050,0.040)m sync_rate=14.24 Hz mask_px=1809[0m
[0m[INFO] [1789224506.236472255] [perception]: DETECTED pixel=(105,51) depth=0.111 m surface=(0.310,0.005,0.059) m center=(0.310,0.005,0.034) m conf=0.87 edge=0.3deg sides=(0.050,0.039)m sync_rate=14.24 Hz mask_px=1862[0m
[0m[INFO] [1789224514.900366303] [perception]: DETECTED pixel=(106,50) depth=0.112 m surface=(0.312,0.004,0.080) m center=(0.312,0.004,0.055) m conf=0.80 edge=0.9deg sides=(0.050,0.039)m sync_rate=14.24 Hz mask_px=1789[0m
[0m[INFO] [1789224515.929115532] [perception]: DETECTED pixel=(105,50) depth=0.111 m surface=(0.310,0.005,0.050) m center=(0.310,0.005,0.025) m conf=0.89 edge=-0.1deg sides=(0.050,0.040)m sync_rate=14.24 Hz mask_px=1934[0m
[0m[INFO] [1789224516.934935470] [perception]: DETECTED pixel=(105,51) depth=0.111 m surface=(0.310,0.004,0.050) m center=(0.310,0.004,0.025) m conf=0.89 edge=0.9deg sides=(0.050,0.040)m sync_rate=14.24 Hz mask_px=1988[0m
[0m[INFO] [1789224517.975347775] [perception]: DETECTED pixel=(105,51) depth=0.111 m surface=(0.310,0.004,0.050) m center=(0.310,0.004,0.025) m conf=0.89 edge=0.9deg sides=(0.050,0.040)m sync_rate=14.24 Hz mask_px=1988[0m
[0m[INFO] [1789224518.997160799] [perception]: DETECTED pixel=(105,51) depth=0.111 m surface=(0.310,0.004,0.050) m center=(0.310,0.004,0.025) m conf=0.89 edge=0.9deg sides=(0.050,0.040)m sync_rate=14.24 Hz mask_px=1988[0m
[0m[INFO] [1789224520.029991912] [perception]: DETECTED pixel=(105,51) depth=0.111 m surface=(0.310,0.004,0.050) m center=(0.310,0.004,0.025) m conf=0.89 edge=0.9deg sides=(0.050,0.040)m sync_rate=14.24 Hz mask_px=1988[0m
[0m[INFO] [1789224521.084337494] [perception]: DETECTED pixel=(105,51) depth=0.111 m surface=(0.310,0.004,0.050) m center=(0.310,0.004,0.025) m conf=0.89 edge=0.9deg sides=(0.050,0.040)m sync_rate=14.24 Hz mask_px=1988[0m
[0m[INFO] [1789224522.169617024] [perception]: DETECTED pixel=(108,50) depth=0.111 m surface=(0.310,0.005,0.050) m center=(0.310,0.005,0.025) m conf=0.88 edge=0.1deg sides=(0.050,0.040)m sync_rate=14.24 Hz mask_px=2250[0m
[0m[INFO] [1789224523.178729436] [perception]: NOT DETECTED[0m
[0m[INFO] [1789224524.200798339] [perception]: NOT DETECTED[0m
[0m[INFO] [1789224525.220780848] [perception]: DETECTED pixel=(83,103) depth=0.347 m surface=(0.309,0.004,0.050) m center=(0.309,0.004,0.025) m conf=0.86 edge=0.1deg sides=(0.050,0.042)m sync_rate=14.24 Hz mask_px=1076[0m
[0m[INFO] [1789224526.238525388] [perception]: DETECTED pixel=(80,104) depth=0.343 m surface=(0.301,0.004,0.050) m center=(0.301,0.004,0.025) m conf=0.97 edge=0.0deg sides=(0.050,0.049)m sync_rate=14.24 Hz mask_px=1273[0m
[0m[INFO] [1789224527.260982359] [perception]: DETECTED pixel=(80,104) depth=0.343 m surface=(0.301,0.004,0.050) m center=(0.301,0.004,0.025) m conf=0.97 edge=0.0deg sides=(0.050,0.049)m sync_rate=14.24 Hz mask_px=1273[0m
[0m[INFO] [1789224528.299516618] [perception]: DETECTED pixel=(80,104) depth=0.343 m surface=(0.301,0.004,0.050) m center=(0.301,0.004,0.025) m conf=0.97 edge=0.0deg sides=(0.050,0.049)m sync_rate=14.24 Hz mask_px=1273[0m
[0m[INFO] [1789224529.344901077] [perception]: DETECTED pixel=(80,104) depth=0.343 m surface=(0.301,0.004,0.050) m center=(0.301,0.004,0.025) m conf=0.97 edge=0.0deg sides=(0.050,0.049)m sync_rate=14.24 Hz mask_px=1273[0m
[0m[INFO] [1789224530.371254872] [perception]: NOT DETECTED[0m
[0m[INFO] [1789224531.400972388] [perception]: NOT DETECTED[0m
[0m[INFO] [1789224532.427504142] [perception]: NOT DETECTED[0m
[0m[INFO] [1789224533.458797713] [perception]: NOT DETECTED[0m
[0m[INFO] [1789224535.531547021] [perception]: DETECTED pixel=(118,99) depth=0.123 m surface=(0.309,0.004,0.050) m center=(0.309,0.004,0.025) m conf=0.81 edge=0.8deg sides=(0.050,0.035)m sync_rate=14.24 Hz mask_px=445[0m
[0m[INFO] [1789224536.578568201] [perception]: DETECTED pixel=(115,152) depth=0.119 m surface=(0.309,0.004,0.050) m center=(0.309,0.004,0.025) m conf=0.88 edge=0.8deg sides=(0.050,0.036)m sync_rate=14.24 Hz mask_px=731[0m
[0m[INFO] [1789224537.592474179] [perception]: DETECTED pixel=(113,152) depth=0.115 m surface=(0.308,0.004,0.050) m center=(0.308,0.004,0.025) m conf=0.88 edge=0.1deg sides=(0.050,0.037)m sync_rate=14.24 Hz mask_px=1175[0m
[0m[INFO] [1789224538.617256254] [perception]: DETECTED pixel=(109,151) depth=0.110 m surface=(0.308,0.004,0.050) m center=(0.308,0.004,0.025) m conf=0.90 edge=0.5deg sides=(0.050,0.038)m sync_rate=14.24 Hz mask_px=1883[0m
[0m[INFO] [1789224539.646346199] [perception]: DETECTED pixel=(106,149) depth=0.110 m surface=(0.308,0.004,0.050) m center=(0.308,0.004,0.025) m conf=0.90 edge=0.8deg sides=(0.050,0.038)m sync_rate=14.24 Hz mask_px=1646[0m
[0m[INFO] [1789224540.699761296] [perception]: DETECTED pixel=(106,50) depth=0.113 m surface=(0.309,0.004,0.049) m center=(0.309,0.004,0.024) m conf=0.89 edge=0.8deg sides=(0.050,0.039)m sync_rate=14.24 Hz mask_px=1630[0m
[0m[INFO] [1789224541.764072485] [perception]: DETECTED pixel=(105,51) depth=0.112 m surface=(0.309,0.004,0.049) m center=(0.309,0.004,0.024) m conf=0.89 edge=0.1deg sides=(0.050,0.039)m sync_rate=14.24 Hz mask_px=1820[0m
[0m[INFO] [1789224542.798526289] [perception]: DETECTED pixel=(103,146) depth=0.112 m surface=(0.309,0.004,0.049) m center=(0.309,0.004,0.024) m conf=0.89 edge=0.7deg sides=(0.050,0.039)m sync_rate=14.24 Hz mask_px=1918[0m
[0m[INFO] [1789224543.830583833] [perception]: DETECTED pixel=(104,51) depth=0.111 m surface=(0.309,0.004,0.050) m center=(0.309,0.004,0.025) m conf=0.89 edge=0.7deg sides=(0.050,0.040)m sync_rate=14.24 Hz mask_px=2024[0m
[0m[INFO] [1789224544.833898373] [perception]: DETECTED pixel=(104,51) depth=0.111 m surface=(0.309,0.004,0.062) m center=(0.309,0.004,0.037) m conf=0.87 edge=0.8deg sides=(0.050,0.039)m sync_rate=14.24 Hz mask_px=2038[0m
[0m[INFO] [1789224553.491673626] [perception]: DETECTED pixel=(104,51) depth=0.111 m surface=(0.311,0.004,0.079) m center=(0.311,0.004,0.054) m conf=0.79 edge=-0.0deg sides=(0.050,0.040)m sync_rate=14.24 Hz mask_px=1954[0m
[0m[INFO] [1789224554.513766146] [perception]: DETECTED pixel=(104,52) depth=0.111 m surface=(0.309,0.004,0.050) m center=(0.309,0.004,0.025) m conf=0.88 edge=0.0deg sides=(0.050,0.040)m sync_rate=14.24 Hz mask_px=2121[0m
[0m[INFO] [1789224555.528206433] [perception]: DETECTED pixel=(103,52) depth=0.111 m surface=(0.309,0.004,0.050) m center=(0.309,0.004,0.025) m conf=0.88 edge=0.8deg sides=(0.050,0.040)m sync_rate=14.24 Hz mask_px=2156[0m
[0m[INFO] [1789224556.590109194] [perception]: DETECTED pixel=(103,52) depth=0.111 m surface=(0.309,0.004,0.050) m center=(0.309,0.004,0.025) m conf=0.88 edge=0.8deg sides=(0.050,0.040)m sync_rate=14.24 Hz mask_px=2156[0m
[0m[INFO] [1789224557.590881758] [perception]: DETECTED pixel=(103,52) depth=0.111 m surface=(0.309,0.004,0.050) m center=(0.309,0.004,0.025) m conf=0.88 edge=0.8deg sides=(0.050,0.040)m sync_rate=14.24 Hz mask_px=2156[0m
[0m[INFO] [1789224558.616990926] [perception]: DETECTED pixel=(103,52) depth=0.111 m surface=(0.309,0.004,0.050) m center=(0.309,0.004,0.025) m conf=0.88 edge=0.8deg sides=(0.050,0.040)m sync_rate=14.24 Hz mask_px=2156[0m
[0m[INFO] [1789224559.654862379] [perception]: DETECTED pixel=(103,52) depth=0.111 m surface=(0.309,0.004,0.050) m center=(0.309,0.004,0.025) m conf=0.88 edge=0.8deg sides=(0.050,0.040)m sync_rate=14.24 Hz mask_px=2156[0m
[0m[INFO] [1789224560.700269816] [perception]: DETECTED pixel=(106,51) depth=0.110 m surface=(0.309,0.004,0.050) m center=(0.309,0.004,0.025) m conf=0.87 edge=0.2deg sides=(0.050,0.040)m sync_rate=14.24 Hz mask_px=2430[0m
[0m[INFO] [1789224561.772210339] [perception]: NOT DETECTED[0m
[0m[INFO] [1789224562.794146195] [perception]: NOT DETECTED[0m
[0m[INFO] [1789224563.975228083] [perception]: DETECTED pixel=(82,103) depth=0.347 m surface=(0.307,0.003,0.050) m center=(0.307,0.003,0.025) m conf=0.86 edge=0.0deg sides=(0.050,0.044)m sync_rate=14.24 Hz mask_px=1118[0m
[0m[INFO] [1789224564.977316485] [perception]: DETECTED pixel=(80,106) depth=0.343 m surface=(0.299,0.007,0.050) m center=(0.299,0.007,0.025) m conf=0.97 edge=0.1deg sides=(0.050,0.049)m sync_rate=14.24 Hz mask_px=1257[0m
[0m[INFO] [1789224566.020338933] [perception]: DETECTED pixel=(80,106) depth=0.343 m surface=(0.299,0.007,0.050) m center=(0.299,0.007,0.025) m conf=0.97 edge=0.1deg sides=(0.050,0.049)m sync_rate=14.24 Hz mask_px=1257[0m
[0m[INFO] [1789224567.047023517] [perception]: DETECTED pixel=(80,106) depth=0.343 m surface=(0.299,0.007,0.050) m center=(0.299,0.007,0.025) m conf=0.97 edge=0.1deg sides=(0.050,0.049)m sync_rate=14.24 Hz mask_px=1257[0m
[0m[INFO] [1789224568.073803974] [perception]: DETECTED pixel=(80,106) depth=0.343 m surface=(0.299,0.007,0.050) m center=(0.299,0.007,0.025) m conf=0.97 edge=0.1deg sides=(0.050,0.049)m sync_rate=14.24 Hz mask_px=1257[0m
[0m[INFO] [1789224569.124874248] [perception]: NOT DETECTED[0m
[0m[INFO] [1789224570.162131921] [perception]: DETECTED pixel=(80,98) depth=0.344 m surface=(0.299,-0.002,0.050) m center=(0.299,-0.002,0.025) m conf=0.97 edge=0.0deg sides=(0.050,0.049)m sync_rate=14.24 Hz mask_px=1247[0m
[0m[INFO] [1789224571.184362627] [perception]: DETECTED pixel=(80,98) depth=0.343 m surface=(0.299,-0.002,0.050) m center=(0.299,-0.002,0.025) m conf=0.97 edge=0.0deg sides=(0.050,0.049)m sync_rate=14.24 Hz mask_px=1247[0m
[0m[INFO] [1789224572.214306966] [perception]: DETECTED pixel=(80,98) depth=0.343 m surface=(0.299,-0.002,0.050) m center=(0.299,-0.002,0.025) m conf=0.97 edge=0.0deg sides=(0.050,0.049)m sync_rate=14.24 Hz mask_px=1247[0m
[0m[INFO] [1789224573.226489415] [perception]: DETECTED pixel=(83,98) depth=0.346 m surface=(0.304,-0.002,0.050) m center=(0.304,-0.002,0.025) m conf=0.92 edge=-0.1deg sides=(0.050,0.041)m sync_rate=14.24 Hz mask_px=1035[0m
[0m[INFO] [1789224574.248482826] [perception]: NOT DETECTED[0m
[0m[INFO] [1789224575.276457249] [perception]: NOT DETECTED[0m
[0m[INFO] [1789224576.310998810] [perception]: NOT DETECTED[0m
[0m[INFO] [1789224577.323710768] [perception]: NOT DETECTED[0m
[0m[INFO] [1789224604.707164288] [perception]: NOT DETECTED[0m
[0m[INFO] [1789224605.735987913] [perception]: NOT DETECTED[0m
[0m[INFO] [1789224606.757987920] [perception]: DETECTED pixel=(118,99) depth=0.322 m surface=(0.301,-0.002,0.050) m center=(0.301,-0.002,0.025) m conf=0.85 edge=-0.1deg sides=(0.048,0.048)m sync_rate=14.24 Hz mask_px=322[0m
[0m[INFO] [1789224607.762927982] [perception]: DETECTED pixel=(75,99) depth=0.349 m surface=(0.320,-0.001,0.050) m center=(0.320,-0.001,0.025) m conf=0.98 edge=0.0deg sides=(0.050,0.049)m sync_rate=14.24 Hz mask_px=1439[0m
[0m[INFO] [1789224608.805603830] [perception]: DETECTED pixel=(75,99) depth=0.349 m surface=(0.320,-0.001,0.050) m center=(0.320,-0.001,0.025) m conf=0.98 edge=0.0deg sides=(0.050,0.049)m sync_rate=14.24 Hz mask_px=1439[0m
[0m[INFO] [1789224609.846287094] [perception]: DETECTED pixel=(75,99) depth=0.349 m surface=(0.320,-0.001,0.050) m center=(0.320,-0.001,0.025) m conf=0.98 edge=0.0deg sides=(0.050,0.049)m sync_rate=14.24 Hz mask_px=1439[0m
[0m[INFO] [1789224610.890307297] [perception]: DETECTED pixel=(75,99) depth=0.349 m surface=(0.320,-0.001,0.050) m center=(0.320,-0.001,0.025) m conf=0.98 edge=0.0deg sides=(0.050,0.049)m sync_rate=14.24 Hz mask_px=1439[0m
[0m[INFO] [1789224611.907217962] [perception]: DETECTED pixel=(75,99) depth=0.349 m surface=(0.320,-0.001,0.050) m center=(0.320,-0.001,0.025) m conf=0.98 edge=0.0deg sides=(0.050,0.049)m sync_rate=14.24 Hz mask_px=1439[0m
[0m[INFO] [1789224612.950692094] [perception]: DETECTED pixel=(75,99) depth=0.349 m surface=(0.320,-0.001,0.050) m center=(0.320,-0.001,0.025) m conf=0.98 edge=0.0deg sides=(0.050,0.049)m sync_rate=14.24 Hz mask_px=1439[0m
[0m[INFO] [1789224614.014252348] [perception]: DETECTED pixel=(75,99) depth=0.349 m surface=(0.320,-0.001,0.050) m center=(0.320,-0.001,0.025) m conf=0.98 edge=0.0deg sides=(0.050,0.049)m sync_rate=14.24 Hz mask_px=1439[0m
[0m[INFO] [1789224615.034852232] [perception]: DETECTED pixel=(75,99) depth=0.349 m surface=(0.320,-0.001,0.050) m center=(0.320,-0.001,0.025) m conf=0.98 edge=0.0deg sides=(0.050,0.049)m sync_rate=14.24 Hz mask_px=1439[0m
[0m[INFO] [1789224616.078692652] [perception]: DETECTED pixel=(75,99) depth=0.349 m surface=(0.320,-0.001,0.050) m center=(0.320,-0.001,0.025) m conf=0.98 edge=0.0deg sides=(0.050,0.049)m sync_rate=14.24 Hz mask_px=1439[0m
[0m[INFO] [1789224617.104161515] [perception]: DETECTED pixel=(75,99) depth=0.349 m surface=(0.320,-0.001,0.050) m center=(0.320,-0.001,0.025) m conf=0.98 edge=0.0deg sides=(0.050,0.049)m sync_rate=14.24 Hz mask_px=1439[0m
[0m[INFO] [1789224618.146534776] [perception]: DETECTED pixel=(75,99) depth=0.349 m surface=(0.320,-0.001,0.050) m center=(0.320,-0.001,0.025) m conf=0.98 edge=0.0deg sides=(0.050,0.049)m sync_rate=14.24 Hz mask_px=1439[0m
[0m[INFO] [1789224619.177102191] [perception]: DETECTED pixel=(75,99) depth=0.349 m surface=(0.321,0.001,0.052) m center=(0.321,0.001,0.027) m conf=0.98 edge=0.0deg sides=(0.050,0.049)m sync_rate=14.24 Hz mask_px=1439[0m
[0m[INFO] [1789224620.225007042] [perception]: DETECTED pixel=(75,99) depth=0.349 m surface=(0.321,0.001,0.052) m center=(0.321,0.001,0.027) m conf=0.98 edge=0.0deg sides=(0.050,0.049)m sync_rate=14.24 Hz mask_px=1439[0m
[0m[INFO] [1789224621.252362418] [perception]: DETECTED pixel=(75,99) depth=0.349 m surface=(0.321,0.001,0.052) m center=(0.321,0.001,0.027) m conf=0.98 edge=0.0deg sides=(0.050,0.049)m sync_rate=14.24 Hz mask_px=1439[0m
[0m[INFO] [1789224622.265837729] [perception]: DETECTED pixel=(75,99) depth=0.349 m surface=(0.321,0.001,0.052) m center=(0.321,0.001,0.027) m conf=0.98 edge=0.0deg sides=(0.050,0.049)m sync_rate=14.24 Hz mask_px=1439[0m
[0m[INFO] [1789224623.306507036] [perception]: DETECTED pixel=(75,99) depth=0.349 m surface=(0.321,0.001,0.052) m center=(0.321,0.001,0.027) m conf=0.98 edge=0.1deg sides=(0.050,0.049)m sync_rate=14.24 Hz mask_px=1439[0m
[0m[INFO] [1789224624.341700762] [perception]: DETECTED pixel=(75,99) depth=0.349 m surface=(0.321,0.001,0.052) m center=(0.321,0.001,0.027) m conf=0.98 edge=-0.0deg sides=(0.050,0.049)m sync_rate=14.24 Hz mask_px=1439[0m
[0m[INFO] [1789224625.393246468] [perception]: DETECTED pixel=(75,99) depth=0.349 m surface=(0.321,0.001,0.052) m center=(0.321,0.001,0.027) m conf=0.98 edge=-0.1deg sides=(0.050,0.049)m sync_rate=14.24 Hz mask_px=1439[0m
[0m[INFO] [1789224626.433656546] [perception]: DETECTED pixel=(75,99) depth=0.349 m surface=(0.321,0.001,0.052) m center=(0.321,0.001,0.027) m conf=0.98 edge=0.2deg sides=(0.050,0.049)m sync_rate=14.24 Hz mask_px=1439[0m
[0m[INFO] [1789224627.451185764] [perception]: DETECTED pixel=(75,99) depth=0.349 m surface=(0.321,0.001,0.052) m center=(0.321,0.001,0.027) m conf=0.98 edge=0.2deg sides=(0.050,0.049)m sync_rate=14.24 Hz mask_px=1439[0m
[0m[INFO] [1789224628.495361642] [perception]: DETECTED pixel=(75,99) depth=0.349 m surface=(0.321,0.001,0.052) m center=(0.321,0.001,0.027) m conf=0.98 edge=0.0deg sides=(0.050,0.049)m sync_rate=14.24 Hz mask_px=1439[0m
[0m[INFO] [1789224629.521426036] [perception]: DETECTED pixel=(75,99) depth=0.349 m surface=(0.321,0.001,0.052) m center=(0.321,0.001,0.027) m conf=0.98 edge=-0.2deg sides=(0.050,0.049)m sync_rate=14.24 Hz mask_px=1439[0m
[0m[INFO] [1789224630.580483338] [perception]: DETECTED pixel=(75,99) depth=0.349 m surface=(0.321,0.001,0.052) m center=(0.321,0.001,0.027) m conf=0.98 edge=0.1deg sides=(0.050,0.049)m sync_rate=14.24 Hz mask_px=1439[0m
[0m[INFO] [1789224631.618328945] [perception]: DETECTED pixel=(75,99) depth=0.349 m surface=(0.321,0.001,0.052) m center=(0.321,0.001,0.027) m conf=0.98 edge=0.1deg sides=(0.050,0.049)m sync_rate=14.24 Hz mask_px=1439[0m
[0m[INFO] [1789224632.635331644] [perception]: DETECTED pixel=(75,99) depth=0.349 m surface=(0.321,0.001,0.052) m center=(0.321,0.001,0.027) m conf=0.98 edge=0.1deg sides=(0.050,0.049)m sync_rate=14.24 Hz mask_px=1439[0m
[0m[INFO] [1789224633.690308676] [perception]: DETECTED pixel=(75,99) depth=0.349 m surface=(0.321,0.001,0.052) m center=(0.321,0.001,0.027) m conf=0.98 edge=0.1deg sides=(0.050,0.049)m sync_rate=14.24 Hz mask_px=1439[0m
[0m[INFO] [1789224634.725408056] [perception]: DETECTED pixel=(75,99) depth=0.349 m surface=(0.321,0.001,0.052) m center=(0.321,0.001,0.027) m conf=0.98 edge=0.2deg sides=(0.050,0.049)m sync_rate=14.24 Hz mask_px=1439[0m
[0m[INFO] [1789224635.764188076] [perception]: DETECTED pixel=(75,99) depth=0.349 m surface=(0.321,0.001,0.052) m center=(0.321,0.001,0.027) m conf=0.98 edge=0.0deg sides=(0.050,0.049)m sync_rate=14.24 Hz mask_px=1439[0m
[0m[INFO] [1789224636.813306037] [perception]: DETECTED pixel=(75,99) depth=0.349 m surface=(0.321,0.001,0.052) m center=(0.321,0.001,0.027) m conf=0.98 edge=0.1deg sides=(0.050,0.049)m sync_rate=14.24 Hz mask_px=1439[0m
[0m[INFO] [1789224637.881704438] [perception]: NOT DETECTED[0m
[0m[INFO] [1789224638.893855920] [perception]: DETECTED pixel=(78,90) depth=0.346 m surface=(0.311,-0.010,0.052) m center=(0.311,-0.010,0.027) m conf=0.98 edge=0.2deg sides=(0.050,0.049)m sync_rate=14.24 Hz mask_px=1344[0m
[0m[INFO] [1789224639.929800998] [perception]: DETECTED pixel=(78,90) depth=0.346 m surface=(0.311,-0.010,0.052) m center=(0.311,-0.010,0.027) m conf=0.98 edge=0.1deg sides=(0.050,0.049)m sync_rate=14.24 Hz mask_px=1344[0m
[0m[INFO] [1789224640.951952181] [perception]: DETECTED pixel=(78,90) depth=0.346 m surface=(0.311,-0.010,0.052) m center=(0.311,-0.010,0.027) m conf=0.97 edge=0.1deg sides=(0.050,0.049)m sync_rate=14.24 Hz mask_px=1344[0m
[0m[INFO] [1789224642.082729887] [perception]: NOT DETECTED[0m
[0m[INFO] [1789224643.129831986] [perception]: NOT DETECTED[0m
[0m[INFO] [1789224644.163092134] [perception]: NOT DETECTED[0m
[0m[INFO] [1789224645.190842063] [perception]: NOT DETECTED[0m
[0m[INFO] [1789224646.214924604] [perception]: NOT DETECTED[0m
[0m[INFO] [1789224647.249401471] [perception]: NOT DETECTED[0m
[0m[INFO] [1789224649.283691751] [perception]: DETECTED pixel=(118,101) depth=0.119 m surface=(0.318,-0.011,0.051) m center=(0.318,-0.011,0.026) m conf=0.83 edge=0.5deg sides=(0.050,0.035)m sync_rate=14.24 Hz mask_px=574[0m
[0m[INFO] [1789224650.328568963] [perception]: DETECTED pixel=(111,47) depth=0.115 m surface=(0.318,-0.011,0.051) m center=(0.318,-0.011,0.026) m conf=0.93 edge=0.1deg sides=(0.050,0.036)m sync_rate=14.24 Hz mask_px=918[0m
[0m[INFO] [1789224651.375964228] [perception]: DETECTED pixel=(110,48) depth=0.114 m surface=(0.319,-0.011,0.051) m center=(0.319,-0.011,0.026) m conf=0.90 edge=3.0deg sides=(0.050,0.036)m sync_rate=14.24 Hz mask_px=978[0m
[0m[INFO] [1789224652.381895409] [perception]: DETECTED pixel=(112,152) depth=0.117 m surface=(0.321,-0.010,0.050) m center=(0.321,-0.010,0.025) m conf=0.88 edge=3.9deg sides=(0.050,0.038)m sync_rate=14.24 Hz mask_px=988[0m
[0m[INFO] [1789224653.427065072] [perception]: DETECTED pixel=(111,152) depth=0.115 m surface=(0.319,-0.010,0.050) m center=(0.319,-0.010,0.025) m conf=0.90 edge=0.2deg sides=(0.050,0.039)m sync_rate=14.24 Hz mask_px=1160[0m
[0m[INFO] [1789224654.436332000] [perception]: DETECTED pixel=(110,151) depth=0.115 m surface=(0.320,-0.010,0.050) m center=(0.320,-0.010,0.025) m conf=0.90 edge=3.4deg sides=(0.050,0.039)m sync_rate=14.24 Hz mask_px=1216[0m
[0m[INFO] [1789224655.495753377] [perception]: DETECTED pixel=(110,152) depth=0.114 m surface=(0.319,-0.010,0.051) m center=(0.319,-0.010,0.026) m conf=0.90 edge=0.1deg sides=(0.050,0.039)m sync_rate=14.24 Hz mask_px=1259[0m
[0m[INFO] [1789224656.541464727] [perception]: DETECTED pixel=(110,152) depth=0.114 m surface=(0.319,-0.010,0.067) m center=(0.319,-0.010,0.042) m conf=0.88 edge=0.4deg sides=(0.050,0.039)m sync_rate=14.24 Hz mask_px=1258[0m
[0m[INFO] [1789224665.088749604] [perception]: DETECTED pixel=(111,152) depth=0.115 m surface=(0.322,-0.010,0.081) m center=(0.322,-0.010,0.056) m conf=0.79 edge=1.1deg sides=(0.050,0.037)m sync_rate=14.24 Hz mask_px=1212[0m
[0m[INFO] [1789224666.094088717] [perception]: DETECTED pixel=(110,152) depth=0.115 m surface=(0.319,-0.009,0.051) m center=(0.319,-0.009,0.026) m conf=0.89 edge=0.4deg sides=(0.050,0.039)m sync_rate=14.24 Hz mask_px=1282[0m
[0m[INFO] [1789224667.163706735] [perception]: DETECTED pixel=(110,151) depth=0.114 m surface=(0.319,-0.009,0.051) m center=(0.319,-0.009,0.026) m conf=0.90 edge=0.5deg sides=(0.050,0.039)m sync_rate=14.24 Hz mask_px=1331[0m
[0m[INFO] [1789224668.198478176] [perception]: DETECTED pixel=(110,151) depth=0.114 m surface=(0.319,-0.009,0.051) m center=(0.319,-0.009,0.026) m conf=0.89 edge=0.2deg sides=(0.050,0.039)m sync_rate=14.24 Hz mask_px=1331[0m
[0m[INFO] [1789224669.263536095] [perception]: DETECTED pixel=(110,151) depth=0.114 m surface=(0.319,-0.010,0.051) m center=(0.319,-0.010,0.026) m conf=0.90 edge=1.4deg sides=(0.050,0.039)m sync_rate=14.24 Hz mask_px=1331[0m
[0m[INFO] [1789224670.289521303] [perception]: DETECTED pixel=(110,151) depth=0.114 m surface=(0.319,-0.009,0.051) m center=(0.319,-0.009,0.026) m conf=0.90 edge=0.2deg sides=(0.050,0.039)m sync_rate=14.24 Hz mask_px=1331[0m
[0m[INFO] [1789224671.324833343] [perception]: DETECTED pixel=(110,151) depth=0.114 m surface=(0.319,-0.009,0.051) m center=(0.319,-0.009,0.026) m conf=0.91 edge=0.3deg sides=(0.050,0.039)m sync_rate=14.24 Hz mask_px=1348[0m
[0m[INFO] [1789224672.387957561] [perception]: DETECTED pixel=(113,153) depth=0.114 m surface=(0.319,-0.009,0.051) m center=(0.319,-0.009,0.026) m conf=0.89 edge=0.4deg sides=(0.050,0.039)m sync_rate=14.24 Hz mask_px=1444[0m
[0m[INFO] [1789224673.424783903] [perception]: NOT DETECTED[0m
[0m[INFO] [1789224674.439245905] [perception]: NOT DETECTED[0m
[0m[INFO] [1789224675.464609470] [perception]: DETECTED pixel=(78,91) depth=0.348 m surface=(0.312,-0.011,0.050) m center=(0.312,-0.011,0.025) m conf=0.97 edge=0.1deg sides=(0.050,0.049)m sync_rate=14.24 Hz mask_px=1301[0m
[0m[INFO] [1789224676.587300125] [perception]: DETECTED pixel=(79,110) depth=0.345 m surface=(0.307,0.011,0.050) m center=(0.307,0.011,0.025) m conf=0.97 edge=0.1deg sides=(0.050,0.049)m sync_rate=14.24 Hz mask_px=1329[0m
[0m[INFO] [1789224677.592759499] [perception]: DETECTED pixel=(79,110) depth=0.345 m surface=(0.307,0.011,0.050) m center=(0.307,0.011,0.025) m conf=0.97 edge=-0.0deg sides=(0.050,0.049)m sync_rate=14.24 Hz mask_px=1329[0m
[0m[INFO] [1789224678.641960056] [perception]: DETECTED pixel=(79,110) depth=0.345 m surface=(0.307,0.011,0.050) m center=(0.307,0.011,0.025) m conf=0.97 edge=-0.1deg sides=(0.050,0.049)m sync_rate=14.24 Hz mask_px=1329[0m
[0m[INFO] [1789224679.703207390] [perception]: DETECTED pixel=(88,110) depth=0.352 m surface=(0.307,0.011,0.050) m center=(0.307,0.011,0.025) m conf=0.88 edge=-1.1deg sides=(0.049,0.049)m sync_rate=14.24 Hz mask_px=688[0m
[0m[INFO] [1789224680.709248748] [perception]: NOT DETECTED[0m
[0m[INFO] [1789224681.740940923] [perception]: NOT DETECTED[0m
[0m[INFO] [1789224682.798628293] [perception]: NOT DETECTED[0m
[0m[INFO] [1789224683.825836790] [perception]: NOT DETECTED[0m
[0m[INFO] [1789224711.767033171] [perception]: NOT DETECTED[0m
[0m[INFO] [1789224712.797885012] [perception]: NOT DETECTED[0m
[0m[INFO] [1789224713.839118465] [perception]: DETECTED pixel=(89,108) depth=0.348 m surface=(0.308,0.011,0.050) m center=(0.308,0.011,0.025) m conf=0.91 edge=-0.7deg sides=(0.049,0.049)m sync_rate=14.24 Hz mask_px=573[0m
[0m[INFO] [1789224714.863015233] [perception]: DETECTED pixel=(79,89) depth=0.345 m surface=(0.303,-0.012,0.050) m center=(0.303,-0.012,0.025) m conf=0.88 edge=0.0deg sides=(0.050,0.050)m sync_rate=14.24 Hz mask_px=1334[0m
[0m[INFO] [1789224715.868390660] [perception]: DETECTED pixel=(79,89) depth=0.345 m surface=(0.303,-0.012,0.050) m center=(0.303,-0.012,0.025) m conf=0.98 edge=0.2deg sides=(0.050,0.050)m sync_rate=14.24 Hz mask_px=1333[0m
[0m[INFO] [1789224716.939157417] [perception]: DETECTED pixel=(79,89) depth=0.345 m surface=(0.303,-0.012,0.050) m center=(0.303,-0.012,0.025) m conf=0.98 edge=0.2deg sides=(0.050,0.050)m sync_rate=14.24 Hz mask_px=1333[0m
[0m[INFO] [1789224717.970472289] [perception]: DETECTED pixel=(79,89) depth=0.345 m surface=(0.303,-0.012,0.050) m center=(0.303,-0.012,0.025) m conf=0.98 edge=0.3deg sides=(0.050,0.050)m sync_rate=14.24 Hz mask_px=1333[0m
[0m[INFO] [1789224719.057457672] [perception]: NOT DETECTED[0m
[0m[INFO] [1789224720.090757252] [perception]: NOT DETECTED[0m
[0m[INFO] [1789224721.129488741] [perception]: NOT DETECTED[0m
[0m[INFO] [1789224750.246745637] [perception]: NOT DETECTED[0m
[0m[INFO] [1789224751.276168764] [perception]: NOT DETECTED[0m
[0m[INFO] [1789224752.337609857] [perception]: DETECTED pixel=(89,90) depth=0.346 m surface=(0.306,-0.011,0.051) m center=(0.306,-0.011,0.026) m conf=0.81 edge=0.5deg sides=(0.050,0.049)m sync_rate=14.24 Hz mask_px=580[0m
[0m[INFO] [1789224753.398225671] [perception]: DETECTED pixel=(77,101) depth=0.347 m surface=(0.312,0.003,0.051) m center=(0.312,0.003,0.026) m conf=0.97 edge=0.1deg sides=(0.050,0.050)m sync_rate=14.24 Hz mask_px=1350[0m
[0m[INFO] [1789224754.413789000] [perception]: DETECTED pixel=(77,101) depth=0.347 m surface=(0.312,0.003,0.051) m center=(0.312,0.003,0.026) m conf=0.98 edge=0.1deg sides=(0.050,0.050)m sync_rate=14.24 Hz mask_px=1350[0m
[0m[INFO] [1789224755.461445064] [perception]: DETECTED pixel=(77,101) depth=0.347 m surface=(0.312,0.003,0.051) m center=(0.312,0.003,0.026) m conf=0.98 edge=0.2deg sides=(0.050,0.050)m sync_rate=14.24 Hz mask_px=1350[0m
[0m[INFO] [1789224756.495175776] [perception]: DETECTED pixel=(77,101) depth=0.347 m surface=(0.312,0.003,0.052) m center=(0.312,0.003,0.027) m conf=0.98 edge=0.2deg sides=(0.050,0.050)m sync_rate=14.24 Hz mask_px=1350[0m
[0m[INFO] [1789224757.757191687] [perception]: NOT DETECTED[0m
[0m[INFO] [1789224758.769730498] [perception]: NOT DETECTED[0m
[0m[INFO] [1789224759.810119973] [perception]: NOT DETECTED[0m
[0m[INFO] [1789224760.836432941] [perception]: NOT DETECTED[0m
[0m[INFO] [1789224761.903548840] [perception]: NOT DETECTED[0m
[0m[INFO] [1789224764.451519488] [perception]: DETECTED pixel=(119,45) depth=0.120 m surface=(0.319,0.003,0.051) m center=(0.319,0.003,0.026) m conf=0.79 edge=0.7deg sides=(0.050,0.036)m sync_rate=14.24 Hz mask_px=625[0m
[0m[INFO] [1789224765.486794622] [perception]: DETECTED pixel=(116,45) depth=0.116 m surface=(0.318,0.003,0.051) m center=(0.318,0.003,0.026) m conf=0.91 edge=0.1deg sides=(0.050,0.037)m sync_rate=14.24 Hz mask_px=989[0m
[0m[INFO] [1789224766.494445552] [perception]: DETECTED pixel=(109,47) depth=0.113 m surface=(0.318,0.003,0.051) m center=(0.318,0.003,0.026) m conf=0.92 edge=0.7deg sides=(0.050,0.038)m sync_rate=14.24 Hz mask_px=1284[0m
[0m[INFO] [1789224767.530482656] [perception]: DETECTED pixel=(109,49) depth=0.114 m surface=(0.318,0.004,0.051) m center=(0.318,0.004,0.026) m conf=0.90 edge=0.2deg sides=(0.050,0.039)m sync_rate=14.24 Hz mask_px=1243[0m
[0m[INFO] [1789224768.562030794] [perception]: DETECTED pixel=(107,50) depth=0.116 m surface=(0.319,0.004,0.050) m center=(0.319,0.004,0.025) m conf=0.90 edge=1.1deg sides=(0.050,0.040)m sync_rate=14.24 Hz mask_px=1344[0m
[0m[INFO] [1789224769.602721695] [perception]: DETECTED pixel=(107,50) depth=0.115 m surface=(0.319,0.004,0.050) m center=(0.319,0.004,0.025) m conf=0.90 edge=0.8deg sides=(0.050,0.040)m sync_rate=14.24 Hz mask_px=1438[0m
[0m[INFO] [1789224770.647559097] [perception]: DETECTED pixel=(105,147) depth=0.115 m surface=(0.319,0.004,0.050) m center=(0.319,0.004,0.025) m conf=0.90 edge=1.0deg sides=(0.050,0.041)m sync_rate=14.24 Hz mask_px=1498[0m
[0m[INFO] [1789224771.659817927] [perception]: DETECTED pixel=(106,51) depth=0.114 m surface=(0.319,0.004,0.051) m center=(0.319,0.004,0.026) m conf=0.90 edge=0.7deg sides=(0.050,0.040)m sync_rate=14.24 Hz mask_px=1558[0m
[0m[INFO] [1789224772.693870388] [perception]: DETECTED pixel=(106,51) depth=0.114 m surface=(0.319,0.004,0.069) m center=(0.319,0.004,0.044) m conf=0.87 edge=0.6deg sides=(0.050,0.040)m sync_rate=14.24 Hz mask_px=1558[0m
[0m[INFO] [1789224781.360314592] [perception]: DETECTED pixel=(106,51) depth=0.115 m surface=(0.322,0.004,0.082) m center=(0.322,0.004,0.057) m conf=0.79 edge=0.8deg sides=(0.050,0.040)m sync_rate=14.24 Hz mask_px=1519[0m
[0m[INFO] [1789224782.395771784] [perception]: DETECTED pixel=(105,147) depth=0.114 m surface=(0.319,0.004,0.051) m center=(0.319,0.004,0.026) m conf=0.90 edge=0.5deg sides=(0.050,0.041)m sync_rate=14.24 Hz mask_px=1601[0m
[0m[INFO] [1789224783.400918338] [perception]: DETECTED pixel=(105,51) depth=0.114 m surface=(0.319,0.004,0.051) m center=(0.319,0.004,0.026) m conf=0.89 edge=0.7deg sides=(0.050,0.041)m sync_rate=14.24 Hz mask_px=1653[0m
[0m[INFO] [1789224784.431849046] [perception]: DETECTED pixel=(105,51) depth=0.114 m surface=(0.319,0.004,0.051) m center=(0.319,0.004,0.026) m conf=0.90 edge=0.9deg sides=(0.050,0.041)m sync_rate=14.24 Hz mask_px=1653[0m
[0m[INFO] [1789224785.449046636] [perception]: DETECTED pixel=(105,51) depth=0.114 m surface=(0.319,0.004,0.051) m center=(0.319,0.004,0.026) m conf=0.90 edge=0.9deg sides=(0.050,0.041)m sync_rate=14.24 Hz mask_px=1653[0m
[0m[INFO] [1789224786.492709867] [perception]: DETECTED pixel=(105,51) depth=0.114 m surface=(0.319,0.004,0.051) m center=(0.319,0.004,0.026) m conf=0.91 edge=0.8deg sides=(0.050,0.041)m sync_rate=14.24 Hz mask_px=1675[0m
[0m[INFO] [1789224787.529902078] [perception]: DETECTED pixel=(105,51) depth=0.114 m surface=(0.319,0.004,0.051) m center=(0.319,0.004,0.026) m conf=0.91 edge=0.8deg sides=(0.050,0.041)m sync_rate=14.24 Hz mask_px=1680[0m
[0m[INFO] [1789224788.552151478] [perception]: DETECTED pixel=(108,50) depth=0.114 m surface=(0.319,0.004,0.051) m center=(0.319,0.004,0.026) m conf=0.89 edge=0.6deg sides=(0.050,0.041)m sync_rate=14.24 Hz mask_px=1866[0m
[0m[INFO] [1789224789.561043299] [perception]: NOT DETECTED[0m
[0m[INFO] [1789224790.601278827] [perception]: NOT DETECTED[0m
[0m[INFO] [1789224791.626104958] [perception]: DETECTED pixel=(90,102) depth=0.352 m surface=(0.314,0.004,0.049) m center=(0.314,0.004,0.024) m conf=0.90 edge=0.3deg sides=(0.050,0.049)m sync_rate=14.24 Hz mask_px=514[0m
[0m[INFO] [1789224792.700939679] [perception]: DETECTED pixel=(79,104) depth=0.345 m surface=(0.303,0.006,0.049) m center=(0.303,0.006,0.024) m conf=0.87 edge=0.2deg sides=(0.050,0.049)m sync_rate=14.24 Hz mask_px=1266[0m
[0m[INFO] [1789224793.736630900] [perception]: DETECTED pixel=(79,104) depth=0.345 m surface=(0.303,0.006,0.049) m center=(0.303,0.006,0.024) m conf=0.97 edge=0.2deg sides=(0.050,0.049)m sync_rate=14.24 Hz mask_px=1266[0m
[0m[INFO] [1789224794.778949552] [perception]: DETECTED pixel=(79,104) depth=0.345 m surface=(0.303,0.006,0.049) m center=(0.303,0.006,0.024) m conf=0.98 edge=0.1deg sides=(0.050,0.049)m sync_rate=14.24 Hz mask_px=1266[0m
[0m[INFO] [1789224795.816931921] [perception]: DETECTED pixel=(79,104) depth=0.345 m surface=(0.302,0.006,0.049) m center=(0.302,0.006,0.024) m conf=0.98 edge=0.2deg sides=(0.050,0.048)m sync_rate=14.24 Hz mask_px=1266[0m
[0m[INFO] [1789224796.929146890] [perception]: NOT DETECTED[0m
[0m[INFO] [1789224797.967933306] [perception]: NOT DETECTED[0m
[0m[INFO] [1789224798.986260789] [perception]: NOT DETECTED[0m
[0m[INFO] [1789224828.766098838] [perception]: NOT DETECTED[0m
[0m[INFO] [1789224829.798440315] [perception]: NOT DETECTED[0m
[0m[INFO] [1789224830.850438373] [perception]: DETECTED pixel=(88,105) depth=0.347 m surface=(0.306,0.004,0.050) m center=(0.306,0.004,0.025) m conf=0.92 edge=-0.9deg sides=(0.050,0.049)m sync_rate=14.24 Hz mask_px=639[0m
[0m[INFO] [1789224831.920490463] [perception]: DETECTED pixel=(82,88) depth=0.341 m surface=(0.295,-0.015,0.050) m center=(0.295,-0.015,0.025) m conf=0.97 edge=-0.3deg sides=(0.050,0.049)m sync_rate=14.24 Hz mask_px=1241[0m
[0m[INFO] [1789224832.931545559] [perception]: DETECTED pixel=(82,88) depth=0.341 m surface=(0.295,-0.015,0.050) m center=(0.295,-0.015,0.025) m conf=0.97 edge=-0.1deg sides=(0.050,0.049)m sync_rate=14.24 Hz mask_px=1242[0m
[0m[INFO] [1789224833.982075600] [perception]: DETECTED pixel=(82,88) depth=0.341 m surface=(0.295,-0.015,0.050) m center=(0.295,-0.015,0.025) m conf=0.97 edge=-0.1deg sides=(0.050,0.049)m sync_rate=14.24 Hz mask_px=1242[0m
[0m[INFO] [1789224834.987186714] [perception]: DETECTED pixel=(82,88) depth=0.341 m surface=(0.295,-0.015,0.050) m center=(0.295,-0.015,0.025) m conf=0.97 edge=-0.1deg sides=(0.050,0.049)m sync_rate=14.24 Hz mask_px=1242[0m
[0m[INFO] [1789224835.991986302] [perception]: NOT DETECTED[0m
[0m[INFO] [1789224837.032456378] [perception]: NOT DETECTED[0m
[0m[INFO] [1789224838.081345578] [perception]: NOT DETECTED[0m
[0m[INFO] [1789224850.048630248] [perception]: DETECTED pixel=(104,147) depth=0.110 m surface=(0.302,-0.017,0.078) m center=(0.302,-0.017,0.053) m conf=0.76 edge=0.1deg sides=(0.050,0.040)m sync_rate=14.24 Hz mask_px=2313[0m
[0m[INFO] [1789224858.314921974] [perception]: DETECTED pixel=(105,149) depth=0.110 m surface=(0.304,-0.016,0.078) m center=(0.304,-0.016,0.053) m conf=0.77 edge=0.2deg sides=(0.050,0.040)m sync_rate=14.24 Hz mask_px=2230[0m
[0m[INFO] [1789224866.382910456] [perception]: NOT DETECTED[0m
[0m[INFO] [1789224867.418623054] [perception]: NOT DETECTED[0m
[0m[INFO] [1789224868.475068459] [perception]: DETECTED pixel=(118,100) depth=0.320 m surface=(0.296,-0.016,0.051) m center=(0.296,-0.016,0.026) m conf=0.84 edge=-16.1deg sides=(0.060,0.037)m sync_rate=14.24 Hz mask_px=418[0m
[0m[INFO] [1789224869.550667068] [perception]: DETECTED pixel=(81,89) depth=0.342 m surface=(0.298,-0.011,0.051) m center=(0.298,-0.011,0.026) m conf=0.87 edge=-0.0deg sides=(0.050,0.048)m sync_rate=14.24 Hz mask_px=1277[0m
[0m[INFO] [1789224870.587043088] [perception]: DETECTED pixel=(81,89) depth=0.342 m surface=(0.298,-0.011,0.051) m center=(0.298,-0.011,0.026) m conf=0.97 edge=0.0deg sides=(0.050,0.048)m sync_rate=14.24 Hz mask_px=1277[0m
[0m[INFO] [1789224871.616524490] [perception]: DETECTED pixel=(81,89) depth=0.342 m surface=(0.298,-0.011,0.051) m center=(0.298,-0.011,0.026) m conf=0.97 edge=-0.0deg sides=(0.050,0.048)m sync_rate=14.24 Hz mask_px=1277[0m
[0m[INFO] [1789224872.669382384] [perception]: DETECTED pixel=(81,89) depth=0.342 m surface=(0.298,-0.011,0.051) m center=(0.298,-0.011,0.026) m conf=0.97 edge=-0.0deg sides=(0.050,0.048)m sync_rate=14.24 Hz mask_px=1277[0m
[0m[INFO] [1789224873.757209515] [perception]: NOT DETECTED[0m
[0m[INFO] [1789224874.787929422] [perception]: NOT DETECTED[0m
[0m[INFO] [1789224875.811266463] [perception]: NOT DETECTED[0m
[0m[INFO] [1789224880.554435897] [perception]: DETECTED pixel=(111,49) depth=0.117 m surface=(0.305,-0.011,0.050) m center=(0.305,-0.011,0.025) m conf=0.80 edge=0.1deg sides=(0.050,0.038)m sync_rate=14.24 Hz mask_px=1179[0m
[0m[INFO] [1789224881.556256809] [perception]: DETECTED pixel=(108,49) depth=0.113 m surface=(0.305,-0.011,0.051) m center=(0.305,-0.011,0.026) m conf=0.90 edge=0.4deg sides=(0.050,0.039)m sync_rate=14.24 Hz mask_px=1678[0m
[0m[INFO] [1789224882.575544136] [perception]: DETECTED pixel=(103,52) depth=0.111 m surface=(0.305,-0.011,0.050) m center=(0.305,-0.011,0.025) m conf=0.90 edge=1.1deg sides=(0.050,0.039)m sync_rate=14.24 Hz mask_px=2017[0m
[0m[INFO] [1789224883.626697394] [perception]: DETECTED pixel=(105,148) depth=0.112 m surface=(0.305,-0.010,0.050) m center=(0.305,-0.010,0.025) m conf=0.87 edge=0.1deg sides=(0.050,0.040)m sync_rate=14.24 Hz mask_px=2037[0m
[0m[INFO] [1789224884.673179793] [perception]: DETECTED pixel=(103,146) depth=0.112 m surface=(0.306,-0.010,0.049) m center=(0.306,-0.010,0.024) m conf=0.86 edge=1.5deg sides=(0.050,0.041)m sync_rate=14.24 Hz mask_px=2222[0m
[0m[INFO] [1789224885.681278061] [perception]: DETECTED pixel=(101,102) depth=0.112 m surface=(0.305,-0.010,0.050) m center=(0.305,-0.010,0.025) m conf=0.77 edge=0.5deg sides=(0.050,0.041)m sync_rate=14.24 Hz mask_px=2392[0m
[0m[INFO] [1789224886.731778285] [perception]: DETECTED pixel=(101,102) depth=0.112 m surface=(0.305,-0.010,0.050) m center=(0.305,-0.010,0.025) m conf=0.77 edge=0.2deg sides=(0.050,0.041)m sync_rate=14.24 Hz mask_px=2502[0m
[0m[INFO] [1789224887.782338035] [perception]: DETECTED pixel=(100,102) depth=0.112 m surface=(0.305,-0.010,0.056) m center=(0.305,-0.010,0.031) m conf=0.76 edge=0.4deg sides=(0.050,0.041)m sync_rate=14.24 Hz mask_px=2538[0m
[0m[INFO] [1789224896.808258221] [perception]: DETECTED pixel=(101,103) depth=0.112 m surface=(0.308,-0.010,0.077) m center=(0.308,-0.010,0.052) m conf=0.67 edge=1.9deg sides=(0.050,0.041)m sync_rate=14.24 Hz mask_px=2454[0m
[0m[INFO] [1789224897.840236065] [perception]: DETECTED pixel=(100,103) depth=0.112 m surface=(0.305,-0.009,0.050) m center=(0.305,-0.009,0.025) m conf=0.78 edge=0.3deg sides=(0.050,0.041)m sync_rate=14.24 Hz mask_px=2619[0m
[0m[INFO] [1789224898.912244617] [perception]: DETECTED pixel=(100,103) depth=0.112 m surface=(0.305,-0.009,0.050) m center=(0.305,-0.009,0.025) m conf=0.78 edge=-0.0deg sides=(0.050,0.041)m sync_rate=14.24 Hz mask_px=2639[0m
[0m[INFO] [1789224899.958483590] [perception]: DETECTED pixel=(100,103) depth=0.112 m surface=(0.305,-0.009,0.050) m center=(0.305,-0.009,0.025) m conf=0.78 edge=0.3deg sides=(0.050,0.041)m sync_rate=14.24 Hz mask_px=2639[0m
[0m[INFO] [1789224900.988851234] [perception]: DETECTED pixel=(100,103) depth=0.111 m surface=(0.306,-0.009,0.050) m center=(0.306,-0.009,0.025) m conf=0.78 edge=0.4deg sides=(0.050,0.041)m sync_rate=14.24 Hz mask_px=2639[0m
[0m[INFO] [1789224902.025208596] [perception]: DETECTED pixel=(100,103) depth=0.111 m surface=(0.305,-0.009,0.050) m center=(0.305,-0.009,0.025) m conf=0.78 edge=0.2deg sides=(0.050,0.041)m sync_rate=14.24 Hz mask_px=2639[0m
[0m[INFO] [1789224903.096116005] [perception]: DETECTED pixel=(100,103) depth=0.111 m surface=(0.305,-0.009,0.050) m center=(0.305,-0.009,0.025) m conf=0.80 edge=0.2deg sides=(0.050,0.041)m sync_rate=14.24 Hz mask_px=2666[0m
[0m[INFO] [1789224904.131224913] [perception]: DETECTED pixel=(102,104) depth=0.111 m surface=(0.305,-0.009,0.050) m center=(0.305,-0.009,0.025) m conf=0.77 edge=0.2deg sides=(0.050,0.041)m sync_rate=14.24 Hz mask_px=2869[0m
[0m[INFO] [1789224905.161942313] [perception]: NOT DETECTED[0m
[0m[INFO] [1789224906.181443969] [perception]: NOT DETECTED[0m
[0m[INFO] [1789224907.211722227] [perception]: DETECTED pixel=(83,91) depth=0.346 m surface=(0.304,-0.010,0.050) m center=(0.304,-0.010,0.025) m conf=0.84 edge=0.0deg sides=(0.049,0.046)m sync_rate=14.24 Hz mask_px=1050[0m
[0m[INFO] [1789224908.228293810] [perception]: DETECTED pixel=(78,112) depth=0.346 m surface=(0.311,0.015,0.050) m center=(0.311,0.015,0.025) m conf=0.97 edge=0.2deg sides=(0.050,0.050)m sync_rate=14.24 Hz mask_px=1389[0m
[0m[INFO] [1789224909.255017436] [perception]: DETECTED pixel=(78,112) depth=0.346 m surface=(0.311,0.015,0.050) m center=(0.311,0.015,0.025) m conf=0.97 edge=0.3deg sides=(0.050,0.050)m sync_rate=14.24 Hz mask_px=1389[0m
[0m[INFO] [1789224910.317179557] [perception]: DETECTED pixel=(78,112) depth=0.346 m surface=(0.311,0.015,0.050) m center=(0.311,0.015,0.025) m conf=0.97 edge=0.0deg sides=(0.050,0.050)m sync_rate=14.24 Hz mask_px=1389[0m
[0m[INFO] [1789224911.335637893] [perception]: DETECTED pixel=(78,112) depth=0.346 m surface=(0.311,0.015,0.050) m center=(0.311,0.015,0.025) m conf=0.97 edge=0.3deg sides=(0.050,0.050)m sync_rate=14.24 Hz mask_px=1389[0m
[0m[INFO] [1789224912.375412837] [perception]: NOT DETECTED[0m
[0m[INFO] [1789224913.410998825] [perception]: DETECTED pixel=(80,91) depth=0.344 m surface=(0.302,-0.009,0.051) m center=(0.302,-0.009,0.026) m conf=0.97 edge=-0.0deg sides=(0.050,0.050)m sync_rate=14.23 Hz mask_px=1291[0m
[0m[INFO] [1789224914.433067987] [perception]: DETECTED pixel=(80,91) depth=0.344 m surface=(0.302,-0.009,0.051) m center=(0.302,-0.009,0.026) m conf=0.97 edge=-0.0deg sides=(0.050,0.050)m sync_rate=14.23 Hz mask_px=1291[0m
[0m[INFO] [1789224915.485215116] [perception]: DETECTED pixel=(80,91) depth=0.344 m surface=(0.302,-0.009,0.051) m center=(0.302,-0.009,0.026) m conf=0.97 edge=-0.0deg sides=(0.050,0.050)m sync_rate=14.23 Hz mask_px=1291[0m
[0m[INFO] [1789224916.859123111] [perception]: NOT DETECTED[0m
[0m[INFO] [1789224917.896151353] [perception]: NOT DETECTED[0m
[0m[INFO] [1789224918.931211470] [perception]: NOT DETECTED[0m
[0m[INFO] [1789224919.972077225] [perception]: NOT DETECTED[0m
[0m[INFO] [1789224921.007828363] [perception]: NOT DETECTED[0m
[0m[INFO] [1789224924.064207410] [perception]: DETECTED pixel=(116,47) depth=0.116 m surface=(0.309,-0.009,0.050) m center=(0.309,-0.009,0.025) m conf=0.79 edge=0.0deg sides=(0.050,0.035)m sync_rate=14.23 Hz mask_px=834[0m
[0m[INFO] [1789224925.070409846] [perception]: DETECTED pixel=(113,47) depth=0.112 m surface=(0.309,-0.010,0.050) m center=(0.309,-0.010,0.025) m conf=0.89 edge=0.7deg sides=(0.050,0.036)m sync_rate=14.23 Hz mask_px=1301[0m
[0m[INFO] [1789224926.091323915] [perception]: DETECTED pixel=(109,48) depth=0.111 m surface=(0.308,-0.009,0.050) m center=(0.308,-0.009,0.025) m conf=0.90 edge=0.2deg sides=(0.050,0.036)m sync_rate=14.23 Hz mask_px=1200[0m
[0m[INFO] [1789224927.112910757] [perception]: DETECTED pixel=(111,152) depth=0.114 m surface=(0.310,-0.009,0.049) m center=(0.310,-0.009,0.024) m conf=0.89 edge=-0.1deg sides=(0.050,0.038)m sync_rate=14.23 Hz mask_px=1162[0m
[0m[INFO] [1789224928.137873692] [perception]: DETECTED pixel=(109,151) depth=0.113 m surface=(0.309,-0.009,0.049) m center=(0.309,-0.009,0.024) m conf=0.90 edge=0.1deg sides=(0.050,0.038)m sync_rate=14.23 Hz mask_px=1369[0m
[0m[INFO] [1789224929.192806937] [perception]: DETECTED pixel=(109,151) depth=0.112 m surface=(0.309,-0.009,0.049) m center=(0.309,-0.009,0.024) m conf=0.87 edge=0.5deg sides=(0.050,0.038)m sync_rate=14.23 Hz mask_px=1449[0m
[0m[INFO] [1789224930.248618861] [perception]: DETECTED pixel=(109,151) depth=0.112 m surface=(0.309,-0.009,0.050) m center=(0.309,-0.009,0.025) m conf=0.89 edge=0.2deg sides=(0.050,0.038)m sync_rate=14.23 Hz mask_px=1480[0m
[0m[INFO] [1789224931.278979669] [perception]: DETECTED pixel=(109,151) depth=0.112 m surface=(0.309,-0.009,0.067) m center=(0.309,-0.009,0.042) m conf=0.87 edge=0.3deg sides=(0.050,0.038)m sync_rate=14.23 Hz mask_px=1484[0m
[0m[INFO] [1789224939.836208649] [perception]: DETECTED pixel=(109,151) depth=0.112 m surface=(0.312,-0.009,0.079) m center=(0.312,-0.009,0.054) m conf=0.79 edge=0.6deg sides=(0.050,0.037)m sync_rate=14.23 Hz mask_px=1448[0m
[0m[INFO] [1789224940.841123296] [perception]: DETECTED pixel=(108,151) depth=0.112 m surface=(0.310,-0.009,0.050) m center=(0.310,-0.009,0.025) m conf=0.89 edge=0.9deg sides=(0.050,0.038)m sync_rate=14.23 Hz mask_px=1551[0m
[0m[INFO] [1789224941.864957564] [perception]: DETECTED pixel=(108,151) depth=0.112 m surface=(0.309,-0.009,0.050) m center=(0.309,-0.009,0.025) m conf=0.89 edge=0.2deg sides=(0.050,0.038)m sync_rate=14.23 Hz mask_px=1572[0m
[0m[INFO] [1789224942.892893545] [perception]: DETECTED pixel=(108,151) depth=0.111 m surface=(0.309,-0.009,0.050) m center=(0.309,-0.009,0.025) m conf=0.90 edge=0.0deg sides=(0.050,0.038)m sync_rate=14.24 Hz mask_px=1572[0m
[0m[INFO] [1789224943.955943344] [perception]: DETECTED pixel=(108,151) depth=0.112 m surface=(0.309,-0.009,0.050) m center=(0.309,-0.009,0.025) m conf=0.90 edge=0.0deg sides=(0.050,0.038)m sync_rate=14.24 Hz mask_px=1572[0m
[0m[INFO] [1789224945.017060179] [perception]: DETECTED pixel=(108,151) depth=0.112 m surface=(0.309,-0.009,0.050) m center=(0.309,-0.009,0.025) m conf=0.90 edge=0.1deg sides=(0.050,0.038)m sync_rate=14.23 Hz mask_px=1572[0m
[0m[INFO] [1789224946.085366506] [perception]: DETECTED pixel=(108,151) depth=0.112 m surface=(0.309,-0.009,0.050) m center=(0.309,-0.009,0.025) m conf=0.90 edge=0.2deg sides=(0.050,0.038)m sync_rate=14.24 Hz mask_px=1572[0m
[0m[INFO] [1789224947.107726113] [perception]: DETECTED pixel=(111,152) depth=0.111 m surface=(0.309,-0.009,0.050) m center=(0.309,-0.009,0.025) m conf=0.89 edge=0.1deg sides=(0.050,0.038)m sync_rate=14.24 Hz mask_px=1803[0m
[0m[INFO] [1789224948.140067112] [perception]: NOT DETECTED[0m
[0m[INFO] [1789224949.177989524] [perception]: NOT DETECTED[0m
[0m[INFO] [1789224950.274116959] [perception]: DETECTED pixel=(84,92) depth=0.346 m surface=(0.305,-0.009,0.051) m center=(0.305,-0.009,0.026) m conf=0.84 edge=-2.4deg sides=(0.050,0.042)m sync_rate=14.24 Hz mask_px=1005[0m
[0m[INFO] [1789224951.280295674] [perception]: DETECTED pixel=(80,85) depth=0.343 m surface=(0.304,-0.017,0.051) m center=(0.304,-0.017,0.026) m conf=0.98 edge=0.2deg sides=(0.050,0.048)m sync_rate=14.23 Hz mask_px=1338[0m
[0m[INFO] [1789224952.311202193] [perception]: DETECTED pixel=(80,85) depth=0.343 m surface=(0.304,-0.017,0.051) m center=(0.304,-0.017,0.026) m conf=0.98 edge=0.4deg sides=(0.050,0.049)m sync_rate=14.23 Hz mask_px=1338[0m
[0m[INFO] [1789224953.326173568] [perception]: DETECTED pixel=(80,85) depth=0.343 m surface=(0.304,-0.017,0.051) m center=(0.304,-0.017,0.026) m conf=0.97 edge=0.1deg sides=(0.050,0.048)m sync_rate=14.23 Hz mask_px=1338[0m
[0m[INFO] [1789224954.370430859] [perception]: DETECTED pixel=(81,85) depth=0.345 m surface=(0.305,-0.017,0.051) m center=(0.305,-0.017,0.026) m conf=0.97 edge=-0.1deg sides=(0.050,0.050)m sync_rate=14.23 Hz mask_px=1308[0m
[0m[INFO] [1789224955.404047908] [perception]: NOT DETECTED[0m
[0m[INFO] [1789224956.455463026] [perception]: NOT DETECTED[0m
[0m[INFO] [1789224957.486101727] [perception]: NOT DETECTED[0m
[0m[INFO] [1789224958.510905525] [perception]: NOT DETECTED[0m
[0m[INFO] [1789224959.564681196] [perception]: DETECTED pixel=(118,102) depth=0.128 m surface=(0.312,-0.017,0.050) m center=(0.312,-0.017,0.025) m conf=0.80 edge=0.2deg sides=(0.050,0.036)m sync_rate=14.23 Hz mask_px=315[0m
[0m[INFO] [1789224960.603808483] [perception]: DETECTED pixel=(118,102) depth=0.124 m surface=(0.311,-0.017,0.050) m center=(0.311,-0.017,0.025) m conf=0.91 edge=-0.0deg sides=(0.050,0.037)m sync_rate=14.23 Hz mask_px=510[0m
[0m[INFO] [1789224961.663217571] [perception]: DETECTED pixel=(115,154) depth=0.120 m surface=(0.311,-0.017,0.050) m center=(0.311,-0.017,0.025) m conf=0.91 edge=0.0deg sides=(0.050,0.038)m sync_rate=14.23 Hz mask_px=805[0m
[0m[INFO] [1789224962.675909369] [perception]: DETECTED pixel=(111,153) depth=0.116 m surface=(0.310,-0.017,0.050) m center=(0.310,-0.017,0.025) m conf=0.90 edge=0.3deg sides=(0.050,0.039)m sync_rate=14.23 Hz mask_px=1204[0m
[0m[INFO] [1789224963.683481698] [perception]: DETECTED pixel=(110,152) depth=0.111 m surface=(0.310,-0.017,0.050) m center=(0.310,-0.017,0.025) m conf=0.86 edge=0.2deg sides=(0.050,0.040)m sync_rate=14.23 Hz mask_px=1999[0m
[0m[INFO] [1789224964.726655673] [perception]: DETECTED pixel=(107,150) depth=0.111 m surface=(0.310,-0.017,0.050) m center=(0.310,-0.017,0.025) m conf=0.88 edge=-0.0deg sides=(0.050,0.040)m sync_rate=14.23 Hz mask_px=1862[0m
[0m[INFO] [1789224965.780423207] [perception]: DETECTED pixel=(105,148) depth=0.113 m surface=(0.311,-0.017,0.049) m center=(0.311,-0.017,0.024) m conf=0.87 edge=1.3deg sides=(0.050,0.041)m sync_rate=14.23 Hz mask_px=2103[0m
[0m[INFO] [1789224966.871874343] [perception]: DETECTED pixel=(104,147) depth=0.113 m surface=(0.311,-0.017,0.049) m center=(0.311,-0.017,0.024) m conf=0.86 edge=0.3deg sides=(0.050,0.041)m sync_rate=14.23 Hz mask_px=2263[0m
[0m[INFO] [1789224967.922475107] [perception]: DETECTED pixel=(101,104) depth=0.113 m surface=(0.311,-0.017,0.050) m center=(0.311,-0.017,0.025) m conf=0.77 edge=0.6deg sides=(0.050,0.042)m sync_rate=14.23 Hz mask_px=2415[0m
[0m[INFO] [1789224968.955081310] [perception]: DETECTED pixel=(101,105) depth=0.113 m surface=(0.311,-0.017,0.050) m center=(0.311,-0.017,0.025) m conf=0.77 edge=0.4deg sides=(0.050,0.042)m sync_rate=14.23 Hz mask_px=2445[0m
[0m[INFO] [1789224969.958856974] [perception]: DETECTED pixel=(101,105) depth=0.113 m surface=(0.311,-0.017,0.063) m center=(0.311,-0.017,0.038) m conf=0.75 edge=1.2deg sides=(0.050,0.042)m sync_rate=14.23 Hz mask_px=2438[0m
[0m[INFO] [1789224978.750919018] [perception]: DETECTED pixel=(101,107) depth=0.113 m surface=(0.313,-0.017,0.076) m center=(0.313,-0.017,0.051) m conf=0.67 edge=0.5deg sides=(0.050,0.041)m sync_rate=14.23 Hz mask_px=2353[0m
[0m[INFO] [1789224979.794704372] [perception]: DETECTED pixel=(101,107) depth=0.113 m surface=(0.311,-0.017,0.050) m center=(0.311,-0.017,0.025) m conf=0.78 edge=0.5deg sides=(0.050,0.042)m sync_rate=14.23 Hz mask_px=2507[0m
[0m[INFO] [1789224980.816256088] [perception]: DETECTED pixel=(101,107) depth=0.113 m surface=(0.311,-0.017,0.050) m center=(0.311,-0.017,0.025) m conf=0.78 edge=0.5deg sides=(0.050,0.042)m sync_rate=14.23 Hz mask_px=2525[0m
[0m[INFO] [1789224981.851643633] [perception]: DETECTED pixel=(101,107) depth=0.113 m surface=(0.311,-0.017,0.050) m center=(0.311,-0.017,0.025) m conf=0.77 edge=0.4deg sides=(0.050,0.042)m sync_rate=14.23 Hz mask_px=2526[0m
[0m[INFO] [1789224982.891382610] [perception]: DETECTED pixel=(101,107) depth=0.113 m surface=(0.311,-0.017,0.050) m center=(0.311,-0.017,0.025) m conf=0.77 edge=0.3deg sides=(0.050,0.042)m sync_rate=14.23 Hz mask_px=2522[0m
[0m[INFO] [1789224983.956515616] [perception]: DETECTED pixel=(101,107) depth=0.113 m surface=(0.311,-0.017,0.050) m center=(0.311,-0.017,0.025) m conf=0.77 edge=0.5deg sides=(0.050,0.042)m sync_rate=14.23 Hz mask_px=2523[0m
[0m[INFO] [1789224984.983368660] [perception]: DETECTED pixel=(101,107) depth=0.113 m surface=(0.311,-0.017,0.050) m center=(0.311,-0.017,0.025) m conf=0.77 edge=0.7deg sides=(0.050,0.042)m sync_rate=14.24 Hz mask_px=2549[0m
[0m[INFO] [1789224986.006736948] [perception]: DETECTED pixel=(102,109) depth=0.113 m surface=(0.311,-0.017,0.050) m center=(0.311,-0.017,0.025) m conf=0.76 edge=0.4deg sides=(0.050,0.042)m sync_rate=14.24 Hz mask_px=2671[0m
[0m[INFO] [1789224987.031185952] [perception]: NOT DETECTED[0m
[0m[INFO] [1789224988.080614028] [perception]: NOT DETECTED[0m
[0m[INFO] [1789224989.118536280] [perception]: DETECTED pixel=(79,85) depth=0.346 m surface=(0.309,-0.018,0.052) m center=(0.309,-0.018,0.027) m conf=0.98 edge=0.2deg sides=(0.050,0.048)m sync_rate=14.24 Hz mask_px=1334[0m
[0m[INFO] [1789224990.181011100] [perception]: NOT DETECTED[0m
[0m[INFO] [1789224991.202297881] [perception]: NOT DETECTED[0m
[0m[INFO] [1789224992.225896415] [perception]: NOT DETECTED[0m
[0m[INFO] [1789224993.254459493] [perception]: NOT DETECTED[0m
[0m[INFO] [1789224994.277854020] [perception]: NOT DETECTED[0m
[0m[INFO] [1789224995.310721859] [perception]: NOT DETECTED[0m
[0m[INFO] [1789224996.384080218] [perception]: NOT DETECTED[0m
[0m[INFO] [1789224997.409604358] [perception]: NOT DETECTED[0m
[0m[INFO] [1789224998.425643377] [perception]: NOT DETECTED[0m
[0m[INFO] [1789224999.444917038] [perception]: NOT DETECTED[0m
[0m[INFO] [1789225000.462122778] [perception]: NOT DETECTED[0m
[0m[INFO] [1789225001.501046237] [perception]: NOT DETECTED[0m
[0m[INFO] [1789225002.528243703] [perception]: NOT DETECTED[0m
[0m[INFO] [1789225003.555084446] [perception]: NOT DETECTED[0m
[0m[INFO] [1789225004.579519005] [perception]: NOT DETECTED[0m
[0m[INFO] [1789225005.604669558] [perception]: NOT DETECTED[0m
[0m[INFO] [1789225006.624241902] [perception]: NOT DETECTED[0m
[0m[INFO] [1789225007.648772743] [perception]: NOT DETECTED[0m
[0m[INFO] [1789225008.669785837] [perception]: NOT DETECTED[0m
[0m[INFO] [1789225009.682611015] [perception]: NOT DETECTED[0m
[0m[INFO] [1789225010.695910082] [perception]: NOT DETECTED[0m
[0m[INFO] [1789225011.711956156] [perception]: NOT DETECTED[0m
[0m[INFO] [1789225012.744490982] [perception]: NOT DETECTED[0m
[0m[INFO] [1789225013.812633518] [perception]: NOT DETECTED[0m
[0m[INFO] [1789225014.839438930] [perception]: NOT DETECTED[0m
[0m[INFO] [1789225015.876101396] [perception]: NOT DETECTED[0m
[0m[INFO] [1789225016.902881309] [perception]: NOT DETECTED[0m
[0m[INFO] [1789225017.916802466] [perception]: NOT DETECTED[0m
[0m[INFO] [1789225018.921282496] [perception]: NOT DETECTED[0m
[0m[INFO] [1789225019.974370734] [perception]: NOT DETECTED[0m
[0m[INFO] [1789225021.047776293] [perception]: DETECTED pixel=(81,92) depth=0.342 m surface=(0.297,-0.012,0.051) m center=(0.297,-0.012,0.026) m conf=0.97 edge=-0.3deg sides=(0.050,0.050)m sync_rate=14.24 Hz mask_px=1237[0m
[0m[INFO] [1789225022.056515841] [perception]: DETECTED pixel=(81,92) depth=0.342 m surface=(0.297,-0.012,0.051) m center=(0.297,-0.012,0.026) m conf=0.97 edge=-0.2deg sides=(0.050,0.050)m sync_rate=14.24 Hz mask_px=1237[0m
[0m[INFO] [1789225023.120062845] [perception]: DETECTED pixel=(81,92) depth=0.342 m surface=(0.297,-0.012,0.051) m center=(0.297,-0.012,0.026) m conf=0.96 edge=-0.3deg sides=(0.050,0.050)m sync_rate=14.24 Hz mask_px=1237[0m
[0m[INFO] [1789225024.285893326] [perception]: NOT DETECTED[0m
[0m[INFO] [1789225025.306163696] [perception]: NOT DETECTED[0m
[0m[INFO] [1789225026.366060575] [perception]: NOT DETECTED[0m
[0m[INFO] [1789225027.396953596] [perception]: NOT DETECTED[0m
[0m[INFO] [1789225030.781143749] [perception]: DETECTED pixel=(120,157) depth=0.117 m surface=(0.305,-0.011,0.050) m center=(0.305,-0.011,0.025) m conf=0.78 edge=1.5deg sides=(0.050,0.035)m sync_rate=14.24 Hz mask_px=793[0m
[0m[INFO] [1789225031.831273370] [perception]: DETECTED pixel=(118,157) depth=0.113 m surface=(0.304,-0.011,0.050) m center=(0.304,-0.011,0.025) m conf=0.89 edge=-0.0deg sides=(0.050,0.036)m sync_rate=14.24 Hz mask_px=1155[0m
[0m[INFO] [1789225032.855932515] [perception]: DETECTED pixel=(114,156) depth=0.109 m surface=(0.304,-0.011,0.050) m center=(0.304,-0.011,0.025) m conf=0.89 edge=0.4deg sides=(0.050,0.036)m sync_rate=14.24 Hz mask_px=1734[0m
[0m[INFO] [1789225033.905237754] [perception]: DETECTED pixel=(110,152) depth=0.110 m surface=(0.305,-0.013,0.050) m center=(0.305,-0.013,0.025) m conf=0.89 edge=1.4deg sides=(0.050,0.036)m sync_rate=14.24 Hz mask_px=1475[0m
[0m[INFO] [1789225034.916137435] [perception]: DETECTED pixel=(108,151) depth=0.112 m surface=(0.305,-0.012,0.049) m center=(0.305,-0.012,0.024) m conf=0.89 edge=-0.6deg sides=(0.050,0.038)m sync_rate=14.24 Hz mask_px=1554[0m
[0m[INFO] [1789225035.945934888] [perception]: DETECTED pixel=(107,150) depth=0.111 m surface=(0.305,-0.013,0.049) m center=(0.305,-0.013,0.024) m conf=0.89 edge=-0.3deg sides=(0.050,0.038)m sync_rate=14.24 Hz mask_px=1709[0m
[0m[INFO] [1789225037.010863182] [perception]: DETECTED pixel=(107,150) depth=0.110 m surface=(0.305,-0.012,0.050) m center=(0.305,-0.012,0.025) m conf=0.89 edge=-0.5deg sides=(0.050,0.039)m sync_rate=14.24 Hz mask_px=1792[0m
[0m[INFO] [1789225038.051165091] [perception]: DETECTED pixel=(107,150) depth=0.110 m surface=(0.305,-0.012,0.050) m center=(0.305,-0.012,0.025) m conf=0.88 edge=-0.5deg sides=(0.050,0.038)m sync_rate=14.24 Hz mask_px=1837[0m
[0m[INFO] [1789225039.071496939] [perception]: DETECTED pixel=(107,150) depth=0.110 m surface=(0.305,-0.012,0.081) m center=(0.305,-0.012,0.056) m conf=0.88 edge=-0.5deg sides=(0.050,0.038)m sync_rate=14.24 Hz mask_px=1818[0m
[0m[INFO] [1789225047.178584549] [perception]: DETECTED pixel=(107,150) depth=0.111 m surface=(0.309,-0.013,0.079) m center=(0.309,-0.013,0.054) m conf=0.80 edge=2.1deg sides=(0.050,0.036)m sync_rate=14.24 Hz mask_px=1773[0m
[0m[INFO] [1789225048.221485862] [perception]: DETECTED pixel=(106,150) depth=0.110 m surface=(0.305,-0.012,0.050) m center=(0.305,-0.012,0.025) m conf=0.89 edge=-0.4deg sides=(0.050,0.039)m sync_rate=14.24 Hz mask_px=1875[0m
[0m[INFO] [1789225049.253672782] [perception]: DETECTED pixel=(106,150) depth=0.110 m surface=(0.305,-0.012,0.050) m center=(0.305,-0.012,0.025) m conf=0.90 edge=-0.6deg sides=(0.050,0.039)m sync_rate=14.24 Hz mask_px=1913[0m
[0m[INFO] [1789225050.290166230] [perception]: DETECTED pixel=(106,150) depth=0.110 m surface=(0.305,-0.012,0.050) m center=(0.305,-0.012,0.025) m conf=0.89 edge=-0.7deg sides=(0.050,0.039)m sync_rate=14.24 Hz mask_px=1913[0m
[0m[INFO] [1789225051.323236888] [perception]: DETECTED pixel=(106,150) depth=0.110 m surface=(0.305,-0.012,0.050) m center=(0.305,-0.012,0.025) m conf=0.89 edge=-0.5deg sides=(0.050,0.039)m sync_rate=14.24 Hz mask_px=1913[0m
[0m[INFO] [1789225052.363843269] [perception]: DETECTED pixel=(106,150) depth=0.110 m surface=(0.305,-0.012,0.050) m center=(0.305,-0.012,0.025) m conf=0.89 edge=-0.5deg sides=(0.050,0.039)m sync_rate=14.24 Hz mask_px=1913[0m
[0m[INFO] [1789225053.373026872] [perception]: DETECTED pixel=(106,150) depth=0.110 m surface=(0.305,-0.012,0.050) m center=(0.305,-0.012,0.025) m conf=0.90 edge=-0.4deg sides=(0.050,0.039)m sync_rate=14.24 Hz mask_px=1913[0m
[0m[INFO] [1789225054.432351236] [perception]: DETECTED pixel=(109,151) depth=0.110 m surface=(0.305,-0.012,0.050) m center=(0.305,-0.012,0.025) m conf=0.89 edge=-0.4deg sides=(0.050,0.039)m sync_rate=14.24 Hz mask_px=2177[0m
[0m[INFO] [1789225055.460725828] [perception]: NOT DETECTED[0m
[0m[INFO] [1789225056.498279020] [perception]: NOT DETECTED[0m
[0m[INFO] [1789225057.556497685] [perception]: DETECTED pixel=(85,90) depth=0.345 m surface=(0.304,-0.012,0.051) m center=(0.304,-0.012,0.026) m conf=0.83 edge=-0.4deg sides=(0.050,0.040)m sync_rate=14.24 Hz mask_px=941[0m
[0m[INFO] [1789225058.644622723] [perception]: DETECTED pixel=(76,97) depth=0.348 m surface=(0.318,-0.004,0.051) m center=(0.318,-0.004,0.026) m conf=0.98 edge=-0.0deg sides=(0.050,0.050)m sync_rate=14.24 Hz mask_px=1412[0m
[0m[INFO] [1789225059.707323401] [perception]: DETECTED pixel=(76,97) depth=0.348 m surface=(0.318,-0.004,0.051) m center=(0.318,-0.004,0.026) m conf=0.98 edge=-0.0deg sides=(0.050,0.050)m sync_rate=14.24 Hz mask_px=1412[0m
[0m[INFO] [1789225060.746057444] [perception]: DETECTED pixel=(76,97) depth=0.348 m surface=(0.318,-0.004,0.051) m center=(0.318,-0.004,0.026) m conf=0.98 edge=-0.2deg sides=(0.050,0.050)m sync_rate=14.24 Hz mask_px=1412[0m
[0m[INFO] [1789225061.801936611] [perception]: DETECTED pixel=(77,97) depth=0.350 m surface=(0.318,-0.004,0.051) m center=(0.318,-0.004,0.026) m conf=0.97 edge=-0.0deg sides=(0.050,0.050)m sync_rate=14.24 Hz mask_px=1295[0m
[0m[INFO] [1789225062.828963381] [perception]: NOT DETECTED[0m
[0m[INFO] [1789225063.872935046] [perception]: NOT DETECTED[0m
[0m[INFO] [1789225064.910347530] [perception]: NOT DETECTED[0m
[0m[INFO] [1789225065.931570612] [perception]: NOT DETECTED[0m
[0m[INFO] [1789225066.972799530] [perception]: NOT DETECTED[0m
[0m[INFO] [1789225068.005603573] [perception]: NOT DETECTED[0m
[0m[INFO] [1789225094.366790612] [perception]: NOT DETECTED[0m
[0m[INFO] [1789225095.409998912] [perception]: NOT DETECTED[0m
[0m[INFO] [1789225096.525630210] [perception]: DETECTED pixel=(91,96) depth=0.353 m surface=(0.320,-0.003,0.051) m center=(0.320,-0.003,0.026) m conf=0.79 edge=-0.2deg sides=(0.050,0.050)m sync_rate=14.24 Hz mask_px=424[0m
[0m[INFO] [1789225097.541796312] [perception]: NOT DETECTED[0m
[0m[INFO] [1789225098.572584172] [perception]: DETECTED pixel=(82,89) depth=0.341 m surface=(0.294,-0.011,0.051) m center=(0.294,-0.011,0.026) m conf=0.96 edge=0.4deg sides=(0.050,0.050)m sync_rate=14.24 Hz mask_px=1239[0m
[0m[INFO] [1789225099.609460843] [perception]: DETECTED pixel=(82,89) depth=0.341 m surface=(0.294,-0.011,0.051) m center=(0.294,-0.011,0.026) m conf=0.97 edge=0.5deg sides=(0.050,0.050)m sync_rate=14.24 Hz mask_px=1239[0m
[0m[INFO] [1789225100.635713627] [perception]: DETECTED pixel=(82,89) depth=0.341 m surface=(0.295,-0.011,0.051) m center=(0.295,-0.011,0.026) m conf=0.97 edge=0.3deg sides=(0.050,0.050)m sync_rate=14.24 Hz mask_px=1239[0m
[0m[INFO] [1789225101.687764950] [perception]: NOT DETECTED[0m
[0m[INFO] [1789225102.722173088] [perception]: NOT DETECTED[0m
[0m[INFO] [1789225103.763213999] [perception]: NOT DETECTED[0m
[0m[INFO] [1789225104.806893958] [perception]: NOT DETECTED[0m
[0m[INFO] [1789225132.225281534] [perception]: NOT DETECTED[0m
[0m[INFO] [1789225133.249478447] [perception]: NOT DETECTED[0m
[0m[INFO] [1789225134.381826127] [perception]: DETECTED pixel=(118,100) depth=0.320 m surface=(0.297,-0.013,0.051) m center=(0.297,-0.013,0.026) m conf=0.85 edge=4.8deg sides=(0.050,0.049)m sync_rate=14.24 Hz mask_px=385[0m
[0m[INFO] [1789225135.435998020] [perception]: DETECTED pixel=(77,86) depth=0.347 m surface=(0.314,-0.017,0.051) m center=(0.314,-0.017,0.026) m conf=0.88 edge=-0.1deg sides=(0.050,0.049)m sync_rate=14.24 Hz mask_px=1392[0m
[0m[INFO] [1789225136.438758533] [perception]: DETECTED pixel=(77,86) depth=0.347 m surface=(0.314,-0.017,0.051) m center=(0.314,-0.017,0.026) m conf=0.98 edge=-0.1deg sides=(0.050,0.049)m sync_rate=14.24 Hz mask_px=1392[0m
[0m[INFO] [1789225137.471080865] [perception]: DETECTED pixel=(77,86) depth=0.347 m surface=(0.314,-0.017,0.051) m center=(0.314,-0.017,0.026) m conf=0.98 edge=-0.0deg sides=(0.050,0.049)m sync_rate=14.24 Hz mask_px=1392[0m
[0m[INFO] [1789225138.472082152] [perception]: DETECTED pixel=(77,86) depth=0.347 m surface=(0.314,-0.017,0.051) m center=(0.314,-0.017,0.026) m conf=0.98 edge=0.0deg sides=(0.050,0.049)m sync_rate=14.24 Hz mask_px=1392[0m
[0m[INFO] [1789225139.478659282] [perception]: NOT DETECTED[0m
[0m[INFO] [1789225140.484624677] [perception]: NOT DETECTED[0m
[0m[INFO] [1789225141.502929614] [perception]: NOT DETECTED[0m
[0m[INFO] [1789225142.549309430] [perception]: NOT DETECTED[0m
[0m[INFO] [1789225143.575303853] [perception]: NOT DETECTED[0m
[0m[INFO] [1789225145.224937135] [perception]: DETECTED pixel=(119,102) depth=0.123 m surface=(0.322,-0.016,0.050) m center=(0.322,-0.016,0.025) m conf=0.80 edge=-0.1deg sides=(0.050,0.035)m sync_rate=14.24 Hz mask_px=355[0m
[0m[INFO] [1789225146.245462576] [perception]: DETECTED pixel=(118,155) depth=0.119 m surface=(0.322,-0.017,0.050) m center=(0.322,-0.017,0.025) m conf=0.91 edge=1.9deg sides=(0.050,0.036)m sync_rate=14.24 Hz mask_px=598[0m
[0m[INFO] [1789225147.289499354] [perception]: DETECTED pixel=(114,154) depth=0.115 m surface=(0.321,-0.016,0.050) m center=(0.321,-0.016,0.025) m conf=0.90 edge=0.1deg sides=(0.050,0.038)m sync_rate=14.24 Hz mask_px=941[0m
[0m[INFO] [1789225149.295067932] [perception]: DETECTED pixel=(111,152) depth=0.114 m surface=(0.321,-0.017,0.050) m center=(0.321,-0.017,0.025) m conf=0.79 edge=-0.0deg sides=(0.050,0.040)m sync_rate=14.24 Hz mask_px=1278[0m
[0m[INFO] [1789225150.301071537] [perception]: DETECTED pixel=(110,152) depth=0.114 m surface=(0.322,-0.016,0.049) m center=(0.322,-0.016,0.024) m conf=0.90 edge=0.1deg sides=(0.050,0.040)m sync_rate=14.24 Hz mask_px=1367[0m
[0m[INFO] [1789225162.942141844] [perception]: DETECTED pixel=(109,152) depth=0.114 m surface=(0.324,-0.016,0.079) m center=(0.324,-0.016,0.054) m conf=0.79 edge=0.1deg sides=(0.050,0.040)m sync_rate=14.24 Hz mask_px=1465[0m
[0m[INFO] [1789225170.174667664] [perception]: DETECTED pixel=(110,152) depth=0.115 m surface=(0.322,-0.016,0.050) m center=(0.322,-0.016,0.025) m conf=0.81 edge=0.8deg sides=(0.050,0.040)m sync_rate=14.24 Hz mask_px=1361[0m
[0m[INFO] [1789225171.222000831] [perception]: NOT DETECTED[0m
[0m[INFO] [1789225172.257488415] [perception]: NOT DETECTED[0m
[0m[INFO] [1789225173.293157534] [perception]: DETECTED pixel=(77,86) depth=0.347 m surface=(0.317,-0.016,0.051) m center=(0.317,-0.016,0.026) m conf=0.97 edge=0.0deg sides=(0.049,0.049)m sync_rate=14.24 Hz mask_px=1418[0m
[0m[INFO] [1789225174.328663164] [perception]: DETECTED pixel=(77,100) depth=0.347 m surface=(0.312,0.001,0.051) m center=(0.312,0.001,0.026) m conf=0.98 edge=-0.1deg sides=(0.050,0.049)m sync_rate=14.24 Hz mask_px=1296[0m
[0m[INFO] [1789225175.382599899] [perception]: DETECTED pixel=(77,100) depth=0.347 m surface=(0.312,0.001,0.051) m center=(0.312,0.001,0.026) m conf=0.98 edge=-0.1deg sides=(0.050,0.049)m sync_rate=14.24 Hz mask_px=1296[0m
[0m[INFO] [1789225176.440673201] [perception]: DETECTED pixel=(77,100) depth=0.347 m surface=(0.312,0.001,0.051) m center=(0.312,0.001,0.026) m conf=0.98 edge=-0.1deg sides=(0.050,0.049)m sync_rate=14.24 Hz mask_px=1296[0m
[0m[INFO] [1789225177.496153940] [perception]: DETECTED pixel=(77,100) depth=0.347 m surface=(0.312,0.001,0.051) m center=(0.312,0.001,0.026) m conf=0.98 edge=-0.0deg sides=(0.050,0.049)m sync_rate=14.24 Hz mask_px=1296[0m
[0m[INFO] [1789225178.508440192] [perception]: NOT DETECTED[0m
[0m[INFO] [1789225179.560481190] [perception]: NOT DETECTED[0m
[0m[INFO] [1789225180.599042193] [perception]: NOT DETECTED[0m
[0m[INFO] [1789225181.621193470] [perception]: NOT DETECTED[0m
[0m[INFO] [1789225182.647221788] [perception]: NOT DETECTED[0m
[0m[INFO] [1789225184.854249162] [perception]: DETECTED pixel=(118,99) depth=0.122 m surface=(0.319,0.001,0.051) m center=(0.319,0.001,0.026) m conf=0.82 edge=0.2deg sides=(0.050,0.035)m sync_rate=14.24 Hz mask_px=506[0m
[0m[INFO] [1789225185.882924192] [perception]: DETECTED pixel=(117,45) depth=0.117 m surface=(0.319,0.001,0.051) m center=(0.319,0.001,0.026) m conf=0.88 edge=1.8deg sides=(0.050,0.036)m sync_rate=14.24 Hz mask_px=827[0m
[0m[INFO] [1789225186.925843304] [perception]: DETECTED pixel=(113,46) depth=0.113 m surface=(0.318,0.001,0.051) m center=(0.318,0.001,0.026) m conf=0.89 edge=0.2deg sides=(0.050,0.037)m sync_rate=14.24 Hz mask_px=1396[0m
[0m[INFO] [1789225187.971193396] [perception]: DETECTED pixel=(109,48) depth=0.113 m surface=(0.318,0.001,0.051) m center=(0.318,0.001,0.026) m conf=0.90 edge=0.3deg sides=(0.050,0.038)m sync_rate=14.24 Hz mask_px=1281[0m
[0m[INFO] [1789225189.011959975] [perception]: DETECTED pixel=(109,50) depth=0.116 m surface=(0.320,0.002,0.050) m center=(0.320,0.002,0.025) m conf=0.90 edge=0.2deg sides=(0.050,0.039)m sync_rate=14.24 Hz mask_px=1192[0m
[0m[INFO] [1789225190.044747023] [perception]: DETECTED pixel=(107,50) depth=0.115 m surface=(0.319,0.002,0.049) m center=(0.319,0.002,0.024) m conf=0.90 edge=0.0deg sides=(0.050,0.040)m sync_rate=14.24 Hz mask_px=1377[0m
[0m[INFO] [1789225191.116466196] [perception]: DETECTED pixel=(107,50) depth=0.114 m surface=(0.319,0.002,0.050) m center=(0.319,0.002,0.025) m conf=0.90 edge=0.2deg sides=(0.050,0.040)m sync_rate=14.24 Hz mask_px=1467[0m
[0m[INFO] [1789225192.149238344] [perception]: DETECTED pixel=(106,148) depth=0.114 m surface=(0.319,0.002,0.050) m center=(0.319,0.002,0.025) m conf=0.90 edge=0.1deg sides=(0.050,0.040)m sync_rate=14.24 Hz mask_px=1528[0m
[0m[INFO] [1789225193.185449846] [perception]: DETECTED pixel=(106,51) depth=0.114 m surface=(0.319,0.002,0.051) m center=(0.319,0.002,0.026) m conf=0.89 edge=0.2deg sides=(0.050,0.040)m sync_rate=14.24 Hz mask_px=1590[0m
[0m[INFO] [1789225194.246152364] [perception]: DETECTED pixel=(106,51) depth=0.114 m surface=(0.319,0.002,0.075) m center=(0.319,0.002,0.050) m conf=0.87 edge=0.1deg sides=(0.050,0.040)m sync_rate=14.24 Hz mask_px=1592[0m
[0m[INFO] [1789225202.544148405] [perception]: DETECTED pixel=(106,148) depth=0.114 m surface=(0.322,0.002,0.079) m center=(0.322,0.002,0.054) m conf=0.80 edge=0.2deg sides=(0.050,0.040)m sync_rate=14.24 Hz mask_px=1517[0m
[0m[INFO] [1789225203.587183721] [perception]: DETECTED pixel=(105,147) depth=0.114 m surface=(0.320,0.002,0.051) m center=(0.320,0.002,0.026) m conf=0.89 edge=0.6deg sides=(0.050,0.040)m sync_rate=14.24 Hz mask_px=1629[0m
[0m[INFO] [1789225204.644407556] [perception]: DETECTED pixel=(105,51) depth=0.114 m surface=(0.319,0.002,0.051) m center=(0.319,0.002,0.026) m conf=0.89 edge=0.1deg sides=(0.050,0.040)m sync_rate=14.24 Hz mask_px=1684[0m
[0m[INFO] [1789225205.682825257] [perception]: DETECTED pixel=(105,51) depth=0.114 m surface=(0.319,0.002,0.051) m center=(0.319,0.002,0.026) m conf=0.90 edge=0.3deg sides=(0.050,0.040)m sync_rate=14.24 Hz mask_px=1684[0m
[0m[INFO] [1789225206.693305036] [perception]: DETECTED pixel=(105,51) depth=0.114 m surface=(0.319,0.002,0.051) m center=(0.319,0.002,0.026) m conf=0.90 edge=0.2deg sides=(0.050,0.040)m sync_rate=14.24 Hz mask_px=1684[0m
[0m[INFO] [1789225207.722442769] [perception]: DETECTED pixel=(105,51) depth=0.114 m surface=(0.319,0.002,0.051) m center=(0.319,0.002,0.026) m conf=0.89 edge=0.2deg sides=(0.050,0.040)m sync_rate=14.24 Hz mask_px=1684[0m
[0m[INFO] [1789225208.757921570] [perception]: DETECTED pixel=(105,51) depth=0.114 m surface=(0.319,0.002,0.051) m center=(0.319,0.002,0.026) m conf=0.90 edge=0.2deg sides=(0.050,0.040)m sync_rate=14.24 Hz mask_px=1711[0m
[0m[INFO] [1789225209.803084460] [perception]: DETECTED pixel=(108,50) depth=0.113 m surface=(0.319,0.002,0.051) m center=(0.319,0.002,0.026) m conf=0.87 edge=0.1deg sides=(0.050,0.040)m sync_rate=14.24 Hz mask_px=1897[0m
[0m[INFO] [1789225210.818778574] [perception]: NOT DETECTED[0m
[0m[INFO] [1789225211.838469796] [perception]: NOT DETECTED[0m
[0m[INFO] [1789225212.879441285] [perception]: DETECTED pixel=(88,101) depth=0.352 m surface=(0.314,0.004,0.050) m center=(0.314,0.004,0.025) m conf=0.92 edge=-0.4deg sides=(0.050,0.049)m sync_rate=14.24 Hz mask_px=657[0m
[0m[INFO] [1789225213.909284979] [perception]: DETECTED pixel=(78,105) depth=0.346 m surface=(0.307,0.010,0.050) m center=(0.307,0.010,0.025) m conf=0.97 edge=0.2deg sides=(0.050,0.049)m sync_rate=14.24 Hz mask_px=1309[0m
[0m[INFO] [1789225214.941835426] [perception]: DETECTED pixel=(78,105) depth=0.346 m surface=(0.307,0.010,0.050) m center=(0.307,0.010,0.025) m conf=0.98 edge=0.3deg sides=(0.050,0.049)m sync_rate=14.24 Hz mask_px=1309[0m
[0m[INFO] [1789225215.973088028] [perception]: DETECTED pixel=(78,105) depth=0.346 m surface=(0.307,0.010,0.050) m center=(0.307,0.010,0.025) m conf=0.98 edge=0.3deg sides=(0.050,0.049)m sync_rate=14.24 Hz mask_px=1309[0m
[0m[INFO] [1789225216.991626658] [perception]: DETECTED pixel=(78,105) depth=0.346 m surface=(0.307,0.010,0.050) m center=(0.307,0.010,0.025) m conf=0.98 edge=0.3deg sides=(0.050,0.049)m sync_rate=14.24 Hz mask_px=1309[0m
[0m[INFO] [1789225218.046754283] [perception]: DETECTED pixel=(78,105) depth=0.346 m surface=(0.307,0.010,0.050) m center=(0.307,0.010,0.025) m conf=0.97 edge=0.4deg sides=(0.050,0.049)m sync_rate=14.24 Hz mask_px=1309[0m
[0m[INFO] [1789225219.113684367] [perception]: DETECTED pixel=(78,105) depth=0.346 m surface=(0.307,0.010,0.050) m center=(0.307,0.010,0.025) m conf=0.97 edge=0.2deg sides=(0.050,0.049)m sync_rate=14.24 Hz mask_px=1309[0m
[0m[INFO] [1789225220.119723635] [perception]: DETECTED pixel=(78,105) depth=0.346 m surface=(0.307,0.010,0.050) m center=(0.307,0.010,0.025) m conf=0.97 edge=0.2deg sides=(0.050,0.049)m sync_rate=14.24 Hz mask_px=1309[0m
[0m[INFO] [1789225221.149853329] [perception]: DETECTED pixel=(78,105) depth=0.346 m surface=(0.307,0.010,0.050) m center=(0.307,0.010,0.025) m conf=0.98 edge=0.4deg sides=(0.050,0.049)m sync_rate=14.24 Hz mask_px=1309[0m
[0m[INFO] [1789225222.179564259] [perception]: DETECTED pixel=(78,105) depth=0.346 m surface=(0.307,0.010,0.050) m center=(0.307,0.010,0.025) m conf=0.97 edge=0.4deg sides=(0.050,0.049)m sync_rate=14.24 Hz mask_px=1309[0m
[0m[INFO] [1789225223.220470115] [perception]: DETECTED pixel=(78,105) depth=0.346 m surface=(0.307,0.010,0.050) m center=(0.307,0.010,0.025) m conf=0.97 edge=0.3deg sides=(0.050,0.049)m sync_rate=14.24 Hz mask_px=1309[0m
[0m[INFO] [1789225224.256544821] [perception]: DETECTED pixel=(78,105) depth=0.346 m surface=(0.307,0.010,0.050) m center=(0.307,0.010,0.025) m conf=0.97 edge=0.3deg sides=(0.050,0.049)m sync_rate=14.24 Hz mask_px=1309[0m
[0m[INFO] [1789225225.273270658] [perception]: DETECTED pixel=(78,105) depth=0.346 m surface=(0.307,0.010,0.050) m center=(0.307,0.010,0.025) m conf=0.98 edge=0.4deg sides=(0.050,0.049)m sync_rate=14.24 Hz mask_px=1309[0m
[0m[INFO] [1789225226.296755675] [perception]: DETECTED pixel=(78,105) depth=0.346 m surface=(0.307,0.010,0.050) m center=(0.307,0.010,0.025) m conf=0.97 edge=0.4deg sides=(0.050,0.049)m sync_rate=14.24 Hz mask_px=1309[0m
[0m[INFO] [1789225227.324173184] [perception]: DETECTED pixel=(78,105) depth=0.346 m surface=(0.307,0.010,0.050) m center=(0.307,0.010,0.025) m conf=0.98 edge=0.4deg sides=(0.050,0.049)m sync_rate=14.24 Hz mask_px=1309[0m
[0m[INFO] [1789225228.364015519] [perception]: DETECTED pixel=(78,105) depth=0.346 m surface=(0.307,0.010,0.050) m center=(0.307,0.010,0.025) m conf=0.97 edge=0.2deg sides=(0.050,0.049)m sync_rate=14.24 Hz mask_px=1309[0m
[0m[INFO] [1789225229.403404112] [perception]: DETECTED pixel=(78,105) depth=0.346 m surface=(0.307,0.010,0.050) m center=(0.307,0.010,0.025) m conf=0.98 edge=0.3deg sides=(0.050,0.049)m sync_rate=14.24 Hz mask_px=1309[0m
[0m[INFO] [1789225230.495492526] [perception]: DETECTED pixel=(78,105) depth=0.346 m surface=(0.307,0.010,0.050) m center=(0.307,0.010,0.025) m conf=0.97 edge=0.3deg sides=(0.050,0.049)m sync_rate=14.24 Hz mask_px=1309[0m
[0m[INFO] [1789225231.520477027] [perception]: DETECTED pixel=(78,105) depth=0.346 m surface=(0.307,0.010,0.050) m center=(0.307,0.010,0.025) m conf=0.97 edge=0.3deg sides=(0.050,0.049)m sync_rate=14.24 Hz mask_px=1309[0m
[0m[INFO] [1789225232.523817529] [perception]: DETECTED pixel=(78,105) depth=0.346 m surface=(0.307,0.010,0.050) m center=(0.307,0.010,0.025) m conf=0.97 edge=0.4deg sides=(0.050,0.049)m sync_rate=14.24 Hz mask_px=1309[0m
[0m[INFO] [1789225233.552903472] [perception]: DETECTED pixel=(78,105) depth=0.346 m surface=(0.307,0.010,0.050) m center=(0.307,0.010,0.025) m conf=0.97 edge=0.1deg sides=(0.050,0.049)m sync_rate=14.24 Hz mask_px=1309[0m
[0m[INFO] [1789225234.570578189] [perception]: DETECTED pixel=(78,105) depth=0.346 m surface=(0.307,0.010,0.050) m center=(0.307,0.010,0.025) m conf=0.98 edge=0.4deg sides=(0.050,0.049)m sync_rate=14.24 Hz mask_px=1309[0m
[0m[INFO] [1789225235.606782321] [perception]: DETECTED pixel=(78,105) depth=0.346 m surface=(0.307,0.010,0.050) m center=(0.307,0.010,0.025) m conf=0.97 edge=0.2deg sides=(0.050,0.049)m sync_rate=14.24 Hz mask_px=1309[0m
[0m[INFO] [1789225236.627270067] [perception]: DETECTED pixel=(78,105) depth=0.346 m surface=(0.307,0.010,0.050) m center=(0.307,0.010,0.025) m conf=0.98 edge=0.2deg sides=(0.050,0.049)m sync_rate=14.24 Hz mask_px=1309[0m
[0m[INFO] [1789225237.638579929] [perception]: DETECTED pixel=(78,105) depth=0.346 m surface=(0.307,0.010,0.050) m center=(0.307,0.010,0.025) m conf=0.97 edge=0.2deg sides=(0.050,0.049)m sync_rate=14.24 Hz mask_px=1309[0m
[0m[INFO] [1789225238.667074269] [perception]: DETECTED pixel=(78,105) depth=0.346 m surface=(0.307,0.010,0.050) m center=(0.307,0.010,0.025) m conf=0.97 edge=0.2deg sides=(0.050,0.049)m sync_rate=14.24 Hz mask_px=1309[0m
[0m[INFO] [1789225239.689974739] [perception]: DETECTED pixel=(78,105) depth=0.346 m surface=(0.307,0.010,0.050) m center=(0.307,0.010,0.025) m conf=0.97 edge=0.2deg sides=(0.050,0.049)m sync_rate=14.24 Hz mask_px=1309[0m
[0m[INFO] [1789225240.723743800] [perception]: DETECTED pixel=(78,105) depth=0.346 m surface=(0.307,0.010,0.050) m center=(0.307,0.010,0.025) m conf=0.98 edge=0.2deg sides=(0.050,0.049)m sync_rate=14.24 Hz mask_px=1309[0m
[0m[INFO] [1789225241.747622328] [perception]: DETECTED pixel=(78,105) depth=0.346 m surface=(0.307,0.010,0.050) m center=(0.307,0.010,0.025) m conf=0.97 edge=0.3deg sides=(0.050,0.049)m sync_rate=14.24 Hz mask_px=1309[0m
[0m[INFO] [1789225242.750782770] [perception]: DETECTED pixel=(78,105) depth=0.346 m surface=(0.307,0.010,0.050) m center=(0.307,0.010,0.025) m conf=0.97 edge=0.3deg sides=(0.050,0.049)m sync_rate=14.24 Hz mask_px=1309[0m
[0m[INFO] [1789225243.774826233] [perception]: DETECTED pixel=(78,105) depth=0.346 m surface=(0.309,0.005,0.051) m center=(0.309,0.005,0.026) m conf=0.98 edge=0.1deg sides=(0.050,0.049)m sync_rate=14.24 Hz mask_px=1309[0m
[0m[INFO] [1789225244.784415155] [perception]: DETECTED pixel=(78,91) depth=0.346 m surface=(0.308,-0.012,0.051) m center=(0.308,-0.012,0.026) m conf=0.98 edge=0.1deg sides=(0.051,0.050)m sync_rate=14.24 Hz mask_px=1335[0m
[0m[INFO] [1789225245.812881045] [perception]: DETECTED pixel=(78,91) depth=0.346 m surface=(0.308,-0.012,0.051) m center=(0.308,-0.012,0.026) m conf=0.98 edge=0.1deg sides=(0.050,0.050)m sync_rate=14.24 Hz mask_px=1335[0m
[0m[INFO] [1789225246.847576413] [perception]: DETECTED pixel=(78,91) depth=0.346 m surface=(0.308,-0.012,0.051) m center=(0.308,-0.012,0.026) m conf=0.98 edge=0.1deg sides=(0.050,0.050)m sync_rate=14.24 Hz mask_px=1335[0m
[0m[INFO] [1789225247.886266971] [perception]: DETECTED pixel=(82,91) depth=0.348 m surface=(0.307,-0.012,0.051) m center=(0.307,-0.012,0.026) m conf=0.95 edge=-0.5deg sides=(0.050,0.049)m sync_rate=14.24 Hz mask_px=1159[0m
[0m[INFO] [1789225248.907440791] [perception]: NOT DETECTED[0m
[0m[INFO] [1789225249.935966885] [perception]: NOT DETECTED[0m
[0m[INFO] [1789225250.974370474] [perception]: NOT DETECTED[0m
[0m[INFO] [1789225252.017619561] [perception]: NOT DETECTED[0m
[0m[INFO] [1789225253.041941931] [perception]: NOT DETECTED[0m
[0m[INFO] [1789225279.460413457] [perception]: NOT DETECTED[0m
[0m[INFO] [1789225280.521285465] [perception]: NOT DETECTED[0m
[0m[INFO] [1789225281.696821083] [perception]: DETECTED pixel=(90,90) depth=0.348 m surface=(0.309,-0.012,0.051) m center=(0.309,-0.012,0.026) m conf=0.81 edge=-0.2deg sides=(0.050,0.049)m sync_rate=14.24 Hz mask_px=536[0m
[0m[INFO] [1789225282.777914148] [perception]: DETECTED pixel=(81,108) depth=0.343 m surface=(0.297,0.008,0.051) m center=(0.297,0.008,0.026) m conf=0.87 edge=-0.2deg sides=(0.050,0.050)m sync_rate=14.24 Hz mask_px=1257[0m
[0m[INFO] [1789225283.811518049] [perception]: DETECTED pixel=(81,108) depth=0.342 m surface=(0.297,0.008,0.051) m center=(0.297,0.008,0.026) m conf=0.96 edge=0.1deg sides=(0.050,0.050)m sync_rate=14.24 Hz mask_px=1257[0m
[0m[INFO] [1789225284.836351685] [perception]: DETECTED pixel=(81,108) depth=0.342 m surface=(0.297,0.008,0.051) m center=(0.297,0.008,0.026) m conf=0.97 edge=-0.1deg sides=(0.050,0.050)m sync_rate=14.24 Hz mask_px=1257[0m
[0m[INFO] [1789225285.870965151] [perception]: DETECTED pixel=(81,108) depth=0.342 m surface=(0.297,0.008,0.051) m center=(0.297,0.008,0.026) m conf=0.96 edge=0.0deg sides=(0.050,0.050)m sync_rate=14.24 Hz mask_px=1257[0m
[0m[INFO] [1789225286.896715554] [perception]: NOT DETECTED[0m
[0m[INFO] [1789225287.921251160] [perception]: NOT DETECTED[0m
[0m[INFO] [1789225288.960839711] [perception]: NOT DETECTED[0m
[0m[INFO] [1789225289.978674073] [perception]: NOT DETECTED[0m
[0m[INFO] [1789225290.998822297] [perception]: NOT DETECTED[0m
[0m[INFO] [1789225318.713830246] [perception]: NOT DETECTED[0m
[0m[INFO] [1789225319.754582478] [perception]: NOT DETECTED[0m
[0m[INFO] [1789225320.902060280] [perception]: DETECTED pixel=(91,107) depth=0.344 m surface=(0.298,0.007,0.050) m center=(0.298,0.007,0.025) m conf=0.80 edge=0.2deg sides=(0.050,0.049)m sync_rate=14.24 Hz mask_px=448[0m
[0m[INFO] [1789225321.984330275] [perception]: DETECTED pixel=(77,87) depth=0.347 m surface=(0.314,-0.015,0.050) m center=(0.314,-0.015,0.025) m conf=0.87 edge=-0.0deg sides=(0.050,0.050)m sync_rate=14.24 Hz mask_px=1380[0m
[0m[INFO] [1789225323.022439783] [perception]: DETECTED pixel=(77,87) depth=0.347 m surface=(0.314,-0.015,0.050) m center=(0.314,-0.015,0.025) m conf=0.98 edge=-0.1deg sides=(0.050,0.049)m sync_rate=14.24 Hz mask_px=1380[0m
[0m[INFO] [1789225324.075274152] [perception]: DETECTED pixel=(77,87) depth=0.347 m surface=(0.314,-0.015,0.050) m center=(0.314,-0.015,0.025) m conf=0.98 edge=-0.1deg sides=(0.050,0.049)m sync_rate=14.24 Hz mask_px=1380[0m
[0m[INFO] [1789225325.103289559] [perception]: DETECTED pixel=(77,87) depth=0.347 m surface=(0.314,-0.015,0.050) m center=(0.314,-0.015,0.025) m conf=0.98 edge=-0.2deg sides=(0.050,0.049)m sync_rate=14.24 Hz mask_px=1380[0m
[0m[INFO] [1789225326.133489121] [perception]: NOT DETECTED[0m
[0m[INFO] [1789225327.152060445] [perception]: NOT DETECTED[0m
[0m[INFO] [1789225328.189908189] [perception]: NOT DETECTED[0m
[0m[INFO] [1789225329.222213629] [perception]: NOT DETECTED[0m
[0m[INFO] [1789225330.252540442] [perception]: NOT DETECTED[0m
[0m[INFO] [1789225331.770855973] [perception]: DETECTED pixel=(118,101) depth=0.123 m surface=(0.322,-0.015,0.050) m center=(0.322,-0.015,0.025) m conf=0.80 edge=3.1deg sides=(0.050,0.035)m sync_rate=14.24 Hz mask_px=374[0m
[0m[INFO] [1789225356.367285735] [perception]: DETECTED pixel=(115,154) depth=0.120 m surface=(0.323,-0.016,0.050) m center=(0.323,-0.016,0.025) m conf=0.80 edge=3.0deg sides=(0.050,0.038)m sync_rate=14.24 Hz mask_px=706[0m
[0m[INFO] [1789225357.395754848] [perception]: NOT DETECTED[0m
[0m[INFO] [1789225358.738150136] [perception]: DETECTED pixel=(91,87) depth=0.350 m surface=(0.317,-0.017,0.052) m center=(0.317,-0.017,0.027) m conf=0.80 edge=-0.3deg sides=(0.050,0.049)m sync_rate=14.24 Hz mask_px=467[0m
[0m[INFO] [1789225359.781151117] [perception]: DETECTED pixel=(78,113) depth=0.346 m surface=(0.313,0.014,0.053) m center=(0.313,0.014,0.028) m conf=0.87 edge=-0.3deg sides=(0.050,0.049)m sync_rate=14.24 Hz mask_px=1357[0m
[0m[INFO] [1789225360.821432878] [perception]: DETECTED pixel=(78,113) depth=0.346 m surface=(0.313,0.014,0.053) m center=(0.313,0.014,0.028) m conf=0.97 edge=-0.1deg sides=(0.050,0.049)m sync_rate=14.24 Hz mask_px=1357[0m
[0m[INFO] [1789225361.883936023] [perception]: DETECTED pixel=(78,113) depth=0.346 m surface=(0.313,0.014,0.053) m center=(0.313,0.014,0.028) m conf=0.97 edge=-0.2deg sides=(0.050,0.049)m sync_rate=14.24 Hz mask_px=1358[0m
[0m[INFO] [1789225362.935690367] [perception]: DETECTED pixel=(78,113) depth=0.346 m surface=(0.313,0.014,0.053) m center=(0.313,0.014,0.028) m conf=0.97 edge=-0.1deg sides=(0.050,0.049)m sync_rate=14.24 Hz mask_px=1358[0m
[0m[INFO] [1789225363.951087743] [perception]: NOT DETECTED[0m
[0m[INFO] [1789225364.983457541] [perception]: NOT DETECTED[0m
[0m[INFO] [1789225366.022708105] [perception]: NOT DETECTED[0m
[0m[INFO] [1789225367.056184210] [perception]: NOT DETECTED[0m
[0m[INFO] [1789225368.065247525] [perception]: NOT DETECTED[0m
[0m[INFO] [1789225369.084857313] [perception]: NOT DETECTED[0m
[0m[INFO] [1789225371.104453106] [perception]: DETECTED pixel=(114,153) depth=0.120 m surface=(0.320,0.015,0.051) m center=(0.320,0.015,0.026) m conf=0.80 edge=-0.1deg sides=(0.050,0.035)m sync_rate=14.24 Hz mask_px=548[0m
[0m[INFO] [1789225372.146513423] [perception]: DETECTED pixel=(111,152) depth=0.116 m surface=(0.319,0.015,0.051) m center=(0.319,0.015,0.026) m conf=0.90 edge=-0.5deg sides=(0.050,0.036)m sync_rate=14.24 Hz mask_px=864[0m
[0m[INFO] [1789225373.187994808] [perception]: DETECTED pixel=(110,151) depth=0.115 m surface=(0.320,0.013,0.051) m center=(0.320,0.013,0.026) m conf=0.90 edge=2.3deg sides=(0.050,0.037)m sync_rate=14.24 Hz mask_px=953[0m
[0m[INFO] [1789225374.217705739] [perception]: DETECTED pixel=(112,47) depth=0.116 m surface=(0.320,0.013,0.050) m center=(0.320,0.013,0.025) m conf=0.89 edge=-0.3deg sides=(0.050,0.039)m sync_rate=14.24 Hz mask_px=1080[0m
[0m[INFO] [1789225375.267624734] [perception]: DETECTED pixel=(111,47) depth=0.116 m surface=(0.320,0.013,0.051) m center=(0.320,0.013,0.026) m conf=0.89 edge=-0.3deg sides=(0.050,0.039)m sync_rate=14.24 Hz mask_px=1169[0m
[0m[INFO] [1789225376.278403545] [perception]: DETECTED pixel=(111,47) depth=0.115 m surface=(0.321,0.013,0.051) m center=(0.321,0.013,0.026) m conf=0.90 edge=1.6deg sides=(0.050,0.039)m sync_rate=14.24 Hz mask_px=1213[0m
[0m[INFO] [1789225377.322163778] [perception]: DETECTED pixel=(111,47) depth=0.115 m surface=(0.321,0.012,0.051) m center=(0.321,0.012,0.026) m conf=0.90 edge=1.8deg sides=(0.050,0.039)m sync_rate=14.24 Hz mask_px=1233[0m
[0m[INFO] [1789225378.371935324] [perception]: DETECTED pixel=(111,47) depth=0.115 m surface=(0.321,0.012,0.051) m center=(0.321,0.012,0.026) m conf=0.90 edge=2.0deg sides=(0.050,0.039)m sync_rate=14.24 Hz mask_px=1240[0m
[0m[INFO] [1789225379.388181954] [perception]: DETECTED pixel=(111,47) depth=0.115 m surface=(0.321,0.012,0.064) m center=(0.321,0.012,0.039) m conf=0.88 edge=2.2deg sides=(0.050,0.039)m sync_rate=14.24 Hz mask_px=1234[0m
[0m[INFO] [1789225388.077632475] [perception]: DETECTED pixel=(111,47) depth=0.115 m surface=(0.324,0.012,0.082) m center=(0.324,0.012,0.057) m conf=0.80 edge=0.8deg sides=(0.050,0.038)m sync_rate=14.24 Hz mask_px=1187[0m
[0m[INFO] [1789225389.089411514] [perception]: DETECTED pixel=(111,47) depth=0.115 m surface=(0.321,0.012,0.051) m center=(0.321,0.012,0.026) m conf=0.89 edge=2.8deg sides=(0.050,0.039)m sync_rate=14.24 Hz mask_px=1230[0m
[0m[INFO] [1789225390.117357461] [perception]: DETECTED pixel=(110,47) depth=0.115 m surface=(0.321,0.012,0.051) m center=(0.321,0.012,0.026) m conf=0.90 edge=1.6deg sides=(0.050,0.040)m sync_rate=14.24 Hz mask_px=1295[0m
[0m[INFO] [1789225391.121489697] [perception]: DETECTED pixel=(110,47) depth=0.115 m surface=(0.320,0.012,0.051) m center=(0.320,0.012,0.026) m conf=0.89 edge=0.2deg sides=(0.050,0.040)m sync_rate=14.24 Hz mask_px=1295[0m
[0m[INFO] [1789225392.158597583] [perception]: DETECTED pixel=(110,47) depth=0.115 m surface=(0.321,0.012,0.051) m center=(0.321,0.012,0.026) m conf=0.90 edge=1.1deg sides=(0.050,0.040)m sync_rate=14.24 Hz mask_px=1295[0m
[0m[INFO] [1789225393.199559112] [perception]: DETECTED pixel=(110,47) depth=0.115 m surface=(0.321,0.012,0.051) m center=(0.321,0.012,0.026) m conf=0.89 edge=0.8deg sides=(0.050,0.040)m sync_rate=14.24 Hz mask_px=1295[0m
[0m[INFO] [1789225394.226447885] [perception]: DETECTED pixel=(110,47) depth=0.115 m surface=(0.321,0.012,0.051) m center=(0.321,0.012,0.026) m conf=0.90 edge=0.4deg sides=(0.050,0.040)m sync_rate=14.24 Hz mask_px=1312[0m
[0m[INFO] [1789225395.267664143] [perception]: DETECTED pixel=(110,47) depth=0.115 m surface=(0.321,0.012,0.051) m center=(0.321,0.012,0.026) m conf=0.90 edge=0.4deg sides=(0.050,0.040)m sync_rate=14.24 Hz mask_px=1317[0m
[0m[INFO] [1789225396.287622962] [perception]: NOT DETECTED[0m
[0m[INFO] [1789225397.327088559] [perception]: NOT DETECTED[0m
[0m[INFO] [1789225398.395205602] [perception]: DETECTED pixel=(78,111) depth=0.347 m surface=(0.315,0.013,0.051) m center=(0.315,0.013,0.026) m conf=0.97 edge=-0.2deg sides=(0.050,0.048)m sync_rate=14.24 Hz mask_px=1328[0m
[0m[INFO] [1789225399.408406610] [perception]: NOT DETECTED[0m
[0m[INFO] [1789225400.451612460] [perception]: NOT DETECTED[0m
[0m[INFO] [1789225401.469340978] [perception]: NOT DETECTED[0m
[0m[INFO] [1789225402.495958080] [perception]: NOT DETECTED[0m
[0m[INFO] [1789225403.525551850] [perception]: NOT DETECTED[0m
[0m[INFO] [1789225404.544513716] [perception]: NOT DETECTED[0m
[0m[INFO] [1789225405.586258692] [perception]: NOT DETECTED[0m
[0m[INFO] [1789225406.604540106] [perception]: NOT DETECTED[0m
[0m[INFO] [1789225407.642174244] [perception]: NOT DETECTED[0m
[0m[INFO] [1789225408.662891963] [perception]: NOT DETECTED[0m
[0m[INFO] [1789225409.678443819] [perception]: NOT DETECTED[0m
[0m[INFO] [1789225410.707739642] [perception]: NOT DETECTED[0m
[0m[INFO] [1789225411.731961863] [perception]: NOT DETECTED[0m
[0m[INFO] [1789225412.759403450] [perception]: NOT DETECTED[0m
[0m[INFO] [1789225413.801706155] [perception]: NOT DETECTED[0m
[0m[INFO] [1789225414.827940262] [perception]: NOT DETECTED[0m
[0m[INFO] [1789225415.857416394] [perception]: NOT DETECTED[0m
[0m[INFO] [1789225416.883094842] [perception]: NOT DETECTED[0m
[0m[INFO] [1789225417.900972023] [perception]: NOT DETECTED[0m
[0m[INFO] [1789225418.929279137] [perception]: NOT DETECTED[0m
[0m[INFO] [1789225419.960244831] [perception]: NOT DETECTED[0m
[0m[INFO] [1789225420.991239402] [perception]: NOT DETECTED[0m
[0m[INFO] [1789225422.024218279] [perception]: NOT DETECTED[0m
[0m[INFO] [1789225423.028534446] [perception]: NOT DETECTED[0m
[0m[INFO] [1789225424.050119885] [perception]: NOT DETECTED[0m
[0m[INFO] [1789225425.076465983] [perception]: NOT DETECTED[0m
[0m[INFO] [1789225426.108513490] [perception]: NOT DETECTED[0m
[0m[INFO] [1789225427.122396186] [perception]: NOT DETECTED[0m
[0m[INFO] [1789225428.135560896] [perception]: NOT DETECTED[0m
[0m[INFO] [1789225429.138472399] [perception]: NOT DETECTED[0m
[0m[INFO] [1789225430.227486182] [perception]: DETECTED pixel=(76,91) depth=0.348 m surface=(0.317,-0.011,0.051) m center=(0.317,-0.011,0.026) m conf=0.97 edge=0.2deg sides=(0.050,0.048)m sync_rate=14.25 Hz mask_px=1391[0m
[0m[INFO] [1789225431.246336385] [perception]: DETECTED pixel=(76,91) depth=0.348 m surface=(0.317,-0.011,0.051) m center=(0.317,-0.011,0.026) m conf=0.98 edge=-0.0deg sides=(0.050,0.048)m sync_rate=14.24 Hz mask_px=1391[0m
[0m[INFO] [1789225432.281046676] [perception]: DETECTED pixel=(76,91) depth=0.348 m surface=(0.317,-0.011,0.051) m center=(0.317,-0.011,0.026) m conf=0.97 edge=0.1deg sides=(0.050,0.048)m sync_rate=14.24 Hz mask_px=1391[0m
[0m[INFO] [1789225433.656717449] [perception]: NOT DETECTED[0m
[0m[INFO] [1789225434.687675244] [perception]: NOT DETECTED[0m
[0m[INFO] [1789225435.737319655] [perception]: NOT DETECTED[0m
[0m[INFO] [1789225436.761589001] [perception]: NOT DETECTED[0m
[0m[INFO] [1789225437.799908017] [perception]: NOT DETECTED[0m
[0m[INFO] [1789225438.820415492] [perception]: NOT DETECTED[0m
[0m[INFO] [1789225465.049863181] [perception]: NOT DETECTED[0m
[0m[INFO] [1789225466.081229971] [perception]: NOT DETECTED[0m
[0m[INFO] [1789225467.254532744] [perception]: DETECTED pixel=(89,91) depth=0.353 m surface=(0.321,-0.013,0.051) m center=(0.321,-0.013,0.026) m conf=0.81 edge=-0.6deg sides=(0.050,0.050)m sync_rate=14.25 Hz mask_px=568[0m
[0m[INFO] [1789225468.329021251] [perception]: DETECTED pixel=(81,91) depth=0.342 m surface=(0.298,-0.012,0.051) m center=(0.298,-0.012,0.026) m conf=0.86 edge=-0.9deg sides=(0.050,0.049)m sync_rate=14.24 Hz mask_px=1243[0m
[0m[INFO] [1789225469.360755807] [perception]: DETECTED pixel=(81,91) depth=0.342 m surface=(0.298,-0.012,0.051) m center=(0.298,-0.012,0.026) m conf=0.96 edge=-0.9deg sides=(0.050,0.049)m sync_rate=14.24 Hz mask_px=1244[0m
[0m[INFO] [1789225470.435315178] [perception]: DETECTED pixel=(81,91) depth=0.342 m surface=(0.298,-0.012,0.052) m center=(0.298,-0.012,0.027) m conf=0.96 edge=-0.9deg sides=(0.050,0.049)m sync_rate=14.24 Hz mask_px=1244[0m
[0m[INFO] [1789225471.476117697] [perception]: DETECTED pixel=(81,91) depth=0.342 m surface=(0.298,-0.012,0.052) m center=(0.298,-0.012,0.027) m conf=0.96 edge=-0.9deg sides=(0.050,0.049)m sync_rate=14.24 Hz mask_px=1244[0m
[0m[INFO] [1789225472.543295771] [perception]: NOT DETECTED[0m
[0m[INFO] [1789225473.591120808] [perception]: NOT DETECTED[0m
[0m[INFO] [1789225474.612303548] [perception]: NOT DETECTED[0m
[0m[INFO] [1789225475.635182608] [perception]: NOT DETECTED[0m
[0m[INFO] [1789225476.680766929] [perception]: NOT DETECTED[0m
[0m[INFO] [1789225479.706978730] [perception]: DETECTED pixel=(119,157) depth=0.115 m surface=(0.305,-0.011,0.050) m center=(0.305,-0.011,0.025) m conf=0.79 edge=-0.1deg sides=(0.050,0.035)m sync_rate=14.24 Hz mask_px=958[0m
[0m[INFO] [1789225480.749747533] [perception]: DETECTED pixel=(115,156) depth=0.111 m surface=(0.305,-0.011,0.050) m center=(0.305,-0.011,0.025) m conf=0.88 edge=-0.2deg sides=(0.050,0.036)m sync_rate=14.24 Hz mask_px=1443[0m
[0m[INFO] [1789225481.778467332] [perception]: DETECTED pixel=(111,153) depth=0.111 m surface=(0.305,-0.012,0.050) m center=(0.305,-0.012,0.025) m conf=0.90 edge=0.3deg sides=(0.050,0.036)m sync_rate=14.24 Hz mask_px=1310[0m
[0m[INFO] [1789225482.800290012] [perception]: DETECTED pixel=(109,151) depth=0.113 m surface=(0.306,-0.013,0.049) m center=(0.306,-0.013,0.024) m conf=0.90 edge=-1.2deg sides=(0.050,0.038)m sync_rate=14.25 Hz mask_px=1319[0m
[0m[INFO] [1789225483.843268103] [perception]: DETECTED pixel=(108,150) depth=0.112 m surface=(0.306,-0.013,0.049) m center=(0.306,-0.013,0.024) m conf=0.90 edge=-0.8deg sides=(0.050,0.038)m sync_rate=14.25 Hz mask_px=1485[0m
[0m[INFO] [1789225484.895404425] [perception]: DETECTED pixel=(107,150) depth=0.112 m surface=(0.306,-0.013,0.050) m center=(0.306,-0.013,0.025) m conf=0.89 edge=0.3deg sides=(0.050,0.038)m sync_rate=14.25 Hz mask_px=1561[0m
[0m[INFO] [1789225485.970205716] [perception]: DETECTED pixel=(107,150) depth=0.111 m surface=(0.306,-0.013,0.050) m center=(0.306,-0.013,0.025) m conf=0.89 edge=1.2deg sides=(0.050,0.038)m sync_rate=14.25 Hz mask_px=1605[0m
[0m[INFO] [1789225487.026118493] [perception]: DETECTED pixel=(107,150) depth=0.111 m surface=(0.306,-0.013,0.068) m center=(0.306,-0.013,0.043) m conf=0.88 edge=1.5deg sides=(0.050,0.038)m sync_rate=14.24 Hz mask_px=1604[0m
[0m[INFO] [1789225495.593210667] [perception]: DETECTED pixel=(108,150) depth=0.112 m surface=(0.308,-0.013,0.079) m center=(0.308,-0.013,0.054) m conf=0.79 edge=-0.5deg sides=(0.050,0.037)m sync_rate=14.24 Hz mask_px=1549[0m
[0m[INFO] [1789225496.616418206] [perception]: DETECTED pixel=(107,150) depth=0.111 m surface=(0.306,-0.013,0.050) m center=(0.306,-0.013,0.025) m conf=0.89 edge=-0.7deg sides=(0.050,0.038)m sync_rate=14.25 Hz mask_px=1657[0m
[0m[INFO] [1789225497.655224373] [perception]: DETECTED pixel=(107,150) depth=0.111 m surface=(0.306,-0.013,0.050) m center=(0.306,-0.013,0.025) m conf=0.89 edge=0.7deg sides=(0.050,0.038)m sync_rate=14.25 Hz mask_px=1679[0m
[0m[INFO] [1789225498.669096960] [perception]: DETECTED pixel=(107,150) depth=0.111 m surface=(0.306,-0.013,0.050) m center=(0.306,-0.013,0.025) m conf=0.89 edge=0.2deg sides=(0.050,0.038)m sync_rate=14.25 Hz mask_px=1679[0m
[0m[INFO] [1789225499.711873347] [perception]: DETECTED pixel=(107,150) depth=0.111 m surface=(0.306,-0.013,0.050) m center=(0.306,-0.013,0.025) m conf=0.89 edge=0.3deg sides=(0.050,0.038)m sync_rate=14.25 Hz mask_px=1679[0m
[0m[INFO] [1789225500.754230882] [perception]: DETECTED pixel=(107,150) depth=0.111 m surface=(0.306,-0.013,0.050) m center=(0.306,-0.013,0.025) m conf=0.89 edge=-0.5deg sides=(0.050,0.038)m sync_rate=14.25 Hz mask_px=1679[0m
[0m[INFO] [1789225501.777097089] [perception]: DETECTED pixel=(107,150) depth=0.111 m surface=(0.306,-0.013,0.050) m center=(0.306,-0.013,0.025) m conf=0.89 edge=-0.3deg sides=(0.050,0.038)m sync_rate=14.25 Hz mask_px=1701[0m
[0m[INFO] [1789225502.810675804] [perception]: DETECTED pixel=(110,151) depth=0.111 m surface=(0.306,-0.013,0.050) m center=(0.306,-0.013,0.025) m conf=0.88 edge=-0.4deg sides=(0.050,0.038)m sync_rate=14.25 Hz mask_px=1902[0m
[0m[INFO] [1789225503.828363340] [perception]: NOT DETECTED[0m
[0m[INFO] [1789225504.857621764] [perception]: NOT DETECTED[0m
[0m[INFO] [1789225505.916606344] [perception]: DETECTED pixel=(84,89) depth=0.344 m surface=(0.301,-0.012,0.051) m center=(0.301,-0.012,0.026) m conf=0.91 edge=-0.2deg sides=(0.050,0.045)m sync_rate=14.25 Hz mask_px=1067[0m
[0m[INFO] [1789225506.946394174] [perception]: DETECTED pixel=(77,109) depth=0.347 m surface=(0.313,0.011,0.051) m center=(0.313,0.011,0.026) m conf=0.98 edge=-0.1deg sides=(0.050,0.050)m sync_rate=14.25 Hz mask_px=1355[0m
[0m[INFO] [1789225507.967192590] [perception]: DETECTED pixel=(77,109) depth=0.347 m surface=(0.313,0.011,0.051) m center=(0.313,0.011,0.026) m conf=0.98 edge=-0.1deg sides=(0.050,0.050)m sync_rate=14.25 Hz mask_px=1355[0m
[0m[INFO] [1789225508.970135199] [perception]: DETECTED pixel=(77,109) depth=0.347 m surface=(0.313,0.011,0.051) m center=(0.313,0.011,0.026) m conf=0.98 edge=-0.1deg sides=(0.050,0.050)m sync_rate=14.25 Hz mask_px=1355[0m
[0m[INFO] [1789225510.001206847] [perception]: DETECTED pixel=(77,109) depth=0.347 m surface=(0.314,0.011,0.051) m center=(0.314,0.011,0.026) m conf=0.98 edge=0.1deg sides=(0.050,0.050)m sync_rate=14.25 Hz mask_px=1355[0m
[0m[INFO] [1789225511.017086697] [perception]: DETECTED pixel=(77,109) depth=0.347 m surface=(0.313,0.011,0.051) m center=(0.313,0.011,0.026) m conf=0.98 edge=0.0deg sides=(0.050,0.050)m sync_rate=14.25 Hz mask_px=1355[0m
[0m[INFO] [1789225512.062791575] [perception]: DETECTED pixel=(77,109) depth=0.347 m surface=(0.314,0.011,0.051) m center=(0.314,0.011,0.026) m conf=0.98 edge=0.1deg sides=(0.050,0.050)m sync_rate=14.25 Hz mask_px=1355[0m
[0m[INFO] [1789225513.103382687] [perception]: DETECTED pixel=(77,109) depth=0.347 m surface=(0.313,0.011,0.051) m center=(0.313,0.011,0.026) m conf=0.98 edge=0.0deg sides=(0.050,0.050)m sync_rate=14.25 Hz mask_px=1355[0m
[0m[INFO] [1789225514.168156170] [perception]: DETECTED pixel=(77,109) depth=0.347 m surface=(0.314,0.011,0.051) m center=(0.314,0.011,0.026) m conf=0.98 edge=-0.1deg sides=(0.050,0.050)m sync_rate=14.25 Hz mask_px=1355[0m
[0m[INFO] [1789225515.168932748] [perception]: DETECTED pixel=(77,109) depth=0.347 m surface=(0.313,0.011,0.051) m center=(0.313,0.011,0.026) m conf=0.98 edge=0.1deg sides=(0.050,0.050)m sync_rate=14.25 Hz mask_px=1355[0m
[0m[INFO] [1789225516.196234624] [perception]: DETECTED pixel=(77,109) depth=0.347 m surface=(0.313,0.011,0.051) m center=(0.313,0.011,0.026) m conf=0.98 edge=-0.0deg sides=(0.050,0.050)m sync_rate=14.25 Hz mask_px=1355[0m
[0m[INFO] [1789225517.229783978] [perception]: DETECTED pixel=(77,109) depth=0.347 m surface=(0.313,0.011,0.051) m center=(0.313,0.011,0.026) m conf=0.98 edge=-0.0deg sides=(0.050,0.050)m sync_rate=14.25 Hz mask_px=1355[0m
[0m[INFO] [1789225518.241132961] [perception]: DETECTED pixel=(77,109) depth=0.347 m surface=(0.314,0.011,0.051) m center=(0.314,0.011,0.026) m conf=0.98 edge=-0.0deg sides=(0.050,0.050)m sync_rate=14.25 Hz mask_px=1355[0m
[0m[INFO] [1789225519.275143014] [perception]: DETECTED pixel=(77,109) depth=0.347 m surface=(0.313,0.011,0.051) m center=(0.313,0.011,0.026) m conf=0.98 edge=0.1deg sides=(0.050,0.050)m sync_rate=14.25 Hz mask_px=1355[0m
[0m[INFO] [1789225520.287151047] [perception]: DETECTED pixel=(77,109) depth=0.347 m surface=(0.313,0.011,0.051) m center=(0.313,0.011,0.026) m conf=0.98 edge=0.0deg sides=(0.050,0.050)m sync_rate=14.25 Hz mask_px=1355[0m
[0m[INFO] [1789225521.304734142] [perception]: DETECTED pixel=(77,109) depth=0.347 m surface=(0.314,0.011,0.051) m center=(0.314,0.011,0.026) m conf=0.98 edge=0.1deg sides=(0.050,0.050)m sync_rate=14.25 Hz mask_px=1355[0m
[0m[INFO] [1789225522.346718694] [perception]: DETECTED pixel=(77,109) depth=0.347 m surface=(0.314,0.011,0.051) m center=(0.314,0.011,0.026) m conf=0.98 edge=-0.2deg sides=(0.050,0.050)m sync_rate=14.25 Hz mask_px=1355[0m
[0m[INFO] [1789225523.395749585] [perception]: DETECTED pixel=(77,109) depth=0.347 m surface=(0.313,0.011,0.051) m center=(0.313,0.011,0.026) m conf=0.98 edge=0.1deg sides=(0.050,0.050)m sync_rate=14.25 Hz mask_px=1355[0m
[0m[INFO] [1789225524.429228212] [perception]: DETECTED pixel=(77,109) depth=0.347 m surface=(0.313,0.011,0.051) m center=(0.313,0.011,0.026) m conf=0.98 edge=0.1deg sides=(0.050,0.050)m sync_rate=14.25 Hz mask_px=1355[0m
[0m[INFO] [1789225525.449169149] [perception]: DETECTED pixel=(77,109) depth=0.347 m surface=(0.313,0.011,0.051) m center=(0.313,0.011,0.026) m conf=0.98 edge=0.2deg sides=(0.050,0.050)m sync_rate=14.25 Hz mask_px=1355[0m
[0m[INFO] [1789225526.479327746] [perception]: DETECTED pixel=(77,109) depth=0.347 m surface=(0.313,0.011,0.051) m center=(0.313,0.011,0.026) m conf=0.98 edge=-0.3deg sides=(0.050,0.050)m sync_rate=14.25 Hz mask_px=1355[0m
[0m[INFO] [1789225527.514111664] [perception]: DETECTED pixel=(77,109) depth=0.347 m surface=(0.313,0.011,0.051) m center=(0.313,0.011,0.026) m conf=0.98 edge=-0.0deg sides=(0.050,0.050)m sync_rate=14.25 Hz mask_px=1355[0m
[0m[INFO] [1789225528.544334709] [perception]: DETECTED pixel=(77,109) depth=0.347 m surface=(0.313,0.011,0.051) m center=(0.313,0.011,0.026) m conf=0.98 edge=0.0deg sides=(0.050,0.050)m sync_rate=14.25 Hz mask_px=1355[0m
[0m[INFO] [1789225529.584013634] [perception]: DETECTED pixel=(77,109) depth=0.347 m surface=(0.313,0.011,0.051) m center=(0.313,0.011,0.026) m conf=0.98 edge=0.0deg sides=(0.050,0.050)m sync_rate=14.25 Hz mask_px=1355[0m
[0m[INFO] [1789225530.604648476] [perception]: DETECTED pixel=(77,109) depth=0.347 m surface=(0.313,0.011,0.051) m center=(0.313,0.011,0.026) m conf=0.98 edge=0.2deg sides=(0.050,0.050)m sync_rate=14.25 Hz mask_px=1355[0m
[0m[INFO] [1789225531.625073068] [perception]: DETECTED pixel=(77,109) depth=0.347 m surface=(0.313,0.011,0.051) m center=(0.313,0.011,0.026) m conf=0.97 edge=0.1deg sides=(0.050,0.050)m sync_rate=14.25 Hz mask_px=1355[0m
[0m[INFO] [1789225532.654585737] [perception]: DETECTED pixel=(77,109) depth=0.347 m surface=(0.314,0.011,0.051) m center=(0.314,0.011,0.026) m conf=0.98 edge=0.1deg sides=(0.050,0.050)m sync_rate=14.25 Hz mask_px=1355[0m
[0m[INFO] [1789225533.659247113] [perception]: DETECTED pixel=(77,109) depth=0.347 m surface=(0.313,0.011,0.051) m center=(0.313,0.011,0.026) m conf=0.98 edge=-0.1deg sides=(0.050,0.050)m sync_rate=14.25 Hz mask_px=1355[0m
[0m[INFO] [1789225534.724795912] [perception]: DETECTED pixel=(77,109) depth=0.347 m surface=(0.314,0.011,0.051) m center=(0.314,0.011,0.026) m conf=0.98 edge=-0.0deg sides=(0.050,0.050)m sync_rate=14.25 Hz mask_px=1355[0m
[0m[INFO] [1789225535.725625027] [perception]: DETECTED pixel=(77,109) depth=0.347 m surface=(0.313,0.011,0.051) m center=(0.313,0.011,0.026) m conf=0.98 edge=0.1deg sides=(0.050,0.050)m sync_rate=14.25 Hz mask_px=1355[0m
[0m[INFO] [1789225536.746637053] [perception]: DETECTED pixel=(77,109) depth=0.347 m surface=(0.313,0.013,0.050) m center=(0.313,0.013,0.025) m conf=0.98 edge=0.3deg sides=(0.050,0.050)m sync_rate=14.25 Hz mask_px=1355[0m
[0m[INFO] [1789225537.840713578] [perception]: DETECTED pixel=(77,108) depth=0.347 m surface=(0.311,0.012,0.050) m center=(0.311,0.012,0.025) m conf=0.98 edge=0.3deg sides=(0.050,0.050)m sync_rate=14.25 Hz mask_px=1372[0m
[0m[INFO] [1789225538.853473083] [perception]: DETECTED pixel=(77,108) depth=0.347 m surface=(0.311,0.012,0.050) m center=(0.311,0.012,0.025) m conf=0.98 edge=0.3deg sides=(0.050,0.050)m sync_rate=14.25 Hz mask_px=1372[0m
[0m[INFO] [1789225539.915669261] [perception]: DETECTED pixel=(77,108) depth=0.347 m surface=(0.311,0.012,0.050) m center=(0.311,0.012,0.025) m conf=0.98 edge=0.3deg sides=(0.050,0.050)m sync_rate=14.25 Hz mask_px=1372[0m
[0m[INFO] [1789225540.954197619] [perception]: DETECTED pixel=(90,107) depth=0.355 m surface=(0.311,0.012,0.050) m center=(0.311,0.012,0.025) m conf=0.90 edge=0.4deg sides=(0.050,0.050)m sync_rate=14.25 Hz mask_px=478[0m
[0m[INFO] [1789225541.970879908] [perception]: NOT DETECTED[0m
[0m[INFO] [1789225542.993919055] [perception]: NOT DETECTED[0m
[0m[INFO] [1789225544.019429844] [perception]: NOT DETECTED[0m
[0m[INFO] [1789225545.066539596] [perception]: NOT DETECTED[0m
[0m[INFO] [1789225573.368041461] [perception]: NOT DETECTED[0m
[0m[INFO] [1789225574.385590434] [perception]: NOT DETECTED[0m
[0m[INFO] [1789225575.485912867] [perception]: DETECTED pixel=(90,110) depth=0.350 m surface=(0.315,0.013,0.053) m center=(0.315,0.013,0.028) m conf=0.81 edge=0.4deg sides=(0.050,0.049)m sync_rate=14.25 Hz mask_px=530[0m
[0m[INFO] [1789225576.552084188] [perception]: DETECTED pixel=(80,90) depth=0.344 m surface=(0.305,-0.011,0.053) m center=(0.305,-0.011,0.028) m conf=0.87 edge=0.2deg sides=(0.050,0.048)m sync_rate=14.25 Hz mask_px=1288[0m
[0m[INFO] [1789225577.562090650] [perception]: DETECTED pixel=(80,90) depth=0.343 m surface=(0.304,-0.011,0.053) m center=(0.304,-0.011,0.028) m conf=0.97 edge=0.1deg sides=(0.050,0.048)m sync_rate=14.25 Hz mask_px=1288[0m
[0m[INFO] [1789225578.590980381] [perception]: DETECTED pixel=(79,90) depth=0.345 m surface=(0.305,-0.011,0.053) m center=(0.305,-0.011,0.028) m conf=0.98 edge=0.2deg sides=(0.050,0.050)m sync_rate=14.25 Hz mask_px=1327[0m
[0m[INFO] [1789225579.623372849] [perception]: DETECTED pixel=(79,90) depth=0.345 m surface=(0.306,-0.011,0.053) m center=(0.306,-0.011,0.028) m conf=0.97 edge=0.2deg sides=(0.050,0.050)m sync_rate=14.25 Hz mask_px=1327[0m
[0m[INFO] [1789225580.754965238] [perception]: NOT DETECTED[0m
[0m[INFO] [1789225581.855476268] [perception]: DETECTED pixel=(77,87) depth=0.347 m surface=(0.316,-0.016,0.051) m center=(0.316,-0.016,0.026) m conf=0.98 edge=-0.0deg sides=(0.050,0.048)m sync_rate=14.24 Hz mask_px=1420[0m
[0m[INFO] [1789225582.889136937] [perception]: DETECTED pixel=(77,87) depth=0.347 m surface=(0.316,-0.016,0.051) m center=(0.316,-0.016,0.026) m conf=0.98 edge=-0.1deg sides=(0.050,0.048)m sync_rate=14.24 Hz mask_px=1421[0m
[0m[INFO] [1789225583.905252937] [perception]: DETECTED pixel=(77,87) depth=0.347 m surface=(0.316,-0.016,0.051) m center=(0.316,-0.016,0.026) m conf=0.97 edge=0.0deg sides=(0.050,0.048)m sync_rate=14.24 Hz mask_px=1421[0m
[0m[INFO] [1789225585.188954717] [perception]: NOT DETECTED[0m
[0m[INFO] [1789225586.218069694] [perception]: NOT DETECTED[0m
[0m[INFO] [1789225587.262046411] [perception]: NOT DETECTED[0m
[0m[INFO] [1789225588.302324137] [perception]: NOT DETECTED[0m
[0m[INFO] [1789225589.346975680] [perception]: NOT DETECTED[0m
[0m[INFO] [1789225590.715328335] [perception]: DETECTED pixel=(119,102) depth=0.125 m surface=(0.325,-0.016,0.050) m center=(0.325,-0.016,0.025) m conf=0.80 edge=2.5deg sides=(0.050,0.036)m sync_rate=14.24 Hz mask_px=342[0m
[0m[INFO] [1789225591.746342000] [perception]: DETECTED pixel=(118,155) depth=0.121 m surface=(0.323,-0.016,0.050) m center=(0.323,-0.016,0.025) m conf=0.88 edge=-0.2deg sides=(0.050,0.037)m sync_rate=14.24 Hz mask_px=555[0m
[0m[INFO] [1789225592.781652843] [perception]: DETECTED pixel=(114,154) depth=0.117 m surface=(0.322,-0.016,0.050) m center=(0.322,-0.016,0.025) m conf=0.91 edge=0.0deg sides=(0.050,0.038)m sync_rate=14.24 Hz mask_px=885[0m
[0m[INFO] [1789225595.210878217] [perception]: DETECTED pixel=(109,151) depth=0.115 m surface=(0.323,-0.016,0.050) m center=(0.323,-0.016,0.025) m conf=0.80 edge=0.1deg sides=(0.050,0.041)m sync_rate=14.24 Hz mask_px=1406[0m
[0m[INFO] [1789225615.867429013] [perception]: DETECTED pixel=(109,151) depth=0.115 m surface=(0.323,-0.016,0.050) m center=(0.323,-0.016,0.025) m conf=0.81 edge=0.5deg sides=(0.050,0.041)m sync_rate=14.25 Hz mask_px=1465[0m
[0m[INFO] [1789225616.905767364] [perception]: NOT DETECTED[0m
[0m[INFO] [1789225617.928946500] [perception]: NOT DETECTED[0m
[0m[INFO] [1789225618.969117165] [perception]: DETECTED pixel=(76,87) depth=0.348 m surface=(0.318,-0.015,0.049) m center=(0.318,-0.015,0.024) m conf=0.97 edge=0.1deg sides=(0.050,0.049)m sync_rate=14.25 Hz mask_px=1452[0m
[0m[INFO] [1789225620.023419563] [perception]: DETECTED pixel=(81,93) depth=0.342 m surface=(0.294,-0.007,0.049) m center=(0.294,-0.007,0.024) m conf=0.96 edge=0.1deg sides=(0.050,0.050)m sync_rate=14.24 Hz mask_px=1214[0m
[0m[INFO] [1789225621.066090436] [perception]: DETECTED pixel=(81,93) depth=0.342 m surface=(0.294,-0.007,0.049) m center=(0.294,-0.007,0.024) m conf=0.96 edge=-0.1deg sides=(0.050,0.050)m sync_rate=14.24 Hz mask_px=1214[0m
[0m[INFO] [1789225622.103641958] [perception]: DETECTED pixel=(81,93) depth=0.342 m surface=(0.294,-0.007,0.049) m center=(0.294,-0.007,0.024) m conf=0.96 edge=0.1deg sides=(0.050,0.050)m sync_rate=14.24 Hz mask_px=1214[0m
[0m[INFO] [1789225623.122225051] [perception]: DETECTED pixel=(89,93) depth=0.347 m surface=(0.293,-0.007,0.049) m center=(0.293,-0.007,0.024) m conf=0.81 edge=-0.1deg sides=(0.049,0.049)m sync_rate=14.24 Hz mask_px=594[0m
[0m[INFO] [1789225624.133715040] [perception]: NOT DETECTED[0m
[0m[INFO] [1789225625.171768287] [perception]: NOT DETECTED[0m
[0m[INFO] [1789225626.212080230] [perception]: NOT DETECTED[0m
[0m[INFO] [1789225628.897463046] [perception]: DETECTED pixel=(118,100) depth=0.122 m surface=(0.301,-0.006,0.049) m center=(0.301,-0.006,0.024) m conf=0.82 edge=0.0deg sides=(0.050,0.036)m sync_rate=14.24 Hz mask_px=582[0m
[0m[INFO] [1789225629.921543493] [perception]: DETECTED pixel=(114,152) depth=0.118 m surface=(0.301,-0.006,0.049) m center=(0.301,-0.006,0.024) m conf=0.87 edge=-0.0deg sides=(0.050,0.036)m sync_rate=14.24 Hz mask_px=926[0m
[0m[INFO] [1789225630.974788106] [perception]: DETECTED pixel=(110,49) depth=0.113 m surface=(0.301,-0.006,0.049) m center=(0.301,-0.006,0.024) m conf=0.89 edge=0.8deg sides=(0.050,0.037)m sync_rate=14.24 Hz mask_px=1468[0m
[0m[INFO] [1789225632.019206121] [perception]: DETECTED pixel=(107,50) depth=0.109 m surface=(0.301,-0.007,0.049) m center=(0.301,-0.007,0.024) m conf=0.88 edge=1.7deg sides=(0.050,0.037)m sync_rate=14.24 Hz mask_px=2125[0m
[0m[INFO] [1789225633.034518433] [perception]: DETECTED pixel=(104,52) depth=0.108 m surface=(0.301,-0.007,0.049) m center=(0.301,-0.007,0.024) m conf=0.89 edge=1.3deg sides=(0.050,0.038)m sync_rate=14.24 Hz mask_px=2005[0m
[0m[INFO] [1789225634.060134459] [perception]: DETECTED pixel=(105,148) depth=0.111 m surface=(0.302,-0.006,0.048) m center=(0.302,-0.006,0.023) m conf=0.88 edge=1.0deg sides=(0.050,0.039)m sync_rate=14.24 Hz mask_px=1865[0m
[0m[INFO] [1789225635.064639773] [perception]: DETECTED pixel=(103,147) depth=0.110 m surface=(0.302,-0.006,0.048) m center=(0.302,-0.006,0.023) m conf=0.87 edge=1.8deg sides=(0.050,0.039)m sync_rate=14.24 Hz mask_px=2200[0m
[0m[INFO] [1789225636.118778440] [perception]: DETECTED pixel=(103,146) depth=0.109 m surface=(0.301,-0.006,0.048) m center=(0.301,-0.006,0.023) m conf=0.86 edge=0.8deg sides=(0.050,0.039)m sync_rate=14.24 Hz mask_px=2337[0m
[0m[INFO] [1789225637.165041743] [perception]: DETECTED pixel=(100,57) depth=0.109 m surface=(0.301,-0.006,0.049) m center=(0.301,-0.006,0.024) m conf=0.85 edge=0.0deg sides=(0.050,0.039)m sync_rate=14.24 Hz mask_px=2479[0m
[0m[INFO] [1789225638.213242056] [perception]: DETECTED pixel=(100,57) depth=0.109 m surface=(0.301,-0.006,0.072) m center=(0.301,-0.006,0.047) m conf=0.83 edge=-0.1deg sides=(0.050,0.039)m sync_rate=14.24 Hz mask_px=2474[0m
[0m[INFO] [1789225646.526175427] [perception]: DETECTED pixel=(103,146) depth=0.109 m surface=(0.303,-0.006,0.080) m center=(0.303,-0.006,0.055) m conf=0.77 edge=0.7deg sides=(0.050,0.038)m sync_rate=14.24 Hz mask_px=2356[0m
[0m[INFO] [1789225647.567636985] [perception]: DETECTED pixel=(101,102) depth=0.109 m surface=(0.301,-0.006,0.049) m center=(0.301,-0.006,0.024) m conf=0.77 edge=0.4deg sides=(0.050,0.039)m sync_rate=14.24 Hz mask_px=2552[0m
[0m[INFO] [1789225648.568510324] [perception]: DETECTED pixel=(101,102) depth=0.109 m surface=(0.301,-0.006,0.049) m center=(0.301,-0.006,0.024) m conf=0.77 edge=-0.0deg sides=(0.050,0.040)m sync_rate=14.24 Hz mask_px=2599[0m
[0m[INFO] [1789225649.611105409] [perception]: DETECTED pixel=(101,102) depth=0.109 m surface=(0.301,-0.006,0.049) m center=(0.301,-0.006,0.024) m conf=0.78 edge=0.1deg sides=(0.050,0.040)m sync_rate=14.24 Hz mask_px=2599[0m
[0m[INFO] [1789225650.675298753] [perception]: DETECTED pixel=(101,102) depth=0.109 m surface=(0.301,-0.006,0.049) m center=(0.301,-0.006,0.024) m conf=0.78 edge=0.1deg sides=(0.050,0.040)m sync_rate=14.24 Hz mask_px=2599[0m
[0m[INFO] [1789225651.684349869] [perception]: DETECTED pixel=(101,102) depth=0.109 m surface=(0.301,-0.006,0.049) m center=(0.301,-0.006,0.024) m conf=0.78 edge=0.3deg sides=(0.050,0.040)m sync_rate=14.24 Hz mask_px=2616[0m
[0m[INFO] [1789225652.690347458] [perception]: DETECTED pixel=(101,102) depth=0.109 m surface=(0.301,-0.006,0.049) m center=(0.301,-0.006,0.024) m conf=0.79 edge=-0.0deg sides=(0.050,0.040)m sync_rate=14.24 Hz mask_px=2648[0m
[0m[INFO] [1789225653.720629952] [perception]: DETECTED pixel=(102,99) depth=0.109 m surface=(0.301,-0.006,0.049) m center=(0.301,-0.006,0.024) m conf=0.78 edge=0.2deg sides=(0.050,0.040)m sync_rate=14.24 Hz mask_px=2761[0m
[0m[INFO] [1789225654.755088596] [perception]: DETECTED pixel=(118,100) depth=0.123 m surface=(0.303,-0.006,0.049) m center=(0.303,-0.006,0.024) m conf=0.90 edge=0.1deg sides=(0.050,0.036)m sync_rate=14.24 Hz mask_px=510[0m
[0m[INFO] [1789225655.779896136] [perception]: NOT DETECTED[0m
[0m[INFO] [1789225657.071415386] [perception]: DETECTED pixel=(91,93) depth=0.341 m surface=(0.296,-0.008,0.049) m center=(0.296,-0.008,0.024) m conf=0.78 edge=2.4deg sides=(0.049,0.049)m sync_rate=14.24 Hz mask_px=443[0m
[0m[INFO] [1789225658.074678566] [perception]: DETECTED pixel=(76,100) depth=0.348 m surface=(0.316,-0.001,0.049) m center=(0.316,-0.001,0.024) m conf=0.98 edge=0.2deg sides=(0.050,0.048)m sync_rate=14.24 Hz mask_px=1368[0m
[0m[INFO] [1789225659.127953664] [perception]: DETECTED pixel=(76,100) depth=0.348 m surface=(0.316,-0.001,0.049) m center=(0.316,-0.001,0.024) m conf=0.98 edge=0.2deg sides=(0.050,0.048)m sync_rate=14.24 Hz mask_px=1368[0m
[0m[INFO] [1789225660.175796735] [perception]: DETECTED pixel=(76,100) depth=0.348 m surface=(0.316,-0.001,0.049) m center=(0.316,-0.001,0.024) m conf=0.98 edge=0.2deg sides=(0.050,0.048)m sync_rate=14.24 Hz mask_px=1368[0m
[0m[INFO] [1789225661.215963236] [perception]: DETECTED pixel=(76,100) depth=0.348 m surface=(0.316,-0.001,0.049) m center=(0.316,-0.001,0.024) m conf=0.98 edge=0.3deg sides=(0.050,0.048)m sync_rate=14.24 Hz mask_px=1368[0m
[0m[INFO] [1789225662.439075576] [perception]: NOT DETECTED[0m
[0m[INFO] [1789225663.465857913] [perception]: NOT DETECTED[0m
[0m[INFO] [1789225664.496072867] [perception]: NOT DETECTED[0m
[0m[INFO] [1789225665.536315494] [perception]: NOT DETECTED[0m
[0m[INFO] [1789225666.568783181] [perception]: NOT DETECTED[0m
[0m[INFO] [1789225694.302319680] [perception]: NOT DETECTED[0m
[0m[INFO] [1789225695.337858521] [perception]: NOT DETECTED[0m
[0m[INFO] [1789225696.511357734] [perception]: DETECTED pixel=(82,99) depth=0.353 m surface=(0.322,-0.002,0.051) m center=(0.322,-0.002,0.026) m conf=0.87 edge=-0.0deg sides=(0.050,0.046)m sync_rate=14.24 Hz mask_px=1114[0m
[0m[INFO] [1789225697.526474521] [perception]: DETECTED pixel=(80,93) depth=0.343 m surface=(0.301,-0.008,0.051) m center=(0.301,-0.008,0.026) m conf=0.97 edge=0.2deg sides=(0.050,0.050)m sync_rate=14.24 Hz mask_px=1274[0m
[0m[INFO] [1789225698.536130284] [perception]: DETECTED pixel=(80,93) depth=0.343 m surface=(0.301,-0.008,0.051) m center=(0.301,-0.008,0.026) m conf=0.98 edge=-0.0deg sides=(0.050,0.050)m sync_rate=14.24 Hz mask_px=1274[0m
[0m[INFO] [1789225699.595719895] [perception]: DETECTED pixel=(80,93) depth=0.343 m surface=(0.301,-0.008,0.051) m center=(0.301,-0.008,0.026) m conf=0.98 edge=0.1deg sides=(0.050,0.050)m sync_rate=14.24 Hz mask_px=1274[0m
[0m[INFO] [1789225700.610626144] [perception]: DETECTED pixel=(80,93) depth=0.343 m surface=(0.301,-0.008,0.051) m center=(0.301,-0.008,0.026) m conf=0.97 edge=-0.1deg sides=(0.050,0.050)m sync_rate=14.24 Hz mask_px=1274[0m
[0m[INFO] [1789225701.627489222] [perception]: NOT DETECTED[0m
[0m[INFO] [1789225702.661152202] [perception]: NOT DETECTED[0m
[0m[INFO] [1789225703.703932153] [perception]: NOT DETECTED[0m
[0m[INFO] [1789225704.736650995] [perception]: NOT DETECTED[0m
[0m[INFO] [1789225705.776025277] [perception]: NOT DETECTED[0m
[0m[INFO] [1789225707.918411891] [perception]: DETECTED pixel=(120,155) depth=0.119 m surface=(0.308,-0.007,0.050) m center=(0.308,-0.007,0.025) m conf=0.77 edge=1.0deg sides=(0.050,0.035)m sync_rate=14.24 Hz mask_px=688[0m
[0m[INFO] [1789225708.928730919] [perception]: DETECTED pixel=(117,155) depth=0.115 m surface=(0.307,-0.007,0.050) m center=(0.307,-0.007,0.025) m conf=0.89 edge=0.1deg sides=(0.050,0.036)m sync_rate=14.24 Hz mask_px=1032[0m
[0m[INFO] [1789225709.948643993] [perception]: DETECTED pixel=(113,155) depth=0.110 m surface=(0.307,-0.007,0.050) m center=(0.307,-0.007,0.025) m conf=0.89 edge=-0.1deg sides=(0.050,0.037)m sync_rate=14.24 Hz mask_px=1653[0m
[0m[INFO] [1789225710.987539826] [perception]: DETECTED pixel=(109,152) depth=0.111 m surface=(0.307,-0.008,0.050) m center=(0.307,-0.008,0.025) m conf=0.90 edge=-0.2deg sides=(0.050,0.037)m sync_rate=14.24 Hz mask_px=1407[0m
[0m[INFO] [1789225711.992420134] [perception]: DETECTED pixel=(108,150) depth=0.113 m surface=(0.308,-0.008,0.049) m center=(0.308,-0.008,0.024) m conf=0.89 edge=-0.3deg sides=(0.050,0.038)m sync_rate=14.24 Hz mask_px=1396[0m
[0m[INFO] [1789225713.011495767] [perception]: DETECTED pixel=(107,150) depth=0.112 m surface=(0.308,-0.008,0.049) m center=(0.308,-0.008,0.024) m conf=0.89 edge=-0.2deg sides=(0.050,0.039)m sync_rate=14.24 Hz mask_px=1583[0m
[0m[INFO] [1789225714.029086566] [perception]: DETECTED pixel=(107,150) depth=0.112 m surface=(0.309,-0.009,0.049) m center=(0.309,-0.009,0.024) m conf=0.89 edge=2.3deg sides=(0.050,0.039)m sync_rate=14.24 Hz mask_px=1655[0m
[0m[INFO] [1789225715.106131240] [perception]: DETECTED pixel=(106,150) depth=0.111 m surface=(0.308,-0.008,0.055) m center=(0.308,-0.008,0.030) m conf=0.88 edge=-0.1deg sides=(0.050,0.039)m sync_rate=14.24 Hz mask_px=1699[0m
[0m[INFO] [1789225723.951472599] [perception]: DETECTED pixel=(107,150) depth=0.112 m surface=(0.310,-0.008,0.079) m center=(0.310,-0.008,0.054) m conf=0.80 edge=0.3deg sides=(0.050,0.039)m sync_rate=14.24 Hz mask_px=1649[0m
[0m[INFO] [1789225724.952559384] [perception]: DETECTED pixel=(106,149) depth=0.111 m surface=(0.309,-0.008,0.050) m center=(0.309,-0.008,0.025) m conf=0.89 edge=2.0deg sides=(0.050,0.039)m sync_rate=14.24 Hz mask_px=1782[0m
[0m[INFO] [1789225726.010421564] [perception]: DETECTED pixel=(106,150) depth=0.111 m surface=(0.308,-0.008,0.050) m center=(0.308,-0.008,0.025) m conf=0.90 edge=-0.3deg sides=(0.050,0.039)m sync_rate=14.24 Hz mask_px=1826[0m
[0m[INFO] [1789225727.015991015] [perception]: DETECTED pixel=(106,150) depth=0.111 m surface=(0.308,-0.008,0.050) m center=(0.308,-0.008,0.025) m conf=0.90 edge=-0.1deg sides=(0.050,0.039)m sync_rate=14.24 Hz mask_px=1826[0m
[0m[INFO] [1789225728.043722720] [perception]: DETECTED pixel=(106,150) depth=0.111 m surface=(0.308,-0.008,0.050) m center=(0.308,-0.008,0.025) m conf=0.90 edge=-0.1deg sides=(0.050,0.039)m sync_rate=14.24 Hz mask_px=1826[0m
[0m[INFO] [1789225729.046921188] [perception]: DETECTED pixel=(106,150) depth=0.111 m surface=(0.308,-0.008,0.050) m center=(0.308,-0.008,0.025) m conf=0.90 edge=-0.3deg sides=(0.050,0.039)m sync_rate=14.24 Hz mask_px=1826[0m
[0m[INFO] [1789225730.058255367] [perception]: DETECTED pixel=(106,150) depth=0.111 m surface=(0.308,-0.008,0.050) m center=(0.308,-0.008,0.025) m conf=0.90 edge=-0.2deg sides=(0.050,0.039)m sync_rate=14.24 Hz mask_px=1858[0m
[0m[INFO] [1789225731.082033127] [perception]: DETECTED pixel=(109,151) depth=0.111 m surface=(0.308,-0.008,0.050) m center=(0.308,-0.008,0.025) m conf=0.88 edge=-0.3deg sides=(0.050,0.039)m sync_rate=14.24 Hz mask_px=2071[0m
[0m[INFO] [1789225732.142951928] [perception]: NOT DETECTED[0m
[0m[INFO] [1789225733.182213193] [perception]: NOT DETECTED[0m
[0m[INFO] [1789225734.237409077] [perception]: DETECTED pixel=(90,92) depth=0.345 m surface=(0.301,-0.011,0.050) m center=(0.301,-0.011,0.025) m conf=0.80 edge=-0.1deg sides=(0.050,0.049)m sync_rate=14.24 Hz mask_px=478[0m
[0m[INFO] [1789225735.240018083] [perception]: DETECTED pixel=(77,108) depth=0.347 m surface=(0.309,0.008,0.050) m center=(0.309,0.008,0.025) m conf=0.88 edge=-0.1deg sides=(0.050,0.050)m sync_rate=14.24 Hz mask_px=1373[0m
[0m[INFO] [1789225736.260274568] [perception]: DETECTED pixel=(77,108) depth=0.347 m surface=(0.309,0.008,0.050) m center=(0.309,0.008,0.025) m conf=0.98 edge=-0.0deg sides=(0.050,0.050)m sync_rate=14.24 Hz mask_px=1373[0m
[0m[INFO] [1789225737.327194291] [perception]: DETECTED pixel=(77,108) depth=0.347 m surface=(0.309,0.008,0.050) m center=(0.309,0.008,0.025) m conf=0.98 edge=-0.2deg sides=(0.050,0.050)m sync_rate=14.24 Hz mask_px=1373[0m
[0m[INFO] [1789225738.388683526] [perception]: DETECTED pixel=(77,108) depth=0.347 m surface=(0.309,0.008,0.050) m center=(0.309,0.008,0.025) m conf=0.98 edge=-0.0deg sides=(0.050,0.050)m sync_rate=14.24 Hz mask_px=1373[0m
[0m[INFO] [1789225739.391533419] [perception]: NOT DETECTED[0m
[0m[INFO] [1789225740.428010422] [perception]: NOT DETECTED[0m
[0m[INFO] [1789225741.446684287] [perception]: NOT DETECTED[0m
[0m[INFO] [1789225742.484384208] [perception]: NOT DETECTED[0m
[0m[INFO] [1789225771.445302962] [perception]: NOT DETECTED[0m
[0m[INFO] [1789225772.484353225] [perception]: NOT DETECTED[0m
[0m[INFO] [1789225773.518403930] [perception]: DETECTED pixel=(89,106) depth=0.349 m surface=(0.313,0.007,0.049) m center=(0.313,0.007,0.024) m conf=0.91 edge=-0.0deg sides=(0.049,0.049)m sync_rate=14.24 Hz mask_px=560[0m
[0m[INFO] [1789225774.577665208] [perception]: DETECTED pixel=(81,111) depth=0.343 m surface=(0.300,0.012,0.049) m center=(0.300,0.012,0.024) m conf=0.87 edge=-0.0deg sides=(0.050,0.049)m sync_rate=14.24 Hz mask_px=1285[0m
[0m[INFO] [1789225775.598583518] [perception]: DETECTED pixel=(81,111) depth=0.342 m surface=(0.300,0.012,0.049) m center=(0.300,0.012,0.024) m conf=0.97 edge=-0.0deg sides=(0.050,0.048)m sync_rate=14.24 Hz mask_px=1285[0m
[0m[INFO] [1789225776.668787253] [perception]: DETECTED pixel=(81,111) depth=0.342 m surface=(0.300,0.012,0.049) m center=(0.300,0.012,0.024) m conf=0.97 edge=0.1deg sides=(0.050,0.048)m sync_rate=14.24 Hz mask_px=1285[0m
[0m[INFO] [1789225777.710079065] [perception]: DETECTED pixel=(81,111) depth=0.342 m surface=(0.300,0.012,0.049) m center=(0.300,0.012,0.024) m conf=0.97 edge=0.1deg sides=(0.050,0.048)m sync_rate=14.24 Hz mask_px=1285[0m
[0m[INFO] [1789225778.729060748] [perception]: NOT DETECTED[0m
[0m[INFO] [1789225779.736212656] [perception]: NOT DETECTED[0m
[0m[INFO] [1789225780.774712698] [perception]: NOT DETECTED[0m
[0m[INFO] [1789225810.673255739] [perception]: NOT DETECTED[0m
[0m[INFO] [1789225811.703137119] [perception]: NOT DETECTED[0m
[0m[INFO] [1789225812.798882654] [perception]: DETECTED pixel=(91,110) depth=0.345 m surface=(0.302,0.012,0.049) m center=(0.302,0.012,0.024) m conf=0.80 edge=0.0deg sides=(0.050,0.049)m sync_rate=14.24 Hz mask_px=504[0m
[0m[INFO] [1789225813.852505483] [perception]: DETECTED pixel=(82,92) depth=0.341 m surface=(0.293,-0.009,0.049) m center=(0.293,-0.009,0.024) m conf=0.86 edge=-0.2deg sides=(0.050,0.050)m sync_rate=14.24 Hz mask_px=1185[0m
[0m[INFO] [1789225814.925163766] [perception]: DETECTED pixel=(82,92) depth=0.341 m surface=(0.293,-0.009,0.049) m center=(0.293,-0.009,0.024) m conf=0.96 edge=-0.9deg sides=(0.050,0.049)m sync_rate=14.24 Hz mask_px=1185[0m
[0m[INFO] [1789225815.984606504] [perception]: DETECTED pixel=(82,92) depth=0.341 m surface=(0.293,-0.009,0.049) m center=(0.293,-0.009,0.024) m conf=0.96 edge=-0.1deg sides=(0.050,0.049)m sync_rate=14.24 Hz mask_px=1185[0m
[0m[INFO] [1789225817.025498161] [perception]: DETECTED pixel=(82,92) depth=0.341 m surface=(0.293,-0.009,0.049) m center=(0.293,-0.009,0.024) m conf=0.96 edge=-0.1deg sides=(0.050,0.050)m sync_rate=14.24 Hz mask_px=1185[0m
[0m[INFO] [1789225818.224225621] [perception]: NOT DETECTED[0m
[0m[INFO] [1789225819.248060171] [perception]: NOT DETECTED[0m
[0m[INFO] [1789225820.289323742] [perception]: NOT DETECTED[0m
[0m[INFO] [1789225823.037399524] [perception]: DETECTED pixel=(118,153) depth=0.122 m surface=(0.300,-0.009,0.048) m center=(0.300,-0.009,0.023) m conf=0.78 edge=0.6deg sides=(0.050,0.035)m sync_rate=14.24 Hz mask_px=535[0m
[0m[INFO] [1789225824.093461042] [perception]: DETECTED pixel=(116,154) depth=0.117 m surface=(0.300,-0.009,0.048) m center=(0.300,-0.009,0.023) m conf=0.88 edge=1.3deg sides=(0.050,0.036)m sync_rate=14.24 Hz mask_px=915[0m
[0m[INFO] [1789225825.118921962] [perception]: DETECTED pixel=(114,153) depth=0.113 m surface=(0.300,-0.009,0.048) m center=(0.300,-0.009,0.023) m conf=0.89 edge=0.2deg sides=(0.050,0.036)m sync_rate=14.24 Hz mask_px=1367[0m
[0m[INFO] [1789225826.156072637] [perception]: DETECTED pixel=(111,153) depth=0.109 m surface=(0.299,-0.009,0.048) m center=(0.299,-0.009,0.023) m conf=0.89 edge=0.0deg sides=(0.050,0.037)m sync_rate=14.24 Hz mask_px=1919[0m
[0m[INFO] [1789225827.944322500] [perception]: DETECTED pixel=(105,149) depth=0.108 m surface=(0.300,-0.009,0.048) m center=(0.300,-0.009,0.023) m conf=0.79 edge=0.7deg sides=(0.050,0.037)m sync_rate=14.24 Hz mask_px=2031[0m
[0m[INFO] [1789225828.946823727] [perception]: DETECTED pixel=(104,148) depth=0.109 m surface=(0.301,-0.010,0.047) m center=(0.301,-0.010,0.022) m conf=0.88 edge=1.6deg sides=(0.050,0.038)m sync_rate=14.24 Hz mask_px=2105[0m
[0m[INFO] [1789225830.000958661] [perception]: DETECTED pixel=(104,148) depth=0.109 m surface=(0.300,-0.009,0.047) m center=(0.300,-0.009,0.022) m conf=0.87 edge=0.4deg sides=(0.050,0.039)m sync_rate=14.24 Hz mask_px=2220[0m
[0m[INFO] [1789225831.009277640] [perception]: DETECTED pixel=(103,147) depth=0.108 m surface=(0.300,-0.009,0.048) m center=(0.300,-0.009,0.023) m conf=0.87 edge=-0.4deg sides=(0.050,0.039)m sync_rate=14.24 Hz mask_px=2357[0m
[0m[INFO] [1789225841.066315992] [perception]: DETECTED pixel=(103,147) depth=0.109 m surface=(0.303,-0.009,0.081) m center=(0.303,-0.009,0.056) m conf=0.77 edge=0.9deg sides=(0.050,0.038)m sync_rate=14.24 Hz mask_px=2331[0m
[0m[INFO] [1789225842.103263228] [perception]: DETECTED pixel=(101,102) depth=0.108 m surface=(0.300,-0.009,0.048) m center=(0.300,-0.009,0.023) m conf=0.77 edge=-0.3deg sides=(0.050,0.039)m sync_rate=14.24 Hz mask_px=2547[0m
[0m[INFO] [1789225848.808168122] [perception]: DETECTED pixel=(106,149) depth=0.108 m surface=(0.300,-0.009,0.049) m center=(0.300,-0.009,0.024) m conf=0.77 edge=-0.2deg sides=(0.050,0.039)m sync_rate=14.24 Hz mask_px=2664[0m
[0m[INFO] [1789225849.829729940] [perception]: NOT DETECTED[0m
[0m[INFO] [1789225850.880147820] [perception]: NOT DETECTED[0m
[0m[INFO] [1789225851.940543066] [perception]: DETECTED pixel=(82,92) depth=0.342 m surface=(0.293,-0.008,0.049) m center=(0.293,-0.008,0.024) m conf=0.96 edge=-0.5deg sides=(0.050,0.049)m sync_rate=14.24 Hz mask_px=1182[0m
[0m[INFO] [1789225852.957500801] [perception]: DETECTED pixel=(79,87) depth=0.345 m surface=(0.304,-0.014,0.049) m center=(0.304,-0.014,0.024) m conf=0.98 edge=0.4deg sides=(0.050,0.049)m sync_rate=14.24 Hz mask_px=1346[0m
[0m[INFO] [1789225854.016081795] [perception]: DETECTED pixel=(79,87) depth=0.344 m surface=(0.304,-0.014,0.049) m center=(0.304,-0.014,0.024) m conf=0.98 edge=0.3deg sides=(0.049,0.049)m sync_rate=14.24 Hz mask_px=1346[0m
[0m[INFO] [1789225855.067969417] [perception]: DETECTED pixel=(79,87) depth=0.345 m surface=(0.304,-0.014,0.049) m center=(0.304,-0.014,0.024) m conf=0.97 edge=0.2deg sides=(0.050,0.049)m sync_rate=14.24 Hz mask_px=1346[0m
[0m[INFO] [1789225856.597283219] [perception]: NOT DETECTED[0m
[0m[INFO] [1789225857.620255712] [perception]: NOT DETECTED[0m
[0m[INFO] [1789225858.652716472] [perception]: NOT DETECTED[0m
[0m[INFO] [1789225859.694009369] [perception]: NOT DETECTED[0m
[0m[INFO] [1789225862.112856167] [perception]: DETECTED pixel=(118,102) depth=0.121 m surface=(0.311,-0.014,0.050) m center=(0.311,-0.014,0.025) m conf=0.81 edge=0.3deg sides=(0.050,0.036)m sync_rate=14.24 Hz mask_px=574[0m
[0m[INFO] [1789225863.153685066] [perception]: DETECTED pixel=(109,50) depth=0.119 m surface=(0.311,-0.014,0.050) m center=(0.311,-0.014,0.025) m conf=0.93 edge=0.3deg sides=(0.050,0.038)m sync_rate=14.24 Hz mask_px=896[0m
[0m[INFO] [1789225864.157842149] [perception]: DETECTED pixel=(106,51) depth=0.115 m surface=(0.310,-0.015,0.050) m center=(0.310,-0.015,0.025) m conf=0.92 edge=0.6deg sides=(0.050,0.039)m sync_rate=14.24 Hz mask_px=1381[0m
[0m[INFO] [1789225866.484587653] [perception]: DETECTED pixel=(106,149) depth=0.111 m surface=(0.311,-0.014,0.050) m center=(0.311,-0.014,0.025) m conf=0.79 edge=0.4deg sides=(0.050,0.040)m sync_rate=14.24 Hz mask_px=1985[0m
[0m[INFO] [1789225867.561402328] [perception]: DETECTED pixel=(104,148) depth=0.112 m surface=(0.312,-0.014,0.049) m center=(0.312,-0.014,0.024) m conf=0.87 edge=2.0deg sides=(0.050,0.041)m sync_rate=14.24 Hz mask_px=2180[0m
[0m[INFO] [1789225887.356365232] [perception]: DETECTED pixel=(109,151) depth=0.113 m surface=(0.312,-0.013,0.050) m center=(0.312,-0.013,0.025) m conf=0.78 edge=0.7deg sides=(0.050,0.041)m sync_rate=14.24 Hz mask_px=2009[0m
[0m[INFO] [1789225888.417547273] [perception]: NOT DETECTED[0m
[0m[INFO] [1789225889.461612297] [perception]: NOT DETECTED[0m
[0m[INFO] [1789225890.508758131] [perception]: DETECTED pixel=(79,88) depth=0.345 m surface=(0.307,-0.015,0.051) m center=(0.307,-0.015,0.026) m conf=0.97 edge=-0.3deg sides=(0.049,0.049)m sync_rate=14.24 Hz mask_px=1311[0m
[0m[INFO] [1789225891.531355754] [perception]: DETECTED pixel=(82,113) depth=0.341 m surface=(0.295,0.014,0.051) m center=(0.295,0.014,0.026) m conf=0.96 edge=-0.4deg sides=(0.050,0.049)m sync_rate=14.24 Hz mask_px=1255[0m
[0m[INFO] [1789225892.576921083] [perception]: DETECTED pixel=(82,113) depth=0.341 m surface=(0.295,0.014,0.051) m center=(0.295,0.014,0.026) m conf=0.97 edge=-0.4deg sides=(0.050,0.049)m sync_rate=14.24 Hz mask_px=1255[0m
[0m[INFO] [1789225893.582619983] [perception]: DETECTED pixel=(82,113) depth=0.341 m surface=(0.295,0.014,0.051) m center=(0.295,0.014,0.026) m conf=0.96 edge=-0.4deg sides=(0.050,0.049)m sync_rate=14.24 Hz mask_px=1255[0m
[0m[INFO] [1789225894.632770551] [perception]: DETECTED pixel=(89,113) depth=0.347 m surface=(0.296,0.015,0.051) m center=(0.296,0.015,0.026) m conf=0.86 edge=-0.5deg sides=(0.050,0.049)m sync_rate=14.24 Hz mask_px=636[0m
[0m[INFO] [1789225895.647884539] [perception]: NOT DETECTED[0m
[0m[INFO] [1789225896.686498913] [perception]: NOT DETECTED[0m
[0m[INFO] [1789225897.726099855] [perception]: NOT DETECTED[0m
[0m[INFO] [1789225898.774024487] [perception]: NOT DETECTED[0m
[0m[INFO] [1789225902.106395744] [perception]: DETECTED pixel=(114,151) depth=0.117 m surface=(0.303,0.015,0.051) m center=(0.303,0.015,0.026) m conf=0.77 edge=-0.4deg sides=(0.050,0.035)m sync_rate=14.24 Hz mask_px=830[0m
[0m[INFO] [1789225903.145868522] [perception]: DETECTED pixel=(111,151) depth=0.113 m surface=(0.303,0.015,0.051) m center=(0.303,0.015,0.026) m conf=0.89 edge=1.0deg sides=(0.050,0.036)m sync_rate=14.24 Hz mask_px=1243[0m
[0m[INFO] [1789225904.196280005] [perception]: DETECTED pixel=(106,149) depth=0.111 m surface=(0.302,0.015,0.051) m center=(0.302,0.015,0.026) m conf=0.89 edge=-0.3deg sides=(0.050,0.036)m sync_rate=14.24 Hz mask_px=1382[0m
[0m[INFO] [1789225905.256238794] [perception]: DETECTED pixel=(111,46) depth=0.112 m surface=(0.304,0.014,0.050) m center=(0.304,0.014,0.025) m conf=0.88 edge=3.4deg sides=(0.050,0.037)m sync_rate=14.24 Hz mask_px=1400[0m
[0m[INFO] [1789225906.277322457] [perception]: DETECTED pixel=(109,47) depth=0.112 m surface=(0.303,0.015,0.049) m center=(0.303,0.015,0.024) m conf=0.90 edge=-0.3deg sides=(0.050,0.038)m sync_rate=14.24 Hz mask_px=1525[0m
[0m[INFO] [1789225907.345982980] [perception]: DETECTED pixel=(109,47) depth=0.112 m surface=(0.303,0.015,0.050) m center=(0.303,0.015,0.025) m conf=0.90 edge=-0.5deg sides=(0.050,0.038)m sync_rate=14.24 Hz mask_px=1604[0m
[0m[INFO] [1789225908.352954245] [perception]: DETECTED pixel=(109,48) depth=0.111 m surface=(0.303,0.014,0.050) m center=(0.303,0.014,0.025) m conf=0.88 edge=0.9deg sides=(0.050,0.038)m sync_rate=14.24 Hz mask_px=1652[0m
[0m[INFO] [1789225909.392001060] [perception]: DETECTED pixel=(109,47) depth=0.111 m surface=(0.303,0.014,0.052) m center=(0.303,0.014,0.027) m conf=0.87 edge=-0.1deg sides=(0.050,0.038)m sync_rate=14.24 Hz mask_px=1675[0m
[0m[INFO] [1789225910.449007488] [perception]: DETECTED pixel=(109,47) depth=0.111 m surface=(0.303,0.014,0.086) m center=(0.303,0.014,0.061) m conf=0.87 edge=-0.6deg sides=(0.050,0.038)m sync_rate=14.24 Hz mask_px=1679[0m
[0m[INFO] [1789225918.566929205] [perception]: DETECTED pixel=(109,47) depth=0.112 m surface=(0.305,0.014,0.081) m center=(0.305,0.014,0.056) m conf=0.80 edge=-1.0deg sides=(0.050,0.038)m sync_rate=14.24 Hz mask_px=1614[0m
[0m[INFO] [1789225919.625093062] [perception]: DETECTED pixel=(108,47) depth=0.111 m surface=(0.303,0.014,0.050) m center=(0.303,0.014,0.025) m conf=0.89 edge=-0.6deg sides=(0.050,0.038)m sync_rate=14.24 Hz mask_px=1695[0m
[0m[INFO] [1789225920.652490769] [perception]: DETECTED pixel=(108,47) depth=0.111 m surface=(0.303,0.014,0.051) m center=(0.303,0.014,0.026) m conf=0.90 edge=-0.8deg sides=(0.050,0.038)m sync_rate=14.24 Hz mask_px=1719[0m
[0m[INFO] [1789225921.693875537] [perception]: DETECTED pixel=(108,47) depth=0.111 m surface=(0.303,0.014,0.051) m center=(0.303,0.014,0.026) m conf=0.90 edge=-0.8deg sides=(0.050,0.038)m sync_rate=14.24 Hz mask_px=1720[0m
[0m[INFO] [1789225922.713924347] [perception]: DETECTED pixel=(108,47) depth=0.111 m surface=(0.303,0.015,0.051) m center=(0.303,0.015,0.026) m conf=0.90 edge=-0.9deg sides=(0.050,0.038)m sync_rate=14.24 Hz mask_px=1719[0m
[0m[INFO] [1789225923.774040710] [perception]: DETECTED pixel=(108,47) depth=0.111 m surface=(0.303,0.014,0.051) m center=(0.303,0.014,0.026) m conf=0.90 edge=-0.7deg sides=(0.050,0.038)m sync_rate=14.24 Hz mask_px=1720[0m
[0m[INFO] [1789225924.802836860] [perception]: DETECTED pixel=(108,47) depth=0.111 m surface=(0.303,0.014,0.051) m center=(0.303,0.014,0.026) m conf=0.92 edge=-0.2deg sides=(0.050,0.038)m sync_rate=14.24 Hz mask_px=1746[0m
[0m[INFO] [1789225925.807226427] [perception]: DETECTED pixel=(111,46) depth=0.111 m surface=(0.303,0.014,0.051) m center=(0.303,0.014,0.026) m conf=0.90 edge=-0.3deg sides=(0.050,0.038)m sync_rate=14.24 Hz mask_px=1946[0m
[0m[INFO] [1789225926.819065792] [perception]: NOT DETECTED[0m
[0m[INFO] [1789225927.855417049] [perception]: NOT DETECTED[0m
[0m[INFO] [1789225928.900510295] [perception]: DETECTED pixel=(85,112) depth=0.344 m surface=(0.300,0.013,0.051) m center=(0.300,0.013,0.026) m conf=0.90 edge=0.4deg sides=(0.050,0.045)m sync_rate=14.24 Hz mask_px=1006[0m
[0m[INFO] [1789225929.989953613] [perception]: DETECTED pixel=(80,97) depth=0.343 m surface=(0.302,-0.003,0.051) m center=(0.302,-0.003,0.026) m conf=0.97 edge=0.1deg sides=(0.050,0.049)m sync_rate=14.24 Hz mask_px=1267[0m
[0m[INFO] [1789225931.002516535] [perception]: DETECTED pixel=(80,97) depth=0.343 m surface=(0.302,-0.003,0.051) m center=(0.302,-0.003,0.026) m conf=0.97 edge=0.1deg sides=(0.050,0.049)m sync_rate=14.24 Hz mask_px=1267[0m
[0m[INFO] [1789225932.063188745] [perception]: DETECTED pixel=(80,97) depth=0.343 m surface=(0.302,-0.003,0.051) m center=(0.302,-0.003,0.026) m conf=0.97 edge=0.0deg sides=(0.050,0.049)m sync_rate=14.24 Hz mask_px=1267[0m
[0m[INFO] [1789225933.113481511] [perception]: DETECTED pixel=(80,97) depth=0.343 m surface=(0.302,-0.003,0.051) m center=(0.302,-0.003,0.026) m conf=0.97 edge=0.1deg sides=(0.050,0.049)m sync_rate=14.24 Hz mask_px=1267[0m
[0m[INFO] [1789225934.144174731] [perception]: NOT DETECTED[0m
[0m[INFO] [1789225935.173932266] [perception]: NOT DETECTED[0m
[0m[INFO] [1789225936.254097718] [perception]: NOT DETECTED[0m
[0m[INFO] [1789225937.256542303] [perception]: NOT DETECTED[0m
[0m[INFO] [1789225966.060283100] [perception]: NOT DETECTED[0m
[0m[INFO] [1789225967.091914172] [perception]: NOT DETECTED[0m
[0m[INFO] [1789225968.116856962] [perception]: DETECTED pixel=(118,99) depth=0.323 m surface=(0.305,-0.004,0.051) m center=(0.305,-0.004,0.026) m conf=0.85 edge=0.1deg sides=(0.050,0.048)m sync_rate=14.24 Hz mask_px=324[0m
[0m[INFO] [1789225969.179655772] [perception]: DETECTED pixel=(79,107) depth=0.345 m surface=(0.306,0.007,0.051) m center=(0.306,0.007,0.026) m conf=0.87 edge=0.2deg sides=(0.050,0.049)m sync_rate=14.24 Hz mask_px=1295[0m
[0m[INFO] [1789225970.212683958] [perception]: DETECTED pixel=(79,107) depth=0.345 m surface=(0.306,0.007,0.051) m center=(0.306,0.007,0.026) m conf=0.97 edge=0.1deg sides=(0.050,0.049)m sync_rate=14.24 Hz mask_px=1295[0m
[0m[INFO] [1789225971.239221516] [perception]: DETECTED pixel=(79,107) depth=0.345 m surface=(0.306,0.007,0.051) m center=(0.306,0.007,0.026) m conf=0.97 edge=0.0deg sides=(0.050,0.049)m sync_rate=14.24 Hz mask_px=1295[0m
[0m[INFO] [1789225972.291556132] [perception]: DETECTED pixel=(79,107) depth=0.344 m surface=(0.306,0.007,0.051) m center=(0.306,0.007,0.026) m conf=0.97 edge=0.1deg sides=(0.050,0.049)m sync_rate=14.24 Hz mask_px=1295[0m
[0m[INFO] [1789225973.335328788] [perception]: NOT DETECTED[0m
[0m[INFO] [1789225974.358046030] [perception]: NOT DETECTED[0m
[0m[INFO] [1789225975.396346204] [perception]: NOT DETECTED[0m
[0m[INFO] [1789225976.428741784] [perception]: NOT DETECTED[0m
[0m[INFO] [1789225977.469751136] [perception]: NOT DETECTED[0m
[0m[INFO] [1789226004.635397640] [perception]: NOT DETECTED[0m
[0m[INFO] [1789226005.667944435] [perception]: NOT DETECTED[0m
[0m[INFO] [1789226006.791688254] [perception]: DETECTED pixel=(89,106) depth=0.348 m surface=(0.308,0.009,0.049) m center=(0.308,0.009,0.024) m conf=0.82 edge=0.5deg sides=(0.050,0.049)m sync_rate=14.24 Hz mask_px=558[0m
[0m[INFO] [1789226007.811121380] [perception]: DETECTED pixel=(76,88) depth=0.348 m surface=(0.318,-0.012,0.049) m center=(0.318,-0.012,0.024) m conf=0.88 edge=0.1deg sides=(0.050,0.050)m sync_rate=14.24 Hz mask_px=1440[0m
[0m[INFO] [1789226008.828092011] [perception]: DETECTED pixel=(76,88) depth=0.348 m surface=(0.317,-0.012,0.049) m center=(0.317,-0.012,0.024) m conf=0.98 edge=0.0deg sides=(0.050,0.050)m sync_rate=14.24 Hz mask_px=1440[0m
[0m[INFO] [1789226009.880131160] [perception]: DETECTED pixel=(76,88) depth=0.348 m surface=(0.317,-0.012,0.049) m center=(0.317,-0.012,0.024) m conf=0.98 edge=0.2deg sides=(0.050,0.050)m sync_rate=14.24 Hz mask_px=1440[0m
[0m[INFO] [1789226010.949670158] [perception]: DETECTED pixel=(76,88) depth=0.348 m surface=(0.317,-0.012,0.049) m center=(0.317,-0.012,0.024) m conf=0.98 edge=0.2deg sides=(0.050,0.050)m sync_rate=14.24 Hz mask_px=1440[0m
[0m[INFO] [1789226012.014015856] [perception]: NOT DETECTED[0m
[0m[INFO] [1789226013.035206693] [perception]: NOT DETECTED[0m
[0m[INFO] [1789226014.087626948] [perception]: NOT DETECTED[0m
[0m[INFO] [1789226015.118243810] [perception]: NOT DETECTED[0m
[0m[INFO] [1789226016.157874579] [perception]: NOT DETECTED[0m
[0m[INFO] [1789226043.726363854] [perception]: NOT DETECTED[0m
[0m[INFO] [1789226044.758835119] [perception]: NOT DETECTED[0m
[0m[INFO] [1789226045.859569563] [perception]: DETECTED pixel=(90,89) depth=0.353 m surface=(0.320,-0.012,0.049) m center=(0.320,-0.012,0.024) m conf=0.81 edge=-0.2deg sides=(0.050,0.049)m sync_rate=14.24 Hz mask_px=482[0m
[0m[INFO] [1789226046.890851980] [perception]: NOT DETECTED[0m
[0m[INFO] [1789226047.892661207] [perception]: DETECTED pixel=(81,100) depth=0.342 m surface=(0.297,0.001,0.049) m center=(0.297,0.001,0.024) m conf=0.97 edge=0.4deg sides=(0.050,0.049)m sync_rate=14.24 Hz mask_px=1220[0m
[0m[INFO] [1789226048.923110382] [perception]: DETECTED pixel=(81,100) depth=0.342 m surface=(0.296,0.001,0.049) m center=(0.296,0.001,0.024) m conf=0.97 edge=0.1deg sides=(0.050,0.049)m sync_rate=14.24 Hz mask_px=1220[0m
[0m[INFO] [1789226049.952809825] [perception]: DETECTED pixel=(81,100) depth=0.342 m surface=(0.297,0.001,0.049) m center=(0.297,0.001,0.024) m conf=0.97 edge=0.3deg sides=(0.050,0.049)m sync_rate=14.24 Hz mask_px=1220[0m
[0m[INFO] [1789226051.008410011] [perception]: DETECTED pixel=(81,100) depth=0.343 m surface=(0.297,0.001,0.049) m center=(0.297,0.001,0.024) m conf=0.96 edge=0.4deg sides=(0.050,0.050)m sync_rate=14.24 Hz mask_px=1231[0m
[0m[INFO] [1789226052.023480878] [perception]: NOT DETECTED[0m
[0m[INFO] [1789226053.057760787] [perception]: NOT DETECTED[0m
[0m[INFO] [1789226054.087541235] [perception]: NOT DETECTED[0m
[0m[INFO] [1789226057.749541298] [perception]: DETECTED pixel=(114,47) depth=0.120 m surface=(0.304,0.001,0.050) m center=(0.304,0.001,0.025) m conf=0.79 edge=0.4deg sides=(0.050,0.036)m sync_rate=14.24 Hz mask_px=778[0m
[0m[INFO] [1789226058.804164828] [perception]: DETECTED pixel=(113,47) depth=0.116 m surface=(0.304,0.001,0.050) m center=(0.304,0.001,0.025) m conf=0.88 edge=0.1deg sides=(0.050,0.037)m sync_rate=14.24 Hz mask_px=1188[0m
[0m[INFO] [1789226059.835354067] [perception]: DETECTED pixel=(110,48) depth=0.112 m surface=(0.303,0.001,0.050) m center=(0.303,0.001,0.025) m conf=0.89 edge=0.5deg sides=(0.050,0.038)m sync_rate=14.24 Hz mask_px=1750[0m
[0m[INFO] [1789226060.847241903] [perception]: DETECTED pixel=(105,50) depth=0.109 m surface=(0.303,0.001,0.050) m center=(0.303,0.001,0.025) m conf=0.88 edge=0.6deg sides=(0.050,0.038)m sync_rate=14.24 Hz mask_px=2071[0m
[0m[INFO] [1789226061.882536564] [perception]: DETECTED pixel=(104,147) depth=0.110 m surface=(0.304,0.001,0.050) m center=(0.304,0.001,0.025) m conf=0.88 edge=0.4deg sides=(0.050,0.039)m sync_rate=14.24 Hz mask_px=1977[0m
[0m[INFO] [1789226062.929557637] [perception]: DETECTED pixel=(103,53) depth=0.111 m surface=(0.304,0.001,0.049) m center=(0.304,0.001,0.024) m conf=0.87 edge=0.7deg sides=(0.050,0.039)m sync_rate=14.24 Hz mask_px=2143[0m
[0m[INFO] [1789226063.951941599] [perception]: DETECTED pixel=(102,54) depth=0.110 m surface=(0.304,0.001,0.049) m center=(0.304,0.001,0.024) m conf=0.87 edge=0.4deg sides=(0.050,0.040)m sync_rate=14.24 Hz mask_px=2304[0m
[0m[INFO] [1789226064.998303476] [perception]: DETECTED pixel=(101,99) depth=0.110 m surface=(0.304,0.002,0.050) m center=(0.304,0.002,0.025) m conf=0.77 edge=0.5deg sides=(0.050,0.040)m sync_rate=14.24 Hz mask_px=2523[0m
[0m[INFO] [1789226066.044940277] [perception]: DETECTED pixel=(101,99) depth=0.110 m surface=(0.304,0.001,0.057) m center=(0.304,0.001,0.032) m conf=0.76 edge=0.4deg sides=(0.050,0.040)m sync_rate=14.24 Hz mask_px=2537[0m
[0m[INFO] [1789226067.051842511] [perception]: DETECTED pixel=(101,99) depth=0.110 m surface=(0.304,0.001,0.089) m center=(0.304,0.001,0.064) m conf=0.75 edge=0.8deg sides=(0.050,0.039)m sync_rate=14.24 Hz mask_px=2536[0m
[0m[INFO] [1789226074.835294676] [perception]: DETECTED pixel=(101,99) depth=0.110 m surface=(0.306,0.001,0.081) m center=(0.306,0.001,0.056) m conf=0.67 edge=0.4deg sides=(0.050,0.040)m sync_rate=14.24 Hz mask_px=2510[0m
[0m[INFO] [1789226075.880570284] [perception]: DETECTED pixel=(100,99) depth=0.110 m surface=(0.304,0.001,0.050) m center=(0.304,0.001,0.025) m conf=0.78 edge=0.6deg sides=(0.050,0.040)m sync_rate=14.24 Hz mask_px=2639[0m
[0m[INFO] [1789226076.924783825] [perception]: DETECTED pixel=(100,98) depth=0.109 m surface=(0.304,0.001,0.050) m center=(0.304,0.001,0.025) m conf=0.78 edge=0.4deg sides=(0.050,0.040)m sync_rate=14.24 Hz mask_px=2672[0m
[0m[INFO] [1789226077.949624367] [perception]: DETECTED pixel=(100,98) depth=0.109 m surface=(0.304,0.001,0.050) m center=(0.304,0.001,0.025) m conf=0.78 edge=0.5deg sides=(0.050,0.040)m sync_rate=14.24 Hz mask_px=2671[0m
[0m[INFO] [1789226078.951693073] [perception]: DETECTED pixel=(100,98) depth=0.109 m surface=(0.304,0.001,0.050) m center=(0.304,0.001,0.025) m conf=0.78 edge=0.5deg sides=(0.050,0.040)m sync_rate=14.24 Hz mask_px=2671[0m
[0m[INFO] [1789226079.990346633] [perception]: DETECTED pixel=(100,98) depth=0.109 m surface=(0.304,0.001,0.050) m center=(0.304,0.001,0.025) m conf=0.78 edge=0.8deg sides=(0.050,0.040)m sync_rate=14.24 Hz mask_px=2671[0m
[0m[INFO] [1789226080.991799898] [perception]: DETECTED pixel=(100,98) depth=0.109 m surface=(0.304,0.001,0.050) m center=(0.304,0.001,0.025) m conf=0.78 edge=0.8deg sides=(0.050,0.040)m sync_rate=14.24 Hz mask_px=2671[0m
[0m[INFO] [1789226082.014457392] [perception]: DETECTED pixel=(100,98) depth=0.110 m surface=(0.304,0.001,0.050) m center=(0.304,0.001,0.025) m conf=0.78 edge=0.5deg sides=(0.050,0.040)m sync_rate=14.24 Hz mask_px=2703[0m
[0m[INFO] [1789226083.017028233] [perception]: DETECTED pixel=(114,48) depth=0.121 m surface=(0.306,0.001,0.050) m center=(0.306,0.001,0.025) m conf=0.89 edge=0.5deg sides=(0.050,0.037)m sync_rate=14.24 Hz mask_px=730[0m
[0m[INFO] [1789226084.034783564] [perception]: NOT DETECTED[0m
[0m[INFO] [1789226085.586010833] [perception]: DETECTED pixel=(118,99) depth=0.320 m surface=(0.299,0.000,0.050) m center=(0.299,0.000,0.025) m conf=0.85 edge=-0.2deg sides=(0.049,0.048)m sync_rate=14.24 Hz mask_px=268[0m
[0m[INFO] [1789226086.670365942] [perception]: DETECTED pixel=(76,97) depth=0.348 m surface=(0.315,-0.003,0.050) m center=(0.315,-0.003,0.025) m conf=0.88 edge=-0.0deg sides=(0.050,0.050)m sync_rate=14.24 Hz mask_px=1372[0m
[0m[INFO] [1789226087.696015432] [perception]: DETECTED pixel=(76,97) depth=0.348 m surface=(0.315,-0.003,0.050) m center=(0.315,-0.003,0.025) m conf=0.98 edge=0.1deg sides=(0.050,0.050)m sync_rate=14.24 Hz mask_px=1372[0m
[0m[INFO] [1789226088.744389687] [perception]: DETECTED pixel=(76,97) depth=0.348 m surface=(0.315,-0.003,0.050) m center=(0.315,-0.003,0.025) m conf=0.98 edge=-0.0deg sides=(0.050,0.050)m sync_rate=14.24 Hz mask_px=1372[0m
[0m[INFO] [1789226089.790742720] [perception]: DETECTED pixel=(76,97) depth=0.348 m surface=(0.315,-0.003,0.050) m center=(0.315,-0.003,0.025) m conf=0.98 edge=-0.0deg sides=(0.050,0.050)m sync_rate=14.24 Hz mask_px=1372[0m
[0m[INFO] [1789226090.886614453] [perception]: NOT DETECTED[0m
[0m[INFO] [1789226091.918561048] [perception]: NOT DETECTED[0m
[0m[INFO] [1789226092.946290348] [perception]: NOT DETECTED[0m
[0m[INFO] [1789226093.989857619] [perception]: NOT DETECTED[0m
[0m[INFO] [1789226095.022717247] [perception]: NOT DETECTED[0m
[0m[INFO] [1789226096.040251263] [perception]: NOT DETECTED[0m
[0m[INFO] [1789226122.095041628] [perception]: NOT DETECTED[0m
[0m[INFO] [1789226123.117299659] [perception]: NOT DETECTED[0m
[0m[INFO] [1789226124.220197347] [perception]: DETECTED pixel=(90,97) depth=0.352 m surface=(0.319,-0.004,0.050) m center=(0.319,-0.004,0.025) m conf=0.79 edge=-0.0deg sides=(0.050,0.050)m sync_rate=14.24 Hz mask_px=468[0m
[0m[INFO] [1789226125.274106945] [perception]: DETECTED pixel=(81,101) depth=0.342 m surface=(0.298,0.001,0.050) m center=(0.298,0.001,0.025) m conf=0.87 edge=-0.2deg sides=(0.050,0.050)m sync_rate=14.24 Hz mask_px=1217[0m
[0m[INFO] [1789226126.316284119] [perception]: DETECTED pixel=(81,101) depth=0.342 m surface=(0.298,0.001,0.050) m center=(0.298,0.001,0.025) m conf=0.97 edge=-0.3deg sides=(0.050,0.049)m sync_rate=14.24 Hz mask_px=1218[0m
[0m[INFO] [1789226127.363265018] [perception]: DETECTED pixel=(81,101) depth=0.342 m surface=(0.298,0.001,0.050) m center=(0.298,0.001,0.025) m conf=0.97 edge=-0.2deg sides=(0.050,0.049)m sync_rate=14.24 Hz mask_px=1219[0m
[0m[INFO] [1789226128.387497465] [perception]: DETECTED pixel=(81,101) depth=0.342 m surface=(0.298,0.001,0.050) m center=(0.298,0.001,0.025) m conf=0.97 edge=-0.2deg sides=(0.050,0.049)m sync_rate=14.24 Hz mask_px=1219[0m
[0m[INFO] [1789226129.695691137] [perception]: NOT DETECTED[0m
[0m[INFO] [1789226130.719001324] [perception]: NOT DETECTED[0m
[0m[INFO] [1789226131.755820101] [perception]: NOT DETECTED[0m
[0m[INFO] [1789226132.799112581] [perception]: NOT DETECTED[0m
[0m[INFO] [1789226136.191421564] [perception]: DETECTED pixel=(117,154) depth=0.117 m surface=(0.305,0.002,0.050) m center=(0.305,0.002,0.025) m conf=0.79 edge=-0.2deg sides=(0.050,0.035)m sync_rate=14.24 Hz mask_px=820[0m
[0m[INFO] [1789226137.193212472] [perception]: DETECTED pixel=(114,154) depth=0.113 m surface=(0.305,0.002,0.050) m center=(0.305,0.002,0.025) m conf=0.89 edge=0.4deg sides=(0.050,0.035)m sync_rate=14.24 Hz mask_px=1216[0m
[0m[INFO] [1789226138.241305539] [perception]: DETECTED pixel=(111,153) depth=0.109 m surface=(0.305,0.002,0.050) m center=(0.305,0.002,0.025) m conf=0.89 edge=-0.0deg sides=(0.050,0.037)m sync_rate=14.24 Hz mask_px=1856[0m
[0m[INFO] [1789226139.289163070] [perception]: DETECTED pixel=(107,150) depth=0.109 m surface=(0.305,0.001,0.050) m center=(0.305,0.001,0.025) m conf=0.89 edge=0.3deg sides=(0.050,0.036)m sync_rate=14.24 Hz mask_px=1622[0m
[0m[INFO] [1789226140.344380845] [perception]: DETECTED pixel=(106,148) depth=0.112 m surface=(0.306,0.001,0.048) m center=(0.306,0.001,0.023) m conf=0.89 edge=0.4deg sides=(0.050,0.038)m sync_rate=14.24 Hz mask_px=1588[0m
[0m[INFO] [1789226141.404652482] [perception]: DETECTED pixel=(105,50) depth=0.111 m surface=(0.305,0.001,0.048) m center=(0.305,0.001,0.023) m conf=0.89 edge=-0.0deg sides=(0.050,0.038)m sync_rate=14.24 Hz mask_px=1779[0m
[0m[INFO] [1789226142.438381091] [perception]: DETECTED pixel=(104,51) depth=0.110 m surface=(0.306,0.001,0.049) m center=(0.306,0.001,0.024) m conf=0.89 edge=-0.1deg sides=(0.050,0.038)m sync_rate=14.24 Hz mask_px=1900[0m
[0m[INFO] [1789226143.481759273] [perception]: DETECTED pixel=(104,148) depth=0.110 m surface=(0.306,0.001,0.049) m center=(0.306,0.001,0.024) m conf=0.89 edge=0.1deg sides=(0.050,0.039)m sync_rate=14.24 Hz mask_px=1955[0m
[0m[INFO] [1789226144.486797541] [perception]: DETECTED pixel=(104,147) depth=0.110 m surface=(0.306,0.001,0.065) m center=(0.306,0.001,0.040) m conf=0.86 edge=0.2deg sides=(0.050,0.038)m sync_rate=14.24 Hz mask_px=1980[0m
[0m[INFO] [1789226152.908805634] [perception]: DETECTED pixel=(105,51) depth=0.110 m surface=(0.308,0.001,0.082) m center=(0.308,0.001,0.057) m conf=0.79 edge=-0.1deg sides=(0.050,0.037)m sync_rate=14.24 Hz mask_px=1900[0m
[0m[INFO] [1789226153.917222146] [perception]: DETECTED pixel=(105,51) depth=0.110 m surface=(0.306,0.001,0.049) m center=(0.306,0.001,0.024) m conf=0.89 edge=-0.3deg sides=(0.050,0.039)m sync_rate=14.24 Hz mask_px=1919[0m
[0m[INFO] [1789226154.966722979] [perception]: DETECTED pixel=(104,51) depth=0.109 m surface=(0.306,0.001,0.050) m center=(0.306,0.001,0.025) m conf=0.89 edge=-0.3deg sides=(0.050,0.039)m sync_rate=14.24 Hz mask_px=2064[0m
[0m[INFO] [1789226156.005805604] [perception]: DETECTED pixel=(104,51) depth=0.109 m surface=(0.306,0.001,0.050) m center=(0.306,0.001,0.025) m conf=0.89 edge=-0.3deg sides=(0.050,0.039)m sync_rate=14.24 Hz mask_px=2064[0m
[0m[INFO] [1789226157.040648043] [perception]: DETECTED pixel=(104,51) depth=0.109 m surface=(0.306,0.001,0.050) m center=(0.306,0.001,0.025) m conf=0.89 edge=-0.4deg sides=(0.050,0.039)m sync_rate=14.24 Hz mask_px=2065[0m
[0m[INFO] [1789226158.065368167] [perception]: DETECTED pixel=(104,51) depth=0.109 m surface=(0.306,0.001,0.050) m center=(0.306,0.001,0.025) m conf=0.91 edge=-0.4deg sides=(0.050,0.039)m sync_rate=14.24 Hz mask_px=2081[0m
[0m[INFO] [1789226159.080097778] [perception]: DETECTED pixel=(104,51) depth=0.109 m surface=(0.305,0.001,0.050) m center=(0.305,0.001,0.025) m conf=0.90 edge=-0.6deg sides=(0.050,0.039)m sync_rate=14.24 Hz mask_px=2109[0m
[0m[INFO] [1789226160.090805695] [perception]: DETECTED pixel=(104,51) depth=0.109 m surface=(0.306,0.001,0.050) m center=(0.306,0.001,0.025) m conf=0.90 edge=-0.1deg sides=(0.050,0.039)m sync_rate=14.24 Hz mask_px=2108[0m
[0m[INFO] [1789226161.111201618] [perception]: DETECTED pixel=(114,47) depth=0.119 m surface=(0.307,0.001,0.050) m center=(0.307,0.001,0.025) m conf=0.89 edge=0.1deg sides=(0.050,0.036)m sync_rate=14.24 Hz mask_px=825[0m
[0m[INFO] [1789226162.187807307] [perception]: NOT DETECTED[0m
[0m[INFO] [1789226163.480687274] [perception]: DETECTED pixel=(118,99) depth=0.320 m surface=(0.298,-0.001,0.048) m center=(0.298,-0.001,0.023) m conf=0.85 edge=0.1deg sides=(0.050,0.049)m sync_rate=14.24 Hz mask_px=273[0m
[0m[INFO] [1789226164.524126268] [perception]: DETECTED pixel=(78,112) depth=0.346 m surface=(0.311,0.013,0.047) m center=(0.311,0.013,0.022) m conf=0.87 edge=-0.2deg sides=(0.050,0.049)m sync_rate=14.24 Hz mask_px=1357[0m
[0m[INFO] [1789226165.555808246] [perception]: DETECTED pixel=(78,112) depth=0.346 m surface=(0.310,0.013,0.047) m center=(0.310,0.013,0.022) m conf=0.98 edge=-0.3deg sides=(0.050,0.049)m sync_rate=14.24 Hz mask_px=1358[0m
[0m[INFO] [1789226166.562998873] [perception]: DETECTED pixel=(78,112) depth=0.346 m surface=(0.310,0.013,0.047) m center=(0.310,0.013,0.022) m conf=0.98 edge=-0.2deg sides=(0.050,0.049)m sync_rate=14.24 Hz mask_px=1358[0m
[0m[INFO] [1789226167.610273545] [perception]: DETECTED pixel=(78,112) depth=0.346 m surface=(0.310,0.013,0.047) m center=(0.310,0.013,0.022) m conf=0.98 edge=-0.3deg sides=(0.050,0.049)m sync_rate=14.24 Hz mask_px=1358[0m
[0m[INFO] [1789226168.631017248] [perception]: NOT DETECTED[0m
[0m[INFO] [1789226169.649820144] [perception]: NOT DETECTED[0m
[0m[INFO] [1789226170.684953506] [perception]: NOT DETECTED[0m
[0m[INFO] [1789226171.743821783] [perception]: NOT DETECTED[0m
[0m[INFO] [1789226172.991143240] [perception]: DETECTED pixel=(118,97) depth=0.125 m surface=(0.319,0.014,0.048) m center=(0.319,0.014,0.023) m conf=0.80 edge=-0.1deg sides=(0.050,0.035)m sync_rate=14.24 Hz mask_px=377[0m
[0m[INFO] [1789226174.007554883] [perception]: DETECTED pixel=(112,151) depth=0.122 m surface=(0.318,0.014,0.048) m center=(0.318,0.014,0.023) m conf=0.90 edge=0.2deg sides=(0.050,0.037)m sync_rate=14.24 Hz mask_px=596[0m
[0m[INFO] [1789226175.056682321] [perception]: DETECTED pixel=(110,151) depth=0.118 m surface=(0.318,0.014,0.048) m center=(0.318,0.014,0.023) m conf=0.91 edge=-0.2deg sides=(0.050,0.038)m sync_rate=14.24 Hz mask_px=932[0m
[0m[INFO] [1789226176.103291566] [perception]: DETECTED pixel=(106,150) depth=0.114 m surface=(0.317,0.014,0.048) m center=(0.317,0.014,0.023) m conf=0.90 edge=-0.0deg sides=(0.050,0.039)m sync_rate=14.24 Hz mask_px=1419[0m
[0m[INFO] [1789226199.596811607] [perception]: DETECTED pixel=(110,47) depth=0.114 m surface=(0.319,0.012,0.048) m center=(0.319,0.012,0.023) m conf=0.78 edge=-0.0deg sides=(0.050,0.041)m sync_rate=14.24 Hz mask_px=1782[0m
[0m[INFO] [1789226200.634517252] [perception]: NOT DETECTED[0m
[0m[INFO] [1789226202.055112095] [perception]: DETECTED pixel=(118,99) depth=0.327 m surface=(0.314,0.012,0.051) m center=(0.314,0.012,0.026) m conf=0.85 edge=-4.1deg sides=(0.050,0.049)m sync_rate=14.24 Hz mask_px=376[0m
[0m[INFO] [1789226203.181352019] [perception]: DETECTED pixel=(78,93) depth=0.346 m surface=(0.307,-0.010,0.051) m center=(0.307,-0.010,0.026) m conf=0.87 edge=-0.1deg sides=(0.050,0.049)m sync_rate=14.24 Hz mask_px=1315[0m
[0m[INFO] [1789226204.220959974] [perception]: DETECTED pixel=(78,93) depth=0.346 m surface=(0.307,-0.010,0.051) m center=(0.307,-0.010,0.026) m conf=0.97 edge=-0.2deg sides=(0.050,0.049)m sync_rate=14.24 Hz mask_px=1315[0m
[0m[INFO] [1789226205.258166626] [perception]: DETECTED pixel=(78,93) depth=0.346 m surface=(0.307,-0.010,0.051) m center=(0.307,-0.010,0.026) m conf=0.97 edge=-0.0deg sides=(0.050,0.049)m sync_rate=14.24 Hz mask_px=1315[0m
[0m[INFO] [1789226206.358411087] [perception]: DETECTED pixel=(78,93) depth=0.346 m surface=(0.307,-0.010,0.051) m center=(0.307,-0.010,0.026) m conf=0.97 edge=-0.1deg sides=(0.050,0.049)m sync_rate=14.24 Hz mask_px=1315[0m
[0m[INFO] [1789226207.425864095] [perception]: NOT DETECTED[0m
[0m[INFO] [1789226208.461542618] [perception]: NOT DETECTED[0m
[0m[INFO] [1789226209.507420998] [perception]: NOT DETECTED[0m
[0m[INFO] [1789226210.552309075] [perception]: NOT DETECTED[0m
[0m[INFO] [1789226212.578071268] [perception]: DETECTED pixel=(122,156) depth=0.125 m surface=(0.315,-0.010,0.051) m center=(0.315,-0.010,0.026) m conf=0.77 edge=-0.1deg sides=(0.050,0.036)m sync_rate=14.24 Hz mask_px=440[0m
[0m[INFO] [1789226213.617607110] [perception]: DETECTED pixel=(120,156) depth=0.121 m surface=(0.314,-0.010,0.051) m center=(0.314,-0.010,0.026) m conf=0.87 edge=0.0deg sides=(0.050,0.037)m sync_rate=14.24 Hz mask_px=702[0m
[0m[INFO] [1789226214.678851167] [perception]: DETECTED pixel=(117,155) depth=0.116 m surface=(0.314,-0.010,0.051) m center=(0.314,-0.010,0.026) m conf=0.88 edge=0.6deg sides=(0.050,0.038)m sync_rate=14.24 Hz mask_px=1108[0m
[0m[INFO] [1789226215.709510490] [perception]: DETECTED pixel=(113,155) depth=0.112 m surface=(0.313,-0.010,0.051) m center=(0.313,-0.010,0.026) m conf=0.89 edge=-0.1deg sides=(0.050,0.039)m sync_rate=14.24 Hz mask_px=1683[0m
[0m[INFO] [1789226216.713105332] [perception]: DETECTED pixel=(108,152) depth=0.112 m surface=(0.313,-0.011,0.051) m center=(0.313,-0.011,0.026) m conf=0.89 edge=1.3deg sides=(0.050,0.039)m sync_rate=14.24 Hz mask_px=1622[0m
[0m[INFO] [1789226217.774160469] [perception]: DETECTED pixel=(107,149) depth=0.115 m surface=(0.315,-0.011,0.050) m center=(0.315,-0.011,0.025) m conf=0.89 edge=-0.2deg sides=(0.050,0.041)m sync_rate=14.24 Hz mask_px=1566[0m
[0m[INFO] [1789226218.845768077] [perception]: DETECTED pixel=(105,148) depth=0.113 m surface=(0.314,-0.011,0.050) m center=(0.314,-0.011,0.025) m conf=0.88 edge=-0.1deg sides=(0.050,0.041)m sync_rate=14.24 Hz mask_px=1836[0m
[0m[INFO] [1789226219.888379502] [perception]: DETECTED pixel=(105,148) depth=0.113 m surface=(0.314,-0.011,0.051) m center=(0.314,-0.011,0.026) m conf=0.88 edge=-0.1deg sides=(0.050,0.041)m sync_rate=14.24 Hz mask_px=1932[0m
[0m[INFO] [1789226220.889820659] [perception]: DETECTED pixel=(105,148) depth=0.112 m surface=(0.314,-0.011,0.051) m center=(0.314,-0.011,0.026) m conf=0.88 edge=0.0deg sides=(0.050,0.041)m sync_rate=14.24 Hz mask_px=2021[0m
[0m[INFO] [1789226221.972279791] [perception]: DETECTED pixel=(105,148) depth=0.112 m surface=(0.314,-0.011,0.071) m center=(0.314,-0.011,0.046) m conf=0.86 edge=0.3deg sides=(0.050,0.041)m sync_rate=14.24 Hz mask_px=2020[0m
[0m[INFO] [1789226230.416021147] [perception]: DETECTED pixel=(105,148) depth=0.113 m surface=(0.317,-0.011,0.083) m center=(0.317,-0.011,0.058) m conf=0.78 edge=0.4deg sides=(0.050,0.040)m sync_rate=14.24 Hz mask_px=1970[0m
[0m[INFO] [1789226231.423544293] [perception]: DETECTED pixel=(105,148) depth=0.113 m surface=(0.314,-0.011,0.051) m center=(0.314,-0.011,0.026) m conf=0.88 edge=-0.2deg sides=(0.050,0.041)m sync_rate=14.24 Hz mask_px=2001[0m
[0m[INFO] [1789226232.458081757] [perception]: DETECTED pixel=(104,147) depth=0.112 m surface=(0.314,-0.011,0.051) m center=(0.314,-0.011,0.026) m conf=0.88 edge=1.0deg sides=(0.050,0.041)m sync_rate=14.24 Hz mask_px=2159[0m
[0m[INFO] [1789226233.505829353] [perception]: DETECTED pixel=(104,147) depth=0.112 m surface=(0.315,-0.011,0.051) m center=(0.315,-0.011,0.026) m conf=0.87 edge=1.0deg sides=(0.050,0.041)m sync_rate=14.24 Hz mask_px=2160[0m
[0m[INFO] [1789226234.538473111] [perception]: DETECTED pixel=(104,147) depth=0.112 m surface=(0.314,-0.011,0.051) m center=(0.314,-0.011,0.026) m conf=0.88 edge=0.4deg sides=(0.050,0.041)m sync_rate=14.24 Hz mask_px=2160[0m
[0m[INFO] [1789226235.602069600] [perception]: DETECTED pixel=(104,147) depth=0.112 m surface=(0.315,-0.011,0.051) m center=(0.315,-0.011,0.026) m conf=0.88 edge=1.0deg sides=(0.050,0.041)m sync_rate=14.24 Hz mask_px=2160[0m
[0m[INFO] [1789226236.619954091] [perception]: DETECTED pixel=(104,147) depth=0.112 m surface=(0.314,-0.011,0.051) m center=(0.314,-0.011,0.026) m conf=0.88 edge=0.8deg sides=(0.050,0.041)m sync_rate=14.24 Hz mask_px=2160[0m
[0m[INFO] [1789226237.642130080] [perception]: DETECTED pixel=(107,148) depth=0.112 m surface=(0.314,-0.011,0.051) m center=(0.314,-0.011,0.026) m conf=0.87 edge=0.1deg sides=(0.050,0.041)m sync_rate=14.24 Hz mask_px=2420[0m
[0m[INFO] [1789226238.668519719] [perception]: NOT DETECTED[0m
[0m[INFO] [1789226239.707391457] [perception]: NOT DETECTED[0m
[0m[INFO] [1789226240.792031437] [perception]: DETECTED pixel=(84,92) depth=0.349 m surface=(0.313,-0.012,0.050) m center=(0.313,-0.012,0.025) m conf=0.84 edge=-0.5deg sides=(0.050,0.042)m sync_rate=14.24 Hz mask_px=1002[0m
[0m[INFO] [1789226241.802999821] [perception]: DETECTED pixel=(80,101) depth=0.344 m surface=(0.298,-0.001,0.050) m center=(0.298,-0.001,0.025) m conf=0.97 edge=-0.3deg sides=(0.050,0.050)m sync_rate=14.24 Hz mask_px=1260[0m
[0m[INFO] [1789226242.819152738] [perception]: DETECTED pixel=(80,101) depth=0.343 m surface=(0.298,-0.001,0.050) m center=(0.298,-0.001,0.025) m conf=0.97 edge=-0.3deg sides=(0.050,0.050)m sync_rate=14.24 Hz mask_px=1260[0m
[0m[INFO] [1789226243.828260217] [perception]: DETECTED pixel=(80,101) depth=0.343 m surface=(0.298,-0.001,0.050) m center=(0.298,-0.001,0.025) m conf=0.97 edge=-0.1deg sides=(0.050,0.050)m sync_rate=14.24 Hz mask_px=1260[0m
[0m[INFO] [1789226244.900612680] [perception]: DETECTED pixel=(80,101) depth=0.343 m surface=(0.298,-0.001,0.050) m center=(0.298,-0.001,0.025) m conf=0.98 edge=-0.3deg sides=(0.050,0.050)m sync_rate=14.24 Hz mask_px=1260[0m
[0m[INFO] [1789226245.952808585] [perception]: DETECTED pixel=(80,101) depth=0.343 m surface=(0.298,-0.001,0.050) m center=(0.298,-0.001,0.025) m conf=0.97 edge=-0.3deg sides=(0.050,0.050)m sync_rate=14.24 Hz mask_px=1260[0m
[0m[INFO] [1789226247.421596859] [perception]: NOT DETECTED[0m
[0m[INFO] [1789226248.455202639] [perception]: NOT DETECTED[0m
[0m[INFO] [1789226249.507849551] [perception]: NOT DETECTED[0m
[0m[INFO] [1789226250.539161786] [perception]: NOT DETECTED[0m
[0m[INFO] [1789226251.569587711] [perception]: NOT DETECTED[0m
[0m[INFO] [1789226253.461133657] [perception]: DETECTED pixel=(119,155) depth=0.121 m surface=(0.306,0.000,0.050) m center=(0.306,0.000,0.025) m conf=0.78 edge=-0.0deg sides=(0.050,0.035)m sync_rate=14.24 Hz mask_px=658[0m
[0m[INFO] [1789226254.523311726] [perception]: DETECTED pixel=(117,155) depth=0.117 m surface=(0.305,0.000,0.050) m center=(0.305,0.000,0.025) m conf=0.89 edge=0.2deg sides=(0.050,0.036)m sync_rate=14.24 Hz mask_px=948[0m
[0m[INFO] [1789226255.565581774] [perception]: DETECTED pixel=(114,154) depth=0.113 m surface=(0.305,0.000,0.050) m center=(0.305,0.000,0.025) m conf=0.89 edge=-0.3deg sides=(0.050,0.037)m sync_rate=14.24 Hz mask_px=1380[0m
[0m[INFO] [1789226256.576616511] [perception]: DETECTED pixel=(111,154) depth=0.109 m surface=(0.304,0.000,0.050) m center=(0.304,0.000,0.025) m conf=0.88 edge=-0.3deg sides=(0.050,0.037)m sync_rate=14.24 Hz mask_px=1968[0m
[0m[INFO] [1789226257.625472593] [perception]: DETECTED pixel=(106,149) depth=0.109 m surface=(0.304,-0.001,0.050) m center=(0.304,-0.001,0.025) m conf=0.89 edge=-0.3deg sides=(0.050,0.037)m sync_rate=14.24 Hz mask_px=1745[0m
[0m[INFO] [1789226258.626045645] [perception]: DETECTED pixel=(105,148) depth=0.112 m surface=(0.306,-0.001,0.049) m center=(0.306,-0.001,0.024) m conf=0.89 edge=0.1deg sides=(0.050,0.039)m sync_rate=14.24 Hz mask_px=1742[0m
[0m[INFO] [1789226259.702109896] [perception]: DETECTED pixel=(104,148) depth=0.111 m surface=(0.305,-0.001,0.049) m center=(0.305,-0.001,0.024) m conf=0.89 edge=-0.6deg sides=(0.050,0.039)m sync_rate=14.24 Hz mask_px=1915[0m
[0m[INFO] [1789226260.754550331] [perception]: DETECTED pixel=(104,147) depth=0.110 m surface=(0.305,-0.001,0.049) m center=(0.305,-0.001,0.024) m conf=0.89 edge=-0.2deg sides=(0.050,0.039)m sync_rate=14.24 Hz mask_px=2025[0m
[0m[INFO] [1789226261.769154263] [perception]: DETECTED pixel=(103,146) depth=0.110 m surface=(0.305,-0.001,0.053) m center=(0.305,-0.001,0.028) m conf=0.86 edge=-0.3deg sides=(0.050,0.039)m sync_rate=14.24 Hz mask_px=2105[0m
[0m[INFO] [1789226262.836720883] [perception]: DETECTED pixel=(103,147) depth=0.110 m surface=(0.305,-0.002,0.087) m center=(0.305,-0.002,0.062) m conf=0.87 edge=-0.0deg sides=(0.050,0.039)m sync_rate=14.24 Hz mask_px=2073[0m
[0m[INFO] [1789226270.731236468] [perception]: DETECTED pixel=(104,147) depth=0.110 m surface=(0.308,-0.001,0.082) m center=(0.308,-0.001,0.057) m conf=0.79 edge=-0.0deg sides=(0.050,0.039)m sync_rate=14.24 Hz mask_px=2014[0m
[0m[INFO] [1789226271.749460975] [perception]: DETECTED pixel=(103,146) depth=0.110 m surface=(0.305,-0.001,0.050) m center=(0.305,-0.001,0.025) m conf=0.88 edge=-0.4deg sides=(0.050,0.039)m sync_rate=14.24 Hz mask_px=2180[0m
[0m[INFO] [1789226272.799618075] [perception]: DETECTED pixel=(103,147) depth=0.110 m surface=(0.305,-0.001,0.050) m center=(0.305,-0.001,0.025) m conf=0.88 edge=-0.4deg sides=(0.050,0.039)m sync_rate=14.24 Hz mask_px=2189[0m
[0m[INFO] [1789226273.821586384] [perception]: DETECTED pixel=(103,147) depth=0.110 m surface=(0.305,-0.001,0.050) m center=(0.305,-0.001,0.025) m conf=0.88 edge=-0.2deg sides=(0.050,0.039)m sync_rate=14.24 Hz mask_px=2189[0m
[0m[INFO] [1789226274.821598138] [perception]: DETECTED pixel=(103,147) depth=0.110 m surface=(0.305,-0.001,0.050) m center=(0.305,-0.001,0.025) m conf=0.88 edge=-0.2deg sides=(0.050,0.039)m sync_rate=14.24 Hz mask_px=2189[0m
[0m[INFO] [1789226275.853284288] [perception]: DETECTED pixel=(103,147) depth=0.110 m surface=(0.306,-0.001,0.050) m center=(0.306,-0.001,0.025) m conf=0.88 edge=-0.3deg sides=(0.050,0.039)m sync_rate=14.24 Hz mask_px=2189[0m
[0m[INFO] [1789226276.899208360] [perception]: DETECTED pixel=(103,147) depth=0.109 m surface=(0.305,-0.001,0.050) m center=(0.305,-0.001,0.025) m conf=0.88 edge=-0.3deg sides=(0.050,0.039)m sync_rate=14.24 Hz mask_px=2189[0m
[0m[INFO] [1789226277.943972991] [perception]: DETECTED pixel=(106,148) depth=0.109 m surface=(0.305,-0.001,0.050) m center=(0.305,-0.001,0.025) m conf=0.86 edge=-0.3deg sides=(0.050,0.039)m sync_rate=14.24 Hz mask_px=2459[0m
[0m[INFO] [1789226279.026693829] [perception]: NOT DETECTED[0m
[0m[INFO] [1789226280.041152477] [perception]: NOT DETECTED[0m
[0m[INFO] [1789226281.044145108] [perception]: NOT DETECTED[0m
[0m[INFO] [1789226282.049962850] [perception]: DETECTED pixel=(81,99) depth=0.344 m surface=(0.303,0.000,0.052) m center=(0.303,0.000,0.027) m conf=0.95 edge=0.3deg sides=(0.050,0.050)m sync_rate=14.24 Hz mask_px=1212[0m
[0m[INFO] [1789226283.131589136] [perception]: DETECTED pixel=(78,87) depth=0.346 m surface=(0.314,-0.014,0.052) m center=(0.314,-0.014,0.027) m conf=0.98 edge=0.3deg sides=(0.050,0.048)m sync_rate=14.24 Hz mask_px=1351[0m
[0m[INFO] [1789226284.134273990] [perception]: DETECTED pixel=(78,87) depth=0.346 m surface=(0.314,-0.014,0.052) m center=(0.314,-0.014,0.027) m conf=0.98 edge=0.3deg sides=(0.050,0.048)m sync_rate=14.23 Hz mask_px=1351[0m
[0m[INFO] [1789226285.145341046] [perception]: DETECTED pixel=(78,87) depth=0.346 m surface=(0.314,-0.014,0.052) m center=(0.314,-0.014,0.027) m conf=0.98 edge=0.2deg sides=(0.050,0.048)m sync_rate=14.23 Hz mask_px=1351[0m
[0m[INFO] [1789226286.199511452] [perception]: DETECTED pixel=(87,87) depth=0.355 m surface=(0.322,-0.014,0.052) m center=(0.322,-0.014,0.027) m conf=0.87 edge=0.0deg sides=(0.050,0.036)m sync_rate=14.23 Hz mask_px=824[0m
[0m[INFO] [1789226287.209370322] [perception]: NOT DETECTED[0m
[0m[INFO] [1789226288.251649204] [perception]: NOT DETECTED[0m
[0m[INFO] [1789226289.280983263] [perception]: NOT DETECTED[0m
[0m[INFO] [1789226290.320448439] [perception]: NOT DETECTED[0m
[0m[INFO] [1789226291.364703337] [perception]: NOT DETECTED[0m
[0m[INFO] [1789226292.398484228] [perception]: NOT DETECTED[0m
[0m[INFO] [1789226293.994833407] [perception]: DETECTED pixel=(118,102) depth=0.118 m surface=(0.322,-0.015,0.050) m center=(0.322,-0.015,0.025) m conf=0.83 edge=1.1deg sides=(0.050,0.035)m sync_rate=14.24 Hz mask_px=534[0m
[0m[INFO] [1789226295.047132830] [perception]: DETECTED pixel=(111,48) depth=0.115 m surface=(0.322,-0.015,0.050) m center=(0.322,-0.015,0.025) m conf=0.92 edge=3.2deg sides=(0.050,0.036)m sync_rate=14.24 Hz mask_px=854[0m
[0m[INFO] [1789226296.056358891] [perception]: DETECTED pixel=(111,48) depth=0.114 m surface=(0.321,-0.015,0.050) m center=(0.321,-0.015,0.025) m conf=0.90 edge=0.3deg sides=(0.050,0.037)m sync_rate=14.24 Hz mask_px=900[0m
[0m[INFO] [1789226297.102923118] [perception]: DETECTED pixel=(113,153) depth=0.115 m surface=(0.322,-0.014,0.049) m center=(0.322,-0.014,0.024) m conf=0.91 edge=0.6deg sides=(0.050,0.038)m sync_rate=14.24 Hz mask_px=1009[0m
[0m[INFO] [1789226298.143902001] [perception]: DETECTED pixel=(112,153) depth=0.115 m surface=(0.323,-0.014,0.049) m center=(0.323,-0.014,0.024) m conf=0.90 edge=1.9deg sides=(0.050,0.039)m sync_rate=14.24 Hz mask_px=1111[0m
[0m[INFO] [1789226299.156845306] [perception]: DETECTED pixel=(112,153) depth=0.114 m surface=(0.322,-0.014,0.050) m center=(0.322,-0.014,0.025) m conf=0.90 edge=0.4deg sides=(0.050,0.039)m sync_rate=14.24 Hz mask_px=1154[0m
[0m[INFO] [1789226300.161396951] [perception]: DETECTED pixel=(112,153) depth=0.114 m surface=(0.322,-0.014,0.050) m center=(0.322,-0.014,0.025) m conf=0.89 edge=0.7deg sides=(0.050,0.039)m sync_rate=14.24 Hz mask_px=1180[0m
[0m[INFO] [1789226301.180464889] [perception]: DETECTED pixel=(112,153) depth=0.114 m surface=(0.322,-0.014,0.050) m center=(0.322,-0.014,0.025) m conf=0.89 edge=2.0deg sides=(0.050,0.039)m sync_rate=14.24 Hz mask_px=1184[0m
[0m[INFO] [1789226302.183070170] [perception]: DETECTED pixel=(112,153) depth=0.114 m surface=(0.322,-0.014,0.080) m center=(0.322,-0.014,0.055) m conf=0.87 edge=1.0deg sides=(0.050,0.039)m sync_rate=14.24 Hz mask_px=1174[0m
[0m[INFO] [1789226310.393135520] [perception]: DETECTED pixel=(112,153) depth=0.115 m surface=(0.324,-0.014,0.078) m center=(0.324,-0.014,0.053) m conf=0.80 edge=0.8deg sides=(0.050,0.038)m sync_rate=14.24 Hz mask_px=1131[0m
[0m[INFO] [1789226311.437623122] [perception]: DETECTED pixel=(111,153) depth=0.114 m surface=(0.322,-0.013,0.050) m center=(0.322,-0.013,0.025) m conf=0.90 edge=0.6deg sides=(0.050,0.039)m sync_rate=14.24 Hz mask_px=1215[0m
[0m[INFO] [1789226312.482669072] [perception]: DETECTED pixel=(111,153) depth=0.114 m surface=(0.322,-0.013,0.050) m center=(0.322,-0.013,0.025) m conf=0.90 edge=0.6deg sides=(0.050,0.039)m sync_rate=14.24 Hz mask_px=1226[0m
[0m[INFO] [1789226313.548849253] [perception]: DETECTED pixel=(111,153) depth=0.114 m surface=(0.322,-0.013,0.050) m center=(0.322,-0.013,0.025) m conf=0.90 edge=0.7deg sides=(0.050,0.039)m sync_rate=14.24 Hz mask_px=1226[0m
[0m[INFO] [1789226314.563868124] [perception]: DETECTED pixel=(111,153) depth=0.114 m surface=(0.322,-0.013,0.050) m center=(0.322,-0.013,0.025) m conf=0.90 edge=0.6deg sides=(0.050,0.039)m sync_rate=14.24 Hz mask_px=1226[0m
[0m[INFO] [1789226315.583768826] [perception]: DETECTED pixel=(111,153) depth=0.114 m surface=(0.322,-0.013,0.050) m center=(0.322,-0.013,0.025) m conf=0.90 edge=0.6deg sides=(0.050,0.039)m sync_rate=14.24 Hz mask_px=1226[0m
[0m[INFO] [1789226316.632014784] [perception]: DETECTED pixel=(111,153) depth=0.114 m surface=(0.322,-0.013,0.050) m center=(0.322,-0.013,0.025) m conf=0.92 edge=0.6deg sides=(0.050,0.039)m sync_rate=14.24 Hz mask_px=1248[0m
[0m[INFO] [1789226317.673752356] [perception]: DETECTED pixel=(114,154) depth=0.116 m surface=(0.323,-0.014,0.050) m center=(0.323,-0.014,0.025) m conf=0.91 edge=1.7deg sides=(0.050,0.038)m sync_rate=14.24 Hz mask_px=958[0m
[0m[INFO] [1789226318.698175705] [perception]: NOT DETECTED[0m
[0m[INFO] [1789226319.745740625] [perception]: NOT DETECTED[0m
[0m[INFO] [1789226320.883952942] [perception]: DETECTED pixel=(77,88) depth=0.347 m surface=(0.315,-0.014,0.051) m center=(0.315,-0.014,0.026) m conf=0.97 edge=0.4deg sides=(0.050,0.048)m sync_rate=14.24 Hz mask_px=1374[0m
[0m[INFO] [1789226322.006691676] [perception]: DETECTED pixel=(80,110) depth=0.344 m surface=(0.301,0.012,0.051) m center=(0.301,0.012,0.026) m conf=0.97 edge=0.1deg sides=(0.050,0.050)m sync_rate=14.23 Hz mask_px=1301[0m
[0m[INFO] [1789226323.064885522] [perception]: DETECTED pixel=(80,110) depth=0.343 m surface=(0.301,0.012,0.051) m center=(0.301,0.012,0.026) m conf=0.97 edge=0.2deg sides=(0.050,0.049)m sync_rate=14.23 Hz mask_px=1301[0m
[0m[INFO] [1789226324.122556697] [perception]: DETECTED pixel=(80,110) depth=0.343 m surface=(0.301,0.012,0.051) m center=(0.301,0.012,0.026) m conf=0.97 edge=0.0deg sides=(0.050,0.049)m sync_rate=14.23 Hz mask_px=1301[0m
[0m[INFO] [1789226325.423681026] [perception]: NOT DETECTED[0m
[0m[INFO] [1789226326.455070880] [perception]: NOT DETECTED[0m
[0m[INFO] [1789226327.484427042] [perception]: NOT DETECTED[0m
[0m[INFO] [1789226328.525884871] [perception]: NOT DETECTED[0m
[0m[INFO] [1789226356.735408653] [perception]: NOT DETECTED[0m
[0m[INFO] [1789226357.783087605] [perception]: NOT DETECTED[0m
[0m[INFO] [1789226358.885902132] [perception]: DETECTED pixel=(90,110) depth=0.345 m surface=(0.302,0.010,0.050) m center=(0.302,0.010,0.025) m conf=0.80 edge=0.4deg sides=(0.049,0.049)m sync_rate=14.23 Hz mask_px=494[0m
[0m[INFO] [1789226359.951857805] [perception]: DETECTED pixel=(77,95) depth=0.347 m surface=(0.311,-0.007,0.050) m center=(0.311,-0.007,0.025) m conf=0.88 edge=-0.2deg sides=(0.050,0.050)m sync_rate=14.23 Hz mask_px=1357[0m
[0m[INFO] [1789226361.000284037] [perception]: DETECTED pixel=(77,95) depth=0.347 m surface=(0.311,-0.007,0.050) m center=(0.311,-0.007,0.025) m conf=0.98 edge=-0.2deg sides=(0.050,0.050)m sync_rate=14.23 Hz mask_px=1357[0m
[0m[INFO] [1789226362.075200792] [perception]: DETECTED pixel=(77,95) depth=0.347 m surface=(0.311,-0.007,0.050) m center=(0.311,-0.007,0.025) m conf=0.98 edge=-0.3deg sides=(0.050,0.050)m sync_rate=14.23 Hz mask_px=1357[0m
[0m[INFO] [1789226363.121953521] [perception]: DETECTED pixel=(77,95) depth=0.347 m surface=(0.311,-0.007,0.050) m center=(0.311,-0.007,0.025) m conf=0.98 edge=-0.2deg sides=(0.050,0.050)m sync_rate=14.23 Hz mask_px=1357[0m
[0m[INFO] [1789226364.139736067] [perception]: NOT DETECTED[0m
[0m[INFO] [1789226365.220131908] [perception]: NOT DETECTED[0m
[0m[INFO] [1789226366.245521492] [perception]: NOT DETECTED[0m
[0m[INFO] [1789226367.292291939] [perception]: NOT DETECTED[0m
[0m[INFO] [1789226368.331562733] [perception]: NOT DETECTED[0m
[0m[INFO] [1789226369.792139832] [perception]: DETECTED pixel=(122,156) depth=0.122 m surface=(0.318,-0.006,0.050) m center=(0.318,-0.006,0.025) m conf=0.77 edge=-0.1deg sides=(0.050,0.035)m sync_rate=14.23 Hz mask_px=503[0m
[0m[INFO] [1789226370.834770048] [perception]: DETECTED pixel=(119,156) depth=0.118 m surface=(0.318,-0.006,0.050) m center=(0.318,-0.006,0.025) m conf=0.88 edge=0.0deg sides=(0.050,0.036)m sync_rate=14.23 Hz mask_px=762[0m
[0m[INFO] [1789226371.893143876] [perception]: DETECTED pixel=(116,155) depth=0.114 m surface=(0.317,-0.006,0.050) m center=(0.317,-0.006,0.025) m conf=0.89 edge=-0.0deg sides=(0.050,0.037)m sync_rate=14.23 Hz mask_px=1149[0m
[0m[INFO] [1789226374.148238272] [perception]: DETECTED pixel=(108,150) depth=0.113 m surface=(0.318,-0.008,0.049) m center=(0.318,-0.008,0.024) m conf=0.80 edge=-0.2deg sides=(0.050,0.039)m sync_rate=14.23 Hz mask_px=1474[0m
[0m[INFO] [1789226395.385760727] [perception]: DETECTED pixel=(110,150) depth=0.113 m surface=(0.318,-0.008,0.050) m center=(0.318,-0.008,0.025) m conf=0.78 edge=0.5deg sides=(0.050,0.040)m sync_rate=14.23 Hz mask_px=1777[0m
[0m[INFO] [1789226396.398465120] [perception]: NOT DETECTED[0m
[0m[INFO] [1789226397.913667990] [perception]: DETECTED pixel=(89,94) depth=0.350 m surface=(0.315,-0.008,0.051) m center=(0.315,-0.008,0.026) m conf=0.81 edge=-0.7deg sides=(0.050,0.050)m sync_rate=14.23 Hz mask_px=549[0m
[0m[INFO] [1789226398.957416499] [perception]: DETECTED pixel=(77,91) depth=0.347 m surface=(0.313,-0.012,0.051) m center=(0.313,-0.012,0.026) m conf=0.88 edge=-0.5deg sides=(0.050,0.049)m sync_rate=14.23 Hz mask_px=1322[0m
[0m[INFO] [1789226399.977012302] [perception]: DETECTED pixel=(77,91) depth=0.347 m surface=(0.313,-0.012,0.051) m center=(0.313,-0.012,0.026) m conf=0.98 edge=-0.4deg sides=(0.050,0.048)m sync_rate=14.23 Hz mask_px=1322[0m
[0m[INFO] [1789226401.037731178] [perception]: DETECTED pixel=(77,91) depth=0.347 m surface=(0.313,-0.012,0.051) m center=(0.313,-0.012,0.026) m conf=0.98 edge=-0.5deg sides=(0.050,0.048)m sync_rate=14.23 Hz mask_px=1322[0m
[0m[INFO] [1789226402.073315004] [perception]: DETECTED pixel=(77,91) depth=0.347 m surface=(0.313,-0.012,0.051) m center=(0.313,-0.012,0.026) m conf=0.97 edge=-0.4deg sides=(0.050,0.048)m sync_rate=14.23 Hz mask_px=1322[0m
[0m[INFO] [1789226403.164827199] [perception]: DETECTED pixel=(77,91) depth=0.347 m surface=(0.313,-0.012,0.051) m center=(0.313,-0.012,0.026) m conf=0.98 edge=-0.5deg sides=(0.050,0.048)m sync_rate=14.23 Hz mask_px=1322[0m
[0m[INFO] [1789226404.185432549] [perception]: DETECTED pixel=(77,91) depth=0.347 m surface=(0.313,-0.012,0.051) m center=(0.313,-0.012,0.026) m conf=0.98 edge=-0.4deg sides=(0.050,0.048)m sync_rate=14.23 Hz mask_px=1322[0m
[0m[INFO] [1789226405.189557837] [perception]: DETECTED pixel=(77,91) depth=0.347 m surface=(0.313,-0.012,0.051) m center=(0.313,-0.012,0.026) m conf=0.98 edge=-0.4deg sides=(0.050,0.048)m sync_rate=14.23 Hz mask_px=1322[0m
[0m[INFO] [1789226406.219870892] [perception]: DETECTED pixel=(77,91) depth=0.347 m surface=(0.313,-0.012,0.051) m center=(0.313,-0.012,0.026) m conf=0.97 edge=-0.7deg sides=(0.050,0.048)m sync_rate=14.23 Hz mask_px=1322[0m
[0m[INFO] [1789226407.255497921] [perception]: DETECTED pixel=(77,91) depth=0.347 m surface=(0.313,-0.012,0.051) m center=(0.313,-0.012,0.026) m conf=0.98 edge=-0.6deg sides=(0.050,0.048)m sync_rate=14.23 Hz mask_px=1322[0m
[0m[INFO] [1789226408.294087677] [perception]: DETECTED pixel=(77,91) depth=0.347 m surface=(0.313,-0.012,0.051) m center=(0.313,-0.012,0.026) m conf=0.98 edge=-0.5deg sides=(0.050,0.048)m sync_rate=14.23 Hz mask_px=1322[0m
[0m[INFO] [1789226409.305968546] [perception]: DETECTED pixel=(77,91) depth=0.347 m surface=(0.313,-0.012,0.051) m center=(0.313,-0.012,0.026) m conf=0.98 edge=-0.5deg sides=(0.050,0.048)m sync_rate=14.23 Hz mask_px=1322[0m
[0m[INFO] [1789226410.309854380] [perception]: DETECTED pixel=(77,91) depth=0.347 m surface=(0.313,-0.012,0.051) m center=(0.313,-0.012,0.026) m conf=0.98 edge=-0.4deg sides=(0.050,0.048)m sync_rate=14.23 Hz mask_px=1322[0m
[0m[INFO] [1789226411.339113512] [perception]: DETECTED pixel=(77,91) depth=0.347 m surface=(0.313,-0.012,0.051) m center=(0.313,-0.012,0.026) m conf=0.98 edge=-0.6deg sides=(0.050,0.048)m sync_rate=14.23 Hz mask_px=1322[0m
[0m[INFO] [1789226412.358363175] [perception]: DETECTED pixel=(77,91) depth=0.347 m surface=(0.313,-0.012,0.051) m center=(0.313,-0.012,0.026) m conf=0.98 edge=-0.3deg sides=(0.050,0.048)m sync_rate=14.24 Hz mask_px=1322[0m
[0m[INFO] [1789226413.399933969] [perception]: DETECTED pixel=(77,91) depth=0.347 m surface=(0.313,-0.012,0.051) m center=(0.313,-0.012,0.026) m conf=0.97 edge=-0.5deg sides=(0.050,0.048)m sync_rate=14.24 Hz mask_px=1322[0m
[0m[INFO] [1789226414.438534680] [perception]: DETECTED pixel=(77,91) depth=0.347 m surface=(0.313,-0.012,0.051) m center=(0.313,-0.012,0.026) m conf=0.98 edge=-0.4deg sides=(0.050,0.048)m sync_rate=14.24 Hz mask_px=1322[0m
[0m[INFO] [1789226415.513731632] [perception]: DETECTED pixel=(77,91) depth=0.347 m surface=(0.313,-0.012,0.051) m center=(0.313,-0.012,0.026) m conf=0.98 edge=-0.2deg sides=(0.050,0.048)m sync_rate=14.24 Hz mask_px=1322[0m
[0m[INFO] [1789226416.522396329] [perception]: DETECTED pixel=(77,91) depth=0.347 m surface=(0.313,-0.012,0.051) m center=(0.313,-0.012,0.026) m conf=0.98 edge=-0.2deg sides=(0.050,0.048)m sync_rate=14.24 Hz mask_px=1322[0m
[0m[INFO] [1789226417.545305232] [perception]: DETECTED pixel=(77,91) depth=0.347 m surface=(0.313,-0.012,0.051) m center=(0.313,-0.012,0.026) m conf=0.98 edge=-0.7deg sides=(0.050,0.048)m sync_rate=14.24 Hz mask_px=1322[0m
[0m[INFO] [1789226418.577112603] [perception]: DETECTED pixel=(77,91) depth=0.347 m surface=(0.313,-0.012,0.051) m center=(0.313,-0.012,0.026) m conf=0.98 edge=-0.5deg sides=(0.050,0.048)m sync_rate=14.24 Hz mask_px=1322[0m
[0m[INFO] [1789226419.606501788] [perception]: DETECTED pixel=(77,91) depth=0.347 m surface=(0.313,-0.012,0.051) m center=(0.313,-0.012,0.026) m conf=0.97 edge=-0.4deg sides=(0.050,0.048)m sync_rate=14.24 Hz mask_px=1322[0m
[0m[INFO] [1789226420.640654854] [perception]: DETECTED pixel=(77,91) depth=0.347 m surface=(0.313,-0.012,0.051) m center=(0.313,-0.012,0.026) m conf=0.98 edge=-0.6deg sides=(0.050,0.048)m sync_rate=14.24 Hz mask_px=1322[0m
[0m[INFO] [1789226421.644367518] [perception]: DETECTED pixel=(77,91) depth=0.347 m surface=(0.313,-0.012,0.051) m center=(0.313,-0.012,0.026) m conf=0.98 edge=-0.3deg sides=(0.050,0.048)m sync_rate=14.24 Hz mask_px=1322[0m
[0m[INFO] [1789226422.664986723] [perception]: DETECTED pixel=(77,91) depth=0.347 m surface=(0.313,-0.012,0.051) m center=(0.313,-0.012,0.026) m conf=0.98 edge=-0.5deg sides=(0.050,0.048)m sync_rate=14.24 Hz mask_px=1322[0m
[0m[INFO] [1789226423.688652504] [perception]: DETECTED pixel=(77,91) depth=0.347 m surface=(0.313,-0.012,0.051) m center=(0.313,-0.012,0.026) m conf=0.98 edge=-0.4deg sides=(0.050,0.048)m sync_rate=14.24 Hz mask_px=1322[0m
[0m[INFO] [1789226424.734933021] [perception]: DETECTED pixel=(77,91) depth=0.347 m surface=(0.313,-0.012,0.051) m center=(0.313,-0.012,0.026) m conf=0.98 edge=-0.4deg sides=(0.050,0.048)m sync_rate=14.24 Hz mask_px=1322[0m
[0m[INFO] [1789226425.764820846] [perception]: DETECTED pixel=(77,91) depth=0.347 m surface=(0.313,-0.012,0.051) m center=(0.313,-0.012,0.026) m conf=0.98 edge=-0.4deg sides=(0.050,0.048)m sync_rate=14.24 Hz mask_px=1322[0m
[0m[INFO] [1789226426.846297408] [perception]: DETECTED pixel=(77,91) depth=0.347 m surface=(0.313,-0.012,0.051) m center=(0.313,-0.012,0.026) m conf=0.98 edge=-0.3deg sides=(0.050,0.048)m sync_rate=14.24 Hz mask_px=1322[0m
[0m[INFO] [1789226427.870597963] [perception]: DETECTED pixel=(77,91) depth=0.347 m surface=(0.313,-0.012,0.051) m center=(0.313,-0.012,0.026) m conf=0.98 edge=-0.3deg sides=(0.050,0.048)m sync_rate=14.24 Hz mask_px=1322[0m
[0m[INFO] [1789226428.963065685] [perception]: DETECTED pixel=(77,91) depth=0.347 m surface=(0.313,-0.012,0.051) m center=(0.313,-0.012,0.026) m conf=0.98 edge=-0.5deg sides=(0.050,0.048)m sync_rate=14.24 Hz mask_px=1322[0m
[0m[INFO] [1789226430.030207023] [perception]: DETECTED pixel=(82,86) depth=0.341 m surface=(0.296,-0.016,0.052) m center=(0.296,-0.016,0.027) m conf=0.87 edge=0.0deg sides=(0.050,0.050)m sync_rate=14.24 Hz mask_px=1260[0m
[0m[INFO] [1789226431.036008295] [perception]: DETECTED pixel=(82,86) depth=0.341 m surface=(0.296,-0.016,0.052) m center=(0.296,-0.016,0.027) m conf=0.96 edge=-0.3deg sides=(0.050,0.050)m sync_rate=14.24 Hz mask_px=1260[0m
[0m[INFO] [1789226432.096596360] [perception]: DETECTED pixel=(82,86) depth=0.341 m surface=(0.296,-0.016,0.052) m center=(0.296,-0.016,0.027) m conf=0.97 edge=-0.4deg sides=(0.050,0.050)m sync_rate=14.24 Hz mask_px=1260[0m
[0m[INFO] [1789226433.126405388] [perception]: DETECTED pixel=(82,86) depth=0.341 m surface=(0.296,-0.016,0.052) m center=(0.296,-0.016,0.027) m conf=0.96 edge=-0.4deg sides=(0.050,0.050)m sync_rate=14.24 Hz mask_px=1260[0m
[0m[INFO] [1789226434.149782158] [perception]: NOT DETECTED[0m
[0m[INFO] [1789226435.168865686] [perception]: NOT DETECTED[0m
[0m[INFO] [1789226436.204596502] [perception]: NOT DETECTED[0m
[0m[INFO] [1789226437.239700511] [perception]: NOT DETECTED[0m
[0m[INFO] [1789226438.278661499] [perception]: NOT DETECTED[0m
[0m[INFO] [1789226447.732232273] [perception]: DETECTED pixel=(110,152) depth=0.111 m surface=(0.303,-0.016,0.053) m center=(0.303,-0.016,0.028) m conf=0.80 edge=-0.4deg sides=(0.050,0.038)m sync_rate=14.24 Hz mask_px=1502[0m
[0m[INFO] [1789226448.798558543] [perception]: DETECTED pixel=(110,152) depth=0.111 m surface=(0.303,-0.016,0.084) m center=(0.303,-0.016,0.059) m conf=0.87 edge=0.2deg sides=(0.050,0.037)m sync_rate=14.24 Hz mask_px=1494[0m
[0m[INFO] [1789226456.867084989] [perception]: DETECTED pixel=(110,152) depth=0.112 m surface=(0.306,-0.016,0.082) m center=(0.306,-0.016,0.057) m conf=0.80 edge=0.5deg sides=(0.050,0.037)m sync_rate=14.24 Hz mask_px=1427[0m
[0m[INFO] [1789226464.581680444] [perception]: DETECTED pixel=(118,155) depth=0.116 m surface=(0.304,-0.016,0.051) m center=(0.304,-0.016,0.026) m conf=0.79 edge=-0.0deg sides=(0.050,0.036)m sync_rate=14.24 Hz mask_px=957[0m
[0m[INFO] [1789226465.642768699] [perception]: NOT DETECTED[0m
[0m[INFO] [1789226467.081422641] [perception]: DETECTED pixel=(91,85) depth=0.342 m surface=(0.297,-0.016,0.049) m center=(0.297,-0.016,0.024) m conf=0.81 edge=-0.4deg sides=(0.050,0.049)m sync_rate=14.24 Hz mask_px=479[0m
[0m[INFO] [1789226468.140376153] [perception]: DETECTED pixel=(80,114) depth=0.344 m surface=(0.306,0.016,0.049) m center=(0.306,0.016,0.024) m conf=0.97 edge=-0.1deg sides=(0.050,0.049)m sync_rate=14.24 Hz mask_px=1360[0m
[0m[INFO] [1789226469.159092183] [perception]: DETECTED pixel=(80,114) depth=0.344 m surface=(0.306,0.016,0.049) m center=(0.306,0.016,0.024) m conf=0.97 edge=0.0deg sides=(0.050,0.049)m sync_rate=14.23 Hz mask_px=1359[0m
[0m[INFO] [1789226470.206520422] [perception]: DETECTED pixel=(80,114) depth=0.343 m surface=(0.306,0.016,0.049) m center=(0.306,0.016,0.024) m conf=0.97 edge=-0.0deg sides=(0.050,0.049)m sync_rate=14.23 Hz mask_px=1360[0m
[0m[INFO] [1789226471.264816024] [perception]: DETECTED pixel=(80,114) depth=0.344 m surface=(0.306,0.016,0.049) m center=(0.306,0.016,0.024) m conf=0.97 edge=-0.2deg sides=(0.050,0.049)m sync_rate=14.23 Hz mask_px=1360[0m
[0m[INFO] [1789226472.278404360] [perception]: NOT DETECTED[0m
[0m[INFO] [1789226473.315102480] [perception]: NOT DETECTED[0m
[0m[INFO] [1789226474.356154212] [perception]: NOT DETECTED[0m
[0m[INFO] [1789226475.391034627] [perception]: NOT DETECTED[0m
[0m[INFO] [1789226478.467307591] [perception]: DETECTED pixel=(118,97) depth=0.119 m surface=(0.314,0.017,0.049) m center=(0.314,0.017,0.024) m conf=0.81 edge=-0.1deg sides=(0.050,0.035)m sync_rate=14.24 Hz mask_px=591[0m
[0m[INFO] [1789226479.518704832] [perception]: DETECTED pixel=(114,46) depth=0.115 m surface=(0.315,0.016,0.049) m center=(0.315,0.016,0.024) m conf=0.89 edge=4.3deg sides=(0.050,0.036)m sync_rate=14.24 Hz mask_px=927[0m
[0m[INFO] [1789226480.558529587] [perception]: DETECTED pixel=(113,45) depth=0.110 m surface=(0.313,0.017,0.049) m center=(0.313,0.017,0.024) m conf=0.89 edge=0.1deg sides=(0.050,0.037)m sync_rate=14.24 Hz mask_px=1591[0m
[0m[INFO] [1789226482.125375901] [perception]: DETECTED pixel=(109,47) depth=0.111 m surface=(0.314,0.016,0.049) m center=(0.314,0.016,0.024) m conf=0.80 edge=1.9deg sides=(0.050,0.038)m sync_rate=14.24 Hz mask_px=1610[0m
[0m[INFO] [1789226483.126956080] [perception]: DETECTED pixel=(108,48) depth=0.111 m surface=(0.314,0.016,0.048) m center=(0.314,0.016,0.023) m conf=0.88 edge=0.3deg sides=(0.050,0.039)m sync_rate=14.24 Hz mask_px=1749[0m
[0m[INFO] [1789226495.850305780] [perception]: DETECTED pixel=(108,47) depth=0.111 m surface=(0.316,0.015,0.081) m center=(0.316,0.015,0.056) m conf=0.79 edge=1.9deg sides=(0.050,0.039)m sync_rate=14.24 Hz mask_px=1829[0m
[0m[INFO] [1789226503.247642614] [perception]: DETECTED pixel=(108,47) depth=0.111 m surface=(0.314,0.016,0.049) m center=(0.314,0.016,0.024) m conf=0.81 edge=1.0deg sides=(0.050,0.039)m sync_rate=14.24 Hz mask_px=1856[0m
[0m[INFO] [1789226504.272881851] [perception]: NOT DETECTED[0m
[0m[INFO] [1789226505.325685757] [perception]: NOT DETECTED[0m
[0m[INFO] [1789226506.362239965] [perception]: DETECTED pixel=(79,114) depth=0.345 m surface=(0.307,0.016,0.050) m center=(0.307,0.016,0.025) m conf=0.97 edge=-0.1deg sides=(0.050,0.049)m sync_rate=14.24 Hz mask_px=1353[0m
[0m[INFO] [1789226507.422888116] [perception]: DETECTED pixel=(81,100) depth=0.342 m surface=(0.296,0.001,0.050) m center=(0.296,0.001,0.025) m conf=0.97 edge=0.1deg sides=(0.050,0.050)m sync_rate=14.23 Hz mask_px=1225[0m
[0m[INFO] [1789226508.507406046] [perception]: DETECTED pixel=(81,100) depth=0.342 m surface=(0.296,0.001,0.050) m center=(0.296,0.001,0.025) m conf=0.97 edge=-0.1deg sides=(0.050,0.050)m sync_rate=14.23 Hz mask_px=1225[0m
[0m[INFO] [1789226509.537455983] [perception]: DETECTED pixel=(81,100) depth=0.342 m surface=(0.296,0.001,0.050) m center=(0.296,0.001,0.025) m conf=0.97 edge=0.0deg sides=(0.050,0.050)m sync_rate=14.23 Hz mask_px=1225[0m
[0m[INFO] [1789226510.589891584] [perception]: DETECTED pixel=(81,100) depth=0.342 m surface=(0.296,0.001,0.050) m center=(0.296,0.001,0.025) m conf=0.97 edge=0.1deg sides=(0.050,0.050)m sync_rate=14.23 Hz mask_px=1225[0m
[0m[INFO] [1789226511.612909258] [perception]: NOT DETECTED[0m
[0m[INFO] [1789226512.643569579] [perception]: NOT DETECTED[0m
[0m[INFO] [1789226513.671628285] [perception]: NOT DETECTED[0m
[0m[INFO] [1789226543.304338006] [perception]: NOT DETECTED[0m
[0m[INFO] [1789226544.336043413] [perception]: NOT DETECTED[0m
[0m[INFO] [1789226545.377751297] [perception]: DETECTED pixel=(90,100) depth=0.343 m surface=(0.297,-0.001,0.049) m center=(0.297,-0.001,0.024) m conf=0.88 edge=2.4deg sides=(0.050,0.049)m sync_rate=14.24 Hz mask_px=491[0m
[0m[INFO] [1789226546.480533247] [perception]: DETECTED pixel=(79,106) depth=0.345 m surface=(0.303,0.006,0.049) m center=(0.303,0.006,0.024) m conf=0.98 edge=0.0deg sides=(0.050,0.050)m sync_rate=14.24 Hz mask_px=1314[0m
[0m[INFO] [1789226547.496754209] [perception]: DETECTED pixel=(79,106) depth=0.345 m surface=(0.303,0.006,0.049) m center=(0.303,0.006,0.024) m conf=0.98 edge=0.2deg sides=(0.050,0.050)m sync_rate=14.23 Hz mask_px=1314[0m
[0m[INFO] [1789226548.526076026] [perception]: DETECTED pixel=(79,106) depth=0.345 m surface=(0.303,0.006,0.049) m center=(0.303,0.006,0.024) m conf=0.98 edge=-0.1deg sides=(0.050,0.050)m sync_rate=14.23 Hz mask_px=1314[0m
[0m[INFO] [1789226549.573654100] [perception]: DETECTED pixel=(79,106) depth=0.345 m surface=(0.303,0.006,0.049) m center=(0.303,0.006,0.024) m conf=0.98 edge=0.0deg sides=(0.050,0.050)m sync_rate=14.23 Hz mask_px=1314[0m
[0m[INFO] [1789226550.679924331] [perception]: NOT DETECTED[0m
[0m[INFO] [1789226551.716689502] [perception]: NOT DETECTED[0m
[0m[INFO] [1789226552.740237932] [perception]: NOT DETECTED[0m
[0m[INFO] [1789226582.786106408] [perception]: NOT DETECTED[0m
[0m[INFO] [1789226583.831190572] [perception]: NOT DETECTED[0m
[0m[INFO] [1789226584.886327609] [perception]: DETECTED pixel=(88,105) depth=0.347 m surface=(0.307,0.008,0.049) m center=(0.307,0.008,0.024) m conf=0.92 edge=-0.2deg sides=(0.050,0.049)m sync_rate=14.24 Hz mask_px=641[0m
[0m[INFO] [1789226585.890418159] [perception]: DETECTED pixel=(79,98) depth=0.345 m surface=(0.304,-0.001,0.049) m center=(0.304,-0.001,0.024) m conf=0.87 edge=0.0deg sides=(0.050,0.049)m sync_rate=14.23 Hz mask_px=1288[0m
[0m[INFO] [1789226586.927749467] [perception]: DETECTED pixel=(79,98) depth=0.345 m surface=(0.303,-0.001,0.049) m center=(0.303,-0.001,0.024) m conf=0.97 edge=0.0deg sides=(0.050,0.049)m sync_rate=14.23 Hz mask_px=1289[0m
[0m[INFO] [1789226587.932052242] [perception]: DETECTED pixel=(79,98) depth=0.344 m surface=(0.304,-0.001,0.049) m center=(0.304,-0.001,0.024) m conf=0.97 edge=-0.0deg sides=(0.050,0.049)m sync_rate=14.23 Hz mask_px=1289[0m
[0m[INFO] [1789226588.972104184] [perception]: DETECTED pixel=(79,98) depth=0.345 m surface=(0.303,-0.001,0.049) m center=(0.303,-0.001,0.024) m conf=0.97 edge=-0.0deg sides=(0.050,0.049)m sync_rate=14.23 Hz mask_px=1289[0m
[0m[INFO] [1789226589.979189190] [perception]: DETECTED pixel=(89,97) depth=0.351 m surface=(0.304,-0.001,0.049) m center=(0.304,-0.001,0.024) m conf=0.81 edge=0.1deg sides=(0.050,0.049)m sync_rate=14.23 Hz mask_px=547[0m
[0m[INFO] [1789226590.980384024] [perception]: NOT DETECTED[0m
[0m[INFO] [1789226592.040332374] [perception]: NOT DETECTED[0m
[0m[INFO] [1789226593.059921544] [perception]: NOT DETECTED[0m
[0m[INFO] [1789226594.092778870] [perception]: NOT DETECTED[0m
[0m[INFO] [1789226622.524894630] [perception]: NOT DETECTED[0m
[0m[INFO] [1789226623.569953770] [perception]: NOT DETECTED[0m
[0m[INFO] [1789226624.648518044] [perception]: DETECTED pixel=(90,99) depth=0.346 m surface=(0.307,-0.001,0.052) m center=(0.307,-0.001,0.027) m conf=0.92 edge=0.0deg sides=(0.050,0.050)m sync_rate=14.23 Hz mask_px=514[0m
[0m[INFO] [1789226625.696018488] [perception]: DETECTED pixel=(81,112) depth=0.342 m surface=(0.300,0.014,0.052) m center=(0.300,0.014,0.027) m conf=0.87 edge=0.5deg sides=(0.050,0.049)m sync_rate=14.23 Hz mask_px=1287[0m
[0m[INFO] [1789226626.733606438] [perception]: DETECTED pixel=(81,112) depth=0.342 m surface=(0.300,0.013,0.052) m center=(0.300,0.013,0.027) m conf=0.96 edge=0.3deg sides=(0.050,0.049)m sync_rate=14.23 Hz mask_px=1287[0m
[0m[INFO] [1789226627.779245829] [perception]: DETECTED pixel=(81,112) depth=0.342 m surface=(0.300,0.013,0.052) m center=(0.300,0.013,0.027) m conf=0.96 edge=0.2deg sides=(0.050,0.049)m sync_rate=14.23 Hz mask_px=1287[0m
[0m[INFO] [1789226628.802474583] [perception]: DETECTED pixel=(81,112) depth=0.342 m surface=(0.300,0.014,0.052) m center=(0.300,0.014,0.027) m conf=0.96 edge=0.4deg sides=(0.050,0.049)m sync_rate=14.23 Hz mask_px=1287[0m
[0m[INFO] [1789226629.807367286] [perception]: NOT DETECTED[0m
[0m[INFO] [1789226630.864373136] [perception]: NOT DETECTED[0m
[0m[INFO] [1789226631.911385105] [perception]: NOT DETECTED[0m
[0m[INFO] [1789226632.954690106] [perception]: NOT DETECTED[0m
[0m[INFO] [1789226634.004613555] [perception]: NOT DETECTED[0m
[0m[INFO] [1789226661.679481987] [perception]: NOT DETECTED[0m
[0m[INFO] [1789226662.705814101] [perception]: NOT DETECTED[0m
[0m[INFO] [1789226663.882308693] [perception]: DETECTED pixel=(90,112) depth=0.345 m surface=(0.303,0.016,0.050) m center=(0.303,0.016,0.025) m conf=0.80 edge=-3.2deg sides=(0.050,0.049)m sync_rate=14.23 Hz mask_px=525[0m
[0m[INFO] [1789226664.922348992] [perception]: DETECTED pixel=(78,89) depth=0.346 m surface=(0.313,-0.011,0.050) m center=(0.313,-0.011,0.025) m conf=0.98 edge=0.6deg sides=(0.050,0.049)m sync_rate=14.23 Hz mask_px=1340[0m
[0m[INFO] [1789226665.976920397] [perception]: DETECTED pixel=(78,89) depth=0.346 m surface=(0.313,-0.011,0.050) m center=(0.313,-0.011,0.025) m conf=0.98 edge=0.4deg sides=(0.050,0.049)m sync_rate=14.23 Hz mask_px=1340[0m
[0m[INFO] [1789226667.004044231] [perception]: DETECTED pixel=(78,89) depth=0.346 m surface=(0.313,-0.011,0.050) m center=(0.313,-0.011,0.025) m conf=0.98 edge=0.5deg sides=(0.050,0.049)m sync_rate=14.23 Hz mask_px=1340[0m
[0m[INFO] [1789226668.016553221] [perception]: DETECTED pixel=(78,89) depth=0.346 m surface=(0.313,-0.011,0.050) m center=(0.313,-0.011,0.025) m conf=0.98 edge=0.5deg sides=(0.050,0.049)m sync_rate=14.23 Hz mask_px=1340[0m
[0m[INFO] [1789226669.047493433] [perception]: NOT DETECTED[0m
[0m[INFO] [1789226670.078764173] [perception]: NOT DETECTED[0m
[0m[INFO] [1789226671.133853143] [perception]: NOT DETECTED[0m
[0m[INFO] [1789226672.174220388] [perception]: NOT DETECTED[0m
[0m[INFO] [1789226673.241046567] [perception]: NOT DETECTED[0m
[0m[INFO] [1789226699.860733198] [perception]: NOT DETECTED[0m
[0m[INFO] [1789226700.891042648] [perception]: NOT DETECTED[0m
[0m[INFO] [1789226702.060221150] [perception]: DETECTED pixel=(90,91) depth=0.351 m surface=(0.313,-0.012,0.049) m center=(0.313,-0.012,0.024) m conf=0.80 edge=0.6deg sides=(0.050,0.049)m sync_rate=14.23 Hz mask_px=526[0m
[0m[INFO] [1789226703.153270466] [perception]: DETECTED pixel=(78,104) depth=0.346 m surface=(0.306,0.004,0.049) m center=(0.306,0.004,0.024) m conf=0.88 edge=-0.1deg sides=(0.050,0.050)m sync_rate=14.23 Hz mask_px=1315[0m
[0m[INFO] [1789226704.200024546] [perception]: DETECTED pixel=(78,104) depth=0.346 m surface=(0.306,0.004,0.049) m center=(0.306,0.004,0.024) m conf=0.98 edge=-0.0deg sides=(0.050,0.050)m sync_rate=14.23 Hz mask_px=1315[0m
[0m[INFO] [1789226705.247477450] [perception]: DETECTED pixel=(78,104) depth=0.346 m surface=(0.306,0.004,0.049) m center=(0.306,0.004,0.024) m conf=0.98 edge=0.1deg sides=(0.050,0.050)m sync_rate=14.23 Hz mask_px=1315[0m
[0m[INFO] [1789226706.278994757] [perception]: DETECTED pixel=(78,104) depth=0.346 m surface=(0.306,0.004,0.049) m center=(0.306,0.004,0.024) m conf=0.98 edge=0.0deg sides=(0.050,0.050)m sync_rate=14.23 Hz mask_px=1315[0m
[0m[INFO] [1789226707.451484739] [perception]: NOT DETECTED[0m
[0m[INFO] [1789226708.489095675] [perception]: NOT DETECTED[0m
[0m[INFO] [1789226709.537227072] [perception]: NOT DETECTED[0m
[0m[INFO] [1789226710.550154003] [perception]: NOT DETECTED[0m
[0m[INFO] [1789226711.968801445] [perception]: DETECTED pixel=(118,99) depth=0.125 m surface=(0.314,0.005,0.050) m center=(0.314,0.005,0.025) m conf=0.80 edge=-0.5deg sides=(0.050,0.035)m sync_rate=14.23 Hz mask_px=367[0m
[0m[INFO] [1789226713.042834756] [perception]: DETECTED pixel=(117,153) depth=0.121 m surface=(0.313,0.004,0.050) m center=(0.313,0.004,0.025) m conf=0.87 edge=0.3deg sides=(0.050,0.036)m sync_rate=14.23 Hz mask_px=669[0m
[0m[INFO] [1789226714.060817005] [perception]: DETECTED pixel=(114,153) depth=0.117 m surface=(0.313,0.004,0.050) m center=(0.313,0.004,0.025) m conf=0.88 edge=0.2deg sides=(0.050,0.037)m sync_rate=14.23 Hz mask_px=1009[0m
[0m[INFO] [1789226715.074338403] [perception]: DETECTED pixel=(111,152) depth=0.113 m surface=(0.312,0.004,0.050) m center=(0.312,0.004,0.025) m conf=0.88 edge=0.0deg sides=(0.050,0.038)m sync_rate=14.23 Hz mask_px=1511[0m
[0m[INFO] [1789226717.509577370] [perception]: DETECTED pixel=(105,52) depth=0.112 m surface=(0.314,0.003,0.049) m center=(0.314,0.003,0.024) m conf=0.78 edge=1.5deg sides=(0.050,0.040)m sync_rate=14.23 Hz mask_px=1926[0m
[0m[INFO] [1789226738.997891091] [perception]: DETECTED pixel=(107,50) depth=0.113 m surface=(0.314,0.003,0.050) m center=(0.314,0.003,0.025) m conf=0.79 edge=1.0deg sides=(0.050,0.040)m sync_rate=14.23 Hz mask_px=2085[0m
[0m[INFO] [1789226740.016664583] [perception]: NOT DETECTED[0m
[0m[INFO] [1789226741.464625418] [perception]: DETECTED pixel=(91,103) depth=0.347 m surface=(0.308,0.002,0.049) m center=(0.308,0.002,0.024) m conf=0.79 edge=0.4deg sides=(0.050,0.049)m sync_rate=14.23 Hz mask_px=440[0m
[0m[INFO] [1789226742.536770765] [perception]: DETECTED pixel=(75,99) depth=0.349 m surface=(0.319,-0.001,0.049) m center=(0.319,-0.001,0.024) m conf=0.98 edge=0.0deg sides=(0.050,0.049)m sync_rate=14.23 Hz mask_px=1439[0m
[0m[INFO] [1789226743.610780796] [perception]: DETECTED pixel=(75,99) depth=0.349 m surface=(0.319,-0.001,0.049) m center=(0.319,-0.001,0.024) m conf=0.98 edge=0.0deg sides=(0.050,0.049)m sync_rate=14.23 Hz mask_px=1439[0m
[0m[INFO] [1789226744.615680405] [perception]: DETECTED pixel=(75,99) depth=0.349 m surface=(0.319,-0.001,0.049) m center=(0.319,-0.001,0.024) m conf=0.98 edge=-0.1deg sides=(0.050,0.049)m sync_rate=14.23 Hz mask_px=1439[0m
[0m[INFO] [1789226745.656364747] [perception]: DETECTED pixel=(75,99) depth=0.349 m surface=(0.319,-0.001,0.049) m center=(0.319,-0.001,0.024) m conf=0.98 edge=0.1deg sides=(0.050,0.049)m sync_rate=14.23 Hz mask_px=1439[0m
[0m[INFO] [1789226746.703245441] [perception]: DETECTED pixel=(75,99) depth=0.349 m surface=(0.319,-0.001,0.049) m center=(0.319,-0.001,0.024) m conf=0.98 edge=0.0deg sides=(0.050,0.049)m sync_rate=14.23 Hz mask_px=1439[0m
[0m[INFO] [1789226747.757034482] [perception]: DETECTED pixel=(75,99) depth=0.349 m surface=(0.319,-0.001,0.049) m center=(0.319,-0.001,0.024) m conf=0.98 edge=0.1deg sides=(0.050,0.049)m sync_rate=14.23 Hz mask_px=1439[0m
[0m[INFO] [1789226748.819313743] [perception]: DETECTED pixel=(75,99) depth=0.349 m surface=(0.319,-0.001,0.049) m center=(0.319,-0.001,0.024) m conf=0.98 edge=0.1deg sides=(0.050,0.049)m sync_rate=14.23 Hz mask_px=1439[0m
[0m[INFO] [1789226749.855216774] [perception]: DETECTED pixel=(75,99) depth=0.349 m surface=(0.319,-0.001,0.049) m center=(0.319,-0.001,0.024) m conf=0.98 edge=-0.0deg sides=(0.050,0.049)m sync_rate=14.23 Hz mask_px=1439[0m
[0m[INFO] [1789226750.870822249] [perception]: DETECTED pixel=(75,99) depth=0.349 m surface=(0.320,-0.006,0.054) m center=(0.320,-0.006,0.029) m conf=0.97 edge=-0.4deg sides=(0.050,0.050)m sync_rate=14.23 Hz mask_px=1439[0m
[0m[INFO] [1789226751.920104222] [perception]: DETECTED pixel=(75,99) depth=0.349 m surface=(0.320,-0.006,0.054) m center=(0.320,-0.006,0.029) m conf=0.97 edge=-0.2deg sides=(0.050,0.050)m sync_rate=14.23 Hz mask_px=1439[0m
[0m[INFO] [1789226752.968637374] [perception]: DETECTED pixel=(75,99) depth=0.349 m surface=(0.320,-0.006,0.054) m center=(0.320,-0.006,0.029) m conf=0.98 edge=-0.0deg sides=(0.050,0.050)m sync_rate=14.23 Hz mask_px=1439[0m
[0m[INFO] [1789226754.006494670] [perception]: DETECTED pixel=(75,99) depth=0.349 m surface=(0.320,-0.006,0.054) m center=(0.320,-0.006,0.029) m conf=0.98 edge=-0.1deg sides=(0.050,0.049)m sync_rate=14.23 Hz mask_px=1439[0m
[0m[INFO] [1789226755.047969868] [perception]: DETECTED pixel=(75,99) depth=0.349 m surface=(0.320,-0.006,0.054) m center=(0.320,-0.006,0.029) m conf=0.97 edge=-0.3deg sides=(0.050,0.050)m sync_rate=14.23 Hz mask_px=1439[0m
[0m[INFO] [1789226756.085136416] [perception]: DETECTED pixel=(75,99) depth=0.349 m surface=(0.320,-0.006,0.054) m center=(0.320,-0.006,0.029) m conf=0.97 edge=-0.0deg sides=(0.050,0.050)m sync_rate=14.23 Hz mask_px=1439[0m
[0m[INFO] [1789226757.147157531] [perception]: DETECTED pixel=(75,99) depth=0.349 m surface=(0.320,-0.006,0.054) m center=(0.320,-0.006,0.029) m conf=0.97 edge=-0.1deg sides=(0.050,0.050)m sync_rate=14.23 Hz mask_px=1439[0m
[0m[INFO] [1789226758.166539199] [perception]: DETECTED pixel=(75,99) depth=0.349 m surface=(0.320,-0.006,0.054) m center=(0.320,-0.006,0.029) m conf=0.98 edge=0.2deg sides=(0.050,0.050)m sync_rate=14.23 Hz mask_px=1439[0m
[0m[INFO] [1789226759.197390283] [perception]: DETECTED pixel=(75,99) depth=0.349 m surface=(0.320,-0.006,0.054) m center=(0.320,-0.006,0.029) m conf=0.98 edge=0.2deg sides=(0.050,0.050)m sync_rate=14.23 Hz mask_px=1439[0m
[0m[INFO] [1789226760.238755158] [perception]: DETECTED pixel=(75,99) depth=0.349 m surface=(0.320,-0.006,0.054) m center=(0.320,-0.006,0.029) m conf=0.98 edge=0.0deg sides=(0.050,0.050)m sync_rate=14.23 Hz mask_px=1439[0m
[0m[INFO] [1789226761.290852597] [perception]: DETECTED pixel=(75,99) depth=0.349 m surface=(0.320,-0.006,0.054) m center=(0.320,-0.006,0.029) m conf=0.98 edge=-0.1deg sides=(0.050,0.050)m sync_rate=14.23 Hz mask_px=1439[0m
[0m[INFO] [1789226762.346213244] [perception]: DETECTED pixel=(75,99) depth=0.349 m surface=(0.320,-0.006,0.054) m center=(0.320,-0.006,0.029) m conf=0.98 edge=-0.0deg sides=(0.050,0.050)m sync_rate=14.23 Hz mask_px=1439[0m
[0m[INFO] [1789226763.376868690] [perception]: DETECTED pixel=(75,99) depth=0.349 m surface=(0.320,-0.006,0.054) m center=(0.320,-0.006,0.029) m conf=0.97 edge=-0.1deg sides=(0.050,0.050)m sync_rate=14.23 Hz mask_px=1439[0m
[0m[INFO] [1789226764.395384891] [perception]: NOT DETECTED[0m
[0m[INFO] [1789226765.419876755] [perception]: NOT DETECTED[0m
[0m[INFO] [1789226766.450263055] [perception]: NOT DETECTED[0m
[0m[INFO] [1789226767.494433437] [perception]: NOT DETECTED[0m
[0m[INFO] [1789226768.527296854] [perception]: NOT DETECTED[0m
[0m[INFO] [1789226769.546590966] [perception]: NOT DETECTED[0m
[0m[INFO] [1789226770.578293160] [perception]: NOT DETECTED[0m
[0m[INFO] [1789226771.616145991] [perception]: NOT DETECTED[0m
[0m[INFO] [1789226772.631251785] [perception]: NOT DETECTED[0m
[0m[INFO] [1789226773.665102687] [perception]: NOT DETECTED[0m
[0m[INFO] [1789226774.686578543] [perception]: NOT DETECTED[0m
[0m[INFO] [1789226775.697494536] [perception]: NOT DETECTED[0m
[0m[INFO] [1789226776.724250738] [perception]: NOT DETECTED[0m
[0m[INFO] [1789226777.738372475] [perception]: NOT DETECTED[0m
[0m[INFO] [1789226778.747623757] [perception]: NOT DETECTED[0m
[0m[INFO] [1789226779.778456299] [perception]: NOT DETECTED[0m
[0m[INFO] [1789226780.801539520] [perception]: NOT DETECTED[0m
[0m[INFO] [1789226781.806176786] [perception]: NOT DETECTED[0m
[0m[INFO] [1789226782.810717436] [perception]: NOT DETECTED[0m
[0m[INFO] [1789226783.848811264] [perception]: NOT DETECTED[0m
[0m[INFO] [1789226784.882647636] [perception]: NOT DETECTED[0m
[0m[INFO] [1789226785.903599931] [perception]: NOT DETECTED[0m
[0m[INFO] [1789226786.926581670] [perception]: NOT DETECTED[0m
[0m[INFO] [1789226787.946957085] [perception]: NOT DETECTED[0m
[0m[INFO] [1789226788.968031036] [perception]: NOT DETECTED[0m
[0m[INFO] [1789226789.991734224] [perception]: NOT DETECTED[0m
[0m[INFO] [1789226791.010516242] [perception]: NOT DETECTED[0m
[0m[INFO] [1789226792.032093329] [perception]: NOT DETECTED[0m
[0m[INFO] [1789226793.062068535] [perception]: NOT DETECTED[0m
[0m[INFO] [1789226794.072645739] [perception]: NOT DETECTED[0m
[0m[INFO] [1789226795.102908006] [perception]: DETECTED pixel=(84,77) depth=0.339 m surface=(0.289,-0.022,0.044) m center=(0.289,-0.022,0.019) m conf=0.95 edge=-0.3deg sides=(0.050,0.049)m sync_rate=14.23 Hz mask_px=1258[0m
[0m[INFO] [1789226796.155084137] [perception]: DETECTED pixel=(84,77) depth=0.339 m surface=(0.289,-0.022,0.044) m center=(0.289,-0.022,0.019) m conf=0.95 edge=-0.4deg sides=(0.050,0.049)m sync_rate=14.23 Hz mask_px=1258[0m
[0m[INFO] [1789226797.211102738] [perception]: DETECTED pixel=(84,77) depth=0.339 m surface=(0.289,-0.022,0.044) m center=(0.289,-0.022,0.019) m conf=0.95 edge=-0.4deg sides=(0.050,0.049)m sync_rate=14.23 Hz mask_px=1258[0m
[0m[INFO] [1789226798.735753013] [perception]: NOT DETECTED[0m
[0m[INFO] [1789226799.754467167] [perception]: NOT DETECTED[0m
[0m[INFO] [1789226800.778751397] [perception]: NOT DETECTED[0m
[0m[INFO] [1789226804.846221823] [perception]: DETECTED pixel=(99,92) depth=0.113 m surface=(0.294,-0.020,0.047) m center=(0.294,-0.020,0.022) m conf=0.68 edge=-1.1deg sides=(0.050,0.043)m sync_rate=14.24 Hz mask_px=3035[0m
[0m[INFO] [1789226805.891512990] [perception]: DETECTED pixel=(97,94) depth=0.109 m surface=(0.294,-0.020,0.047) m center=(0.294,-0.020,0.022) m conf=0.81 edge=-1.1deg sides=(0.050,0.043)m sync_rate=14.24 Hz mask_px=4033[0m
[0m[INFO] [1789226830.100841826] [perception]: DETECTED pixel=(97,107) depth=0.110 m surface=(0.296,-0.018,0.047) m center=(0.296,-0.018,0.022) m conf=0.70 edge=-0.7deg sides=(0.050,0.044)m sync_rate=14.24 Hz mask_px=4031[0m
[0m[INFO] [1789226831.117856226] [perception]: NOT DETECTED[0m
[0m[INFO] [1789226832.565306972] [perception]: DETECTED pixel=(91,80) depth=0.338 m surface=(0.300,-0.022,0.053) m center=(0.300,-0.022,0.028) m conf=0.80 edge=-0.5deg sides=(0.050,0.050)m sync_rate=14.24 Hz mask_px=574[0m
[0m[INFO] [1789226833.621346514] [perception]: DETECTED pixel=(80,94) depth=0.344 m surface=(0.304,-0.008,0.053) m center=(0.304,-0.008,0.028) m conf=0.87 edge=-0.5deg sides=(0.050,0.050)m sync_rate=14.23 Hz mask_px=1268[0m
[0m[INFO] [1789226834.661766174] [perception]: DETECTED pixel=(80,94) depth=0.344 m surface=(0.304,-0.008,0.054) m center=(0.304,-0.008,0.029) m conf=0.97 edge=-0.5deg sides=(0.050,0.050)m sync_rate=14.23 Hz mask_px=1268[0m
[0m[INFO] [1789226835.721649433] [perception]: DETECTED pixel=(80,94) depth=0.343 m surface=(0.304,-0.008,0.054) m center=(0.304,-0.008,0.029) m conf=0.96 edge=-0.5deg sides=(0.050,0.050)m sync_rate=14.23 Hz mask_px=1268[0m
[0m[INFO] [1789226836.762136048] [perception]: DETECTED pixel=(80,94) depth=0.344 m surface=(0.304,-0.008,0.054) m center=(0.304,-0.008,0.029) m conf=0.97 edge=-0.4deg sides=(0.050,0.050)m sync_rate=14.23 Hz mask_px=1268[0m
[0m[INFO] [1789226837.787462393] [perception]: NOT DETECTED[0m
[0m[INFO] [1789226838.844099442] [perception]: NOT DETECTED[0m
[0m[INFO] [1789226839.865166163] [perception]: NOT DETECTED[0m
[0m[INFO] [1789226840.901172354] [perception]: NOT DETECTED[0m
[0m[INFO] [1789226841.930184412] [perception]: NOT DETECTED[0m
[0m[INFO] [1789226842.970610894] [perception]: NOT DETECTED[0m
[0m[INFO] [1789226844.006715549] [perception]: NOT DETECTED[0m
[0m[INFO] [1789226848.018515949] [perception]: DETECTED pixel=(115,153) depth=0.117 m surface=(0.312,-0.008,0.050) m center=(0.312,-0.008,0.025) m conf=0.79 edge=-1.1deg sides=(0.050,0.035)m sync_rate=14.23 Hz mask_px=702[0m
[0m[INFO] [1789226849.040203176] [perception]: DETECTED pixel=(114,153) depth=0.115 m surface=(0.312,-0.008,0.049) m center=(0.312,-0.008,0.024) m conf=0.88 edge=-0.6deg sides=(0.050,0.036)m sync_rate=14.23 Hz mask_px=831[0m
[0m[INFO] [1789226850.064807713] [perception]: DETECTED pixel=(113,152) depth=0.115 m surface=(0.313,-0.009,0.049) m center=(0.313,-0.009,0.024) m conf=0.89 edge=3.6deg sides=(0.050,0.036)m sync_rate=14.23 Hz mask_px=873[0m
[0m[INFO] [1789226851.143239542] [perception]: DETECTED pixel=(113,153) depth=0.114 m surface=(0.313,-0.009,0.050) m center=(0.313,-0.009,0.025) m conf=0.89 edge=2.6deg sides=(0.050,0.036)m sync_rate=14.23 Hz mask_px=901[0m
[0m[INFO] [1789226852.170392580] [perception]: DETECTED pixel=(113,153) depth=0.114 m surface=(0.312,-0.008,0.061) m center=(0.312,-0.008,0.036) m conf=0.87 edge=-0.2deg sides=(0.050,0.036)m sync_rate=14.23 Hz mask_px=918[0m
[0m[INFO] [1789226860.840782852] [perception]: DETECTED pixel=(113,153) depth=0.115 m surface=(0.316,-0.009,0.081) m center=(0.316,-0.009,0.056) m conf=0.80 edge=3.4deg sides=(0.050,0.036)m sync_rate=14.23 Hz mask_px=874[0m
[0m[INFO] [1789226861.872354984] [perception]: DETECTED pixel=(113,153) depth=0.114 m surface=(0.312,-0.008,0.051) m center=(0.312,-0.008,0.026) m conf=0.89 edge=0.4deg sides=(0.050,0.036)m sync_rate=14.23 Hz mask_px=981[0m
[0m[INFO] [1789226862.942349217] [perception]: DETECTED pixel=(113,153) depth=0.113 m surface=(0.312,-0.008,0.051) m center=(0.312,-0.008,0.026) m conf=0.90 edge=-0.4deg sides=(0.050,0.036)m sync_rate=14.23 Hz mask_px=997[0m
[0m[INFO] [1789226864.001507505] [perception]: DETECTED pixel=(113,153) depth=0.113 m surface=(0.312,-0.008,0.051) m center=(0.312,-0.008,0.026) m conf=0.90 edge=-0.3deg sides=(0.050,0.036)m sync_rate=14.23 Hz mask_px=997[0m
[0m[INFO] [1789226865.085473714] [perception]: DETECTED pixel=(113,153) depth=0.113 m surface=(0.312,-0.008,0.051) m center=(0.312,-0.008,0.026) m conf=0.91 edge=-0.4deg sides=(0.050,0.036)m sync_rate=14.23 Hz mask_px=997[0m
[0m[INFO] [1789226866.086973067] [perception]: DETECTED pixel=(113,153) depth=0.113 m surface=(0.312,-0.008,0.051) m center=(0.312,-0.008,0.026) m conf=0.90 edge=-0.4deg sides=(0.050,0.036)m sync_rate=14.24 Hz mask_px=997[0m
[0m[INFO] [1789226867.141168433] [perception]: DETECTED pixel=(113,153) depth=0.113 m surface=(0.312,-0.008,0.051) m center=(0.312,-0.008,0.026) m conf=0.91 edge=1.4deg sides=(0.050,0.036)m sync_rate=14.24 Hz mask_px=1014[0m
[0m[INFO] [1789226868.184921666] [perception]: DETECTED pixel=(116,154) depth=0.113 m surface=(0.312,-0.008,0.051) m center=(0.312,-0.008,0.026) m conf=0.90 edge=-0.3deg sides=(0.050,0.036)m sync_rate=14.24 Hz mask_px=1182[0m
[0m[INFO] [1789226869.207545511] [perception]: NOT DETECTED[0m
[0m[INFO] [1789226870.232852865] [perception]: NOT DETECTED[0m
[0m[INFO] [1789226871.281034734] [perception]: DETECTED pixel=(84,93) depth=0.347 m surface=(0.310,-0.007,0.047) m center=(0.310,-0.007,0.022) m conf=0.84 edge=-2.4deg sides=(0.050,0.039)m sync_rate=14.24 Hz mask_px=959[0m
[0m[INFO] [1789226872.343197012] [perception]: DETECTED pixel=(79,78) depth=0.344 m surface=(0.312,-0.026,0.047) m center=(0.312,-0.026,0.022) m conf=0.97 edge=-0.1deg sides=(0.050,0.049)m sync_rate=14.23 Hz mask_px=1451[0m
[0m[INFO] [1789226873.365719267] [perception]: DETECTED pixel=(79,78) depth=0.345 m surface=(0.312,-0.026,0.047) m center=(0.312,-0.026,0.022) m conf=0.97 edge=-0.0deg sides=(0.050,0.049)m sync_rate=14.23 Hz mask_px=1451[0m
[0m[INFO] [1789226874.371810994] [perception]: DETECTED pixel=(79,78) depth=0.345 m surface=(0.312,-0.026,0.047) m center=(0.312,-0.026,0.022) m conf=0.97 edge=0.0deg sides=(0.051,0.049)m sync_rate=14.23 Hz mask_px=1451[0m
[0m[INFO] [1789226875.388854431] [perception]: DETECTED pixel=(84,78) depth=0.348 m surface=(0.311,-0.026,0.047) m center=(0.311,-0.026,0.022) m conf=0.95 edge=-0.3deg sides=(0.050,0.049)m sync_rate=14.23 Hz mask_px=1171[0m
[0m[INFO] [1789226876.437041382] [perception]: NOT DETECTED[0m
[0m[INFO] [1789226877.457233395] [perception]: NOT DETECTED[0m
[0m[INFO] [1789226878.485125099] [perception]: NOT DETECTED[0m
[0m[INFO] [1789226879.516121608] [perception]: NOT DETECTED[0m
[0m[INFO] [1789226881.529826882] [perception]: DETECTED pixel=(118,103) depth=0.120 m surface=(0.320,-0.026,0.047) m center=(0.320,-0.026,0.022) m conf=0.80 edge=1.1deg sides=(0.050,0.035)m sync_rate=14.23 Hz mask_px=490[0m
[0m[INFO] [1789226882.569453813] [perception]: DETECTED pixel=(118,156) depth=0.115 m surface=(0.319,-0.026,0.047) m center=(0.319,-0.026,0.022) m conf=0.92 edge=0.2deg sides=(0.050,0.036)m sync_rate=14.23 Hz mask_px=766[0m
[0m[INFO] [1789226906.749901290] [perception]: DETECTED pixel=(116,156) depth=0.116 m surface=(0.320,-0.025,0.047) m center=(0.320,-0.025,0.022) m conf=0.80 edge=0.0deg sides=(0.050,0.038)m sync_rate=14.23 Hz mask_px=893[0m
[0m[INFO] [1789226907.757548146] [perception]: NOT DETECTED[0m
[0m[INFO] [1789226909.152401557] [perception]: DETECTED pixel=(91,79) depth=0.349 m surface=(0.313,-0.021,0.048) m center=(0.313,-0.021,0.023) m conf=0.81 edge=1.4deg sides=(0.050,0.049)m sync_rate=14.23 Hz mask_px=596[0m
[0m[INFO] [1789226910.238988832] [perception]: DETECTED pixel=(81,118) depth=0.342 m surface=(0.300,0.025,0.047) m center=(0.300,0.025,0.022) m conf=0.86 edge=0.3deg sides=(0.050,0.049)m sync_rate=14.23 Hz mask_px=1315[0m
[0m[INFO] [1789226911.288056689] [perception]: DETECTED pixel=(81,118) depth=0.342 m surface=(0.300,0.025,0.047) m center=(0.300,0.025,0.022) m conf=0.97 edge=0.5deg sides=(0.050,0.049)m sync_rate=14.23 Hz mask_px=1315[0m
[0m[INFO] [1789226912.337533423] [perception]: DETECTED pixel=(81,118) depth=0.342 m surface=(0.300,0.025,0.047) m center=(0.300,0.025,0.022) m conf=0.97 edge=0.3deg sides=(0.050,0.049)m sync_rate=14.23 Hz mask_px=1315[0m
[0m[INFO] [1789226913.362605891] [perception]: DETECTED pixel=(81,118) depth=0.343 m surface=(0.300,0.025,0.048) m center=(0.300,0.025,0.023) m conf=0.97 edge=0.3deg sides=(0.050,0.049)m sync_rate=14.23 Hz mask_px=1315[0m
[0m[INFO] [1789226914.377425561] [perception]: NOT DETECTED[0m
[0m[INFO] [1789226915.430643207] [perception]: NOT DETECTED[0m
[0m[INFO] [1789226916.487186830] [perception]: NOT DETECTED[0m
[0m[INFO] [1789226946.293294333] [perception]: NOT DETECTED[0m
[0m[INFO] [1789226947.317683758] [perception]: NOT DETECTED[0m
[0m[INFO] [1789226948.353388345] [perception]: DETECTED pixel=(92,121) depth=0.343 m surface=(0.300,0.018,0.051) m center=(0.300,0.018,0.026) m conf=0.80 edge=0.1deg sides=(0.050,0.049)m sync_rate=14.23 Hz mask_px=525[0m
[0m[INFO] [1789226949.416677763] [perception]: DETECTED pixel=(75,111) depth=0.349 m surface=(0.320,0.006,0.051) m center=(0.320,0.006,0.026) m conf=0.87 edge=-0.5deg sides=(0.050,0.049)m sync_rate=14.23 Hz mask_px=1509[0m
[0m[INFO] [1789226950.428359338] [perception]: DETECTED pixel=(75,111) depth=0.349 m surface=(0.320,0.006,0.051) m center=(0.320,0.006,0.026) m conf=0.97 edge=-0.6deg sides=(0.050,0.049)m sync_rate=14.23 Hz mask_px=1509[0m
[0m[INFO] [1789226951.437051906] [perception]: DETECTED pixel=(75,111) depth=0.349 m surface=(0.320,0.006,0.051) m center=(0.320,0.006,0.026) m conf=0.97 edge=-0.5deg sides=(0.050,0.049)m sync_rate=14.23 Hz mask_px=1509[0m
[0m[INFO] [1789226952.475337564] [perception]: DETECTED pixel=(75,111) depth=0.349 m surface=(0.320,0.006,0.051) m center=(0.320,0.006,0.026) m conf=0.97 edge=-0.2deg sides=(0.050,0.049)m sync_rate=14.23 Hz mask_px=1509[0m
[0m[INFO] [1789226953.567436994] [perception]: NOT DETECTED[0m
[0m[INFO] [1789226954.587474216] [perception]: NOT DETECTED[0m
[0m[INFO] [1789226955.622139294] [perception]: NOT DETECTED[0m
[0m[INFO] [1789226956.645574250] [perception]: NOT DETECTED[0m
[0m[INFO] [1789226957.682109448] [perception]: NOT DETECTED[0m
[0m[INFO] [1789226958.734221026] [perception]: DETECTED pixel=(119,160) depth=0.131 m surface=(0.323,0.014,0.049) m center=(0.323,0.014,0.024) m conf=0.89 edge=5.8deg sides=(0.050,0.038)m sync_rate=14.23 Hz mask_px=376[0m
[0m[INFO] [1789226987.103350177] [perception]: NOT DETECTED[0m
[0m[INFO] [1789226988.140699690] [perception]: NOT DETECTED[0m
[0m[INFO] [1789226989.264218034] [perception]: DETECTED pixel=(118,99) depth=0.332 m surface=(0.323,0.004,0.048) m center=(0.323,0.004,0.023) m conf=0.84 edge=2.2deg sides=(0.050,0.049)m sync_rate=14.23 Hz mask_px=291[0m
[0m[INFO] [1789226990.420939016] [perception]: DETECTED pixel=(74,104) depth=0.350 m surface=(0.324,0.002,0.048) m center=(0.324,0.002,0.023) m conf=0.87 edge=-0.6deg sides=(0.051,0.050)m sync_rate=14.23 Hz mask_px=1511[0m
[0m[INFO] [1789226991.495484448] [perception]: DETECTED pixel=(74,104) depth=0.350 m surface=(0.323,0.002,0.048) m center=(0.323,0.002,0.023) m conf=0.97 edge=-1.0deg sides=(0.051,0.050)m sync_rate=14.23 Hz mask_px=1511[0m
[0m[INFO] [1789226992.568629693] [perception]: DETECTED pixel=(74,104) depth=0.350 m surface=(0.324,0.002,0.048) m center=(0.324,0.002,0.023) m conf=0.97 edge=-0.6deg sides=(0.050,0.050)m sync_rate=14.23 Hz mask_px=1511[0m
[0m[INFO] [1789226993.609831648] [perception]: DETECTED pixel=(74,104) depth=0.350 m surface=(0.323,0.002,0.048) m center=(0.323,0.002,0.023) m conf=0.98 edge=-0.6deg sides=(0.050,0.050)m sync_rate=14.23 Hz mask_px=1511[0m
[0m[INFO] [1789226994.645986054] [perception]: NOT DETECTED[0m
[0m[INFO] [1789226995.680669604] [perception]: NOT DETECTED[0m
[0m[INFO] [1789226996.704003533] [perception]: NOT DETECTED[0m
[0m[INFO] [1789226997.734874883] [perception]: NOT DETECTED[0m
[0m[INFO] [1789226998.785482369] [perception]: NOT DETECTED[0m
[0m[INFO] [1789227026.770929824] [perception]: NOT DETECTED[0m
[0m[INFO] [1789227027.811817402] [perception]: NOT DETECTED[0m
[0m[INFO] [1789227028.929885180] [perception]: DETECTED pixel=(118,99) depth=0.334 m surface=(0.325,0.003,0.048) m center=(0.325,0.003,0.023) m conf=0.85 edge=-2.1deg sides=(0.050,0.049)m sync_rate=14.23 Hz mask_px=372[0m
[0m[INFO] [1789227029.947670264] [perception]: NOT DETECTED[0m
[0m[INFO] [1789227031.026599033] [perception]: DETECTED pixel=(83,93) depth=0.340 m surface=(0.288,-0.007,0.048) m center=(0.288,-0.007,0.023) m conf=0.94 edge=0.1deg sides=(0.050,0.044)m sync_rate=14.23 Hz mask_px=1060[0m
[0m[INFO] [1789227032.080798386] [perception]: DETECTED pixel=(83,93) depth=0.340 m surface=(0.288,-0.007,0.048) m center=(0.288,-0.007,0.023) m conf=0.94 edge=0.0deg sides=(0.050,0.044)m sync_rate=14.23 Hz mask_px=1060[0m
[0m[INFO] [1789227033.113961248] [perception]: DETECTED pixel=(83,93) depth=0.340 m surface=(0.288,-0.007,0.048) m center=(0.288,-0.007,0.023) m conf=0.94 edge=0.1deg sides=(0.050,0.044)m sync_rate=14.23 Hz mask_px=1060[0m
[0m[INFO] [1789227034.322591026] [perception]: NOT DETECTED[0m
[0m[INFO] [1789227035.326320903] [perception]: NOT DETECTED[0m
[0m[INFO] [1789227036.379655920] [perception]: NOT DETECTED[0m
[0m[INFO] [1789227041.323276267] [perception]: DETECTED pixel=(115,154) depth=0.112 m surface=(0.294,-0.007,0.050) m center=(0.294,-0.007,0.025) m conf=0.78 edge=0.0deg sides=(0.050,0.035)m sync_rate=14.23 Hz mask_px=1242[0m
[0m[INFO] [1789227042.374002940] [perception]: DETECTED pixel=(113,153) depth=0.108 m surface=(0.294,-0.007,0.050) m center=(0.294,-0.007,0.025) m conf=0.88 edge=0.9deg sides=(0.050,0.035)m sync_rate=14.23 Hz mask_px=1729[0m
[0m[INFO] [1789227043.410337988] [perception]: DETECTED pixel=(108,152) depth=0.106 m surface=(0.293,-0.007,0.050) m center=(0.293,-0.007,0.025) m conf=0.90 edge=0.1deg sides=(0.050,0.035)m sync_rate=14.23 Hz mask_px=1761[0m
[0m[INFO] [1789227044.430807647] [perception]: DETECTED pixel=(108,151) depth=0.109 m surface=(0.295,-0.007,0.049) m center=(0.295,-0.007,0.024) m conf=0.88 edge=1.9deg sides=(0.050,0.036)m sync_rate=14.23 Hz mask_px=1607[0m
[0m[INFO] [1789227045.481489669] [perception]: DETECTED pixel=(107,151) depth=0.108 m surface=(0.294,-0.007,0.048) m center=(0.294,-0.007,0.023) m conf=0.89 edge=1.3deg sides=(0.050,0.037)m sync_rate=14.23 Hz mask_px=1827[0m
[0m[INFO] [1789227046.502913343] [perception]: DETECTED pixel=(106,150) depth=0.107 m surface=(0.294,-0.007,0.049) m center=(0.294,-0.007,0.024) m conf=0.88 edge=1.1deg sides=(0.050,0.037)m sync_rate=14.23 Hz mask_px=1918[0m
[0m[INFO] [1789227047.518561391] [perception]: DETECTED pixel=(106,151) depth=0.107 m surface=(0.294,-0.007,0.049) m center=(0.294,-0.007,0.024) m conf=0.89 edge=0.4deg sides=(0.050,0.037)m sync_rate=14.23 Hz mask_px=1988[0m
[0m[INFO] [1789227048.573601531] [perception]: DETECTED pixel=(106,151) depth=0.107 m surface=(0.294,-0.007,0.059) m center=(0.294,-0.007,0.034) m conf=0.87 edge=0.3deg sides=(0.050,0.037)m sync_rate=14.23 Hz mask_px=1998[0m
[0m[INFO] [1789227057.221335380] [perception]: DETECTED pixel=(106,151) depth=0.107 m surface=(0.297,-0.007,0.086) m center=(0.297,-0.007,0.061) m conf=0.78 edge=0.7deg sides=(0.050,0.036)m sync_rate=14.23 Hz mask_px=1935[0m
[0m[INFO] [1789227058.253644042] [perception]: DETECTED pixel=(106,151) depth=0.107 m surface=(0.294,-0.006,0.050) m center=(0.294,-0.006,0.025) m conf=0.88 edge=0.5deg sides=(0.050,0.037)m sync_rate=14.23 Hz mask_px=1930[0m
[0m[INFO] [1789227059.287262095] [perception]: DETECTED pixel=(105,150) depth=0.107 m surface=(0.294,-0.007,0.050) m center=(0.294,-0.007,0.025) m conf=0.88 edge=1.0deg sides=(0.050,0.037)m sync_rate=14.23 Hz mask_px=2083[0m
[0m[INFO] [1789227060.342273907] [perception]: DETECTED pixel=(105,150) depth=0.107 m surface=(0.294,-0.006,0.050) m center=(0.294,-0.006,0.025) m conf=0.88 edge=0.8deg sides=(0.050,0.037)m sync_rate=14.23 Hz mask_px=2083[0m
[0m[INFO] [1789227061.379488265] [perception]: DETECTED pixel=(105,150) depth=0.107 m surface=(0.295,-0.007,0.050) m center=(0.295,-0.007,0.025) m conf=0.88 edge=1.7deg sides=(0.050,0.037)m sync_rate=14.23 Hz mask_px=2083[0m
[0m[INFO] [1789227062.418164397] [perception]: DETECTED pixel=(105,150) depth=0.107 m surface=(0.294,-0.007,0.050) m center=(0.294,-0.007,0.025) m conf=0.90 edge=1.1deg sides=(0.050,0.037)m sync_rate=14.23 Hz mask_px=2105[0m
[0m[INFO] [1789227063.452405285] [perception]: DETECTED pixel=(105,150) depth=0.107 m surface=(0.294,-0.006,0.050) m center=(0.294,-0.006,0.025) m conf=0.90 edge=0.9deg sides=(0.050,0.037)m sync_rate=14.23 Hz mask_px=2137[0m
[0m[INFO] [1789227064.474670656] [perception]: DETECTED pixel=(105,150) depth=0.107 m surface=(0.294,-0.006,0.050) m center=(0.294,-0.006,0.025) m conf=0.90 edge=0.7deg sides=(0.050,0.037)m sync_rate=14.23 Hz mask_px=2137[0m
[0m[INFO] [1789227065.498950901] [perception]: DETECTED pixel=(116,154) depth=0.114 m surface=(0.296,-0.007,0.050) m center=(0.296,-0.007,0.025) m conf=0.88 edge=1.9deg sides=(0.050,0.035)m sync_rate=14.23 Hz mask_px=1080[0m
[0m[INFO] [1789227066.552010649] [perception]: NOT DETECTED[0m
[0m[INFO] [1789227067.980779134] [perception]: DETECTED pixel=(118,100) depth=0.317 m surface=(0.287,-0.009,0.051) m center=(0.287,-0.009,0.026) m conf=0.84 edge=1.7deg sides=(0.050,0.049)m sync_rate=14.23 Hz mask_px=338[0m
[0m[INFO] [1789227068.994681019] [perception]: DETECTED pixel=(83,85) depth=0.340 m surface=(0.292,-0.019,0.052) m center=(0.292,-0.019,0.027) m conf=0.86 edge=-0.2deg sides=(0.050,0.049)m sync_rate=14.23 Hz mask_px=1231[0m
[0m[INFO] [1789227070.033839491] [perception]: DETECTED pixel=(83,85) depth=0.340 m surface=(0.292,-0.019,0.052) m center=(0.292,-0.019,0.027) m conf=0.96 edge=-0.1deg sides=(0.050,0.049)m sync_rate=14.23 Hz mask_px=1232[0m
[0m[INFO] [1789227071.111530996] [perception]: DETECTED pixel=(83,85) depth=0.340 m surface=(0.292,-0.019,0.052) m center=(0.292,-0.019,0.027) m conf=0.95 edge=0.3deg sides=(0.050,0.049)m sync_rate=14.23 Hz mask_px=1232[0m
[0m[INFO] [1789227072.148812619] [perception]: DETECTED pixel=(83,85) depth=0.340 m surface=(0.293,-0.019,0.052) m center=(0.293,-0.019,0.027) m conf=0.95 edge=-0.2deg sides=(0.050,0.049)m sync_rate=14.23 Hz mask_px=1231[0m
[0m[INFO] [1789227073.178187028] [perception]: NOT DETECTED[0m
[0m[INFO] [1789227074.220941241] [perception]: NOT DETECTED[0m
[0m[INFO] [1789227075.272358354] [perception]: NOT DETECTED[0m
[0m[INFO] [1789227077.426507830] [perception]: DETECTED pixel=(118,102) depth=0.128 m surface=(0.300,-0.018,0.050) m center=(0.300,-0.018,0.025) m conf=0.80 edge=-0.1deg sides=(0.050,0.036)m sync_rate=14.23 Hz mask_px=408[0m
[0m[INFO] [1789227078.466289779] [perception]: DETECTED pixel=(121,156) depth=0.123 m surface=(0.299,-0.018,0.050) m center=(0.299,-0.018,0.025) m conf=0.86 edge=-0.0deg sides=(0.050,0.036)m sync_rate=14.23 Hz mask_px=641[0m
[0m[INFO] [1789227079.471516670] [perception]: DETECTED pixel=(119,156) depth=0.119 m surface=(0.299,-0.018,0.050) m center=(0.299,-0.018,0.025) m conf=0.88 edge=0.1deg sides=(0.050,0.037)m sync_rate=14.23 Hz mask_px=933[0m
[0m[INFO] [1789227080.503156614] [perception]: DETECTED pixel=(116,156) depth=0.115 m surface=(0.299,-0.018,0.050) m center=(0.299,-0.018,0.025) m conf=0.87 edge=0.2deg sides=(0.050,0.037)m sync_rate=14.23 Hz mask_px=1335[0m
[0m[INFO] [1789227081.546919670] [perception]: DETECTED pixel=(112,155) depth=0.110 m surface=(0.299,-0.018,0.050) m center=(0.299,-0.018,0.025) m conf=0.88 edge=1.1deg sides=(0.050,0.038)m sync_rate=14.23 Hz mask_px=1981[0m
[0m[INFO] [1789227082.596423479] [perception]: DETECTED pixel=(108,152) depth=0.111 m surface=(0.298,-0.019,0.050) m center=(0.298,-0.019,0.025) m conf=0.89 edge=0.0deg sides=(0.050,0.038)m sync_rate=14.23 Hz mask_px=1780[0m
[0m[INFO] [1789227083.635362401] [perception]: DETECTED pixel=(107,150) depth=0.113 m surface=(0.299,-0.019,0.049) m center=(0.299,-0.019,0.024) m conf=0.87 edge=-0.2deg sides=(0.050,0.040)m sync_rate=14.23 Hz mask_px=1873[0m
[0m[INFO] [1789227084.659686309] [perception]: DETECTED pixel=(106,149) depth=0.112 m surface=(0.299,-0.020,0.050) m center=(0.299,-0.020,0.025) m conf=0.87 edge=0.3deg sides=(0.050,0.040)m sync_rate=14.23 Hz mask_px=2044[0m
[0m[INFO] [1789227085.667266687] [perception]: DETECTED pixel=(105,149) depth=0.111 m surface=(0.299,-0.020,0.050) m center=(0.299,-0.020,0.025) m conf=0.85 edge=0.6deg sides=(0.050,0.040)m sync_rate=14.23 Hz mask_px=2165[0m
[0m[INFO] [1789227086.712325346] [perception]: DETECTED pixel=(105,149) depth=0.111 m surface=(0.299,-0.019,0.050) m center=(0.299,-0.019,0.025) m conf=0.87 edge=0.5deg sides=(0.050,0.040)m sync_rate=14.23 Hz mask_px=2200[0m
[0m[INFO] [1789227087.749003766] [perception]: DETECTED pixel=(105,149) depth=0.111 m surface=(0.299,-0.020,0.070) m center=(0.299,-0.020,0.045) m conf=0.85 edge=0.8deg sides=(0.050,0.040)m sync_rate=14.23 Hz mask_px=2185[0m
[0m[INFO] [1789227096.397711322] [perception]: DETECTED pixel=(106,149) depth=0.112 m surface=(0.302,-0.019,0.077) m center=(0.302,-0.019,0.052) m conf=0.77 edge=0.1deg sides=(0.050,0.039)m sync_rate=14.23 Hz mask_px=2096[0m
[0m[INFO] [1789227097.444897373] [perception]: DETECTED pixel=(104,148) depth=0.111 m surface=(0.299,-0.019,0.050) m center=(0.299,-0.019,0.025) m conf=0.85 edge=-0.1deg sides=(0.050,0.040)m sync_rate=14.23 Hz mask_px=2244[0m
[0m[INFO] [1789227098.454365728] [perception]: DETECTED pixel=(104,148) depth=0.111 m surface=(0.299,-0.019,0.050) m center=(0.299,-0.019,0.025) m conf=0.84 edge=0.4deg sides=(0.050,0.040)m sync_rate=14.23 Hz mask_px=2284[0m
[0m[INFO] [1789227099.493629341] [perception]: DETECTED pixel=(104,148) depth=0.111 m surface=(0.299,-0.019,0.050) m center=(0.299,-0.019,0.025) m conf=0.85 edge=0.5deg sides=(0.050,0.040)m sync_rate=14.23 Hz mask_px=2284[0m
[0m[INFO] [1789227100.508803474] [perception]: DETECTED pixel=(104,148) depth=0.111 m surface=(0.300,-0.019,0.050) m center=(0.300,-0.019,0.025) m conf=0.86 edge=1.0deg sides=(0.050,0.040)m sync_rate=14.23 Hz mask_px=2283[0m
[0m[INFO] [1789227101.552268466] [perception]: DETECTED pixel=(104,148) depth=0.111 m surface=(0.300,-0.019,0.050) m center=(0.300,-0.019,0.025) m conf=0.84 edge=1.8deg sides=(0.050,0.040)m sync_rate=14.23 Hz mask_px=2283[0m
[0m[INFO] [1789227102.587375346] [perception]: DETECTED pixel=(104,148) depth=0.111 m surface=(0.299,-0.019,0.050) m center=(0.299,-0.019,0.025) m conf=0.85 edge=0.6deg sides=(0.050,0.040)m sync_rate=14.23 Hz mask_px=2283[0m
[0m[INFO] [1789227103.645086835] [perception]: DETECTED pixel=(107,149) depth=0.111 m surface=(0.299,-0.019,0.050) m center=(0.299,-0.019,0.025) m conf=0.84 edge=0.4deg sides=(0.050,0.040)m sync_rate=14.23 Hz mask_px=2525[0m
[0m[INFO] [1789227104.663353270] [perception]: NOT DETECTED[0m
[0m[INFO] [1789227105.697641925] [perception]: NOT DETECTED[0m
[0m[INFO] [1789227106.699678258] [perception]: DETECTED pixel=(91,83) depth=0.341 m surface=(0.295,-0.020,0.050) m center=(0.295,-0.020,0.025) m conf=0.81 edge=0.2deg sides=(0.050,0.049)m sync_rate=14.23 Hz mask_px=582[0m
[0m[INFO] [1789227107.700646578] [perception]: DETECTED pixel=(78,115) depth=0.346 m surface=(0.314,0.018,0.050) m center=(0.314,0.018,0.025) m conf=0.96 edge=-0.4deg sides=(0.050,0.049)m sync_rate=14.23 Hz mask_px=1426[0m
[0m[INFO] [1789227108.758848219] [perception]: DETECTED pixel=(78,115) depth=0.346 m surface=(0.314,0.018,0.050) m center=(0.314,0.018,0.025) m conf=0.97 edge=-0.6deg sides=(0.050,0.049)m sync_rate=14.23 Hz mask_px=1426[0m
[0m[INFO] [1789227109.786262480] [perception]: DETECTED pixel=(78,115) depth=0.346 m surface=(0.314,0.018,0.050) m center=(0.314,0.018,0.025) m conf=0.97 edge=-0.2deg sides=(0.050,0.049)m sync_rate=14.23 Hz mask_px=1426[0m
[0m[INFO] [1789227110.799845413] [perception]: DETECTED pixel=(78,115) depth=0.346 m surface=(0.314,0.018,0.050) m center=(0.314,0.018,0.025) m conf=0.97 edge=-0.2deg sides=(0.050,0.049)m sync_rate=14.23 Hz mask_px=1426[0m
[0m[INFO] [1789227111.827404704] [perception]: DETECTED pixel=(78,115) depth=0.346 m surface=(0.314,0.018,0.050) m center=(0.314,0.018,0.025) m conf=0.97 edge=-0.1deg sides=(0.050,0.049)m sync_rate=14.23 Hz mask_px=1426[0m
[0m[INFO] [1789227112.847266519] [perception]: DETECTED pixel=(78,115) depth=0.346 m surface=(0.314,0.018,0.050) m center=(0.314,0.018,0.025) m conf=0.97 edge=-0.2deg sides=(0.050,0.049)m sync_rate=14.23 Hz mask_px=1426[0m
[0m[INFO] [1789227113.899891427] [perception]: DETECTED pixel=(78,115) depth=0.346 m surface=(0.314,0.018,0.050) m center=(0.314,0.018,0.025) m conf=0.97 edge=-0.3deg sides=(0.050,0.049)m sync_rate=14.23 Hz mask_px=1426[0m
[0m[INFO] [1789227114.922657507] [perception]: DETECTED pixel=(78,115) depth=0.346 m surface=(0.314,0.018,0.050) m center=(0.314,0.018,0.025) m conf=0.97 edge=-0.1deg sides=(0.050,0.049)m sync_rate=14.23 Hz mask_px=1426[0m
[0m[INFO] [1789227115.942174470] [perception]: DETECTED pixel=(78,115) depth=0.346 m surface=(0.314,0.018,0.050) m center=(0.314,0.018,0.025) m conf=0.97 edge=-0.2deg sides=(0.050,0.049)m sync_rate=14.23 Hz mask_px=1426[0m
[0m[INFO] [1789227116.987083018] [perception]: DETECTED pixel=(78,115) depth=0.346 m surface=(0.314,0.018,0.050) m center=(0.314,0.018,0.025) m conf=0.97 edge=-0.2deg sides=(0.050,0.049)m sync_rate=14.23 Hz mask_px=1426[0m
[0m[INFO] [1789227118.003882891] [perception]: DETECTED pixel=(78,115) depth=0.346 m surface=(0.314,0.018,0.050) m center=(0.314,0.018,0.025) m conf=0.96 edge=-0.3deg sides=(0.050,0.049)m sync_rate=14.23 Hz mask_px=1426[0m
[0m[INFO] [1789227119.036561881] [perception]: DETECTED pixel=(78,115) depth=0.346 m surface=(0.314,0.018,0.050) m center=(0.314,0.018,0.025) m conf=0.97 edge=-0.2deg sides=(0.050,0.049)m sync_rate=14.23 Hz mask_px=1426[0m
[0m[INFO] [1789227120.069011766] [perception]: DETECTED pixel=(78,115) depth=0.346 m surface=(0.314,0.018,0.050) m center=(0.314,0.018,0.025) m conf=0.97 edge=-0.2deg sides=(0.050,0.049)m sync_rate=14.23 Hz mask_px=1426[0m
[0m[INFO] [1789227121.077451633] [perception]: DETECTED pixel=(78,115) depth=0.346 m surface=(0.314,0.018,0.050) m center=(0.314,0.018,0.025) m conf=0.97 edge=-0.2deg sides=(0.050,0.049)m sync_rate=14.23 Hz mask_px=1426[0m
[0m[INFO] [1789227122.106239321] [perception]: DETECTED pixel=(78,115) depth=0.346 m surface=(0.314,0.018,0.050) m center=(0.314,0.018,0.025) m conf=0.97 edge=-0.4deg sides=(0.050,0.049)m sync_rate=14.23 Hz mask_px=1426[0m
[0m[INFO] [1789227123.130303454] [perception]: DETECTED pixel=(78,115) depth=0.346 m surface=(0.314,0.018,0.050) m center=(0.314,0.018,0.025) m conf=0.97 edge=-0.2deg sides=(0.050,0.049)m sync_rate=14.23 Hz mask_px=1426[0m
[0m[INFO] [1789227124.175781137] [perception]: DETECTED pixel=(78,115) depth=0.346 m surface=(0.314,0.018,0.050) m center=(0.314,0.018,0.025) m conf=0.97 edge=-0.4deg sides=(0.050,0.049)m sync_rate=14.23 Hz mask_px=1426[0m
[0m[INFO] [1789227125.211489398] [perception]: DETECTED pixel=(78,115) depth=0.346 m surface=(0.314,0.018,0.050) m center=(0.314,0.018,0.025) m conf=0.97 edge=-0.1deg sides=(0.050,0.049)m sync_rate=14.23 Hz mask_px=1426[0m
[0m[INFO] [1789227126.247379398] [perception]: DETECTED pixel=(78,115) depth=0.346 m surface=(0.314,0.018,0.050) m center=(0.314,0.018,0.025) m conf=0.96 edge=-0.1deg sides=(0.050,0.049)m sync_rate=14.23 Hz mask_px=1426[0m
[0m[INFO] [1789227127.268929794] [perception]: DETECTED pixel=(78,115) depth=0.346 m surface=(0.314,0.018,0.050) m center=(0.314,0.018,0.025) m conf=0.95 edge=-0.2deg sides=(0.050,0.049)m sync_rate=14.23 Hz mask_px=1426[0m
[0m[INFO] [1789227128.284294281] [perception]: DETECTED pixel=(78,115) depth=0.345 m surface=(0.314,0.018,0.050) m center=(0.314,0.018,0.025) m conf=0.97 edge=-0.2deg sides=(0.050,0.049)m sync_rate=14.23 Hz mask_px=1426[0m
[0m[INFO] [1789227129.336697140] [perception]: DETECTED pixel=(78,115) depth=0.345 m surface=(0.314,0.018,0.050) m center=(0.314,0.018,0.025) m conf=0.96 edge=-0.1deg sides=(0.050,0.049)m sync_rate=14.23 Hz mask_px=1426[0m
[0m[INFO] [1789227130.396269370] [perception]: DETECTED pixel=(78,115) depth=0.346 m surface=(0.314,0.018,0.050) m center=(0.314,0.018,0.025) m conf=0.97 edge=-0.3deg sides=(0.050,0.049)m sync_rate=14.23 Hz mask_px=1426[0m
[0m[INFO] [1789227131.479456870] [perception]: DETECTED pixel=(78,115) depth=0.345 m surface=(0.314,0.018,0.050) m center=(0.314,0.018,0.025) m conf=0.97 edge=-0.1deg sides=(0.050,0.049)m sync_rate=14.23 Hz mask_px=1426[0m
[0m[INFO] [1789227132.516720098] [perception]: DETECTED pixel=(78,115) depth=0.346 m surface=(0.314,0.018,0.050) m center=(0.314,0.018,0.025) m conf=0.96 edge=-0.2deg sides=(0.050,0.049)m sync_rate=14.23 Hz mask_px=1426[0m
[0m[INFO] [1789227133.535162279] [perception]: DETECTED pixel=(78,115) depth=0.346 m surface=(0.314,0.018,0.050) m center=(0.314,0.018,0.025) m conf=0.97 edge=-0.1deg sides=(0.050,0.049)m sync_rate=14.23 Hz mask_px=1426[0m
[0m[INFO] [1789227134.556220055] [perception]: DETECTED pixel=(78,115) depth=0.346 m surface=(0.314,0.018,0.050) m center=(0.314,0.018,0.025) m conf=0.96 edge=-0.1deg sides=(0.050,0.049)m sync_rate=14.23 Hz mask_px=1426[0m
[0m[INFO] [1789227135.595646329] [perception]: DETECTED pixel=(78,115) depth=0.346 m surface=(0.314,0.018,0.050) m center=(0.314,0.018,0.025) m conf=0.96 edge=-0.4deg sides=(0.050,0.049)m sync_rate=14.23 Hz mask_px=1426[0m
[0m[INFO] [1789227136.644554981] [perception]: DETECTED pixel=(78,115) depth=0.345 m surface=(0.314,0.018,0.050) m center=(0.314,0.018,0.025) m conf=0.97 edge=-0.1deg sides=(0.050,0.049)m sync_rate=14.23 Hz mask_px=1426[0m
[0m[INFO] [1789227137.684032283] [perception]: DETECTED pixel=(78,115) depth=0.346 m surface=(0.312,0.017,0.050) m center=(0.312,0.017,0.025) m conf=0.96 edge=-0.1deg sides=(0.050,0.049)m sync_rate=14.23 Hz mask_px=1426[0m
[0m[INFO] [1789227138.718431749] [perception]: DETECTED pixel=(75,99) depth=0.349 m surface=(0.318,-0.002,0.050) m center=(0.318,-0.002,0.025) m conf=0.97 edge=-0.0deg sides=(0.051,0.050)m sync_rate=14.23 Hz mask_px=1441[0m
[0m[INFO] [1789227139.732886511] [perception]: DETECTED pixel=(75,99) depth=0.349 m surface=(0.318,-0.002,0.050) m center=(0.318,-0.002,0.025) m conf=0.98 edge=0.0deg sides=(0.051,0.050)m sync_rate=14.23 Hz mask_px=1441[0m
[0m[INFO] [1789227140.744977437] [perception]: DETECTED pixel=(75,99) depth=0.349 m surface=(0.318,-0.002,0.050) m center=(0.318,-0.002,0.025) m conf=0.97 edge=0.1deg sides=(0.051,0.050)m sync_rate=14.23 Hz mask_px=1441[0m
[0m[INFO] [1789227141.779756966] [perception]: DETECTED pixel=(75,99) depth=0.349 m surface=(0.318,-0.002,0.050) m center=(0.318,-0.002,0.025) m conf=0.97 edge=-0.1deg sides=(0.051,0.050)m sync_rate=14.23 Hz mask_px=1441[0m
[0m[INFO] [1789227142.865070588] [perception]: NOT DETECTED[0m
[0m[INFO] [1789227143.895925305] [perception]: NOT DETECTED[0m
[0m[INFO] [1789227144.943836669] [perception]: NOT DETECTED[0m
[0m[INFO] [1789227145.984510212] [perception]: NOT DETECTED[0m
[0m[INFO] [1789227147.014056581] [perception]: NOT DETECTED[0m
[0m[INFO] [1789227175.058376735] [perception]: NOT DETECTED[0m
[0m[INFO] [1789227176.103405002] [perception]: NOT DETECTED[0m
[0m[INFO] [1789227177.227918890] [perception]: DETECTED pixel=(84,98) depth=0.354 m surface=(0.326,-0.004,0.049) m center=(0.326,-0.004,0.024) m conf=0.84 edge=-0.2deg sides=(0.050,0.036)m sync_rate=14.23 Hz mask_px=933[0m
[0m[INFO] [1789227178.292589189] [perception]: DETECTED pixel=(77,110) depth=0.347 m surface=(0.313,0.011,0.049) m center=(0.313,0.011,0.024) m conf=0.97 edge=-0.1deg sides=(0.051,0.050)m sync_rate=14.23 Hz mask_px=1410[0m
[0m[INFO] [1789227179.299118134] [perception]: DETECTED pixel=(77,110) depth=0.347 m surface=(0.313,0.011,0.049) m center=(0.313,0.011,0.024) m conf=0.98 edge=-0.0deg sides=(0.051,0.050)m sync_rate=14.23 Hz mask_px=1410[0m
[0m[INFO] [1789227180.310172488] [perception]: DETECTED pixel=(77,110) depth=0.347 m surface=(0.313,0.011,0.049) m center=(0.313,0.011,0.024) m conf=0.97 edge=-0.2deg sides=(0.051,0.050)m sync_rate=14.23 Hz mask_px=1410[0m
[0m[INFO] [1789227181.360715037] [perception]: DETECTED pixel=(77,110) depth=0.347 m surface=(0.313,0.011,0.049) m center=(0.313,0.011,0.024) m conf=0.97 edge=-0.2deg sides=(0.051,0.050)m sync_rate=14.23 Hz mask_px=1410[0m
[0m[INFO] [1789227182.371480813] [perception]: NOT DETECTED[0m
[0m[INFO] [1789227183.407038962] [perception]: NOT DETECTED[0m
[0m[INFO] [1789227184.460904724] [perception]: NOT DETECTED[0m
[0m[INFO] [1789227185.493893863] [perception]: NOT DETECTED[0m
[0m[INFO] [1789227214.585031168] [perception]: NOT DETECTED[0m
[0m[INFO] [1789227215.596564166] [perception]: NOT DETECTED[0m
[0m[INFO] [1789227216.652487447] [perception]: DETECTED pixel=(91,109) depth=0.351 m surface=(0.320,0.009,0.050) m center=(0.320,0.009,0.025) m conf=0.79 edge=0.0deg sides=(0.050,0.049)m sync_rate=14.23 Hz mask_px=447[0m
[0m[INFO] [1789227217.714698225] [perception]: NOT DETECTED[0m
[0m[INFO] [1789227218.761543874] [perception]: DETECTED pixel=(79,112) depth=0.345 m surface=(0.309,0.012,0.050) m center=(0.309,0.012,0.025) m conf=0.97 edge=0.0deg sides=(0.050,0.049)m sync_rate=14.23 Hz mask_px=1341[0m
[0m[INFO] [1789227219.787078205] [perception]: DETECTED pixel=(79,112) depth=0.345 m surface=(0.309,0.012,0.050) m center=(0.309,0.012,0.025) m conf=0.97 edge=-0.0deg sides=(0.050,0.049)m sync_rate=14.23 Hz mask_px=1341[0m
[0m[INFO] [1789227220.799703111] [perception]: DETECTED pixel=(79,112) depth=0.345 m surface=(0.309,0.012,0.050) m center=(0.309,0.012,0.025) m conf=0.97 edge=-0.2deg sides=(0.050,0.049)m sync_rate=14.23 Hz mask_px=1341[0m
[0m[INFO] [1789227222.208187448] [perception]: NOT DETECTED[0m
[0m[INFO] [1789227223.268231704] [perception]: NOT DETECTED[0m
[0m[INFO] [1789227224.282474613] [perception]: NOT DETECTED[0m
[0m[INFO] [1789227225.310784838] [perception]: NOT DETECTED[0m
[0m[INFO] [1789227226.348682409] [perception]: NOT DETECTED[0m
[0m[INFO] [1789227227.430260965] [perception]: NOT DETECTED[0m
[0m[INFO] [1789227247.314944746] [perception]: DETECTED pixel=(109,47) depth=0.112 m surface=(0.319,0.010,0.077) m center=(0.319,0.010,0.052) m conf=0.80 edge=0.2deg sides=(0.050,0.039)m sync_rate=14.23 Hz mask_px=1553[0m
[0m[INFO] [1789227254.772744263] [perception]: DETECTED pixel=(120,44) depth=0.121 m surface=(0.319,0.010,0.048) m center=(0.319,0.010,0.023) m conf=0.78 edge=0.3deg sides=(0.050,0.036)m sync_rate=14.23 Hz mask_px=541[0m
[0m[INFO] [1789227255.822831833] [perception]: NOT DETECTED[0m
[0m[INFO] [1789227257.145458771] [perception]: DETECTED pixel=(90,110) depth=0.349 m surface=(0.313,0.015,0.051) m center=(0.313,0.015,0.026) m conf=0.80 edge=-6.0deg sides=(0.050,0.049)m sync_rate=14.23 Hz mask_px=520[0m
[0m[INFO] [1789227258.209064762] [perception]: DETECTED pixel=(75,100) depth=0.349 m surface=(0.321,0.001,0.051) m center=(0.321,0.001,0.026) m conf=0.87 edge=0.0deg sides=(0.050,0.050)m sync_rate=14.23 Hz mask_px=1440[0m
[0m[INFO] [1789227259.282684177] [perception]: DETECTED pixel=(75,100) depth=0.349 m surface=(0.321,0.001,0.051) m center=(0.321,0.001,0.026) m conf=0.98 edge=0.1deg sides=(0.050,0.050)m sync_rate=14.23 Hz mask_px=1440[0m
[0m[INFO] [1789227260.366635056] [perception]: DETECTED pixel=(75,100) depth=0.349 m surface=(0.321,0.001,0.051) m center=(0.321,0.001,0.026) m conf=0.97 edge=0.4deg sides=(0.050,0.050)m sync_rate=14.23 Hz mask_px=1440[0m
[0m[INFO] [1789227261.392453999] [perception]: DETECTED pixel=(75,100) depth=0.349 m surface=(0.321,0.001,0.051) m center=(0.321,0.001,0.026) m conf=0.98 edge=0.0deg sides=(0.050,0.050)m sync_rate=14.23 Hz mask_px=1440[0m
[0m[INFO] [1789227262.443617103] [perception]: NOT DETECTED[0m
[0m[INFO] [1789227263.452355575] [perception]: DETECTED pixel=(80,84) depth=0.344 m surface=(0.301,-0.027,0.050) m center=(0.301,-0.027,0.025) m conf=0.97 edge=-0.5deg sides=(0.050,0.050)m sync_rate=14.23 Hz mask_px=1342[0m
[0m[INFO] [1789227264.455774157] [perception]: DETECTED pixel=(80,84) depth=0.344 m surface=(0.301,-0.027,0.050) m center=(0.301,-0.027,0.025) m conf=0.96 edge=-0.3deg sides=(0.050,0.050)m sync_rate=14.23 Hz mask_px=1343[0m
[0m[INFO] [1789227265.479806942] [perception]: DETECTED pixel=(80,84) depth=0.344 m surface=(0.301,-0.027,0.050) m center=(0.301,-0.027,0.025) m conf=0.97 edge=-0.4deg sides=(0.050,0.050)m sync_rate=14.23 Hz mask_px=1343[0m
[0m[INFO] [1789227266.528114674] [perception]: DETECTED pixel=(80,84) depth=0.344 m surface=(0.304,-0.018,0.051) m center=(0.304,-0.018,0.026) m conf=0.96 edge=0.0deg sides=(0.050,0.050)m sync_rate=14.23 Hz mask_px=1343[0m
[0m[INFO] [1789227267.563179810] [perception]: NOT DETECTED[0m
[0m[INFO] [1789227268.587581676] [perception]: NOT DETECTED[0m
[0m[INFO] [1789227269.624666539] [perception]: NOT DETECTED[0m
[0m[INFO] [1789227270.628750291] [perception]: NOT DETECTED[0m
[0m[INFO] [1789227271.675691905] [perception]: NOT DETECTED[0m
[0m[INFO] [1789227272.682245833] [perception]: NOT DETECTED[0m
[0m[INFO] [1789227273.712356952] [perception]: NOT DETECTED[0m
[0m[INFO] [1789227274.731810860] [perception]: NOT DETECTED[0m
[0m[INFO] [1789227275.741891908] [perception]: NOT DETECTED[0m
[0m[INFO] [1789227276.769999598] [perception]: NOT DETECTED[0m
[0m[INFO] [1789227277.792935059] [perception]: NOT DETECTED[0m
[0m[INFO] [1789227278.814373261] [perception]: NOT DETECTED[0m
[0m[INFO] [1789227279.851594532] [perception]: NOT DETECTED[0m
[0m[INFO] [1789227280.868888441] [perception]: NOT DETECTED[0m
[0m[INFO] [1789227281.891587961] [perception]: NOT DETECTED[0m
[0m[INFO] [1789227282.908560774] [perception]: NOT DETECTED[0m
[0m[INFO] [1789227283.923621830] [perception]: NOT DETECTED[0m
[0m[INFO] [1789227284.947843164] [perception]: NOT DETECTED[0m
[0m[INFO] [1789227285.969271246] [perception]: NOT DETECTED[0m
[0m[INFO] [1789227286.996407567] [perception]: NOT DETECTED[0m
[0m[INFO] [1789227288.013492160] [perception]: NOT DETECTED[0m
[0m[INFO] [1789227289.043740093] [perception]: NOT DETECTED[0m
[0m[INFO] [1789227290.076011803] [perception]: NOT DETECTED[0m
[0m[INFO] [1789227291.103398681] [perception]: NOT DETECTED[0m
[0m[INFO] [1789227292.133967548] [perception]: NOT DETECTED[0m
[0m[INFO] [1789227293.148936582] [perception]: NOT DETECTED[0m
[0m[INFO] [1789227294.163624609] [perception]: NOT DETECTED[0m
[0m[INFO] [1789227295.198617466] [perception]: NOT DETECTED[0m
[0m[INFO] [1789227296.223972913] [perception]: NOT DETECTED[0m
[0m[INFO] [1789227297.243222824] [perception]: NOT DETECTED[0m
[0m[INFO] [1789227298.257468730] [perception]: NOT DETECTED[0m
[0m[INFO] [1789227299.278585147] [perception]: NOT DETECTED[0m
[0m[INFO] [1789227300.325707250] [perception]: NOT DETECTED[0m
[0m[INFO] [1789227301.350178320] [perception]: NOT DETECTED[0m
[0m[INFO] [1789227302.375548145] [perception]: NOT DETECTED[0m
[0m[INFO] [1789227303.422456577] [perception]: NOT DETECTED[0m
[0m[INFO] [1789227304.491942143] [perception]: NOT DETECTED[0m
[0m[INFO] [1789227305.529983710] [perception]: NOT DETECTED[0m
[0m[INFO] [1789227306.603919108] [perception]: NOT DETECTED[0m
[0m[INFO] [1789227307.658205287] [perception]: NOT DETECTED[0m
[0m[INFO] [1789227308.662127655] [perception]: NOT DETECTED[0m
[0m[INFO] [1789227309.690985701] [perception]: NOT DETECTED[0m
[0m[INFO] [1789227310.751463408] [perception]: NOT DETECTED[0m
[0m[INFO] [1789227311.797558091] [perception]: NOT DETECTED[0m
[0m[INFO] [1789227312.859066431] [perception]: NOT DETECTED[0m
[0m[INFO] [1789227313.909706268] [perception]: NOT DETECTED[0m
[0m[INFO] [1789227314.973037875] [perception]: NOT DETECTED[0m
[0m[INFO] [1789227316.043569742] [perception]: NOT DETECTED[0m
[0m[INFO] [1789227317.094785183] [perception]: NOT DETECTED[0m
[0m[INFO] [1789227318.159637463] [perception]: NOT DETECTED[0m
[0m[INFO] [1789227319.261678018] [perception]: NOT DETECTED[0m
[0m[INFO] [1789227320.284766992] [perception]: NOT DETECTED[0m
[0m[INFO] [1789227321.327390561] [perception]: NOT DETECTED[0m
[0m[INFO] [1789227322.349310214] [perception]: NOT DETECTED[0m
[0m[INFO] [1789227323.390550835] [perception]: NOT DETECTED[0m
[0m[INFO] [1789227324.427259353] [perception]: NOT DETECTED[0m
[0m[INFO] [1789227325.458922609] [perception]: NOT DETECTED[0m
[0m[INFO] [1789227326.464124383] [perception]: NOT DETECTED[0m
[0m[INFO] [1789227327.531933434] [perception]: NOT DETECTED[0m
[0m[INFO] [1789227328.562755371] [perception]: NOT DETECTED[0m
[0m[INFO] [1789227329.612925888] [perception]: NOT DETECTED[0m
[0m[INFO] [1789227330.640189832] [perception]: NOT DETECTED[0m
[0m[INFO] [1789227331.689539350] [perception]: NOT DETECTED[0m
[0m[INFO] [1789227332.708067644] [perception]: NOT DETECTED[0m
[0m[INFO] [1789227333.710977990] [perception]: NOT DETECTED[0m
[0m[INFO] [1789227334.747032193] [perception]: NOT DETECTED[0m
[0m[INFO] [1789227335.782185808] [perception]: NOT DETECTED[0m
[0m[INFO] [1789227336.846680325] [perception]: NOT DETECTED[0m
[0m[INFO] [1789227337.881169515] [perception]: NOT DETECTED[0m
[0m[INFO] [1789227338.942632331] [perception]: NOT DETECTED[0m
[0m[INFO] [1789227339.981270649] [perception]: NOT DETECTED[0m
[0m[INFO] [1789227341.072291681] [perception]: NOT DETECTED[0m
[0m[INFO] [1789227342.098104708] [perception]: NOT DETECTED[0m
[0m[INFO] [1789227343.147441074] [perception]: NOT DETECTED[0m
[0m[INFO] [1789227344.209379898] [perception]: NOT DETECTED[0m
[0m[INFO] [1789227345.264651703] [perception]: NOT DETECTED[0m
[0m[INFO] [1789227346.348781127] [perception]: NOT DETECTED[0m
[0m[INFO] [1789227347.376536535] [perception]: NOT DETECTED[0m
[0m[INFO] [1789227348.433296644] [perception]: NOT DETECTED[0m
[0m[INFO] [1789227349.473459920] [perception]: NOT DETECTED[0m
[0m[INFO] [1789227350.529868667] [perception]: NOT DETECTED[0m
[0m[INFO] [1789227351.550515791] [perception]: NOT DETECTED[0m
[0m[INFO] [1789227352.592522327] [perception]: NOT DETECTED[0m
[0m[INFO] [1789227353.603362634] [perception]: NOT DETECTED[0m
[0m[INFO] [1789227354.913364322] [perception]: NOT DETECTED[0m
[0m[INFO] [1789227355.924199235] [perception]: NOT DETECTED[0m
[0m[INFO] [1789227356.953053253] [perception]: NOT DETECTED[0m
[0m[INFO] [1789227357.967123977] [perception]: NOT DETECTED[0m
[0m[INFO] [1789227359.035073350] [perception]: NOT DETECTED[0m
[0m[INFO] [1789227360.062579293] [perception]: NOT DETECTED[0m
[0m[INFO] [1789227361.118041121] [perception]: NOT DETECTED[0m
[0m[INFO] [1789227362.184151492] [perception]: NOT DETECTED[0m
[0m[INFO] [1789227363.204982941] [perception]: NOT DETECTED[0m
[0m[INFO] [1789227364.221881285] [perception]: NOT DETECTED[0m
[0m[INFO] [1789227365.277868123] [perception]: NOT DETECTED[0m
[0m[INFO] [1789227366.283796051] [perception]: NOT DETECTED[0m
[0m[INFO] [1789227367.331853832] [perception]: NOT DETECTED[0m
[0m[INFO] [1789227368.352659407] [perception]: NOT DETECTED[0m
[0m[INFO] [1789227369.404436072] [perception]: NOT DETECTED[0m
[0m[INFO] [1789227370.468292097] [perception]: NOT DETECTED[0m
[0m[INFO] [1789227371.480037587] [perception]: NOT DETECTED[0m
[0m[INFO] [1789227372.547030790] [perception]: NOT DETECTED[0m
[0m[INFO] [1789227373.573832575] [perception]: NOT DETECTED[0m
[0m[INFO] [1789227374.637177913] [perception]: NOT DETECTED[0m
[0m[INFO] [1789227375.644216060] [perception]: NOT DETECTED[0m
[0m[INFO] [1789227376.691723192] [perception]: NOT DETECTED[0m
[0m[INFO] [1789227377.696975312] [perception]: NOT DETECTED[0m
[0m[INFO] [1789227378.749371130] [perception]: NOT DETECTED[0m
[0m[INFO] [1789227379.767605064] [perception]: NOT DETECTED[0m
[0m[INFO] [1789227380.835264553] [perception]: NOT DETECTED[0m
[0m[INFO] [1789227381.839506118] [perception]: NOT DETECTED[0m
[0m[INFO] [1789227382.888441529] [perception]: NOT DETECTED[0m
[0m[INFO] [1789227383.943236790] [perception]: NOT DETECTED[0m
[0m[INFO] [1789227384.994850923] [perception]: NOT DETECTED[0m
[0m[INFO] [1789227386.032326401] [perception]: NOT DETECTED[0m
[0m[INFO] [1789227387.062108457] [perception]: NOT DETECTED[0m
[0m[INFO] [1789227388.125361186] [perception]: NOT DETECTED[0m
[0m[INFO] [1789227389.169928145] [perception]: NOT DETECTED[0m
[0m[INFO] [1789227390.171497959] [perception]: NOT DETECTED[0m
[0m[INFO] [1789227391.206337457] [perception]: NOT DETECTED[0m
[0m[INFO] [1789227392.261030518] [perception]: NOT DETECTED[0m
[0m[INFO] [1789227393.284186208] [perception]: NOT DETECTED[0m
[0m[INFO] [1789227394.331381088] [perception]: NOT DETECTED[0m
[0m[INFO] [1789227395.360477898] [perception]: NOT DETECTED[0m
[0m[INFO] [1789227396.381503888] [perception]: NOT DETECTED[0m
[0m[INFO] [1789227397.431674174] [perception]: NOT DETECTED[0m
[0m[INFO] [1789227398.450541813] [perception]: NOT DETECTED[0m
[0m[INFO] [1789227399.524196383] [perception]: NOT DETECTED[0m
[0m[INFO] [1789227400.559531726] [perception]: NOT DETECTED[0m
[0m[INFO] [1789227401.628131901] [perception]: NOT DETECTED[0m
[0m[INFO] [1789227402.636176799] [perception]: NOT DETECTED[0m
[0m[INFO] [1789227403.687418512] [perception]: NOT DETECTED[0m
[0m[INFO] [1789227404.753878316] [perception]: NOT DETECTED[0m
[0m[INFO] [1789227405.769208633] [perception]: NOT DETECTED[0m
[0m[INFO] [1789227406.822842019] [perception]: NOT DETECTED[0m
[0m[INFO] [1789227407.841406966] [perception]: NOT DETECTED[0m
[0m[INFO] [1789227408.889307006] [perception]: NOT DETECTED[0m
[0m[INFO] [1789227409.955410481] [perception]: NOT DETECTED[0m
[0m[INFO] [1789227410.987754549] [perception]: NOT DETECTED[0m
[0m[INFO] [1789227412.037176799] [perception]: NOT DETECTED[0m
[0m[INFO] [1789227413.071320370] [perception]: NOT DETECTED[0m
[0m[INFO] [1789227414.122146747] [perception]: NOT DETECTED[0m
[0m[INFO] [1789227415.206176791] [perception]: NOT DETECTED[0m
[0m[INFO] [1789227416.238144690] [perception]: NOT DETECTED[0m
[0m[INFO] [1789227417.281560632] [perception]: NOT DETECTED[0m
[0m[INFO] [1789227418.304767586] [perception]: NOT DETECTED[0m
[0m[INFO] [1789227419.346246670] [perception]: NOT DETECTED[0m
[0m[INFO] [1789227420.416993800] [perception]: NOT DETECTED[0m
[0m[INFO] [1789227421.475050291] [perception]: NOT DETECTED[0m
[0m[INFO] [1789227422.495992576] [perception]: NOT DETECTED[0m
[0m[INFO] [1789227423.566658819] [perception]: NOT DETECTED[0m
[0m[INFO] [1789227424.597928661] [perception]: NOT DETECTED[0m
[0m[INFO] [1789227425.599964334] [perception]: NOT DETECTED[0m
[0m[INFO] [1789227426.636549226] [perception]: NOT DETECTED[0m
[0m[INFO] [1789227427.670209647] [perception]: NOT DETECTED[0m
[0m[INFO] [1789227428.692395121] [perception]: NOT DETECTED[0m
[0m[INFO] [1789227429.748843921] [perception]: NOT DETECTED[0m
[0m[INFO] [1789227430.821266701] [perception]: NOT DETECTED[0m
[0m[INFO] [1789227431.821757053] [perception]: NOT DETECTED[0m
[0m[INFO] [1789227432.845119373] [perception]: NOT DETECTED[0m
[0m[INFO] [1789227433.899163316] [perception]: NOT DETECTED[0m
[0m[INFO] [1789227434.959306461] [perception]: NOT DETECTED[0m
[0m[INFO] [1789227435.991841644] [perception]: NOT DETECTED[0m
[0m[INFO] [1789227437.040959359] [perception]: NOT DETECTED[0m
[0m[INFO] [1789227438.068803495] [perception]: NOT DETECTED[0m
[0m[INFO] [1789227439.080785418] [perception]: NOT DETECTED[0m
[0m[INFO] [1789227440.098115834] [perception]: NOT DETECTED[0m
[0m[INFO] [1789227441.129035618] [perception]: NOT DETECTED[0m
[0m[INFO] [1789227442.147212114] [perception]: NOT DETECTED[0m
[0m[INFO] [1789227443.163952250] [perception]: NOT DETECTED[0m
[0m[INFO] [1789227444.182039048] [perception]: NOT DETECTED[0m
[0m[INFO] [1789227445.207632519] [perception]: NOT DETECTED[0m
[0m[INFO] [1789227446.230255977] [perception]: NOT DETECTED[0m
[0m[INFO] [1789227447.263653893] [perception]: NOT DETECTED[0m
[0m[INFO] [1789227448.327114639] [perception]: NOT DETECTED[0m
[0m[INFO] [1789227449.353626754] [perception]: NOT DETECTED[0m
[0m[INFO] [1789227450.386727733] [perception]: NOT DETECTED[0m
[0m[INFO] [1789227451.450086869] [perception]: NOT DETECTED[0m
[0m[INFO] [1789227452.487220837] [perception]: NOT DETECTED[0m
[0m[INFO] [1789227453.516528719] [perception]: NOT DETECTED[0m
[0m[INFO] [1789227454.548623711] [perception]: NOT DETECTED[0m
[0m[INFO] [1789227455.578217328] [perception]: NOT DETECTED[0m
[0m[INFO] [1789227456.609760734] [perception]: NOT DETECTED[0m
[0m[INFO] [1789227457.634975262] [perception]: NOT DETECTED[0m
[0m[INFO] [1789227458.647141561] [perception]: NOT DETECTED[0m
[0m[INFO] [1789227459.669029311] [perception]: NOT DETECTED[0m
[0m[INFO] [1789227460.693532078] [perception]: NOT DETECTED[0m
[0m[INFO] [1789227461.723433229] [perception]: NOT DETECTED[0m
[0m[INFO] [1789227462.736787245] [perception]: NOT DETECTED[0m
[0m[INFO] [1789227463.757252822] [perception]: NOT DETECTED[0m
[0m[INFO] [1789227464.805886185] [perception]: NOT DETECTED[0m
[0m[INFO] [1789227465.820631794] [perception]: NOT DETECTED[0m
[0m[INFO] [1789227466.856803928] [perception]: NOT DETECTED[0m
[0m[INFO] [1789227467.876830932] [perception]: NOT DETECTED[0m
[0m[INFO] [1789227468.914547653] [perception]: NOT DETECTED[0m
[0m[INFO] [1789227469.977053501] [perception]: NOT DETECTED[0m
[0m[INFO] [1789227471.000824638] [perception]: NOT DETECTED[0m
[0m[INFO] [1789227472.021333250] [perception]: NOT DETECTED[0m
[0m[INFO] [1789227473.075604556] [perception]: NOT DETECTED[0m
[0m[INFO] [1789227474.082715831] [perception]: NOT DETECTED[0m
[0m[INFO] [1789227475.108050580] [perception]: NOT DETECTED[0m
[0m[INFO] [1789227476.174034869] [perception]: NOT DETECTED[0m
[0m[INFO] [1789227477.187502616] [perception]: NOT DETECTED[0m
[0m[INFO] [1789227478.238916274] [perception]: NOT DETECTED[0m
[0m[INFO] [1789227479.279091236] [perception]: NOT DETECTED[0m
[0m[INFO] [1789227480.323720156] [perception]: NOT DETECTED[0m
[0m[INFO] [1789227481.380574782] [perception]: NOT DETECTED[0m
[0m[INFO] [1789227482.400209121] [perception]: NOT DETECTED[0m
[0m[INFO] [1789227483.453143795] [perception]: NOT DETECTED[0m
[0m[INFO] [1789227484.497115306] [perception]: NOT DETECTED[0m
[0m[INFO] [1789227485.546801618] [perception]: NOT DETECTED[0m
[0m[INFO] [1789227486.578019754] [perception]: NOT DETECTED[0m
[0m[INFO] [1789227487.618688468] [perception]: NOT DETECTED[0m
[0m[INFO] [1789227488.674307000] [perception]: NOT DETECTED[0m
[0m[INFO] [1789227489.675597642] [perception]: NOT DETECTED[0m
[0m[INFO] [1789227490.726586312] [perception]: NOT DETECTED[0m
[0m[INFO] [1789227491.774947048] [perception]: NOT DETECTED[0m
[0m[INFO] [1789227492.805394659] [perception]: NOT DETECTED[0m
[0m[INFO] [1789227493.850024845] [perception]: NOT DETECTED[0m
[0m[INFO] [1789227494.875681465] [perception]: NOT DETECTED[0m
[0m[INFO] [1789227495.907192563] [perception]: NOT DETECTED[0m
[0m[INFO] [1789227496.965345961] [perception]: NOT DETECTED[0m
[0m[INFO] [1789227497.995817497] [perception]: NOT DETECTED[0m
[0m[INFO] [1789227499.046576364] [perception]: NOT DETECTED[0m
[0m[INFO] [1789227500.088390544] [perception]: NOT DETECTED[0m
[0m[INFO] [1789227501.443820516] [perception]: NOT DETECTED[0m
[0m[INFO] [1789227502.448095595] [perception]: NOT DETECTED[0m
[0m[INFO] [1789227503.521764719] [perception]: NOT DETECTED[0m
[0m[INFO] [1789227504.527226868] [perception]: NOT DETECTED[0m
[0m[INFO] [1789227505.566337002] [perception]: NOT DETECTED[0m
[0m[INFO] [1789227506.596458451] [perception]: NOT DETECTED[0m
[0m[INFO] [1789227507.603085910] [perception]: NOT DETECTED[0m
[0m[INFO] [1789227508.633962110] [perception]: NOT DETECTED[0m
[0m[INFO] [1789227509.680132757] [perception]: NOT DETECTED[0m
[0m[INFO] [1789227510.722977116] [perception]: NOT DETECTED[0m
[0m[INFO] [1789227511.758773818] [perception]: NOT DETECTED[0m
[0m[INFO] [1789227512.806232495] [perception]: NOT DETECTED[0m
[0m[INFO] [1789227513.817570304] [perception]: NOT DETECTED[0m
[0m[INFO] [1789227514.827137260] [perception]: NOT DETECTED[0m
[0m[INFO] [1789227515.840561460] [perception]: NOT DETECTED[0m
[0m[INFO] [1789227516.885505818] [perception]: NOT DETECTED[0m
[0m[INFO] [1789227517.939351692] [perception]: NOT DETECTED[0m
[0m[INFO] [1789227518.942397379] [perception]: NOT DETECTED[0m
[0m[INFO] [1789227519.959150708] [perception]: NOT DETECTED[0m
[0m[INFO] [1789227521.012778717] [perception]: NOT DETECTED[0m
[0m[INFO] [1789227522.056861882] [perception]: NOT DETECTED[0m
[0m[INFO] [1789227523.066943132] [perception]: NOT DETECTED[0m
[0m[INFO] [1789227524.122069795] [perception]: NOT DETECTED[0m
[0m[INFO] [1789227525.183963167] [perception]: NOT DETECTED[0m
[0m[INFO] [1789227526.208194073] [perception]: NOT DETECTED[0m
[0m[INFO] [1789227527.261537495] [perception]: NOT DETECTED[0m
[0m[INFO] [1789227528.281250914] [perception]: NOT DETECTED[0m
[0m[INFO] [1789227529.303661075] [perception]: NOT DETECTED[0m
[0m[INFO] [1789227530.330410544] [perception]: NOT DETECTED[0m
[0m[INFO] [1789227531.347522726] [perception]: NOT DETECTED[0m
[0m[INFO] [1789227532.356493393] [perception]: NOT DETECTED[0m
[0m[INFO] [1789227533.379249250] [perception]: NOT DETECTED[0m
[0m[INFO] [1789227534.411615421] [perception]: NOT DETECTED[0m
[0m[INFO] [1789227535.428137104] [perception]: NOT DETECTED[0m
[0m[INFO] [1789227536.441835063] [perception]: NOT DETECTED[0m
[0m[INFO] [1789227537.452542920] [perception]: NOT DETECTED[0m
[0m[INFO] [1789227538.497175999] [perception]: NOT DETECTED[0m
[0m[INFO] [1789227539.558730536] [perception]: NOT DETECTED[0m
[0m[INFO] [1789227540.576737599] [perception]: NOT DETECTED[0m
[0m[INFO] [1789227541.647060544] [perception]: NOT DETECTED[0m
[0m[INFO] [1789227542.687783363] [perception]: NOT DETECTED[0m
[0m[INFO] [1789227543.718338969] [perception]: NOT DETECTED[0m
[0m[INFO] [1789227544.746845655] [perception]: NOT DETECTED[0m
[0m[INFO] [1789227545.753457324] [perception]: NOT DETECTED[0m
[0m[INFO] [1789227546.777498338] [perception]: NOT DETECTED[0m
[0m[INFO] [1789227547.841847086] [perception]: NOT DETECTED[0m
[0m[INFO] [1789227548.869872596] [perception]: NOT DETECTED[0m
[0m[INFO] [1789227549.927639301] [perception]: NOT DETECTED[0m
[0m[INFO] [1789227550.976982244] [perception]: NOT DETECTED[0m
[0m[INFO] [1789227552.007680179] [perception]: NOT DETECTED[0m
[0m[INFO] [1789227553.051908667] [perception]: NOT DETECTED[0m
[0m[INFO] [1789227554.104386598] [perception]: NOT DETECTED[0m
[0m[INFO] [1789227555.162095936] [perception]: NOT DETECTED[0m
[0m[INFO] [1789227556.210626134] [perception]: NOT DETECTED[0m
[0m[INFO] [1789227557.245792302] [perception]: NOT DETECTED[0m
[0m[INFO] [1789227558.280579681] [perception]: NOT DETECTED[0m
[0m[INFO] [1789227559.342703273] [perception]: NOT DETECTED[0m
[0m[INFO] [1789227560.359868842] [perception]: NOT DETECTED[0m
[0m[INFO] [1789227561.378508512] [perception]: NOT DETECTED[0m
[0m[INFO] [1789227562.418484141] [perception]: NOT DETECTED[0m
[0m[INFO] [1789227563.464758419] [perception]: NOT DETECTED[0m
[0m[INFO] [1789227564.488626851] [perception]: NOT DETECTED[0m
[0m[INFO] [1789227565.535227798] [perception]: NOT DETECTED[0m
[0m[INFO] [1789227566.574613544] [perception]: NOT DETECTED[0m
[0m[INFO] [1789227567.633537010] [perception]: NOT DETECTED[0m
[0m[INFO] [1789227568.680493744] [perception]: NOT DETECTED[0m
[0m[INFO] [1789227569.728266353] [perception]: NOT DETECTED[0m
[0m[INFO] [1789227570.755088058] [perception]: NOT DETECTED[0m
[0m[INFO] [1789227571.823370256] [perception]: NOT DETECTED[0m
[0m[INFO] [1789227572.846103967] [perception]: NOT DETECTED[0m
[0m[INFO] [1789227573.890484376] [perception]: NOT DETECTED[0m
[0m[INFO] [1789227574.930557982] [perception]: NOT DETECTED[0m
[0m[INFO] [1789227576.002495851] [perception]: NOT DETECTED[0m
[0m[INFO] [1789227577.025057769] [perception]: NOT DETECTED[0m
[0m[INFO] [1789227578.064283858] [perception]: NOT DETECTED[0m
[0m[INFO] [1789227579.105167073] [perception]: NOT DETECTED[0m
[0m[INFO] [1789227580.162869539] [perception]: NOT DETECTED[0m
[0m[INFO] [1789227581.201885874] [perception]: NOT DETECTED[0m
[0m[INFO] [1789227582.225783206] [perception]: NOT DETECTED[0m
[0m[INFO] [1789227583.247980023] [perception]: NOT DETECTED[0m
[0m[INFO] [1789227584.289231571] [perception]: NOT DETECTED[0m
[0m[INFO] [1789227585.307499858] [perception]: NOT DETECTED[0m
[0m[INFO] [1789227586.342642872] [perception]: NOT DETECTED[0m
[0m[INFO] [1789227587.407010824] [perception]: NOT DETECTED[0m
[0m[INFO] [1789227588.448205429] [perception]: NOT DETECTED[0m
[0m[INFO] [1789227589.485427887] [perception]: NOT DETECTED[0m
[0m[INFO] [1789227590.513564936] [perception]: NOT DETECTED[0m
[0m[INFO] [1789227591.541448714] [perception]: NOT DETECTED[0m
[0m[INFO] [1789227592.565385642] [perception]: NOT DETECTED[0m
[0m[INFO] [1789227593.584345871] [perception]: NOT DETECTED[0m
[0m[INFO] [1789227594.615293092] [perception]: NOT DETECTED[0m
[0m[INFO] [1789227595.655815726] [perception]: NOT DETECTED[0m
[0m[INFO] [1789227596.693935476] [perception]: NOT DETECTED[0m
[0m[INFO] [1789227597.714708102] [perception]: NOT DETECTED[0m
[0m[INFO] [1789227598.743845005] [perception]: NOT DETECTED[0m
[0m[INFO] [1789227599.779669914] [perception]: NOT DETECTED[0m
[0m[INFO] [1789227600.822964182] [perception]: NOT DETECTED[0m
[0m[INFO] [1789227601.865075387] [perception]: NOT DETECTED[0m
[0m[INFO] [1789227602.882492889] [perception]: NOT DETECTED[0m
[0m[INFO] [1789227603.970245140] [perception]: NOT DETECTED[0m
[0m[INFO] [1789227605.017605925] [perception]: NOT DETECTED[0m
[0m[INFO] [1789227606.039869465] [perception]: NOT DETECTED[0m
[0m[INFO] [1789227607.064701592] [perception]: NOT DETECTED[0m
[0m[INFO] [1789227608.085146538] [perception]: NOT DETECTED[0m
[0m[INFO] [1789227609.132025831] [perception]: NOT DETECTED[0m
[0m[INFO] [1789227610.152727870] [perception]: NOT DETECTED[0m
[0m[INFO] [1789227611.181487417] [perception]: NOT DETECTED[0m
[0m[INFO] [1789227612.209134721] [perception]: NOT DETECTED[0m
[0m[INFO] [1789227613.234442963] [perception]: NOT DETECTED[0m
[0m[INFO] [1789227614.272594860] [perception]: NOT DETECTED[0m
[0m[INFO] [1789227615.311743628] [perception]: NOT DETECTED[0m
[0m[INFO] [1789227616.336970961] [perception]: NOT DETECTED[0m
[0m[INFO] [1789227617.368102139] [perception]: NOT DETECTED[0m
[0m[INFO] [1789227618.445590912] [perception]: NOT DETECTED[0m
[0m[INFO] [1789227619.492652053] [perception]: NOT DETECTED[0m
[0m[INFO] [1789227620.522937688] [perception]: NOT DETECTED[0m
[0m[INFO] [1789227621.551965226] [perception]: NOT DETECTED[0m
[0m[INFO] [1789227622.566250189] [perception]: NOT DETECTED[0m
[0m[INFO] [1789227623.603708934] [perception]: NOT DETECTED[0m
[0m[INFO] [1789227624.629497279] [perception]: NOT DETECTED[0m
[0m[INFO] [1789227625.662575801] [perception]: NOT DETECTED[0m
[0m[INFO] [1789227626.695629994] [perception]: NOT DETECTED[0m
[0m[INFO] [1789227627.721159837] [perception]: NOT DETECTED[0m
[0m[INFO] [1789227628.728872765] [perception]: NOT DETECTED[0m
[0m[INFO] [1789227629.753093539] [perception]: NOT DETECTED[0m
[0m[INFO] [1789227630.806892327] [perception]: NOT DETECTED[0m
[0m[INFO] [1789227631.878182867] [perception]: NOT DETECTED[0m
[0m[INFO] [1789227632.911472867] [perception]: NOT DETECTED[0m
[0m[INFO] [1789227633.944228980] [perception]: NOT DETECTED[0m
[0m[INFO] [1789227634.967759231] [perception]: NOT DETECTED[0m
[0m[INFO] [1789227635.985309779] [perception]: NOT DETECTED[0m
[0m[INFO] [1789227637.012132170] [perception]: NOT DETECTED[0m
[0m[INFO] [1789227638.055739683] [perception]: NOT DETECTED[0m
[0m[INFO] [1789227639.069140951] [perception]: NOT DETECTED[0m
[0m[INFO] [1789227640.096372842] [perception]: NOT DETECTED[0m
[0m[INFO] [1789227641.120648206] [perception]: NOT DETECTED[0m
[0m[INFO] [1789227642.173334572] [perception]: NOT DETECTED[0m
[0m[INFO] [1789227643.207428209] [perception]: NOT DETECTED[0m
[0m[INFO] [1789227644.232017243] [perception]: NOT DETECTED[0m
[0m[INFO] [1789227645.251248782] [perception]: NOT DETECTED[0m
[0m[INFO] [1789227646.293850288] [perception]: NOT DETECTED[0m
[0m[INFO] [1789227647.316468796] [perception]: NOT DETECTED[0m
[0m[INFO] [1789227648.358232097] [perception]: NOT DETECTED[0m
[0m[INFO] [1789227649.383170343] [perception]: NOT DETECTED[0m
[0m[INFO] [1789227650.408285659] [perception]: NOT DETECTED[0m
[0m[INFO] [1789227651.465858957] [perception]: NOT DETECTED[0m
[0m[INFO] [1789227652.496111242] [perception]: NOT DETECTED[0m
[0m[INFO] [1789227653.526878559] [perception]: NOT DETECTED[0m
[0m[INFO] [1789227654.552849379] [perception]: NOT DETECTED[0m
[0m[INFO] [1789227655.579570495] [perception]: NOT DETECTED[0m
[0m[INFO] [1789227656.605163015] [perception]: NOT DETECTED[0m
[0m[INFO] [1789227657.636128424] [perception]: NOT DETECTED[0m
[0m[INFO] [1789227658.665178361] [perception]: NOT DETECTED[0m
[0m[INFO] [1789227659.682634902] [perception]: NOT DETECTED[0m
[0m[INFO] [1789227660.709769748] [perception]: NOT DETECTED[0m
[0m[INFO] [1789227661.731835544] [perception]: NOT DETECTED[0m
[0m[INFO] [1789227662.758881027] [perception]: NOT DETECTED[0m
[0m[INFO] [1789227663.786464319] [perception]: NOT DETECTED[0m
[0m[INFO] [1789227664.823851248] [perception]: NOT DETECTED[0m
