/usr/lib/python3/dist-packages/scipy/__init__.py:146: UserWarning: A NumPy version >=1.17.3 and <1.25.0 is required for this version of SciPy (detected version 1.26.4
  warnings.warn(f"A NumPy version >={np_minversion} and <{np_maxversion}"
TRIAL=000 PHASE=CHECK_INTERFACES
DAY4_RESET_GRIPPER=OPEN ANGLE_RAD=1.570000 EFFORT_NM=1.200000
DAY4_RESET_GRIPPER=AFTER_INITIAL_MOVE ANGLE_RAD=1.570000 EFFORT_NM=1.200000
TRIAL=001 VISUAL_CENTER=[0.28102415800094604, -0.020693304017186165, 0.021791066288134424] SURFACE=[0.28102415800094604, -0.020693304017186165, 0.046791066288134425] CONTOUR_DEG=-0.19 AXIS_STD_DEG=0.11 FOOTPRINT=[0.04928363300859928, 0.04928363300859928] CONFIDENCE=0.9230
TRIAL=001 SELECTED_CONTOUR_ORIENTATION=+89.81deg TILT=8.2 LEAN=+1 SYMMETRY=1 IK_FK_POS_ERROR=0.000004m IK_FK_ORIENTATION_ERROR=0.000000rad FINGER_FK_LIFT=0.080000m FINGER_FK_DRIFT=0.000000m JOINT_MOTION=3.018846rad
DAY4_MOTION_DONE=1 ELAPSED_SIM=1.200 INITIAL_ERR=0.01799 FINAL_ERR=0.00037 ARM_V=0.00412
DAY4_STEP=1 EPISODE=001 STEP=01 DIST=0.020170 YAW_ERR_DEG=0.009 REQUESTED_MOVE=0.005000 EXECUTED_MOVE=0.004895 ATTEMPT=0 SUCCESS=0 TERMINATED=0 TRUNCATED=0
DAY4_MOTION_DONE=1 ELAPSED_SIM=1.200 INITIAL_ERR=0.01810 FINAL_ERR=0.00037 ARM_V=0.00412
DAY4_STEP=1 EPISODE=001 STEP=02 DIST=0.015298 YAW_ERR_DEG=0.017 REQUESTED_MOVE=0.004966 EXECUTED_MOVE=0.004864 ATTEMPT=0 SUCCESS=0 TERMINATED=0 TRUNCATED=0
DAY4_MOTION_DONE=1 ELAPSED_SIM=1.202 INITIAL_ERR=0.01813 FINAL_ERR=0.00037 ARM_V=0.00413
DAY4_STEP=1 EPISODE=001 STEP=03 DIST=0.010448 YAW_ERR_DEG=0.023 REQUESTED_MOVE=0.004953 EXECUTED_MOVE=0.004851 ATTEMPT=0 SUCCESS=0 TERMINATED=0 TRUNCATED=0
DAY4_MOTION_DONE=1 ELAPSED_SIM=1.202 INITIAL_ERR=0.01812 FINAL_ERR=0.00033 ARM_V=0.00371
DAY4_GRASP_ATTEMPT=1
TRIAL=001 PHASE=CLOSE_SEARCH
TRIAL=001 LEFT_CONTACT=0 RIGHT_CONTACT=0 STALL=0
TRIAL=001 LEFT_CONTACT=0 RIGHT_CONTACT=1 STALL=0
TRIAL=001 PHASE=WAIT_DUAL_CONTACT
TRIAL=001 PHASE=WAIT_STALL
TRIAL=001 LEFT_CONTACT=1 RIGHT_CONTACT=1 STALL=0 GRIPPER_ERROR=0.05515 VELOCITY=0.03935 CLOSURE_M=0.00075
TRIAL=001 LEFT_CONTACT=1 RIGHT_CONTACT=1 STALL=0 GRIPPER_ERROR=0.04206 VELOCITY=0.00619 CLOSURE_M=0.00115
TRIAL=001 LEFT_CONTACT=1 RIGHT_CONTACT=1 STALL=0 GRIPPER_ERROR=0.03733 VELOCITY=0.00491 CLOSURE_M=0.00130
TRIAL=001 LEFT_CONTACT=1 RIGHT_CONTACT=1 STALL=0 GRIPPER_ERROR=0.03333 VELOCITY=0.00451 CLOSURE_M=0.00143
TRIAL=001 PHASE=LIFT_80_MM
TRIAL=001 ACTUAL_LIFT_M=-0.00002 LEFT_CONTACT=1 RIGHT_CONTACT=1
TRIAL=001 ACTUAL_LIFT_M=0.02471 LEFT_CONTACT=1 RIGHT_CONTACT=1
TRIAL=001 ACTUAL_LIFT_M=0.05406 LEFT_CONTACT=1 RIGHT_CONTACT=1
TRIAL=001 PHASE=HOLD
TRIAL=001 HOLD_SIM_SEC=0.000 HOLD_WALL_SEC=0.000 ACTUAL_LIFT_M=0.07194 RELATIVE_SLIP_M=0.00000 LEFT_CONTACT=1 RIGHT_CONTACT=1
TRIAL=001 HOLD_SIM_SEC=0.856 HOLD_WALL_SEC=1.000 ACTUAL_LIFT_M=0.07502 RELATIVE_SLIP_M=0.00000 LEFT_CONTACT=1 RIGHT_CONTACT=1
TRIAL=001 HOLD_SIM_SEC=1.696 HOLD_WALL_SEC=2.000 ACTUAL_LIFT_M=0.07494 RELATIVE_SLIP_M=0.00000 LEFT_CONTACT=1 RIGHT_CONTACT=1
TRIAL=001 HOLD_SIM_SEC=2.566 HOLD_WALL_SEC=3.001 ACTUAL_LIFT_M=0.07485 RELATIVE_SLIP_M=0.00000 LEFT_CONTACT=1 RIGHT_CONTACT=1
TRIAL=001 HOLD_SIM_SEC=3.454 HOLD_WALL_SEC=4.001 ACTUAL_LIFT_M=0.07477 RELATIVE_SLIP_M=0.00000 LEFT_CONTACT=1 RIGHT_CONTACT=1
TRIAL=001 HOLD_SIM_SEC=4.344 HOLD_WALL_SEC=5.001 ACTUAL_LIFT_M=0.07471 RELATIVE_SLIP_M=0.00000 LEFT_CONTACT=1 RIGHT_CONTACT=1
TRIAL=001 PHASE=PLACE_DOWN
TRIAL=001 PHASE=OPEN_GRIPPER
TRIAL=001 PHASE=RETREAT_PREGRASP
TRIAL=001 PHASE=GRASP_SUCCESS
TRIAL=001 DAY5_PLACE_RELEASE=PASS
DAY4_GRASP_RESULT=SUCCESS
DAY4_STEP=1 EPISODE=001 STEP=04 DIST=0.005598 YAW_ERR_DEG=0.028 REQUESTED_MOVE=0.004944 EXECUTED_MOVE=0.004853 ATTEMPT=1 SUCCESS=1 TERMINATED=1 TRUNCATED=0
DAY7_EPISODE=1 LEVEL=L3 VALID=1/50 TECHNICAL=False SUCCESS=True REASON=
DAY4_RESET_GRIPPER=OPEN ANGLE_RAD=1.570000 EFFORT_NM=1.200000
DAY4_RESET_GRIPPER=AFTER_INITIAL_MOVE ANGLE_RAD=1.570000 EFFORT_NM=1.200000
TRIAL=002 VISUAL_CENTER=[0.2794046700000763, -0.019165711535606533, 0.022508069929014822] SURFACE=[0.2794046700000763, -0.019165711535606533, 0.04750806992901482] CONTOUR_DEG=0.35 AXIS_STD_DEG=0.07 FOOTPRINT=[0.04947632551193237, 0.04947632551193237] CONFIDENCE=0.9159
TRIAL=002 SELECTED_CONTOUR_ORIENTATION=+90.35deg TILT=7.4 LEAN=+1 SYMMETRY=1 IK_FK_POS_ERROR=0.000004m IK_FK_ORIENTATION_ERROR=0.000000rad FINGER_FK_LIFT=0.080000m FINGER_FK_DRIFT=0.000000m JOINT_MOTION=3.017953rad
DAY4_MOTION_DONE=1 ELAPSED_SIM=1.200 INITIAL_ERR=0.01808 FINAL_ERR=0.00030 ARM_V=0.00335
DAY4_STEP=1 EPISODE=002 STEP=01 DIST=0.020145 YAW_ERR_DEG=0.009 REQUESTED_MOVE=0.005001 EXECUTED_MOVE=0.004915 ATTEMPT=0 SUCCESS=0 TERMINATED=0 TRUNCATED=0
DAY4_MOTION_DONE=1 ELAPSED_SIM=1.202 INITIAL_ERR=0.01818 FINAL_ERR=0.00034 ARM_V=0.00373
DAY4_STEP=1 EPISODE=002 STEP=02 DIST=0.015273 YAW_ERR_DEG=0.017 REQUESTED_MOVE=0.004966 EXECUTED_MOVE=0.004874 ATTEMPT=0 SUCCESS=0 TERMINATED=0 TRUNCATED=0
DAY4_MOTION_DONE=1 ELAPSED_SIM=1.200 INITIAL_ERR=0.01822 FINAL_ERR=0.00034 ARM_V=0.00373
DAY4_STEP=1 EPISODE=002 STEP=03 DIST=0.010413 YAW_ERR_DEG=0.024 REQUESTED_MOVE=0.004953 EXECUTED_MOVE=0.004861 ATTEMPT=0 SUCCESS=0 TERMINATED=0 TRUNCATED=0
DAY4_MOTION_DONE=1 ELAPSED_SIM=1.202 INITIAL_ERR=0.01821 FINAL_ERR=0.00034 ARM_V=0.00373
DAY4_GRASP_ATTEMPT=1
TRIAL=002 PHASE=CLOSE_SEARCH
TRIAL=002 LEFT_CONTACT=0 RIGHT_CONTACT=0 STALL=0
TRIAL=002 LEFT_CONTACT=1 RIGHT_CONTACT=0 STALL=0
TRIAL=002 PHASE=WAIT_DUAL_CONTACT
TRIAL=002 PHASE=WAIT_STALL
TRIAL=002 LEFT_CONTACT=1 RIGHT_CONTACT=1 STALL=0 GRIPPER_ERROR=0.06339 VELOCITY=0.05292 CLOSURE_M=0.00050
TRIAL=002 LEFT_CONTACT=1 RIGHT_CONTACT=1 STALL=0 GRIPPER_ERROR=0.04388 VELOCITY=0.01403 CLOSURE_M=0.00111
TRIAL=002 LEFT_CONTACT=1 RIGHT_CONTACT=1 STALL=0 GRIPPER_ERROR=0.03763 VELOCITY=0.00594 CLOSURE_M=0.00131
TRIAL=002 LEFT_CONTACT=1 RIGHT_CONTACT=1 STALL=0 GRIPPER_ERROR=0.03332 VELOCITY=0.00482 CLOSURE_M=0.00145
TRIAL=002 PHASE=LIFT_80_MM
TRIAL=002 ACTUAL_LIFT_M=-0.00005 LEFT_CONTACT=1 RIGHT_CONTACT=1
TRIAL=002 ACTUAL_LIFT_M=0.02498 LEFT_CONTACT=1 RIGHT_CONTACT=1
TRIAL=002 ACTUAL_LIFT_M=0.05437 LEFT_CONTACT=1 RIGHT_CONTACT=1
TRIAL=002 PHASE=HOLD
TRIAL=002 HOLD_SIM_SEC=0.000 HOLD_WALL_SEC=0.000 ACTUAL_LIFT_M=0.07226 RELATIVE_SLIP_M=0.00000 LEFT_CONTACT=1 RIGHT_CONTACT=1
TRIAL=002 HOLD_SIM_SEC=0.836 HOLD_WALL_SEC=1.000 ACTUAL_LIFT_M=0.07509 RELATIVE_SLIP_M=0.00003 LEFT_CONTACT=1 RIGHT_CONTACT=1
TRIAL=002 HOLD_SIM_SEC=1.700 HOLD_WALL_SEC=2.001 ACTUAL_LIFT_M=0.07501 RELATIVE_SLIP_M=0.00003 LEFT_CONTACT=1 RIGHT_CONTACT=1
TRIAL=002 HOLD_SIM_SEC=2.564 HOLD_WALL_SEC=3.001 ACTUAL_LIFT_M=0.07493 RELATIVE_SLIP_M=0.00003 LEFT_CONTACT=1 RIGHT_CONTACT=1
TRIAL=002 HOLD_SIM_SEC=3.424 HOLD_WALL_SEC=4.001 ACTUAL_LIFT_M=0.07484 RELATIVE_SLIP_M=0.00003 LEFT_CONTACT=1 RIGHT_CONTACT=1
TRIAL=002 HOLD_SIM_SEC=4.298 HOLD_WALL_SEC=5.002 ACTUAL_LIFT_M=0.07478 RELATIVE_SLIP_M=0.00003 LEFT_CONTACT=1 RIGHT_CONTACT=1
TRIAL=002 PHASE=PLACE_DOWN
TRIAL=002 PHASE=OPEN_GRIPPER
TRIAL=002 PHASE=RETREAT_PREGRASP
TRIAL=002 PHASE=GRASP_SUCCESS
TRIAL=002 DAY5_PLACE_RELEASE=PASS
DAY4_GRASP_RESULT=SUCCESS
DAY4_STEP=1 EPISODE=002 STEP=04 DIST=0.005564 YAW_ERR_DEG=0.028 REQUESTED_MOVE=0.004944 EXECUTED_MOVE=0.004853 ATTEMPT=1 SUCCESS=1 TERMINATED=1 TRUNCATED=0
DAY7_EPISODE=2 LEVEL=L3 VALID=2/50 TECHNICAL=False SUCCESS=True REASON=
DAY4_RESET_GRIPPER=OPEN ANGLE_RAD=1.570000 EFFORT_NM=1.200000
DAY4_RESET_GRIPPER=AFTER_INITIAL_MOVE ANGLE_RAD=1.570000 EFFORT_NM=1.200000
TRIAL=003 VISUAL_CENTER=[0.31894880533218384, -0.00034948065876960754, 0.02963819580425537] SURFACE=[0.31894880533218384, -0.00034948065876960754, 0.05463819580425537] CONTOUR_DEG=-0.49 AXIS_STD_DEG=0.16 FOOTPRINT=[0.0499123428016901, 0.0499123428016901] CONFIDENCE=0.9660
TRIAL=003 SELECTED_CONTOUR_ORIENTATION=+89.51deg TILT=26.0 LEAN=+1 SYMMETRY=1 IK_FK_POS_ERROR=0.000001m IK_FK_ORIENTATION_ERROR=0.000000rad FINGER_FK_LIFT=0.080000m FINGER_FK_DRIFT=0.000000m JOINT_MOTION=3.006681rad
DAY4_MOTION_DONE=1 ELAPSED_SIM=1.200 INITIAL_ERR=0.01592 FINAL_ERR=0.00033 ARM_V=0.00364
DAY4_STEP=1 EPISODE=003 STEP=01 DIST=0.020338 YAW_ERR_DEG=0.006 REQUESTED_MOVE=0.005004 EXECUTED_MOVE=0.004893 ATTEMPT=0 SUCCESS=0 TERMINATED=0 TRUNCATED=0
DAY4_MOTION_DONE=1 ELAPSED_SIM=1.200 INITIAL_ERR=0.01657 FINAL_ERR=0.00028 ARM_V=0.00306
DAY4_STEP=1 EPISODE=003 STEP=02 DIST=0.015455 YAW_ERR_DEG=0.012 REQUESTED_MOVE=0.004971 EXECUTED_MOVE=0.004883 ATTEMPT=0 SUCCESS=0 TERMINATED=0 TRUNCATED=0
DAY4_MOTION_DONE=1 ELAPSED_SIM=1.200 INITIAL_ERR=0.01680 FINAL_ERR=0.00034 ARM_V=0.00382
DAY4_STEP=1 EPISODE=003 STEP=03 DIST=0.010602 YAW_ERR_DEG=0.016 REQUESTED_MOVE=0.004960 EXECUTED_MOVE=0.004854 ATTEMPT=0 SUCCESS=0 TERMINATED=0 TRUNCATED=0
DAY4_MOTION_DONE=1 ELAPSED_SIM=1.200 INITIAL_ERR=0.01688 FINAL_ERR=0.00035 ARM_V=0.00384
DAY4_GRASP_ATTEMPT=1
TRIAL=003 PHASE=CLOSE_SEARCH
TRIAL=003 LEFT_CONTACT=0 RIGHT_CONTACT=0 STALL=0
TRIAL=003 LEFT_CONTACT=1 RIGHT_CONTACT=0 STALL=0
TRIAL=003 PHASE=WAIT_DUAL_CONTACT
TRIAL=003 PHASE=WAIT_STALL
TRIAL=003 LEFT_CONTACT=1 RIGHT_CONTACT=1 STALL=0 GRIPPER_ERROR=0.06376 VELOCITY=0.03534 CLOSURE_M=0.00056
TRIAL=003 LEFT_CONTACT=1 RIGHT_CONTACT=1 STALL=0 GRIPPER_ERROR=0.05204 VELOCITY=0.00237 CLOSURE_M=0.00098
TRIAL=003 LEFT_CONTACT=1 RIGHT_CONTACT=1 STALL=0 GRIPPER_ERROR=0.04651 VELOCITY=0.00582 CLOSURE_M=0.00118
TRIAL=003 LEFT_CONTACT=1 RIGHT_CONTACT=1 STALL=0 GRIPPER_ERROR=0.04222 VELOCITY=0.00475 CLOSURE_M=0.00133
TRIAL=003 LEFT_CONTACT=1 RIGHT_CONTACT=1 STALL=0 GRIPPER_ERROR=0.03856 VELOCITY=0.00440 CLOSURE_M=0.00146
TRIAL=003 PHASE=LIFT_80_MM
TRIAL=003 ACTUAL_LIFT_M=-0.00001 LEFT_CONTACT=1 RIGHT_CONTACT=1
TRIAL=003 ACTUAL_LIFT_M=0.02367 LEFT_CONTACT=1 RIGHT_CONTACT=1
TRIAL=003 ACTUAL_LIFT_M=0.05136 LEFT_CONTACT=1 RIGHT_CONTACT=1
TRIAL=003 PHASE=HOLD
TRIAL=003 HOLD_SIM_SEC=0.000 HOLD_WALL_SEC=0.001 ACTUAL_LIFT_M=0.07306 RELATIVE_SLIP_M=0.00000 LEFT_CONTACT=1 RIGHT_CONTACT=1
TRIAL=003 HOLD_SIM_SEC=0.818 HOLD_WALL_SEC=1.002 ACTUAL_LIFT_M=0.07619 RELATIVE_SLIP_M=0.00028 LEFT_CONTACT=1 RIGHT_CONTACT=1
TRIAL=003 HOLD_SIM_SEC=1.628 HOLD_WALL_SEC=2.002 ACTUAL_LIFT_M=0.07614 RELATIVE_SLIP_M=0.00028 LEFT_CONTACT=1 RIGHT_CONTACT=1
TRIAL=003 HOLD_SIM_SEC=2.500 HOLD_WALL_SEC=3.002 ACTUAL_LIFT_M=0.07608 RELATIVE_SLIP_M=0.00028 LEFT_CONTACT=1 RIGHT_CONTACT=1
TRIAL=003 HOLD_SIM_SEC=3.344 HOLD_WALL_SEC=4.002 ACTUAL_LIFT_M=0.07602 RELATIVE_SLIP_M=0.00028 LEFT_CONTACT=1 RIGHT_CONTACT=1
TRIAL=003 HOLD_SIM_SEC=4.178 HOLD_WALL_SEC=5.003 ACTUAL_LIFT_M=0.07595 RELATIVE_SLIP_M=0.00028 LEFT_CONTACT=1 RIGHT_CONTACT=1
TRIAL=003 HOLD_SIM_SEC=4.956 HOLD_WALL_SEC=6.003 ACTUAL_LIFT_M=0.07589 RELATIVE_SLIP_M=0.00028 LEFT_CONTACT=1 RIGHT_CONTACT=1
TRIAL=003 PHASE=PLACE_DOWN
TRIAL=003 PHASE=OPEN_GRIPPER
TRIAL=003 PHASE=RETREAT_PREGRASP
TRIAL=003 PHASE=GRASP_SUCCESS
TRIAL=003 DAY5_PLACE_RELEASE=PASS
DAY4_GRASP_RESULT=SUCCESS
DAY4_STEP=1 EPISODE=003 STEP=04 DIST=0.005758 YAW_ERR_DEG=0.019 REQUESTED_MOVE=0.004952 EXECUTED_MOVE=0.004847 ATTEMPT=1 SUCCESS=1 TERMINATED=1 TRUNCATED=0
DAY7_EPISODE=3 LEVEL=L3 VALID=3/50 TECHNICAL=False SUCCESS=True REASON=
DAY4_RESET_GRIPPER=OPEN ANGLE_RAD=1.570000 EFFORT_NM=1.200000
DAY4_RESET_GRIPPER=AFTER_INITIAL_MOVE ANGLE_RAD=1.570000 EFFORT_NM=1.200000
TRIAL=004 VISUAL_CENTER=[0.2835943251848221, -0.013669478707015514, 0.027701543988316597] SURFACE=[0.2835943251848221, -0.013669478707015514, 0.0527015439883166] CONTOUR_DEG=-3.70 AXIS_STD_DEG=0.99 FOOTPRINT=[0.049826232716441154, 0.049826232716441154] CONFIDENCE=0.9128
TRIAL=004 SELECTED_CONTOUR_ORIENTATION=+86.30deg TILT=9.7 LEAN=+1 SYMMETRY=1 IK_FK_POS_ERROR=0.000001m IK_FK_ORIENTATION_ERROR=0.000000rad FINGER_FK_LIFT=0.080000m FINGER_FK_DRIFT=0.000000m JOINT_MOTION=2.994394rad
DAY4_MOTION_DONE=1 ELAPSED_SIM=1.202 INITIAL_ERR=0.01773 FINAL_ERR=0.00062 ARM_V=0.00687
DAY4_STEP=1 EPISODE=004 STEP=01 DIST=0.020270 YAW_ERR_DEG=0.007 REQUESTED_MOVE=0.005010 EXECUTED_MOVE=0.004831 ATTEMPT=0 SUCCESS=0 TERMINATED=0 TRUNCATED=0
DAY4_MOTION_DONE=1 ELAPSED_SIM=1.200 INITIAL_ERR=0.01790 FINAL_ERR=0.00068 ARM_V=0.00758
DAY4_STEP=1 EPISODE=004 STEP=02 DIST=0.015494 YAW_ERR_DEG=0.014 REQUESTED_MOVE=0.004966 EXECUTED_MOVE=0.004777 ATTEMPT=0 SUCCESS=0 TERMINATED=0 TRUNCATED=0
DAY4_MOTION_DONE=1 ELAPSED_SIM=1.202 INITIAL_ERR=0.01798 FINAL_ERR=0.00055 ARM_V=0.00615
DAY4_STEP=1 EPISODE=004 STEP=03 DIST=0.010694 YAW_ERR_DEG=0.019 REQUESTED_MOVE=0.004953 EXECUTED_MOVE=0.004801 ATTEMPT=0 SUCCESS=0 TERMINATED=0 TRUNCATED=0
DAY4_MOTION_DONE=1 ELAPSED_SIM=1.202 INITIAL_ERR=0.01797 FINAL_ERR=0.00069 ARM_V=0.00762
DAY4_GRASP_ATTEMPT=1
TRIAL=004 PHASE=CLOSE_SEARCH
TRIAL=004 LEFT_CONTACT=0 RIGHT_CONTACT=0 STALL=0
TRIAL=004 LEFT_CONTACT=1 RIGHT_CONTACT=0 STALL=0
TRIAL=004 PHASE=WAIT_DUAL_CONTACT
TRIAL=004 PHASE=WAIT_STALL
TRIAL=004 LEFT_CONTACT=1 RIGHT_CONTACT=1 STALL=0 GRIPPER_ERROR=0.04615 VELOCITY=0.10000 CLOSURE_M=0.00111
TRIAL=004 LEFT_CONTACT=1 RIGHT_CONTACT=1 STALL=0 GRIPPER_ERROR=0.04268 VELOCITY=0.00390 CLOSURE_M=0.00122
TRIAL=004 LEFT_CONTACT=1 RIGHT_CONTACT=1 STALL=0 GRIPPER_ERROR=0.04216 VELOCITY=0.00333 CLOSURE_M=0.00124
TRIAL=004 LEFT_CONTACT=1 RIGHT_CONTACT=1 STALL=0 GRIPPER_ERROR=0.03946 VELOCITY=0.00366 CLOSURE_M=0.00133
TRIAL=004 LEFT_CONTACT=1 RIGHT_CONTACT=1 STALL=0 GRIPPER_ERROR=0.03601 VELOCITY=0.00409 CLOSURE_M=0.00145
TRIAL=004 PHASE=LIFT_80_MM
TRIAL=004 ACTUAL_LIFT_M=-0.00001 LEFT_CONTACT=1 RIGHT_CONTACT=1
TRIAL=004 ACTUAL_LIFT_M=0.02211 LEFT_CONTACT=1 RIGHT_CONTACT=1
TRIAL=004 ACTUAL_LIFT_M=0.05046 LEFT_CONTACT=1 RIGHT_CONTACT=1
TRIAL=004 PHASE=HOLD
TRIAL=004 HOLD_SIM_SEC=0.000 HOLD_WALL_SEC=0.000 ACTUAL_LIFT_M=0.07152 RELATIVE_SLIP_M=0.00000 LEFT_CONTACT=1 RIGHT_CONTACT=1
TRIAL=004 HOLD_SIM_SEC=0.806 HOLD_WALL_SEC=1.000 ACTUAL_LIFT_M=0.07430 RELATIVE_SLIP_M=0.00025 LEFT_CONTACT=1 RIGHT_CONTACT=1
TRIAL=004 HOLD_SIM_SEC=1.652 HOLD_WALL_SEC=2.001 ACTUAL_LIFT_M=0.07424 RELATIVE_SLIP_M=0.00025 LEFT_CONTACT=1 RIGHT_CONTACT=1
TRIAL=004 HOLD_SIM_SEC=2.522 HOLD_WALL_SEC=3.001 ACTUAL_LIFT_M=0.07417 RELATIVE_SLIP_M=0.00025 LEFT_CONTACT=1 RIGHT_CONTACT=1
TRIAL=004 HOLD_SIM_SEC=3.398 HOLD_WALL_SEC=4.001 ACTUAL_LIFT_M=0.07409 RELATIVE_SLIP_M=0.00025 LEFT_CONTACT=1 RIGHT_CONTACT=1
TRIAL=004 HOLD_SIM_SEC=4.254 HOLD_WALL_SEC=5.001 ACTUAL_LIFT_M=0.07401 RELATIVE_SLIP_M=0.00025 LEFT_CONTACT=1 RIGHT_CONTACT=1
TRIAL=004 PHASE=PLACE_DOWN
TRIAL=004 PHASE=OPEN_GRIPPER
TRIAL=004 PHASE=RETREAT_PREGRASP
TRIAL=004 PHASE=GRASP_SUCCESS
TRIAL=004 DAY5_PLACE_RELEASE=PASS
DAY4_GRASP_RESULT=SUCCESS
DAY4_STEP=1 EPISODE=004 STEP=04 DIST=0.005941 YAW_ERR_DEG=0.023 REQUESTED_MOVE=0.004945 EXECUTED_MOVE=0.004756 ATTEMPT=1 SUCCESS=1 TERMINATED=1 TRUNCATED=0
DAY7_EPISODE=4 LEVEL=L3 VALID=4/50 TECHNICAL=False SUCCESS=True REASON=
DAY4_RESET_GRIPPER=OPEN ANGLE_RAD=1.570000 EFFORT_NM=1.200000
DAY4_RESET_GRIPPER=AFTER_INITIAL_MOVE ANGLE_RAD=1.570000 EFFORT_NM=1.200000
TRIAL=005 VISUAL_CENTER=[0.29619210958480835, -0.01873333752155304, 0.02193092482862139] SURFACE=[0.29619210958480835, -0.01873333752155304, 0.04693092482862139] CONTOUR_DEG=-0.46 AXIS_STD_DEG=0.13 FOOTPRINT=[0.04987511411309242, 0.04987511411309242] CONFIDENCE=0.9607
TRIAL=005 SELECTED_CONTOUR_ORIENTATION=+89.54deg TILT=15.0 LEAN=+1 SYMMETRY=1 IK_FK_POS_ERROR=0.000005m IK_FK_ORIENTATION_ERROR=0.000000rad FINGER_FK_LIFT=0.080000m FINGER_FK_DRIFT=0.000000m JOINT_MOTION=3.016686rad
DAY4_MOTION_DONE=1 ELAPSED_SIM=1.200 INITIAL_ERR=0.01627 FINAL_ERR=0.00035 ARM_V=0.00384
DAY4_STEP=1 EPISODE=005 STEP=01 DIST=0.021879 YAW_ERR_DEG=0.010 REQUESTED_MOVE=0.005036 EXECUTED_MOVE=0.004926 ATTEMPT=0 SUCCESS=0 TERMINATED=0 TRUNCATED=0
DAY4_MOTION_DONE=1 ELAPSED_SIM=1.200 INITIAL_ERR=0.01748 FINAL_ERR=0.00044 ARM_V=0.00490
DAY4_STEP=1 EPISODE=005 STEP=02 DIST=0.017027 YAW_ERR_DEG=0.016 REQUESTED_MOVE=0.004969 EXECUTED_MOVE=0.004841 ATTEMPT=0 SUCCESS=0 TERMINATED=0 TRUNCATED=0
DAY4_MOTION_DONE=1 ELAPSED_SIM=1.202 INITIAL_ERR=0.01760 FINAL_ERR=0.00040 ARM_V=0.00443
DAY4_STEP=1 EPISODE=005 STEP=03 DIST=0.012187 YAW_ERR_DEG=0.021 REQUESTED_MOVE=0.004956 EXECUTED_MOVE=0.004842 ATTEMPT=0 SUCCESS=0 TERMINATED=0 TRUNCATED=0
DAY4_MOTION_DONE=1 ELAPSED_SIM=1.202 INITIAL_ERR=0.01763 FINAL_ERR=0.00044 ARM_V=0.00493
DAY4_STEP=1 EPISODE=005 STEP=04 DIST=0.007367 YAW_ERR_DEG=0.025 REQUESTED_MOVE=0.004948 EXECUTED_MOVE=0.004822 ATTEMPT=0 SUCCESS=0 TERMINATED=0 TRUNCATED=0
DAY4_MOTION_DONE=1 ELAPSED_SIM=1.200 INITIAL_ERR=0.01762 FINAL_ERR=0.00044 ARM_V=0.00493
DAY4_GRASP_ATTEMPT=1
TRIAL=005 PHASE=CLOSE_SEARCH
TRIAL=005 LEFT_CONTACT=0 RIGHT_CONTACT=0 STALL=0
TRIAL=005 LEFT_CONTACT=1 RIGHT_CONTACT=0 STALL=0
TRIAL=005 PHASE=WAIT_DUAL_CONTACT
TRIAL=005 PHASE=WAIT_STALL
TRIAL=005 LEFT_CONTACT=1 RIGHT_CONTACT=1 STALL=0 GRIPPER_ERROR=0.06589 VELOCITY=0.12690 CLOSURE_M=0.00049
TRIAL=005 LEFT_CONTACT=1 RIGHT_CONTACT=1 STALL=0 GRIPPER_ERROR=0.04894 VELOCITY=0.01154 CLOSURE_M=0.00109
TRIAL=005 LEFT_CONTACT=1 RIGHT_CONTACT=1 STALL=0 GRIPPER_ERROR=0.04242 VELOCITY=0.00541 CLOSURE_M=0.00132
TRIAL=005 LEFT_CONTACT=1 RIGHT_CONTACT=1 STALL=0 GRIPPER_ERROR=0.03816 VELOCITY=0.00551 CLOSURE_M=0.00147
TRIAL=005 PHASE=LIFT_80_MM
TRIAL=005 ACTUAL_LIFT_M=0.00002 LEFT_CONTACT=1 RIGHT_CONTACT=1
TRIAL=005 ACTUAL_LIFT_M=0.02458 LEFT_CONTACT=1 RIGHT_CONTACT=1
TRIAL=005 ACTUAL_LIFT_M=0.05548 LEFT_CONTACT=1 RIGHT_CONTACT=1
TRIAL=005 PHASE=HOLD
TRIAL=005 HOLD_SIM_SEC=0.000 HOLD_WALL_SEC=0.000 ACTUAL_LIFT_M=0.07641 RELATIVE_SLIP_M=0.00000 LEFT_CONTACT=1 RIGHT_CONTACT=1
TRIAL=005 HOLD_SIM_SEC=0.840 HOLD_WALL_SEC=1.001 ACTUAL_LIFT_M=0.07904 RELATIVE_SLIP_M=0.00050 LEFT_CONTACT=1 RIGHT_CONTACT=1
TRIAL=005 HOLD_SIM_SEC=1.698 HOLD_WALL_SEC=2.001 ACTUAL_LIFT_M=0.07898 RELATIVE_SLIP_M=0.00050 LEFT_CONTACT=1 RIGHT_CONTACT=1
TRIAL=005 HOLD_SIM_SEC=2.574 HOLD_WALL_SEC=3.001 ACTUAL_LIFT_M=0.07890 RELATIVE_SLIP_M=0.00050 LEFT_CONTACT=1 RIGHT_CONTACT=1
TRIAL=005 HOLD_SIM_SEC=3.446 HOLD_WALL_SEC=4.001 ACTUAL_LIFT_M=0.07883 RELATIVE_SLIP_M=0.00050 LEFT_CONTACT=1 RIGHT_CONTACT=1
TRIAL=005 HOLD_SIM_SEC=4.296 HOLD_WALL_SEC=5.001 ACTUAL_LIFT_M=0.07875 RELATIVE_SLIP_M=0.00050 LEFT_CONTACT=1 RIGHT_CONTACT=1
TRIAL=005 PHASE=PLACE_DOWN
TRIAL=005 PHASE=OPEN_GRIPPER
TRIAL=005 PHASE=RETREAT_PREGRASP
TRIAL=005 PHASE=GRASP_SUCCESS
TRIAL=005 DAY5_PLACE_RELEASE=PASS
DAY4_GRASP_RESULT=SUCCESS
DAY4_STEP=1 EPISODE=005 STEP=05 DIST=0.002547 YAW_ERR_DEG=0.027 REQUESTED_MOVE=0.004941 EXECUTED_MOVE=0.004816 ATTEMPT=1 SUCCESS=1 TERMINATED=1 TRUNCATED=0
DAY7_EPISODE=5 LEVEL=L3 VALID=5/50 TECHNICAL=False SUCCESS=True REASON=
DAY4_RESET_GRIPPER=OPEN ANGLE_RAD=1.570000 EFFORT_NM=1.200000
DAY4_RESET_GRIPPER=AFTER_INITIAL_MOVE ANGLE_RAD=1.570000 EFFORT_NM=1.200000
TRIAL=006 VISUAL_CENTER=[0.2915017008781433, 0.0030442364513874054, 0.023814512929528082] SURFACE=[0.2915017008781433, 0.0030442364513874054, 0.048814512929528084] CONTOUR_DEG=0.44 AXIS_STD_DEG=0.49 FOOTPRINT=[0.04996241442859173, 0.04996241442859173] CONFIDENCE=0.9343
TRIAL=006 SELECTED_CONTOUR_ORIENTATION=+90.44deg TILT=12.8 LEAN=+1 SYMMETRY=1 IK_FK_POS_ERROR=0.000000m IK_FK_ORIENTATION_ERROR=0.000000rad FINGER_FK_LIFT=0.080000m FINGER_FK_DRIFT=0.000000m JOINT_MOTION=3.026760rad
DAY4_MOTION_DONE=1 ELAPSED_SIM=1.200 INITIAL_ERR=0.01745 FINAL_ERR=0.00049 ARM_V=0.00547
DAY4_STEP=1 EPISODE=006 STEP=01 DIST=0.020249 YAW_ERR_DEG=0.007 REQUESTED_MOVE=0.005000 EXECUTED_MOVE=0.004855 ATTEMPT=0 SUCCESS=0 TERMINATED=0 TRUNCATED=0
DAY4_MOTION_DONE=1 ELAPSED_SIM=1.202 INITIAL_ERR=0.01763 FINAL_ERR=0.00044 ARM_V=0.00493
DAY4_STEP=1 EPISODE=006 STEP=02 DIST=0.015409 YAW_ERR_DEG=0.015 REQUESTED_MOVE=0.004968 EXECUTED_MOVE=0.004841 ATTEMPT=0 SUCCESS=0 TERMINATED=0 TRUNCATED=0
DAY4_MOTION_DONE=1 ELAPSED_SIM=1.202 INITIAL_ERR=0.01772 FINAL_ERR=0.00050 ARM_V=0.00551
DAY4_STEP=1 EPISODE=006 STEP=03 DIST=0.010595 YAW_ERR_DEG=0.021 REQUESTED_MOVE=0.004955 EXECUTED_MOVE=0.004816 ATTEMPT=0 SUCCESS=0 TERMINATED=0 TRUNCATED=0
DAY4_MOTION_DONE=1 ELAPSED_SIM=1.202 INITIAL_ERR=0.01773 FINAL_ERR=0.00050 ARM_V=0.00551
DAY4_GRASP_ATTEMPT=1
TRIAL=006 PHASE=CLOSE_SEARCH
TRIAL=006 LEFT_CONTACT=0 RIGHT_CONTACT=0 STALL=0
TRIAL=006 LEFT_CONTACT=0 RIGHT_CONTACT=0 STALL=0
TRIAL=006 PHASE=WAIT_DUAL_CONTACT
TRIAL=006 PHASE=WAIT_STALL
TRIAL=006 LEFT_CONTACT=1 RIGHT_CONTACT=1 STALL=0 GRIPPER_ERROR=0.05913 VELOCITY=0.11313 CLOSURE_M=0.00064
TRIAL=006 LEFT_CONTACT=1 RIGHT_CONTACT=1 STALL=0 GRIPPER_ERROR=0.04475 VELOCITY=0.02207 CLOSURE_M=0.00109
TRIAL=006 LEFT_CONTACT=1 RIGHT_CONTACT=1 STALL=0 GRIPPER_ERROR=0.03912 VELOCITY=0.00772 CLOSURE_M=0.00127
TRIAL=006 LEFT_CONTACT=1 RIGHT_CONTACT=1 STALL=0 GRIPPER_ERROR=0.03541 VELOCITY=0.00505 CLOSURE_M=0.00139
TRIAL=006 LEFT_CONTACT=1 RIGHT_CONTACT=1 STALL=1 GRIPPER_ERROR=0.03151 VELOCITY=0.00408 CLOSURE_M=0.00152
TRIAL=006 PHASE=LIFT_80_MM
TRIAL=006 ACTUAL_LIFT_M=-0.00002 LEFT_CONTACT=1 RIGHT_CONTACT=1
TRIAL=006 ACTUAL_LIFT_M=0.02486 LEFT_CONTACT=1 RIGHT_CONTACT=1
TRIAL=006 ACTUAL_LIFT_M=0.05384 LEFT_CONTACT=1 RIGHT_CONTACT=1
TRIAL=006 PHASE=HOLD
TRIAL=006 HOLD_SIM_SEC=0.000 HOLD_WALL_SEC=0.000 ACTUAL_LIFT_M=0.07142 RELATIVE_SLIP_M=0.00000 LEFT_CONTACT=1 RIGHT_CONTACT=1
TRIAL=006 HOLD_SIM_SEC=0.826 HOLD_WALL_SEC=1.001 ACTUAL_LIFT_M=0.07412 RELATIVE_SLIP_M=0.00025 LEFT_CONTACT=1 RIGHT_CONTACT=1
TRIAL=006 HOLD_SIM_SEC=1.678 HOLD_WALL_SEC=2.001 ACTUAL_LIFT_M=0.07406 RELATIVE_SLIP_M=0.00025 LEFT_CONTACT=1 RIGHT_CONTACT=1
TRIAL=006 HOLD_SIM_SEC=2.554 HOLD_WALL_SEC=3.001 ACTUAL_LIFT_M=0.07398 RELATIVE_SLIP_M=0.00025 LEFT_CONTACT=1 RIGHT_CONTACT=1
TRIAL=006 HOLD_SIM_SEC=3.460 HOLD_WALL_SEC=4.001 ACTUAL_LIFT_M=0.07390 RELATIVE_SLIP_M=0.00025 LEFT_CONTACT=1 RIGHT_CONTACT=1
TRIAL=006 HOLD_SIM_SEC=4.362 HOLD_WALL_SEC=5.002 ACTUAL_LIFT_M=0.07382 RELATIVE_SLIP_M=0.00025 LEFT_CONTACT=1 RIGHT_CONTACT=1
TRIAL=006 PHASE=PLACE_DOWN
TRIAL=006 PHASE=OPEN_GRIPPER
TRIAL=006 PHASE=RETREAT_PREGRASP
TRIAL=006 PHASE=GRASP_SUCCESS
TRIAL=006 DAY5_PLACE_RELEASE=PASS
DAY4_GRASP_RESULT=SUCCESS
DAY4_STEP=1 EPISODE=006 STEP=04 DIST=0.005790 YAW_ERR_DEG=0.025 REQUESTED_MOVE=0.004947 EXECUTED_MOVE=0.004808 ATTEMPT=1 SUCCESS=1 TERMINATED=1 TRUNCATED=0
DAY7_EPISODE=6 LEVEL=L3 VALID=6/50 TECHNICAL=False SUCCESS=True REASON=
DAY4_RESET_GRIPPER=OPEN ANGLE_RAD=1.570000 EFFORT_NM=1.200000
DAY4_RESET_GRIPPER=AFTER_INITIAL_MOVE ANGLE_RAD=1.570000 EFFORT_NM=1.200000
TRIAL=007 VISUAL_CENTER=[0.3131757080554962, -0.00034245289862155914, 0.026119867127066] SURFACE=[0.3131757080554962, -0.00034245289862155914, 0.051119867127066] CONTOUR_DEG=-0.02 AXIS_STD_DEG=0.16 FOOTPRINT=[0.05035132355988026, 0.05035132355988026] CONFIDENCE=0.9626
TRIAL=007 SELECTED_CONTOUR_ORIENTATION=+89.98deg TILT=23.0 LEAN=+1 SYMMETRY=1 IK_FK_POS_ERROR=0.000000m IK_FK_ORIENTATION_ERROR=0.000000rad FINGER_FK_LIFT=0.080000m FINGER_FK_DRIFT=0.000000m JOINT_MOTION=3.110016rad
DAY4_MOTION_DONE=1 ELAPSED_SIM=1.202 INITIAL_ERR=0.01626 FINAL_ERR=0.00046 ARM_V=0.00510
DAY4_STEP=1 EPISODE=007 STEP=01 DIST=0.020364 YAW_ERR_DEG=0.007 REQUESTED_MOVE=0.005004 EXECUTED_MOVE=0.004855 ATTEMPT=0 SUCCESS=0 TERMINATED=0 TRUNCATED=0
DAY4_MOTION_DONE=1 ELAPSED_SIM=1.200 INITIAL_ERR=0.01664 FINAL_ERR=0.00052 ARM_V=0.00577
DAY4_STEP=1 EPISODE=007 STEP=02 DIST=0.015553 YAW_ERR_DEG=0.013 REQUESTED_MOVE=0.004970 EXECUTED_MOVE=0.004813 ATTEMPT=0 SUCCESS=0 TERMINATED=0 TRUNCATED=0
DAY4_MOTION_DONE=1 ELAPSED_SIM=1.202 INITIAL_ERR=0.01670 FINAL_ERR=0.00047 ARM_V=0.00522
DAY4_STEP=1 EPISODE=007 STEP=03 DIST=0.010735 YAW_ERR_DEG=0.018 REQUESTED_MOVE=0.004959 EXECUTED_MOVE=0.004818 ATTEMPT=0 SUCCESS=0 TERMINATED=0 TRUNCATED=0
DAY4_MOTION_DONE=1 ELAPSED_SIM=1.200 INITIAL_ERR=0.01695 FINAL_ERR=0.00048 ARM_V=0.00530
DAY4_GRASP_ATTEMPT=1
TRIAL=007 PHASE=CLOSE_SEARCH
TRIAL=007 LEFT_CONTACT=0 RIGHT_CONTACT=0 STALL=0
TRIAL=007 LEFT_CONTACT=1 RIGHT_CONTACT=0 STALL=0
TRIAL=007 PHASE=WAIT_DUAL_CONTACT
TRIAL=007 PHASE=WAIT_STALL
TRIAL=007 LEFT_CONTACT=1 RIGHT_CONTACT=1 STALL=0 GRIPPER_ERROR=0.06623 VELOCITY=0.03684 CLOSURE_M=0.00040
TRIAL=007 LEFT_CONTACT=1 RIGHT_CONTACT=1 STALL=0 GRIPPER_ERROR=0.04721 VELOCITY=0.01184 CLOSURE_M=0.00098
TRIAL=007 LEFT_CONTACT=1 RIGHT_CONTACT=1 STALL=0 GRIPPER_ERROR=0.04061 VELOCITY=0.00607 CLOSURE_M=0.00118
TRIAL=007 LEFT_CONTACT=1 RIGHT_CONTACT=1 STALL=0 GRIPPER_ERROR=0.03601 VELOCITY=0.00489 CLOSURE_M=0.00132
TRIAL=007 LEFT_CONTACT=1 RIGHT_CONTACT=1 STALL=0 GRIPPER_ERROR=0.03210 VELOCITY=0.00447 CLOSURE_M=0.00145
TRIAL=007 PHASE=LIFT_80_MM
TRIAL=007 ACTUAL_LIFT_M=-0.00005 LEFT_CONTACT=1 RIGHT_CONTACT=1
TRIAL=007 ACTUAL_LIFT_M=0.02395 LEFT_CONTACT=1 RIGHT_CONTACT=1
TRIAL=007 ACTUAL_LIFT_M=0.05314 LEFT_CONTACT=1 RIGHT_CONTACT=1
TRIAL=007 PHASE=HOLD
TRIAL=007 HOLD_SIM_SEC=0.000 HOLD_WALL_SEC=0.000 ACTUAL_LIFT_M=0.07162 RELATIVE_SLIP_M=0.00000 LEFT_CONTACT=1 RIGHT_CONTACT=1
TRIAL=007 HOLD_SIM_SEC=0.820 HOLD_WALL_SEC=1.001 ACTUAL_LIFT_M=0.07466 RELATIVE_SLIP_M=0.00028 LEFT_CONTACT=1 RIGHT_CONTACT=1
TRIAL=007 HOLD_SIM_SEC=1.696 HOLD_WALL_SEC=2.001 ACTUAL_LIFT_M=0.07460 RELATIVE_SLIP_M=0.00028 LEFT_CONTACT=1 RIGHT_CONTACT=1
TRIAL=007 HOLD_SIM_SEC=2.282 HOLD_WALL_SEC=3.001 ACTUAL_LIFT_M=0.07456 RELATIVE_SLIP_M=0.00028 LEFT_CONTACT=1 RIGHT_CONTACT=1
TRIAL=007 HOLD_SIM_SEC=3.108 HOLD_WALL_SEC=4.001 ACTUAL_LIFT_M=0.07449 RELATIVE_SLIP_M=0.00028 LEFT_CONTACT=1 RIGHT_CONTACT=1
TRIAL=007 HOLD_SIM_SEC=3.966 HOLD_WALL_SEC=5.001 ACTUAL_LIFT_M=0.07441 RELATIVE_SLIP_M=0.00028 LEFT_CONTACT=1 RIGHT_CONTACT=1
TRIAL=007 HOLD_SIM_SEC=4.820 HOLD_WALL_SEC=6.001 ACTUAL_LIFT_M=0.07435 RELATIVE_SLIP_M=0.00028 LEFT_CONTACT=1 RIGHT_CONTACT=1
TRIAL=007 PHASE=PLACE_DOWN
TRIAL=007 PHASE=OPEN_GRIPPER
TRIAL=007 PHASE=RETREAT_PREGRASP
TRIAL=007 PHASE=GRASP_SUCCESS
TRIAL=007 DAY5_PLACE_RELEASE=PASS
DAY4_GRASP_RESULT=SUCCESS
DAY4_STEP=1 EPISODE=007 STEP=04 DIST=0.005928 YAW_ERR_DEG=0.021 REQUESTED_MOVE=0.004951 EXECUTED_MOVE=0.004810 ATTEMPT=1 SUCCESS=1 TERMINATED=1 TRUNCATED=0
DAY7_EPISODE=7 LEVEL=L3 VALID=7/50 TECHNICAL=False SUCCESS=True REASON=
DAY4_RESET_GRIPPER=OPEN ANGLE_RAD=1.570000 EFFORT_NM=1.200000
DAY4_RESET_GRIPPER=AFTER_INITIAL_MOVE ANGLE_RAD=1.570000 EFFORT_NM=1.200000
TRIAL=008 VISUAL_CENTER=[0.31849996745586395, 0.02059686538996175, 0.0262500991419684] SURFACE=[0.31849996745586395, 0.02059686538996175, 0.0512500991419684] CONTOUR_DEG=0.75 AXIS_STD_DEG=0.28 FOOTPRINT=[0.0511226337403059, 0.0511226337403059] CONFIDENCE=0.9669
TRIAL=008 SELECTED_CONTOUR_ORIENTATION=+90.75deg TILT=26.1 LEAN=+1 SYMMETRY=1 IK_FK_POS_ERROR=0.000010m IK_FK_ORIENTATION_ERROR=0.000000rad FINGER_FK_LIFT=0.080000m FINGER_FK_DRIFT=0.000000m JOINT_MOTION=3.029651rad
DAY4_MOTION_DONE=1 ELAPSED_SIM=1.202 INITIAL_ERR=0.01601 FINAL_ERR=0.00033 ARM_V=0.00366
DAY4_STEP=1 EPISODE=008 STEP=01 DIST=0.020361 YAW_ERR_DEG=0.002 REQUESTED_MOVE=0.005003 EXECUTED_MOVE=0.004890 ATTEMPT=0 SUCCESS=0 TERMINATED=0 TRUNCATED=0
DAY4_MOTION_DONE=1 ELAPSED_SIM=1.200 INITIAL_ERR=0.01663 FINAL_ERR=0.00031 ARM_V=0.00341
DAY4_STEP=1 EPISODE=008 STEP=02 DIST=0.015490 YAW_ERR_DEG=0.007 REQUESTED_MOVE=0.004971 EXECUTED_MOVE=0.004873 ATTEMPT=0 SUCCESS=0 TERMINATED=0 TRUNCATED=0
DAY4_MOTION_DONE=1 ELAPSED_SIM=1.202 INITIAL_ERR=0.01685 FINAL_ERR=0.00031 ARM_V=0.00345
DAY4_STEP=1 EPISODE=008 STEP=03 DIST=0.010629 YAW_ERR_DEG=0.012 REQUESTED_MOVE=0.004959 EXECUTED_MOVE=0.004862 ATTEMPT=0 SUCCESS=0 TERMINATED=0 TRUNCATED=0
DAY4_MOTION_DONE=1 ELAPSED_SIM=1.200 INITIAL_ERR=0.01696 FINAL_ERR=0.00031 ARM_V=0.00347
DAY4_GRASP_ATTEMPT=1
TRIAL=008 PHASE=CLOSE_SEARCH
TRIAL=008 LEFT_CONTACT=0 RIGHT_CONTACT=0 STALL=0
TRIAL=008 LEFT_CONTACT=0 RIGHT_CONTACT=1 STALL=0
TRIAL=008 PHASE=WAIT_DUAL_CONTACT
TRIAL=008 PHASE=WAIT_STALL
TRIAL=008 LEFT_CONTACT=1 RIGHT_CONTACT=1 STALL=0 GRIPPER_ERROR=0.05742 VELOCITY=0.03895 CLOSURE_M=0.00059
TRIAL=008 LEFT_CONTACT=1 RIGHT_CONTACT=1 STALL=0 GRIPPER_ERROR=0.04551 VELOCITY=0.00795 CLOSURE_M=0.00091
TRIAL=008 LEFT_CONTACT=1 RIGHT_CONTACT=1 STALL=0 GRIPPER_ERROR=0.03999 VELOCITY=0.00548 CLOSURE_M=0.00106
TRIAL=008 LEFT_CONTACT=1 RIGHT_CONTACT=1 STALL=0 GRIPPER_ERROR=0.03567 VELOCITY=0.00467 CLOSURE_M=0.00118
TRIAL=008 LEFT_CONTACT=1 RIGHT_CONTACT=1 STALL=0 GRIPPER_ERROR=0.03168 VELOCITY=0.00446 CLOSURE_M=0.00129
TRIAL=008 LEFT_CONTACT=1 RIGHT_CONTACT=1 STALL=0 GRIPPER_ERROR=0.02786 VELOCITY=0.00440 CLOSURE_M=0.00140
TRIAL=008 LEFT_CONTACT=1 RIGHT_CONTACT=1 STALL=1 GRIPPER_ERROR=0.02403 VELOCITY=0.00438 CLOSURE_M=0.00151
TRIAL=008 PHASE=LIFT_80_MM
TRIAL=008 ACTUAL_LIFT_M=-0.00002 LEFT_CONTACT=1 RIGHT_CONTACT=1
TRIAL=008 ACTUAL_LIFT_M=0.02435 LEFT_CONTACT=1 RIGHT_CONTACT=1
TRIAL=008 ACTUAL_LIFT_M=0.05465 LEFT_CONTACT=1 RIGHT_CONTACT=1
TRIAL=008 PHASE=HOLD
TRIAL=008 HOLD_SIM_SEC=0.000 HOLD_WALL_SEC=0.000 ACTUAL_LIFT_M=0.07272 RELATIVE_SLIP_M=0.00000 LEFT_CONTACT=1 RIGHT_CONTACT=1
TRIAL=008 HOLD_SIM_SEC=0.842 HOLD_WALL_SEC=1.001 ACTUAL_LIFT_M=0.07569 RELATIVE_SLIP_M=0.00028 LEFT_CONTACT=1 RIGHT_CONTACT=1
TRIAL=008 HOLD_SIM_SEC=1.750 HOLD_WALL_SEC=2.001 ACTUAL_LIFT_M=0.07563 RELATIVE_SLIP_M=0.00028 LEFT_CONTACT=1 RIGHT_CONTACT=1
TRIAL=008 HOLD_SIM_SEC=2.614 HOLD_WALL_SEC=3.001 ACTUAL_LIFT_M=0.07555 RELATIVE_SLIP_M=0.00028 LEFT_CONTACT=1 RIGHT_CONTACT=1
TRIAL=008 HOLD_SIM_SEC=3.476 HOLD_WALL_SEC=4.001 ACTUAL_LIFT_M=0.07547 RELATIVE_SLIP_M=0.00028 LEFT_CONTACT=1 RIGHT_CONTACT=1
TRIAL=008 HOLD_SIM_SEC=4.324 HOLD_WALL_SEC=5.002 ACTUAL_LIFT_M=0.07538 RELATIVE_SLIP_M=0.00028 LEFT_CONTACT=1 RIGHT_CONTACT=1
TRIAL=008 PHASE=PLACE_DOWN
TRIAL=008 PHASE=OPEN_GRIPPER
TRIAL=008 PHASE=RETREAT_PREGRASP
TRIAL=008 PHASE=GRASP_SUCCESS
TRIAL=008 DAY5_PLACE_RELEASE=PASS
DAY4_GRASP_RESULT=SUCCESS
DAY4_STEP=1 EPISODE=008 STEP=04 DIST=0.005776 YAW_ERR_DEG=0.015 REQUESTED_MOVE=0.004951 EXECUTED_MOVE=0.004855 ATTEMPT=1 SUCCESS=1 TERMINATED=1 TRUNCATED=0
DAY7_EPISODE=8 LEVEL=L3 VALID=8/50 TECHNICAL=False SUCCESS=True REASON=
DAY4_RESET_GRIPPER=OPEN ANGLE_RAD=1.570000 EFFORT_NM=1.200000
DAY4_RESET_GRIPPER=AFTER_INITIAL_MOVE ANGLE_RAD=1.570000 EFFORT_NM=1.200000
TRIAL=009 VISUAL_CENTER=[0.3284441977739334, 0.025600401142582996, 0.028324066087977127] SURFACE=[0.3284441977739334, 0.025600401142582996, 0.05332406608797713] CONTOUR_DEG=0.40 AXIS_STD_DEG=0.18 FOOTPRINT=[0.04990726709365845, 0.04990726709365845] CONFIDENCE=0.9688
DAY7_EPISODE=9 LEVEL=L3 VALID=8/50 TECHNICAL=True SUCCESS=False REASON=TestFailure: RESET_FAIL: Day4 reset failed after 1 attempts: IK_FAIL: [{"contour_yaw_deg": 0.3957907401991122, "symmetry": 0, "feasible": false, "failure_samples": ["IK_FAIL: no contour-constrained IK at center=[0.3284441977739334, 0.025600401142582996, 0.11332406608797713] axis=0.40; samples=['geometry pos=0.00042 line=0.69696 tilt=40.87', 'geometry pos=0.00042 line=0.69627 tilt=40.81', 'geometry pos=0.00041 line=0.64333 tilt=142.41']"]}, {"contour_yaw_deg": 0.3957907401991122, "symmetry": 1, "feasible": false, "failure_samples": ["IK_FAIL: no contour-constrained IK at center=[0.3284441977739334, 0.025600401142582996, 0.11332406608797713] axis=90.40; samples=['geometry pos=0.00002 line=0.06052 tilt=40.54', 'geometry pos=0.00002 line=0.06052 tilt=40.54', 'geometry pos=0.00001 line=0.05550 tilt=141.68']"]}, {"contour_yaw_deg": 0.3957907401991122, "symmetry": 2, "feasible": true, "equivalent_to_symmetry": 0}, {"contour_yaw_deg": 0.3957907401991122, "symmetry": 3, "feasible": true, "equivalent_to_symmetry": 1}]
DAY4_RESET_GRIPPER=OPEN ANGLE_RAD=1.570000 EFFORT_NM=1.200000
DAY4_RESET_GRIPPER=AFTER_INITIAL_MOVE ANGLE_RAD=1.570000 EFFORT_NM=1.200000
TRIAL=010 VISUAL_CENTER=[0.32143303751945496, 0.017512342426925898, 0.028151776142851373] SURFACE=[0.32143303751945496, 0.017512342426925898, 0.053151776142851374] CONTOUR_DEG=-0.98 AXIS_STD_DEG=0.10 FOOTPRINT=[0.04965538717806339, 0.04965538717806339] CONFIDENCE=0.9657
TRIAL=010 SELECTED_CONTOUR_ORIENTATION=+89.02deg TILT=27.3 LEAN=+1 SYMMETRY=1 IK_FK_POS_ERROR=0.000016m IK_FK_ORIENTATION_ERROR=0.000000rad FINGER_FK_LIFT=0.080000m FINGER_FK_DRIFT=0.000000m JOINT_MOTION=3.019872rad
DAY4_MOTION_DONE=1 ELAPSED_SIM=1.202 INITIAL_ERR=0.01593 FINAL_ERR=0.00027 ARM_V=0.00295
DAY4_STEP=1 EPISODE=010 STEP=01 DIST=0.020325 YAW_ERR_DEG=0.001 REQUESTED_MOVE=0.004998 EXECUTED_MOVE=0.004908 ATTEMPT=0 SUCCESS=0 TERMINATED=0 TRUNCATED=0
DAY4_MOTION_DONE=1 ELAPSED_SIM=1.202 INITIAL_ERR=0.01650 FINAL_ERR=0.00030 ARM_V=0.00339
DAY4_STEP=1 EPISODE=010 STEP=02 DIST=0.015452 YAW_ERR_DEG=0.005 REQUESTED_MOVE=0.004971 EXECUTED_MOVE=0.004874 ATTEMPT=0 SUCCESS=0 TERMINATED=0 TRUNCATED=0
DAY4_MOTION_DONE=1 ELAPSED_SIM=1.202 INITIAL_ERR=0.01672 FINAL_ERR=0.00028 ARM_V=0.00309
DAY4_STEP=1 EPISODE=010 STEP=03 DIST=0.010580 YAW_ERR_DEG=0.009 REQUESTED_MOVE=0.004959 EXECUTED_MOVE=0.004873 ATTEMPT=0 SUCCESS=0 TERMINATED=0 TRUNCATED=0
DAY4_MOTION_DONE=1 ELAPSED_SIM=1.202 INITIAL_ERR=0.01685 FINAL_ERR=0.00028 ARM_V=0.00311
DAY4_GRASP_ATTEMPT=1
TRIAL=010 PHASE=CLOSE_SEARCH
TRIAL=010 LEFT_CONTACT=0 RIGHT_CONTACT=0 STALL=0
TRIAL=010 LEFT_CONTACT=1 RIGHT_CONTACT=0 STALL=0
TRIAL=010 PHASE=WAIT_DUAL_CONTACT
TRIAL=010 PHASE=WAIT_STALL
TRIAL=010 LEFT_CONTACT=1 RIGHT_CONTACT=1 STALL=0 GRIPPER_ERROR=0.06587 VELOCITY=0.04240 CLOSURE_M=0.00036
TRIAL=010 LEFT_CONTACT=1 RIGHT_CONTACT=1 STALL=0 GRIPPER_ERROR=0.04622 VELOCITY=0.01292 CLOSURE_M=0.00087
TRIAL=010 LEFT_CONTACT=1 RIGHT_CONTACT=1 STALL=0 GRIPPER_ERROR=0.03885 VELOCITY=0.00659 CLOSURE_M=0.00107
TRIAL=010 LEFT_CONTACT=1 RIGHT_CONTACT=1 STALL=0 GRIPPER_ERROR=0.03411 VELOCITY=0.00509 CLOSURE_M=0.00120
TRIAL=010 LEFT_CONTACT=1 RIGHT_CONTACT=1 STALL=0 GRIPPER_ERROR=0.03012 VELOCITY=0.00465 CLOSURE_M=0.00131
TRIAL=010 LEFT_CONTACT=1 RIGHT_CONTACT=1 STALL=0 GRIPPER_ERROR=0.02605 VELOCITY=0.00448 CLOSURE_M=0.00142
TRIAL=010 LEFT_CONTACT=1 RIGHT_CONTACT=1 STALL=1 GRIPPER_ERROR=0.02229 VELOCITY=0.00437 CLOSURE_M=0.00152
TRIAL=010 PHASE=LIFT_80_MM
TRIAL=010 ACTUAL_LIFT_M=0.00002 LEFT_CONTACT=1 RIGHT_CONTACT=1
TRIAL=010 ACTUAL_LIFT_M=0.02583 LEFT_CONTACT=1 RIGHT_CONTACT=1
TRIAL=010 ACTUAL_LIFT_M=0.05472 LEFT_CONTACT=1 RIGHT_CONTACT=1
TRIAL=010 PHASE=HOLD
TRIAL=010 HOLD_SIM_SEC=0.000 HOLD_WALL_SEC=0.000 ACTUAL_LIFT_M=0.07004 RELATIVE_SLIP_M=0.00000 LEFT_CONTACT=1 RIGHT_CONTACT=1
DAY4_GRASP_EXCEPTION=BLOCK_DROPPED_DURING_HOLD: height/table criterion failed
DAY4_STEP=1 EPISODE=010 STEP=04 DIST=0.005710 YAW_ERR_DEG=0.013 REQUESTED_MOVE=0.004951 EXECUTED_MOVE=0.004866 ATTEMPT=1 SUCCESS=0 TERMINATED=1 TRUNCATED=0
DAY7_EPISODE=10 LEVEL=L3 VALID=9/50 TECHNICAL=False SUCCESS=False REASON=
DAY4_RESET_GRIPPER=OPEN ANGLE_RAD=1.570000 EFFORT_NM=1.200000
DAY4_RESET_GRIPPER=AFTER_INITIAL_MOVE ANGLE_RAD=1.570000 EFFORT_NM=1.200000
TRIAL=011 VISUAL_CENTER=[0.3137252777814865, 0.03965340927243233, 0.03039192800874025] SURFACE=[0.3137252777814865, 0.03965340927243233, 0.05539192800874025] CONTOUR_DEG=-0.43 AXIS_STD_DEG=0.16 FOOTPRINT=[0.05092881992459297, 0.05092881992459297] CONFIDENCE=0.9607
DAY7_EPISODE=11 LEVEL=L3 VALID=9/50 TECHNICAL=True SUCCESS=False REASON=TestFailure: RESET_FAIL: Day4 reset failed after 1 attempts: IK_FAIL: [{"contour_yaw_deg": -0.42644884287600304, "symmetry": 0, "feasible": false, "failure_samples": ["IK_FAIL: no contour-constrained IK at center=[0.3137252777814865, 0.03965340927243233, 0.11539192800874026] axis=-0.43; samples=['geometry pos=0.00040 line=0.60533 tilt=35.46', 'geometry pos=0.00040 line=0.60533 tilt=35.46', 'geometry pos=0.00037 line=0.53701 tilt=148.63']"]}, {"contour_yaw_deg": -0.42644884287600304, "symmetry": 1, "feasible": false, "failure_samples": ["IK_FAIL: no contour-constrained IK at center=[0.3137252777814865, 0.03965340927243233, 0.11539192800874026] axis=89.57; samples=['geometry pos=0.00003 line=0.09349 tilt=35.20', 'geometry pos=0.00003 line=0.09349 tilt=35.20', 'geometry pos=0.00002 line=0.08259 tilt=147.90']"]}, {"contour_yaw_deg": -0.42644884287600304, "symmetry": 2, "feasible": true, "equivalent_to_symmetry": 0}, {"contour_yaw_deg": -0.42644884287600304, "symmetry": 3, "feasible": true, "equivalent_to_symmetry": 1}]
DAY4_RESET_GRIPPER=OPEN ANGLE_RAD=1.570000 EFFORT_NM=1.200000
DAY4_RESET_GRIPPER=AFTER_INITIAL_MOVE ANGLE_RAD=1.570000 EFFORT_NM=1.200000
TRIAL=012 VISUAL_CENTER=[0.29165758192539215, 0.016853484325110912, 0.03350431474065229] SURFACE=[0.29165758192539215, 0.016853484325110912, 0.05850431474065229] CONTOUR_DEG=2.83 AXIS_STD_DEG=0.41 FOOTPRINT=[0.04995443671941757, 0.04995443671941757] CONFIDENCE=0.9428
TRIAL=012 SELECTED_CONTOUR_ORIENTATION=+92.83deg TILT=14.0 LEAN=+1 SYMMETRY=1 IK_FK_POS_ERROR=0.000001m IK_FK_ORIENTATION_ERROR=0.000000rad FINGER_FK_LIFT=0.080000m FINGER_FK_DRIFT=0.000000m JOINT_MOTION=2.970301rad
DAY4_MOTION_DONE=1 ELAPSED_SIM=1.200 INITIAL_ERR=0.01712 FINAL_ERR=0.00054 ARM_V=0.00597
DAY4_STEP=1 EPISODE=012 STEP=01 DIST=0.020308 YAW_ERR_DEG=0.007 REQUESTED_MOVE=0.005013 EXECUTED_MOVE=0.004850 ATTEMPT=0 SUCCESS=0 TERMINATED=0 TRUNCATED=0
DAY4_MOTION_DONE=1 ELAPSED_SIM=1.202 INITIAL_ERR=0.01750 FINAL_ERR=0.00049 ARM_V=0.00548
DAY4_STEP=1 EPISODE=012 STEP=02 DIST=0.015484 YAW_ERR_DEG=0.014 REQUESTED_MOVE=0.004967 EXECUTED_MOVE=0.004825 ATTEMPT=0 SUCCESS=0 TERMINATED=0 TRUNCATED=0
DAY4_MOTION_DONE=1 ELAPSED_SIM=1.202 INITIAL_ERR=0.01760 FINAL_ERR=0.00044 ARM_V=0.00493
DAY4_STEP=1 EPISODE=012 STEP=03 DIST=0.010657 YAW_ERR_DEG=0.019 REQUESTED_MOVE=0.004955 EXECUTED_MOVE=0.004829 ATTEMPT=0 SUCCESS=0 TERMINATED=0 TRUNCATED=0
DAY4_MOTION_DONE=1 ELAPSED_SIM=1.202 INITIAL_ERR=0.01764 FINAL_ERR=0.00044 ARM_V=0.00494
DAY4_GRASP_ATTEMPT=1
TRIAL=012 PHASE=CLOSE_SEARCH
TRIAL=012 LEFT_CONTACT=0 RIGHT_CONTACT=0 STALL=0
TRIAL=012 LEFT_CONTACT=0 RIGHT_CONTACT=1 STALL=0
TRIAL=012 PHASE=WAIT_DUAL_CONTACT
TRIAL=012 PHASE=WAIT_STALL
TRIAL=012 LEFT_CONTACT=1 RIGHT_CONTACT=1 STALL=0 GRIPPER_ERROR=0.05881 VELOCITY=0.10000 CLOSURE_M=0.00075
TRIAL=012 LEFT_CONTACT=1 RIGHT_CONTACT=1 STALL=0 GRIPPER_ERROR=0.04270 VELOCITY=0.00194 CLOSURE_M=0.00133
TRIAL=012 LEFT_CONTACT=1 RIGHT_CONTACT=1 STALL=0 GRIPPER_ERROR=0.04042 VELOCITY=0.00658 CLOSURE_M=0.00141
TRIAL=012 LEFT_CONTACT=1 RIGHT_CONTACT=1 STALL=1 GRIPPER_ERROR=0.03715 VELOCITY=0.00354 CLOSURE_M=0.00153
TRIAL=012 PHASE=LIFT_80_MM
TRIAL=012 ACTUAL_LIFT_M=0.00052 LEFT_CONTACT=1 RIGHT_CONTACT=1
TRIAL=012 ACTUAL_LIFT_M=0.02399 LEFT_CONTACT=1 RIGHT_CONTACT=1
TRIAL=012 ACTUAL_LIFT_M=0.05406 LEFT_CONTACT=1 RIGHT_CONTACT=1
TRIAL=012 PHASE=HOLD
TRIAL=012 HOLD_SIM_SEC=0.000 HOLD_WALL_SEC=0.001 ACTUAL_LIFT_M=0.07273 RELATIVE_SLIP_M=0.00000 LEFT_CONTACT=1 RIGHT_CONTACT=1
TRIAL=012 HOLD_SIM_SEC=0.796 HOLD_WALL_SEC=1.001 ACTUAL_LIFT_M=0.07575 RELATIVE_SLIP_M=0.00000 LEFT_CONTACT=1 RIGHT_CONTACT=1
TRIAL=012 HOLD_SIM_SEC=1.676 HOLD_WALL_SEC=2.001 ACTUAL_LIFT_M=0.07570 RELATIVE_SLIP_M=0.00000 LEFT_CONTACT=1 RIGHT_CONTACT=1
TRIAL=012 HOLD_SIM_SEC=2.558 HOLD_WALL_SEC=3.002 ACTUAL_LIFT_M=0.07563 RELATIVE_SLIP_M=0.00000 LEFT_CONTACT=1 RIGHT_CONTACT=1
TRIAL=012 HOLD_SIM_SEC=3.424 HOLD_WALL_SEC=4.002 ACTUAL_LIFT_M=0.07555 RELATIVE_SLIP_M=0.00000 LEFT_CONTACT=1 RIGHT_CONTACT=1
TRIAL=012 HOLD_SIM_SEC=4.298 HOLD_WALL_SEC=5.002 ACTUAL_LIFT_M=0.07548 RELATIVE_SLIP_M=0.00000 LEFT_CONTACT=1 RIGHT_CONTACT=1
TRIAL=012 PHASE=PLACE_DOWN
TRIAL=012 PHASE=OPEN_GRIPPER
TRIAL=012 PHASE=RETREAT_PREGRASP
TRIAL=012 PHASE=GRASP_SUCCESS
TRIAL=012 DAY5_PLACE_RELEASE=PASS
DAY4_GRASP_RESULT=SUCCESS
DAY4_STEP=1 EPISODE=012 STEP=04 DIST=0.005839 YAW_ERR_DEG=0.023 REQUESTED_MOVE=0.004946 EXECUTED_MOVE=0.004821 ATTEMPT=1 SUCCESS=1 TERMINATED=1 TRUNCATED=0
DAY7_EPISODE=12 LEVEL=L3 VALID=10/50 TECHNICAL=False SUCCESS=True REASON=
DAY4_RESET_GRIPPER=OPEN ANGLE_RAD=1.570000 EFFORT_NM=1.200000
DAY4_RESET_GRIPPER=AFTER_INITIAL_MOVE ANGLE_RAD=1.570000 EFFORT_NM=1.200000
DAY7_EPISODE=13 LEVEL=L3 VALID=10/50 TECHNICAL=True SUCCESS=False REASON=TechnicalFailure: world SDF readback service failed
DAY4_RESET_GRIPPER=OPEN ANGLE_RAD=1.570000 EFFORT_NM=1.200000
DAY4_RESET_GRIPPER=AFTER_INITIAL_MOVE ANGLE_RAD=1.570000 EFFORT_NM=1.200000
TRIAL=014 VISUAL_CENTER=[0.2902306020259857, 0.004667281173169613, 0.02645892492758651] SURFACE=[0.2902306020259857, 0.004667281173169613, 0.05145892492758651] CONTOUR_DEG=0.13 AXIS_STD_DEG=0.31 FOOTPRINT=[0.04997164569795132, 0.04997164569795132] CONFIDENCE=0.9295
TRIAL=014 SELECTED_CONTOUR_ORIENTATION=+90.13deg TILT=12.5 LEAN=+1 SYMMETRY=1 IK_FK_POS_ERROR=0.000001m IK_FK_ORIENTATION_ERROR=0.000000rad FINGER_FK_LIFT=0.080000m FINGER_FK_DRIFT=0.000000m JOINT_MOTION=2.996974rad
DAY4_MOTION_DONE=1 ELAPSED_SIM=1.202 INITIAL_ERR=0.01740 FINAL_ERR=0.00040 ARM_V=0.00442
DAY4_STEP=1 EPISODE=014 STEP=01 DIST=0.020237 YAW_ERR_DEG=0.007 REQUESTED_MOVE=0.005008 EXECUTED_MOVE=0.004889 ATTEMPT=0 SUCCESS=0 TERMINATED=0 TRUNCATED=0
DAY4_MOTION_DONE=1 ELAPSED_SIM=1.200 INITIAL_ERR=0.01770 FINAL_ERR=0.00045 ARM_V=0.00496
DAY4_STEP=1 EPISODE=014 STEP=02 DIST=0.015398 YAW_ERR_DEG=0.014 REQUESTED_MOVE=0.004967 EXECUTED_MOVE=0.004840 ATTEMPT=0 SUCCESS=0 TERMINATED=0 TRUNCATED=0
DAY4_MOTION_DONE=1 ELAPSED_SIM=1.202 INITIAL_ERR=0.01776 FINAL_ERR=0.00050 ARM_V=0.00552
DAY4_STEP=1 EPISODE=014 STEP=03 DIST=0.010584 YAW_ERR_DEG=0.019 REQUESTED_MOVE=0.004955 EXECUTED_MOVE=0.004815 ATTEMPT=0 SUCCESS=0 TERMINATED=0 TRUNCATED=0
DAY4_MOTION_DONE=1 ELAPSED_SIM=1.202 INITIAL_ERR=0.01776 FINAL_ERR=0.00040 ARM_V=0.00447
DAY4_GRASP_ATTEMPT=1
TRIAL=014 PHASE=CLOSE_SEARCH
TRIAL=014 LEFT_CONTACT=0 RIGHT_CONTACT=0 STALL=0
TRIAL=014 LEFT_CONTACT=0 RIGHT_CONTACT=0 STALL=0
TRIAL=014 PHASE=WAIT_DUAL_CONTACT
TRIAL=014 PHASE=WAIT_STALL
TRIAL=014 LEFT_CONTACT=1 RIGHT_CONTACT=1 STALL=0 GRIPPER_ERROR=0.06239 VELOCITY=0.12037 CLOSURE_M=0.00054
TRIAL=014 LEFT_CONTACT=1 RIGHT_CONTACT=1 STALL=0 GRIPPER_ERROR=0.04734 VELOCITY=0.02154 CLOSURE_M=0.00101
TRIAL=014 LEFT_CONTACT=1 RIGHT_CONTACT=1 STALL=0 GRIPPER_ERROR=0.04075 VELOCITY=0.00769 CLOSURE_M=0.00122
TRIAL=014 LEFT_CONTACT=1 RIGHT_CONTACT=1 STALL=0 GRIPPER_ERROR=0.03689 VELOCITY=0.00515 CLOSURE_M=0.00134
TRIAL=014 LEFT_CONTACT=1 RIGHT_CONTACT=1 STALL=0 GRIPPER_ERROR=0.03305 VELOCITY=0.00415 CLOSURE_M=0.00147
TRIAL=014 PHASE=LIFT_80_MM
TRIAL=014 ACTUAL_LIFT_M=-0.00009 LEFT_CONTACT=1 RIGHT_CONTACT=1
TRIAL=014 ACTUAL_LIFT_M=0.02340 LEFT_CONTACT=1 RIGHT_CONTACT=1
TRIAL=014 ACTUAL_LIFT_M=0.05231 LEFT_CONTACT=1 RIGHT_CONTACT=1
TRIAL=014 PHASE=HOLD
TRIAL=014 HOLD_SIM_SEC=0.000 HOLD_WALL_SEC=0.001 ACTUAL_LIFT_M=0.07122 RELATIVE_SLIP_M=0.00000 LEFT_CONTACT=1 RIGHT_CONTACT=1
TRIAL=014 HOLD_SIM_SEC=0.768 HOLD_WALL_SEC=1.001 ACTUAL_LIFT_M=0.07393 RELATIVE_SLIP_M=0.00025 LEFT_CONTACT=1 RIGHT_CONTACT=1
TRIAL=014 HOLD_SIM_SEC=1.578 HOLD_WALL_SEC=2.001 ACTUAL_LIFT_M=0.07387 RELATIVE_SLIP_M=0.00025 LEFT_CONTACT=1 RIGHT_CONTACT=1
TRIAL=014 HOLD_SIM_SEC=2.466 HOLD_WALL_SEC=3.001 ACTUAL_LIFT_M=0.07379 RELATIVE_SLIP_M=0.00025 LEFT_CONTACT=1 RIGHT_CONTACT=1
TRIAL=014 HOLD_SIM_SEC=3.322 HOLD_WALL_SEC=4.001 ACTUAL_LIFT_M=0.07371 RELATIVE_SLIP_M=0.00025 LEFT_CONTACT=1 RIGHT_CONTACT=1
TRIAL=014 HOLD_SIM_SEC=4.192 HOLD_WALL_SEC=5.001 ACTUAL_LIFT_M=0.07363 RELATIVE_SLIP_M=0.00025 LEFT_CONTACT=1 RIGHT_CONTACT=1
TRIAL=014 PHASE=PLACE_DOWN
TRIAL=014 PHASE=OPEN_GRIPPER
TRIAL=014 PHASE=RETREAT_PREGRASP
TRIAL=014 PHASE=GRASP_SUCCESS
TRIAL=014 DAY5_PLACE_RELEASE=PASS
DAY4_GRASP_RESULT=SUCCESS
DAY4_STEP=1 EPISODE=014 STEP=04 DIST=0.005754 YAW_ERR_DEG=0.022 REQUESTED_MOVE=0.004946 EXECUTED_MOVE=0.004833 ATTEMPT=1 SUCCESS=1 TERMINATED=1 TRUNCATED=0
DAY7_EPISODE=14 LEVEL=L3 VALID=11/50 TECHNICAL=False SUCCESS=True REASON=
DAY4_RESET_GRIPPER=OPEN ANGLE_RAD=1.570000 EFFORT_NM=1.200000
DAY4_RESET_GRIPPER=AFTER_INITIAL_MOVE ANGLE_RAD=1.570000 EFFORT_NM=1.200000
TRIAL=015 VISUAL_CENTER=[0.32384029030799866, -0.023818141868105158, 0.027371827780836168] SURFACE=[0.32384029030799866, -0.023818141868105158, 0.05237182778083617] CONTOUR_DEG=0.53 AXIS_STD_DEG=0.07 FOOTPRINT=[0.04966904781758785, 0.04966904781758785] CONFIDENCE=0.9605
DAY7_EPISODE=15 LEVEL=L3 VALID=11/50 TECHNICAL=True SUCCESS=False REASON=TestFailure: RESET_FAIL: Day4 reset failed after 1 attempts: IK_FAIL: [{"contour_yaw_deg": 0.529055345689911, "symmetry": 0, "feasible": false, "failure_samples": ["IK_FAIL: no contour-constrained IK at center=[0.32384029030799866, -0.023818141868105158, 0.11237182778083618] axis=0.53; samples=['geometry pos=0.00041 line=0.65737 tilt=38.47', 'geometry pos=0.00041 line=0.65816 tilt=38.53', 'geometry pos=0.00040 line=0.60974 tilt=144.40']"]}, {"contour_yaw_deg": 0.529055345689911, "symmetry": 1, "feasible": false, "failure_samples": ["IK_FAIL: no contour-constrained IK at center=[0.32384029030799866, -0.023818141868105158, 0.11237182778083618] axis=90.53; samples=['geometry pos=0.00002 line=0.06490 tilt=38.19', 'geometry pos=0.00001 line=1.01089 tilt=87.43', 'geometry pos=0.00001 line=0.06004 tilt=143.75']"]}, {"contour_yaw_deg": 0.529055345689911, "symmetry": 2, "feasible": true, "equivalent_to_symmetry": 0}, {"contour_yaw_deg": 0.529055345689911, "symmetry": 3, "feasible": true, "equivalent_to_symmetry": 1}]
DAY4_RESET_GRIPPER=OPEN ANGLE_RAD=1.570000 EFFORT_NM=1.200000
DAY4_RESET_GRIPPER=AFTER_INITIAL_MOVE ANGLE_RAD=1.570000 EFFORT_NM=1.200000
TRIAL=016 VISUAL_CENTER=[0.32657670974731445, -0.013687635655514896, 0.0329837329838071] SURFACE=[0.32657670974731445, -0.013687635655514896, 0.0579837329838071] CONTOUR_DEG=0.51 AXIS_STD_DEG=0.14 FOOTPRINT=[0.050483040511608124, 0.050483040511608124] CONFIDENCE=0.9655
TRIAL=016 SELECTED_CONTOUR_ORIENTATION=+90.51deg TILT=30.3 LEAN=+1 SYMMETRY=1 IK_FK_POS_ERROR=0.000013m IK_FK_ORIENTATION_ERROR=0.000000rad FINGER_FK_LIFT=0.080000m FINGER_FK_DRIFT=0.000000m JOINT_MOTION=3.015378rad
DAY4_MOTION_DONE=1 ELAPSED_SIM=1.202 INITIAL_ERR=0.01544 FINAL_ERR=0.00035 ARM_V=0.00392
DAY4_STEP=1 EPISODE=016 STEP=01 DIST=0.020419 YAW_ERR_DEG=0.013 REQUESTED_MOVE=0.005004 EXECUTED_MOVE=0.004879 ATTEMPT=0 SUCCESS=0 TERMINATED=0 TRUNCATED=0
DAY4_MOTION_DONE=1 ELAPSED_SIM=1.200 INITIAL_ERR=0.01620 FINAL_ERR=0.00037 ARM_V=0.00408
DAY4_STEP=1 EPISODE=016 STEP=02 DIST=0.015567 YAW_ERR_DEG=0.020 REQUESTED_MOVE=0.004972 EXECUTED_MOVE=0.004853 ATTEMPT=0 SUCCESS=0 TERMINATED=0 TRUNCATED=0
DAY4_MOTION_DONE=1 ELAPSED_SIM=1.202 INITIAL_ERR=0.01645 FINAL_ERR=0.00041 ARM_V=0.00460
DAY4_STEP=1 EPISODE=016 STEP=03 DIST=0.010738 YAW_ERR_DEG=0.024 REQUESTED_MOVE=0.004961 EXECUTED_MOVE=0.004831 ATTEMPT=0 SUCCESS=0 TERMINATED=0 TRUNCATED=0
DAY4_MOTION_DONE=1 ELAPSED_SIM=1.202 INITIAL_ERR=0.01658 FINAL_ERR=0.00034 ARM_V=0.00376
DAY4_GRASP_ATTEMPT=1
TRIAL=016 PHASE=CLOSE_SEARCH
TRIAL=016 LEFT_CONTACT=0 RIGHT_CONTACT=0 STALL=0
TRIAL=016 LEFT_CONTACT=0 RIGHT_CONTACT=1 STALL=0
TRIAL=016 PHASE=WAIT_DUAL_CONTACT
TRIAL=016 PHASE=WAIT_STALL
TRIAL=016 LEFT_CONTACT=1 RIGHT_CONTACT=1 STALL=0 GRIPPER_ERROR=0.06835 VELOCITY=0.12658 CLOSURE_M=0.00041
TRIAL=016 LEFT_CONTACT=1 RIGHT_CONTACT=1 STALL=0 GRIPPER_ERROR=0.04837 VELOCITY=0.01689 CLOSURE_M=0.00113
TRIAL=016 LEFT_CONTACT=1 RIGHT_CONTACT=1 STALL=0 GRIPPER_ERROR=0.04186 VELOCITY=0.00384 CLOSURE_M=0.00136
TRIAL=016 LEFT_CONTACT=1 RIGHT_CONTACT=1 STALL=1 GRIPPER_ERROR=0.03807 VELOCITY=0.00560 CLOSURE_M=0.00150
TRIAL=016 PHASE=LIFT_80_MM
TRIAL=016 ACTUAL_LIFT_M=0.00000 LEFT_CONTACT=1 RIGHT_CONTACT=1
TRIAL=016 ACTUAL_LIFT_M=0.02344 LEFT_CONTACT=1 RIGHT_CONTACT=1
TRIAL=016 ACTUAL_LIFT_M=0.05284 LEFT_CONTACT=1 RIGHT_CONTACT=1
TRIAL=016 PHASE=HOLD
TRIAL=016 HOLD_SIM_SEC=0.000 HOLD_WALL_SEC=0.001 ACTUAL_LIFT_M=0.06457 RELATIVE_SLIP_M=0.00000 LEFT_CONTACT=1 RIGHT_CONTACT=1
TRIAL=016 HOLD_SIM_SEC=0.820 HOLD_WALL_SEC=1.001 ACTUAL_LIFT_M=0.07525 RELATIVE_SLIP_M=0.00035 LEFT_CONTACT=1 RIGHT_CONTACT=1
TRIAL=016 HOLD_SIM_SEC=1.642 HOLD_WALL_SEC=2.001 ACTUAL_LIFT_M=0.07519 RELATIVE_SLIP_M=0.00035 LEFT_CONTACT=1 RIGHT_CONTACT=1
TRIAL=016 HOLD_SIM_SEC=2.472 HOLD_WALL_SEC=3.001 ACTUAL_LIFT_M=0.07512 RELATIVE_SLIP_M=0.00035 LEFT_CONTACT=1 RIGHT_CONTACT=1
TRIAL=016 HOLD_SIM_SEC=3.336 HOLD_WALL_SEC=4.001 ACTUAL_LIFT_M=0.07505 RELATIVE_SLIP_M=0.00035 LEFT_CONTACT=1 RIGHT_CONTACT=1
TRIAL=016 HOLD_SIM_SEC=4.198 HOLD_WALL_SEC=5.002 ACTUAL_LIFT_M=0.07498 RELATIVE_SLIP_M=0.00035 LEFT_CONTACT=1 RIGHT_CONTACT=1
TRIAL=016 PHASE=PLACE_DOWN
TRIAL=016 PHASE=OPEN_GRIPPER
TRIAL=016 PHASE=RETREAT_PREGRASP
TRIAL=016 PHASE=GRASP_SUCCESS
TRIAL=016 DAY5_PLACE_RELEASE=PASS
DAY4_GRASP_RESULT=SUCCESS
DAY4_STEP=1 EPISODE=016 STEP=04 DIST=0.005893 YAW_ERR_DEG=0.028 REQUESTED_MOVE=0.004954 EXECUTED_MOVE=0.004848 ATTEMPT=1 SUCCESS=1 TERMINATED=1 TRUNCATED=0
DAY7_EPISODE=16 LEVEL=L3 VALID=12/50 TECHNICAL=False SUCCESS=True REASON=
DAY4_RESET_GRIPPER=OPEN ANGLE_RAD=1.570000 EFFORT_NM=1.200000
DAY4_RESET_GRIPPER=AFTER_INITIAL_MOVE ANGLE_RAD=1.570000 EFFORT_NM=1.200000
TRIAL=017 VISUAL_CENTER=[0.30672207474708557, -0.011548859998583794, 0.014118117989371307] SURFACE=[0.30672207474708557, -0.011548859998583794, 0.03911811798937131] CONTOUR_DEG=-0.28 AXIS_STD_DEG=0.19 FOOTPRINT=[0.05112168565392494, 0.05112168565392494] CONFIDENCE=0.9628
DAY7_EPISODE=17 LEVEL=L3 VALID=12/50 TECHNICAL=True SUCCESS=False REASON=TestFailure: RESET_FAIL: Day4 reset failed after 1 attempts: IK_FAIL: [{"contour_yaw_deg": -0.28235125285029083, "symmetry": 0, "feasible": false, "failure_samples": ["IK_FAIL: no contour-constrained IK at center=[0.30672207474708557, -0.011548859998583794, 0.09911811798937131] axis=-0.28; samples=['geometry pos=0.00035 line=0.49090 tilt=28.43', 'geometry pos=0.00035 line=0.49090 tilt=28.43', 'geometry pos=0.00036 line=0.52187 tilt=149.73']"]}, {"contour_yaw_deg": -0.28235125285029083, "symmetry": 1, "feasible": false, "failure_samples": ["COLLISION_PLAN_FAIL: finger/table clearance=0.002858"]}, {"contour_yaw_deg": -0.28235125285029083, "symmetry": 2, "feasible": true, "equivalent_to_symmetry": 0}, {"contour_yaw_deg": -0.28235125285029083, "symmetry": 3, "feasible": true, "equivalent_to_symmetry": 1}]
DAY4_RESET_GRIPPER=OPEN ANGLE_RAD=1.570000 EFFORT_NM=1.200000
DAY4_RESET_GRIPPER=AFTER_INITIAL_MOVE ANGLE_RAD=1.570000 EFFORT_NM=1.200000
TRIAL=018 VISUAL_CENTER=[0.3018828481435776, 0.018960846588015556, 0.025720115369696615] SURFACE=[0.3018828481435776, 0.018960846588015556, 0.05072011536969662] CONTOUR_DEG=-0.76 AXIS_STD_DEG=0.20 FOOTPRINT=[0.05086146481335163, 0.05086146481335163] CONFIDENCE=0.9541
TRIAL=018 SELECTED_CONTOUR_ORIENTATION=+89.24deg TILT=18.0 LEAN=+1 SYMMETRY=1 IK_FK_POS_ERROR=0.000009m IK_FK_ORIENTATION_ERROR=0.000000rad FINGER_FK_LIFT=0.080000m FINGER_FK_DRIFT=0.000000m JOINT_MOTION=3.009326rad
DAY4_MOTION_DONE=1 ELAPSED_SIM=1.202 INITIAL_ERR=0.01681 FINAL_ERR=0.00025 ARM_V=0.00280
DAY4_STEP=1 EPISODE=018 STEP=01 DIST=0.020268 YAW_ERR_DEG=0.003 REQUESTED_MOVE=0.005003 EXECUTED_MOVE=0.004921 ATTEMPT=0 SUCCESS=0 TERMINATED=0 TRUNCATED=0
DAY4_MOTION_DONE=1 ELAPSED_SIM=1.200 INITIAL_ERR=0.01722 FINAL_ERR=0.00023 ARM_V=0.00258
DAY4_STEP=1 EPISODE=018 STEP=02 DIST=0.015372 YAW_ERR_DEG=0.009 REQUESTED_MOVE=0.004969 EXECUTED_MOVE=0.004898 ATTEMPT=0 SUCCESS=0 TERMINATED=0 TRUNCATED=0
DAY4_MOTION_DONE=1 ELAPSED_SIM=1.202 INITIAL_ERR=0.01738 FINAL_ERR=0.00023 ARM_V=0.00261
DAY4_STEP=1 EPISODE=018 STEP=03 DIST=0.010487 YAW_ERR_DEG=0.014 REQUESTED_MOVE=0.004957 EXECUTED_MOVE=0.004886 ATTEMPT=0 SUCCESS=0 TERMINATED=0 TRUNCATED=0
DAY4_MOTION_DONE=1 ELAPSED_SIM=1.202 INITIAL_ERR=0.01744 FINAL_ERR=0.00026 ARM_V=0.00291
DAY4_GRASP_ATTEMPT=1
TRIAL=018 PHASE=CLOSE_SEARCH
TRIAL=018 LEFT_CONTACT=0 RIGHT_CONTACT=0 STALL=0
TRIAL=018 LEFT_CONTACT=0 RIGHT_CONTACT=1 STALL=0
TRIAL=018 PHASE=WAIT_DUAL_CONTACT
TRIAL=018 PHASE=WAIT_STALL
TRIAL=018 LEFT_CONTACT=1 RIGHT_CONTACT=1 STALL=0 GRIPPER_ERROR=0.06982 VELOCITY=0.11196 CLOSURE_M=0.00028
TRIAL=018 LEFT_CONTACT=1 RIGHT_CONTACT=1 STALL=0 GRIPPER_ERROR=0.04843 VELOCITY=0.01152 CLOSURE_M=0.00088
TRIAL=018 LEFT_CONTACT=1 RIGHT_CONTACT=1 STALL=0 GRIPPER_ERROR=0.03968 VELOCITY=0.00754 CLOSURE_M=0.00113
TRIAL=018 LEFT_CONTACT=1 RIGHT_CONTACT=1 STALL=0 GRIPPER_ERROR=0.03432 VELOCITY=0.00529 CLOSURE_M=0.00129
TRIAL=018 LEFT_CONTACT=1 RIGHT_CONTACT=1 STALL=0 GRIPPER_ERROR=0.03007 VELOCITY=0.00465 CLOSURE_M=0.00141
TRIAL=018 LEFT_CONTACT=1 RIGHT_CONTACT=1 STALL=1 GRIPPER_ERROR=0.02633 VELOCITY=0.00443 CLOSURE_M=0.00152
TRIAL=018 PHASE=LIFT_80_MM
TRIAL=018 ACTUAL_LIFT_M=-0.00001 LEFT_CONTACT=1 RIGHT_CONTACT=1
TRIAL=018 ACTUAL_LIFT_M=0.02526 LEFT_CONTACT=1 RIGHT_CONTACT=1
TRIAL=018 ACTUAL_LIFT_M=0.05456 LEFT_CONTACT=1 RIGHT_CONTACT=1
TRIAL=018 PHASE=HOLD
TRIAL=018 HOLD_SIM_SEC=0.000 HOLD_WALL_SEC=0.000 ACTUAL_LIFT_M=0.07174 RELATIVE_SLIP_M=0.00000 LEFT_CONTACT=1 RIGHT_CONTACT=1
TRIAL=018 HOLD_SIM_SEC=0.794 HOLD_WALL_SEC=1.001 ACTUAL_LIFT_M=0.07494 RELATIVE_SLIP_M=0.00028 LEFT_CONTACT=1 RIGHT_CONTACT=1
TRIAL=018 HOLD_SIM_SEC=1.646 HOLD_WALL_SEC=2.001 ACTUAL_LIFT_M=0.07488 RELATIVE_SLIP_M=0.00028 LEFT_CONTACT=1 RIGHT_CONTACT=1
TRIAL=018 HOLD_SIM_SEC=2.498 HOLD_WALL_SEC=3.001 ACTUAL_LIFT_M=0.07480 RELATIVE_SLIP_M=0.00028 LEFT_CONTACT=1 RIGHT_CONTACT=1
TRIAL=018 HOLD_SIM_SEC=3.346 HOLD_WALL_SEC=4.001 ACTUAL_LIFT_M=0.07471 RELATIVE_SLIP_M=0.00028 LEFT_CONTACT=1 RIGHT_CONTACT=1
TRIAL=018 HOLD_SIM_SEC=4.220 HOLD_WALL_SEC=5.001 ACTUAL_LIFT_M=0.07462 RELATIVE_SLIP_M=0.00028 LEFT_CONTACT=1 RIGHT_CONTACT=1
TRIAL=018 PHASE=PLACE_DOWN
TRIAL=018 PHASE=OPEN_GRIPPER
TRIAL=018 PHASE=RETREAT_PREGRASP
TRIAL=018 PHASE=GRASP_SUCCESS
TRIAL=018 DAY5_PLACE_RELEASE=PASS
DAY4_GRASP_RESULT=SUCCESS
DAY4_STEP=1 EPISODE=018 STEP=04 DIST=0.005619 YAW_ERR_DEG=0.018 REQUESTED_MOVE=0.004948 EXECUTED_MOVE=0.004871 ATTEMPT=1 SUCCESS=1 TERMINATED=1 TRUNCATED=0
DAY7_EPISODE=18 LEVEL=L3 VALID=13/50 TECHNICAL=False SUCCESS=True REASON=
DAY4_RESET_GRIPPER=OPEN ANGLE_RAD=1.570000 EFFORT_NM=1.200000
DAY4_RESET_GRIPPER=AFTER_INITIAL_MOVE ANGLE_RAD=1.570000 EFFORT_NM=1.200000
TRIAL=019 VISUAL_CENTER=[0.3157944977283478, 0.008995766751468182, 0.024102951701966413] SURFACE=[0.3157944977283478, 0.008995766751468182, 0.049102951701966414] CONTOUR_DEG=-0.18 AXIS_STD_DEG=0.19 FOOTPRINT=[0.05058561451733112, 0.05058561451733112] CONFIDENCE=0.9646
TRIAL=019 SELECTED_CONTOUR_ORIENTATION=+89.82deg TILT=24.2 LEAN=+1 SYMMETRY=1 IK_FK_POS_ERROR=0.000005m IK_FK_ORIENTATION_ERROR=0.000000rad FINGER_FK_LIFT=0.080000m FINGER_FK_DRIFT=0.000000m JOINT_MOTION=3.028215rad
DAY4_MOTION_DONE=1 ELAPSED_SIM=1.200 INITIAL_ERR=0.01621 FINAL_ERR=0.00030 ARM_V=0.00334
DAY4_STEP=1 EPISODE=019 STEP=01 DIST=0.020325 YAW_ERR_DEG=0.004 REQUESTED_MOVE=0.005003 EXECUTED_MOVE=0.004902 ATTEMPT=0 SUCCESS=0 TERMINATED=0 TRUNCATED=0
DAY4_MOTION_DONE=1 ELAPSED_SIM=1.200 INITIAL_ERR=0.01682 FINAL_ERR=0.00028 ARM_V=0.00311
DAY4_STEP=1 EPISODE=019 STEP=02 DIST=0.015443 YAW_ERR_DEG=0.010 REQUESTED_MOVE=0.004970 EXECUTED_MOVE=0.004883 ATTEMPT=0 SUCCESS=0 TERMINATED=0 TRUNCATED=0
DAY4_MOTION_DONE=1 ELAPSED_SIM=1.200 INITIAL_ERR=0.01701 FINAL_ERR=0.00028 ARM_V=0.00314
DAY4_STEP=1 EPISODE=019 STEP=03 DIST=0.010572 YAW_ERR_DEG=0.014 REQUESTED_MOVE=0.004959 EXECUTED_MOVE=0.004872 ATTEMPT=0 SUCCESS=0 TERMINATED=0 TRUNCATED=0
DAY4_MOTION_DONE=1 ELAPSED_SIM=1.202 INITIAL_ERR=0.01710 FINAL_ERR=0.00028 ARM_V=0.00316
DAY4_GRASP_ATTEMPT=1
TRIAL=019 PHASE=CLOSE_SEARCH
TRIAL=019 LEFT_CONTACT=0 RIGHT_CONTACT=0 STALL=0
TRIAL=019 LEFT_CONTACT=1 RIGHT_CONTACT=0 STALL=0
TRIAL=019 PHASE=WAIT_DUAL_CONTACT
TRIAL=019 PHASE=WAIT_STALL
TRIAL=019 LEFT_CONTACT=1 RIGHT_CONTACT=1 STALL=0 GRIPPER_ERROR=0.07219 VELOCITY=0.03436 CLOSURE_M=0.00022
TRIAL=019 LEFT_CONTACT=1 RIGHT_CONTACT=1 STALL=0 GRIPPER_ERROR=0.04773 VELOCITY=0.01311 CLOSURE_M=0.00092
TRIAL=019 LEFT_CONTACT=1 RIGHT_CONTACT=1 STALL=0 GRIPPER_ERROR=0.03996 VELOCITY=0.00684 CLOSURE_M=0.00115
TRIAL=019 LEFT_CONTACT=1 RIGHT_CONTACT=1 STALL=0 GRIPPER_ERROR=0.03497 VELOCITY=0.00511 CLOSURE_M=0.00130
TRIAL=019 LEFT_CONTACT=1 RIGHT_CONTACT=1 STALL=0 GRIPPER_ERROR=0.03080 VELOCITY=0.00459 CLOSURE_M=0.00142
TRIAL=019 PHASE=LIFT_80_MM
TRIAL=019 ACTUAL_LIFT_M=-0.00003 LEFT_CONTACT=1 RIGHT_CONTACT=1
TRIAL=019 ACTUAL_LIFT_M=0.02485 LEFT_CONTACT=1 RIGHT_CONTACT=1
TRIAL=019 ACTUAL_LIFT_M=0.05505 LEFT_CONTACT=1 RIGHT_CONTACT=1
TRIAL=019 PHASE=HOLD
TRIAL=019 HOLD_SIM_SEC=0.000 HOLD_WALL_SEC=0.001 ACTUAL_LIFT_M=0.07236 RELATIVE_SLIP_M=0.00000 LEFT_CONTACT=1 RIGHT_CONTACT=1
TRIAL=019 HOLD_SIM_SEC=0.836 HOLD_WALL_SEC=1.001 ACTUAL_LIFT_M=0.07544 RELATIVE_SLIP_M=0.00028 LEFT_CONTACT=1 RIGHT_CONTACT=1
TRIAL=019 HOLD_SIM_SEC=1.704 HOLD_WALL_SEC=2.002 ACTUAL_LIFT_M=0.07538 RELATIVE_SLIP_M=0.00028 LEFT_CONTACT=1 RIGHT_CONTACT=1
TRIAL=019 HOLD_SIM_SEC=2.590 HOLD_WALL_SEC=3.002 ACTUAL_LIFT_M=0.07531 RELATIVE_SLIP_M=0.00028 LEFT_CONTACT=1 RIGHT_CONTACT=1
TRIAL=019 HOLD_SIM_SEC=3.478 HOLD_WALL_SEC=4.002 ACTUAL_LIFT_M=0.07523 RELATIVE_SLIP_M=0.00028 LEFT_CONTACT=1 RIGHT_CONTACT=1
TRIAL=019 HOLD_SIM_SEC=4.364 HOLD_WALL_SEC=5.002 ACTUAL_LIFT_M=0.07515 RELATIVE_SLIP_M=0.00028 LEFT_CONTACT=1 RIGHT_CONTACT=1
TRIAL=019 PHASE=PLACE_DOWN
TRIAL=019 PHASE=OPEN_GRIPPER
TRIAL=019 PHASE=RETREAT_PREGRASP
TRIAL=019 PHASE=GRASP_SUCCESS
TRIAL=019 DAY5_PLACE_RELEASE=PASS
DAY4_GRASP_RESULT=SUCCESS
DAY4_STEP=1 EPISODE=019 STEP=04 DIST=0.005701 YAW_ERR_DEG=0.017 REQUESTED_MOVE=0.004951 EXECUTED_MOVE=0.004865 ATTEMPT=1 SUCCESS=1 TERMINATED=1 TRUNCATED=0
DAY7_EPISODE=19 LEVEL=L3 VALID=14/50 TECHNICAL=False SUCCESS=True REASON=
DAY4_RESET_GRIPPER=OPEN ANGLE_RAD=1.570000 EFFORT_NM=1.200000
DAY4_RESET_GRIPPER=AFTER_INITIAL_MOVE ANGLE_RAD=1.570000 EFFORT_NM=1.200000
TRIAL=020 VISUAL_CENTER=[0.299871563911438, 0.01392874657176435, 0.030791486813875904] SURFACE=[0.299871563911438, 0.01392874657176435, 0.055791486813875905] CONTOUR_DEG=-0.44 AXIS_STD_DEG=0.11 FOOTPRINT=[0.05000115931034088, 0.05000115931034088] CONFIDENCE=0.9592
TRIAL=020 SELECTED_CONTOUR_ORIENTATION=+89.56deg TILT=17.4 LEAN=+1 SYMMETRY=1 IK_FK_POS_ERROR=0.000007m IK_FK_ORIENTATION_ERROR=0.000000rad FINGER_FK_LIFT=0.080000m FINGER_FK_DRIFT=0.000000m JOINT_MOTION=2.982839rad
DAY4_MOTION_DONE=1 ELAPSED_SIM=1.200 INITIAL_ERR=0.01685 FINAL_ERR=0.00028 ARM_V=0.00312
DAY4_STEP=1 EPISODE=020 STEP=01 DIST=0.020256 YAW_ERR_DEG=0.005 REQUESTED_MOVE=0.005002 EXECUTED_MOVE=0.004912 ATTEMPT=0 SUCCESS=0 TERMINATED=0 TRUNCATED=0
DAY4_MOTION_DONE=1 ELAPSED_SIM=1.200 INITIAL_ERR=0.01724 FINAL_ERR=0.00029 ARM_V=0.00319
DAY4_STEP=1 EPISODE=020 STEP=02 DIST=0.015375 YAW_ERR_DEG=0.012 REQUESTED_MOVE=0.004969 EXECUTED_MOVE=0.004883 ATTEMPT=0 SUCCESS=0 TERMINATED=0 TRUNCATED=0
DAY4_MOTION_DONE=1 ELAPSED_SIM=1.200 INITIAL_ERR=0.01738 FINAL_ERR=0.00026 ARM_V=0.00289
DAY4_STEP=1 EPISODE=020 STEP=03 DIST=0.010497 YAW_ERR_DEG=0.017 REQUESTED_MOVE=0.004957 EXECUTED_MOVE=0.004879 ATTEMPT=0 SUCCESS=0 TERMINATED=0 TRUNCATED=0
DAY4_MOTION_DONE=1 ELAPSED_SIM=1.200 INITIAL_ERR=0.01743 FINAL_ERR=0.00026 ARM_V=0.00290
DAY4_GRASP_ATTEMPT=1
TRIAL=020 PHASE=CLOSE_SEARCH
TRIAL=020 LEFT_CONTACT=0 RIGHT_CONTACT=0 STALL=0
TRIAL=020 LEFT_CONTACT=1 RIGHT_CONTACT=0 STALL=0
TRIAL=020 PHASE=WAIT_DUAL_CONTACT
TRIAL=020 PHASE=WAIT_STALL
TRIAL=020 LEFT_CONTACT=1 RIGHT_CONTACT=1 STALL=0 GRIPPER_ERROR=0.06932 VELOCITY=0.04716 CLOSURE_M=0.00039
TRIAL=020 LEFT_CONTACT=1 RIGHT_CONTACT=1 STALL=0 GRIPPER_ERROR=0.04907 VELOCITY=0.00921 CLOSURE_M=0.00113
TRIAL=020 LEFT_CONTACT=1 RIGHT_CONTACT=1 STALL=0 GRIPPER_ERROR=0.04357 VELOCITY=0.00561 CLOSURE_M=0.00134
TRIAL=020 LEFT_CONTACT=1 RIGHT_CONTACT=1 STALL=0 GRIPPER_ERROR=0.03934 VELOCITY=0.00465 CLOSURE_M=0.00150
TRIAL=020 PHASE=LIFT_80_MM
TRIAL=020 ACTUAL_LIFT_M=0.00001 LEFT_CONTACT=1 RIGHT_CONTACT=1
TRIAL=020 ACTUAL_LIFT_M=0.02458 LEFT_CONTACT=1 RIGHT_CONTACT=1
TRIAL=020 ACTUAL_LIFT_M=0.05395 LEFT_CONTACT=1 RIGHT_CONTACT=1
TRIAL=020 PHASE=HOLD
TRIAL=020 HOLD_SIM_SEC=0.000 HOLD_WALL_SEC=0.000 ACTUAL_LIFT_M=0.07188 RELATIVE_SLIP_M=0.00000 LEFT_CONTACT=1 RIGHT_CONTACT=1
TRIAL=020 HOLD_SIM_SEC=0.850 HOLD_WALL_SEC=1.000 ACTUAL_LIFT_M=0.07516 RELATIVE_SLIP_M=0.00000 LEFT_CONTACT=1 RIGHT_CONTACT=1
TRIAL=020 HOLD_SIM_SEC=1.710 HOLD_WALL_SEC=2.001 ACTUAL_LIFT_M=0.07512 RELATIVE_SLIP_M=0.00000 LEFT_CONTACT=1 RIGHT_CONTACT=1
TRIAL=020 HOLD_SIM_SEC=2.590 HOLD_WALL_SEC=3.001 ACTUAL_LIFT_M=0.07505 RELATIVE_SLIP_M=0.00000 LEFT_CONTACT=1 RIGHT_CONTACT=1
TRIAL=020 HOLD_SIM_SEC=3.464 HOLD_WALL_SEC=4.001 ACTUAL_LIFT_M=0.07498 RELATIVE_SLIP_M=0.00000 LEFT_CONTACT=1 RIGHT_CONTACT=1
TRIAL=020 HOLD_SIM_SEC=4.330 HOLD_WALL_SEC=5.001 ACTUAL_LIFT_M=0.07491 RELATIVE_SLIP_M=0.00000 LEFT_CONTACT=1 RIGHT_CONTACT=1
TRIAL=020 PHASE=PLACE_DOWN
TRIAL=020 PHASE=OPEN_GRIPPER
TRIAL=020 PHASE=RETREAT_PREGRASP
TRIAL=020 PHASE=GRASP_SUCCESS
TRIAL=020 DAY5_PLACE_RELEASE=PASS
DAY4_GRASP_RESULT=SUCCESS
DAY4_STEP=1 EPISODE=020 STEP=04 DIST=0.005629 YAW_ERR_DEG=0.021 REQUESTED_MOVE=0.004948 EXECUTED_MOVE=0.004871 ATTEMPT=1 SUCCESS=1 TERMINATED=1 TRUNCATED=0
DAY7_EPISODE=20 LEVEL=L3 VALID=15/50 TECHNICAL=False SUCCESS=True REASON=
DAY4_RESET_GRIPPER=OPEN ANGLE_RAD=1.570000 EFFORT_NM=1.200000
DAY4_RESET_GRIPPER=AFTER_INITIAL_MOVE ANGLE_RAD=1.570000 EFFORT_NM=1.200000
TRIAL=021 VISUAL_CENTER=[0.31570902466773987, 0.03191355196759105, 0.019538918395312944] SURFACE=[0.31570902466773987, 0.03191355196759105, 0.044538918395312946] CONTOUR_DEG=-0.28 AXIS_STD_DEG=0.19 FOOTPRINT=[0.049799274653196335, 0.049799274653196335] CONFIDENCE=0.9653
DAY7_EPISODE=21 LEVEL=L3 VALID=15/50 TECHNICAL=True SUCCESS=False REASON=TestFailure: RESET_FAIL: Day4 reset failed after 1 attempts: IK_FAIL: [{"contour_yaw_deg": -0.2815383129832421, "symmetry": 0, "feasible": false, "failure_samples": ["IK_FAIL: no contour-constrained IK at center=[0.31570902466773987, 0.03191355196759105, 0.10453891839531296] axis=-0.28; samples=['geometry pos=0.00038 line=0.57854 tilt=33.77', 'geometry pos=0.00038 line=0.57854 tilt=33.77', 'geometry pos=0.00038 line=0.57561 tilt=146.41']"]}, {"contour_yaw_deg": -0.2815383129832421, "symmetry": 1, "feasible": false, "failure_samples": ["IK_FAIL: no contour-constrained IK at center=[0.31570902466773987, 0.03191355196759105, 0.10453891839531296] axis=89.72; samples=['geometry pos=0.00002 line=0.06977 tilt=33.49', 'geometry pos=0.00002 line=0.06977 tilt=33.49', 'geometry pos=0.00002 line=0.07136 tilt=145.69']"]}, {"contour_yaw_deg": -0.2815383129832421, "symmetry": 2, "feasible": true, "equivalent_to_symmetry": 0}, {"contour_yaw_deg": -0.2815383129832421, "symmetry": 3, "feasible": true, "equivalent_to_symmetry": 1}]
DAY4_RESET_GRIPPER=OPEN ANGLE_RAD=1.570000 EFFORT_NM=1.200000
DAY4_RESET_GRIPPER=AFTER_INITIAL_MOVE ANGLE_RAD=1.570000 EFFORT_NM=1.200000
TRIAL=022 VISUAL_CENTER=[0.2973277270793915, 0.006122801685705781, 0.017585206497677752] SURFACE=[0.2973277270793915, 0.006122801685705781, 0.042585206497677754] CONTOUR_DEG=0.66 AXIS_STD_DEG=0.10 FOOTPRINT=[0.04992687329649925, 0.04992687329649925] CONFIDENCE=0.9623
TRIAL=022 SELECTED_CONTOUR_ORIENTATION=+90.66deg TILT=14.9 LEAN=+1 SYMMETRY=1 IK_FK_POS_ERROR=0.000001m IK_FK_ORIENTATION_ERROR=0.000000rad FINGER_FK_LIFT=0.080000m FINGER_FK_DRIFT=0.000000m JOINT_MOTION=3.033811rad
DAY4_MOTION_DONE=1 ELAPSED_SIM=1.200 INITIAL_ERR=0.01729 FINAL_ERR=0.00044 ARM_V=0.00488
DAY4_STEP=1 EPISODE=022 STEP=01 DIST=0.020255 YAW_ERR_DEG=0.007 REQUESTED_MOVE=0.004998 EXECUTED_MOVE=0.004867 ATTEMPT=0 SUCCESS=0 TERMINATED=0 TRUNCATED=0
DAY4_MOTION_DONE=1 ELAPSED_SIM=1.202 INITIAL_ERR=0.01749 FINAL_ERR=0.00049 ARM_V=0.00544
DAY4_STEP=1 EPISODE=022 STEP=02 DIST=0.015429 YAW_ERR_DEG=0.013 REQUESTED_MOVE=0.004968 EXECUTED_MOVE=0.004828 ATTEMPT=0 SUCCESS=0 TERMINATED=0 TRUNCATED=0
DAY4_MOTION_DONE=1 ELAPSED_SIM=1.200 INITIAL_ERR=0.01758 FINAL_ERR=0.00040 ARM_V=0.00443
DAY4_STEP=1 EPISODE=022 STEP=03 DIST=0.010588 YAW_ERR_DEG=0.019 REQUESTED_MOVE=0.004956 EXECUTED_MOVE=0.004842 ATTEMPT=0 SUCCESS=0 TERMINATED=0 TRUNCATED=0
DAY4_MOTION_DONE=1 ELAPSED_SIM=1.202 INITIAL_ERR=0.01763 FINAL_ERR=0.00044 ARM_V=0.00494
DAY4_GRASP_ATTEMPT=1
TRIAL=022 PHASE=CLOSE_SEARCH
TRIAL=022 LEFT_CONTACT=0 RIGHT_CONTACT=0 STALL=0
TRIAL=022 LEFT_CONTACT=0 RIGHT_CONTACT=0 STALL=0
TRIAL=022 PHASE=WAIT_DUAL_CONTACT
TRIAL=022 PHASE=WAIT_STALL
TRIAL=022 LEFT_CONTACT=1 RIGHT_CONTACT=1 STALL=0 GRIPPER_ERROR=0.06461 VELOCITY=0.12642 CLOSURE_M=0.00046
TRIAL=022 LEFT_CONTACT=1 RIGHT_CONTACT=1 STALL=0 GRIPPER_ERROR=0.04688 VELOCITY=0.02202 CLOSURE_M=0.00100
TRIAL=022 LEFT_CONTACT=1 RIGHT_CONTACT=1 STALL=0 GRIPPER_ERROR=0.04012 VELOCITY=0.00816 CLOSURE_M=0.00122
TRIAL=022 LEFT_CONTACT=1 RIGHT_CONTACT=1 STALL=0 GRIPPER_ERROR=0.03609 VELOCITY=0.00537 CLOSURE_M=0.00134
TRIAL=022 LEFT_CONTACT=1 RIGHT_CONTACT=1 STALL=0 GRIPPER_ERROR=0.03222 VELOCITY=0.00415 CLOSURE_M=0.00147
TRIAL=022 PHASE=LIFT_80_MM
TRIAL=022 ACTUAL_LIFT_M=-0.00005 LEFT_CONTACT=1 RIGHT_CONTACT=1
TRIAL=022 ACTUAL_LIFT_M=0.02460 LEFT_CONTACT=1 RIGHT_CONTACT=1
TRIAL=022 ACTUAL_LIFT_M=0.05376 LEFT_CONTACT=1 RIGHT_CONTACT=1
TRIAL=022 PHASE=HOLD
TRIAL=022 HOLD_SIM_SEC=0.000 HOLD_WALL_SEC=0.000 ACTUAL_LIFT_M=0.07337 RELATIVE_SLIP_M=0.00000 LEFT_CONTACT=1 RIGHT_CONTACT=1
TRIAL=022 HOLD_SIM_SEC=0.844 HOLD_WALL_SEC=1.001 ACTUAL_LIFT_M=0.07629 RELATIVE_SLIP_M=0.00000 LEFT_CONTACT=1 RIGHT_CONTACT=1
TRIAL=022 HOLD_SIM_SEC=1.644 HOLD_WALL_SEC=2.001 ACTUAL_LIFT_M=0.07623 RELATIVE_SLIP_M=0.00000 LEFT_CONTACT=1 RIGHT_CONTACT=1
TRIAL=022 HOLD_SIM_SEC=2.530 HOLD_WALL_SEC=3.001 ACTUAL_LIFT_M=0.07615 RELATIVE_SLIP_M=0.00000 LEFT_CONTACT=1 RIGHT_CONTACT=1
TRIAL=022 HOLD_SIM_SEC=3.410 HOLD_WALL_SEC=4.001 ACTUAL_LIFT_M=0.07607 RELATIVE_SLIP_M=0.00000 LEFT_CONTACT=1 RIGHT_CONTACT=1
TRIAL=022 HOLD_SIM_SEC=4.236 HOLD_WALL_SEC=5.001 ACTUAL_LIFT_M=0.07600 RELATIVE_SLIP_M=0.00000 LEFT_CONTACT=1 RIGHT_CONTACT=1
TRIAL=022 PHASE=PLACE_DOWN
TRIAL=022 PHASE=OPEN_GRIPPER
TRIAL=022 PHASE=RETREAT_PREGRASP
TRIAL=022 PHASE=GRASP_SUCCESS
TRIAL=022 DAY5_PLACE_RELEASE=PASS
DAY4_GRASP_RESULT=SUCCESS
DAY4_STEP=1 EPISODE=022 STEP=04 DIST=0.005769 YAW_ERR_DEG=0.022 REQUESTED_MOVE=0.004948 EXECUTED_MOVE=0.004822 ATTEMPT=1 SUCCESS=1 TERMINATED=1 TRUNCATED=0
DAY7_EPISODE=22 LEVEL=L3 VALID=16/50 TECHNICAL=False SUCCESS=True REASON=
DAY4_RESET_GRIPPER=OPEN ANGLE_RAD=1.570000 EFFORT_NM=1.200000
DAY4_RESET_GRIPPER=AFTER_INITIAL_MOVE ANGLE_RAD=1.570000 EFFORT_NM=1.200000
TRIAL=023 VISUAL_CENTER=[0.3110722601413727, 0.017403246369212866, 0.03251692443270384] SURFACE=[0.3110722601413727, 0.017403246369212866, 0.05751692443270384] CONTOUR_DEG=-0.24 AXIS_STD_DEG=0.05 FOOTPRINT=[0.050008608028292656, 0.050008608028292656] CONFIDENCE=0.9611
TRIAL=023 SELECTED_CONTOUR_ORIENTATION=+89.76deg TILT=22.8 LEAN=+1 SYMMETRY=1 IK_FK_POS_ERROR=0.000010m IK_FK_ORIENTATION_ERROR=0.000000rad FINGER_FK_LIFT=0.080000m FINGER_FK_DRIFT=0.000000m JOINT_MOTION=2.986474rad
DAY4_MOTION_DONE=1 ELAPSED_SIM=1.200 INITIAL_ERR=0.01618 FINAL_ERR=0.00051 ARM_V=0.00564
DAY4_STEP=1 EPISODE=023 STEP=01 DIST=0.020390 YAW_ERR_DEG=0.002 REQUESTED_MOVE=0.005004 EXECUTED_MOVE=0.004840 ATTEMPT=0 SUCCESS=0 TERMINATED=0 TRUNCATED=0
DAY4_MOTION_DONE=1 ELAPSED_SIM=1.200 INITIAL_ERR=0.01667 FINAL_ERR=0.00052 ARM_V=0.00574
DAY4_STEP=1 EPISODE=023 STEP=02 DIST=0.015564 YAW_ERR_DEG=0.008 REQUESTED_MOVE=0.004970 EXECUTED_MOVE=0.004812 ATTEMPT=0 SUCCESS=0 TERMINATED=0 TRUNCATED=0
DAY4_MOTION_DONE=1 ELAPSED_SIM=1.200 INITIAL_ERR=0.01688 FINAL_ERR=0.00047 ARM_V=0.00524
DAY4_STEP=1 EPISODE=023 STEP=03 DIST=0.010749 YAW_ERR_DEG=0.013 REQUESTED_MOVE=0.004958 EXECUTED_MOVE=0.004817 ATTEMPT=0 SUCCESS=0 TERMINATED=0 TRUNCATED=0
DAY4_MOTION_DONE=1 ELAPSED_SIM=1.200 INITIAL_ERR=0.01701 FINAL_ERR=0.00047 ARM_V=0.00527
DAY4_GRASP_ATTEMPT=1
TRIAL=023 PHASE=CLOSE_SEARCH
TRIAL=023 LEFT_CONTACT=0 RIGHT_CONTACT=0 STALL=0
TRIAL=023 LEFT_CONTACT=1 RIGHT_CONTACT=0 STALL=0
TRIAL=023 PHASE=WAIT_DUAL_CONTACT
TRIAL=023 PHASE=WAIT_STALL
TRIAL=023 LEFT_CONTACT=1 RIGHT_CONTACT=1 STALL=0 GRIPPER_ERROR=0.06230 VELOCITY=0.10000 CLOSURE_M=0.00050
TRIAL=023 LEFT_CONTACT=1 RIGHT_CONTACT=1 STALL=0 GRIPPER_ERROR=0.04281 VELOCITY=0.00031 CLOSURE_M=0.00107
TRIAL=023 LEFT_CONTACT=1 RIGHT_CONTACT=1 STALL=0 GRIPPER_ERROR=0.03850 VELOCITY=0.00786 CLOSURE_M=0.00119
TRIAL=023 LEFT_CONTACT=1 RIGHT_CONTACT=1 STALL=0 GRIPPER_ERROR=0.03459 VELOCITY=0.00407 CLOSURE_M=0.00131
TRIAL=023 LEFT_CONTACT=1 RIGHT_CONTACT=1 STALL=0 GRIPPER_ERROR=0.03097 VELOCITY=0.00440 CLOSURE_M=0.00142
TRIAL=023 LEFT_CONTACT=1 RIGHT_CONTACT=1 STALL=1 GRIPPER_ERROR=0.02726 VELOCITY=0.00431 CLOSURE_M=0.00153
TRIAL=023 PHASE=LIFT_80_MM
TRIAL=023 ACTUAL_LIFT_M=-0.00002 LEFT_CONTACT=1 RIGHT_CONTACT=1
TRIAL=023 ACTUAL_LIFT_M=0.02204 LEFT_CONTACT=1 RIGHT_CONTACT=1
TRIAL=023 ACTUAL_LIFT_M=0.05067 LEFT_CONTACT=1 RIGHT_CONTACT=1
TRIAL=023 PHASE=HOLD
TRIAL=023 HOLD_SIM_SEC=0.000 HOLD_WALL_SEC=0.000 ACTUAL_LIFT_M=0.07203 RELATIVE_SLIP_M=0.00000 LEFT_CONTACT=1 RIGHT_CONTACT=1
TRIAL=023 HOLD_SIM_SEC=0.836 HOLD_WALL_SEC=1.001 ACTUAL_LIFT_M=0.07505 RELATIVE_SLIP_M=0.00028 LEFT_CONTACT=1 RIGHT_CONTACT=1
TRIAL=023 HOLD_SIM_SEC=1.724 HOLD_WALL_SEC=2.001 ACTUAL_LIFT_M=0.07499 RELATIVE_SLIP_M=0.00028 LEFT_CONTACT=1 RIGHT_CONTACT=1
TRIAL=023 HOLD_SIM_SEC=2.586 HOLD_WALL_SEC=3.001 ACTUAL_LIFT_M=0.07491 RELATIVE_SLIP_M=0.00028 LEFT_CONTACT=1 RIGHT_CONTACT=1
TRIAL=023 HOLD_SIM_SEC=3.452 HOLD_WALL_SEC=4.001 ACTUAL_LIFT_M=0.07482 RELATIVE_SLIP_M=0.00028 LEFT_CONTACT=1 RIGHT_CONTACT=1
TRIAL=023 HOLD_SIM_SEC=4.340 HOLD_WALL_SEC=5.002 ACTUAL_LIFT_M=0.07473 RELATIVE_SLIP_M=0.00028 LEFT_CONTACT=1 RIGHT_CONTACT=1
TRIAL=023 PHASE=PLACE_DOWN
TRIAL=023 PHASE=OPEN_GRIPPER
TRIAL=023 PHASE=RETREAT_PREGRASP
TRIAL=023 PHASE=GRASP_SUCCESS
TRIAL=023 DAY5_PLACE_RELEASE=PASS
DAY4_GRASP_RESULT=SUCCESS
DAY4_STEP=1 EPISODE=023 STEP=04 DIST=0.005942 YAW_ERR_DEG=0.017 REQUESTED_MOVE=0.004950 EXECUTED_MOVE=0.004809 ATTEMPT=1 SUCCESS=1 TERMINATED=1 TRUNCATED=0
DAY7_EPISODE=23 LEVEL=L3 VALID=17/50 TECHNICAL=False SUCCESS=True REASON=
DAY4_RESET_GRIPPER=OPEN ANGLE_RAD=1.570000 EFFORT_NM=1.200000
DAY4_RESET_GRIPPER=AFTER_INITIAL_MOVE ANGLE_RAD=1.570000 EFFORT_NM=1.200000
TRIAL=024 VISUAL_CENTER=[0.3132020980119705, 0.011203228612430394, 0.023025226775064606] SURFACE=[0.3132020980119705, 0.011203228612430394, 0.04802522677506461] CONTOUR_DEG=0.35 AXIS_STD_DEG=0.25 FOOTPRINT=[0.05036871135234833, 0.05036871135234833] CONFIDENCE=0.9677
TRIAL=024 SELECTED_CONTOUR_ORIENTATION=+90.35deg TILT=22.9 LEAN=+1 SYMMETRY=1 IK_FK_POS_ERROR=0.000005m IK_FK_ORIENTATION_ERROR=0.000000rad FINGER_FK_LIFT=0.080000m FINGER_FK_DRIFT=0.000000m JOINT_MOTION=3.027649rad
DAY4_MOTION_DONE=1 ELAPSED_SIM=1.200 INITIAL_ERR=0.01642 FINAL_ERR=0.00030 ARM_V=0.00338
DAY4_STEP=1 EPISODE=024 STEP=01 DIST=0.020305 YAW_ERR_DEG=0.004 REQUESTED_MOVE=0.004999 EXECUTED_MOVE=0.004899 ATTEMPT=0 SUCCESS=0 TERMINATED=0 TRUNCATED=0
DAY4_MOTION_DONE=1 ELAPSED_SIM=1.202 INITIAL_ERR=0.01690 FINAL_ERR=0.00035 ARM_V=0.00384
DAY4_STEP=1 EPISODE=024 STEP=02 DIST=0.015443 YAW_ERR_DEG=0.010 REQUESTED_MOVE=0.004970 EXECUTED_MOVE=0.004864 ATTEMPT=0 SUCCESS=0 TERMINATED=0 TRUNCATED=0
DAY4_MOTION_DONE=1 ELAPSED_SIM=1.202 INITIAL_ERR=0.01704 FINAL_ERR=0.00035 ARM_V=0.00388
DAY4_STEP=1 EPISODE=024 STEP=03 DIST=0.010590 YAW_ERR_DEG=0.015 REQUESTED_MOVE=0.004959 EXECUTED_MOVE=0.004854 ATTEMPT=0 SUCCESS=0 TERMINATED=0 TRUNCATED=0
DAY4_MOTION_DONE=1 ELAPSED_SIM=1.202 INITIAL_ERR=0.01716 FINAL_ERR=0.00032 ARM_V=0.00351
DAY4_GRASP_ATTEMPT=1
TRIAL=024 PHASE=CLOSE_SEARCH
TRIAL=024 LEFT_CONTACT=0 RIGHT_CONTACT=0 STALL=0
TRIAL=024 LEFT_CONTACT=1 RIGHT_CONTACT=0 STALL=0
TRIAL=024 PHASE=WAIT_DUAL_CONTACT
TRIAL=024 PHASE=WAIT_STALL
TRIAL=024 LEFT_CONTACT=1 RIGHT_CONTACT=1 STALL=0 GRIPPER_ERROR=0.06102 VELOCITY=0.03995 CLOSURE_M=0.00053
TRIAL=024 LEFT_CONTACT=1 RIGHT_CONTACT=1 STALL=0 GRIPPER_ERROR=0.04475 VELOCITY=0.00724 CLOSURE_M=0.00100
TRIAL=024 LEFT_CONTACT=1 RIGHT_CONTACT=1 STALL=0 GRIPPER_ERROR=0.03945 VELOCITY=0.00539 CLOSURE_M=0.00115
TRIAL=024 LEFT_CONTACT=1 RIGHT_CONTACT=1 STALL=0 GRIPPER_ERROR=0.03534 VELOCITY=0.00467 CLOSURE_M=0.00128
TRIAL=024 LEFT_CONTACT=1 RIGHT_CONTACT=1 STALL=0 GRIPPER_ERROR=0.03156 VELOCITY=0.00446 CLOSURE_M=0.00139
TRIAL=024 LEFT_CONTACT=1 RIGHT_CONTACT=1 STALL=1 GRIPPER_ERROR=0.02768 VELOCITY=0.00433 CLOSURE_M=0.00150
TRIAL=024 PHASE=LIFT_80_MM
TRIAL=024 ACTUAL_LIFT_M=-0.00002 LEFT_CONTACT=1 RIGHT_CONTACT=1
TRIAL=024 ACTUAL_LIFT_M=0.02547 LEFT_CONTACT=1 RIGHT_CONTACT=1
TRIAL=024 ACTUAL_LIFT_M=0.05550 LEFT_CONTACT=1 RIGHT_CONTACT=1
TRIAL=024 PHASE=HOLD
TRIAL=024 HOLD_SIM_SEC=0.000 HOLD_WALL_SEC=0.001 ACTUAL_LIFT_M=0.07384 RELATIVE_SLIP_M=0.00000 LEFT_CONTACT=1 RIGHT_CONTACT=1
TRIAL=024 HOLD_SIM_SEC=0.838 HOLD_WALL_SEC=1.002 ACTUAL_LIFT_M=0.07673 RELATIVE_SLIP_M=0.00053 LEFT_CONTACT=1 RIGHT_CONTACT=1
TRIAL=024 HOLD_SIM_SEC=1.668 HOLD_WALL_SEC=2.002 ACTUAL_LIFT_M=0.07668 RELATIVE_SLIP_M=0.00053 LEFT_CONTACT=1 RIGHT_CONTACT=1
TRIAL=024 HOLD_SIM_SEC=2.536 HOLD_WALL_SEC=3.002 ACTUAL_LIFT_M=0.07660 RELATIVE_SLIP_M=0.00053 LEFT_CONTACT=1 RIGHT_CONTACT=1
TRIAL=024 HOLD_SIM_SEC=3.380 HOLD_WALL_SEC=4.002 ACTUAL_LIFT_M=0.07652 RELATIVE_SLIP_M=0.00053 LEFT_CONTACT=1 RIGHT_CONTACT=1
TRIAL=024 HOLD_SIM_SEC=4.264 HOLD_WALL_SEC=5.002 ACTUAL_LIFT_M=0.07644 RELATIVE_SLIP_M=0.00053 LEFT_CONTACT=1 RIGHT_CONTACT=1
TRIAL=024 PHASE=PLACE_DOWN
TRIAL=024 PHASE=OPEN_GRIPPER
TRIAL=024 PHASE=RETREAT_PREGRASP
TRIAL=024 PHASE=GRASP_SUCCESS
TRIAL=024 DAY5_PLACE_RELEASE=PASS
DAY4_GRASP_RESULT=SUCCESS
DAY4_STEP=1 EPISODE=024 STEP=04 DIST=0.005737 YAW_ERR_DEG=0.019 REQUESTED_MOVE=0.004951 EXECUTED_MOVE=0.004856 ATTEMPT=1 SUCCESS=1 TERMINATED=1 TRUNCATED=0
DAY7_EPISODE=24 LEVEL=L3 VALID=18/50 TECHNICAL=False SUCCESS=True REASON=
DAY4_RESET_GRIPPER=OPEN ANGLE_RAD=1.570000 EFFORT_NM=1.200000
DAY4_RESET_GRIPPER=AFTER_INITIAL_MOVE ANGLE_RAD=1.570000 EFFORT_NM=1.200000
TRIAL=025 VISUAL_CENTER=[0.29855412244796753, 0.0003950633108615875, 0.02142289720894556] SURFACE=[0.29855412244796753, 0.0003950633108615875, 0.04642289720894556] CONTOUR_DEG=-0.42 AXIS_STD_DEG=0.13 FOOTPRINT=[0.05069822818040848, 0.05069822818040848] CONFIDENCE=0.9615
TRIAL=025 SELECTED_CONTOUR_ORIENTATION=+89.58deg TILT=15.8 LEAN=+1 SYMMETRY=1 IK_FK_POS_ERROR=0.000001m IK_FK_ORIENTATION_ERROR=0.000000rad FINGER_FK_LIFT=0.080000m FINGER_FK_DRIFT=0.000000m JOINT_MOTION=3.021529rad
DAY4_MOTION_DONE=1 ELAPSED_SIM=1.200 INITIAL_ERR=0.01566 FINAL_ERR=0.00031 ARM_V=0.00341
DAY4_STEP=1 EPISODE=025 STEP=01 DIST=0.024704 YAW_ERR_DEG=0.007 REQUESTED_MOVE=0.005104 EXECUTED_MOVE=0.004995 ATTEMPT=0 SUCCESS=0 TERMINATED=0 TRUNCATED=0
DAY4_MOTION_DONE=1 ELAPSED_SIM=1.200 INITIAL_ERR=0.01725 FINAL_ERR=0.00035 ARM_V=0.00392
DAY4_STEP=1 EPISODE=025 STEP=02 DIST=0.019841 YAW_ERR_DEG=0.014 REQUESTED_MOVE=0.004973 EXECUTED_MOVE=0.004867 ATTEMPT=0 SUCCESS=0 TERMINATED=0 TRUNCATED=0
DAY4_MOTION_DONE=1 ELAPSED_SIM=1.202 INITIAL_ERR=0.01748 FINAL_ERR=0.00032 ARM_V=0.00358
DAY4_STEP=1 EPISODE=025 STEP=03 DIST=0.014979 YAW_ERR_DEG=0.019 REQUESTED_MOVE=0.004957 EXECUTED_MOVE=0.004863 ATTEMPT=0 SUCCESS=0 TERMINATED=0 TRUNCATED=0
DAY4_MOTION_DONE=1 ELAPSED_SIM=1.202 INITIAL_ERR=0.01753 FINAL_ERR=0.00036 ARM_V=0.00399
DAY4_STEP=1 EPISODE=025 STEP=04 DIST=0.010136 YAW_ERR_DEG=0.022 REQUESTED_MOVE=0.004948 EXECUTED_MOVE=0.004845 ATTEMPT=0 SUCCESS=0 TERMINATED=0 TRUNCATED=0
DAY4_MOTION_DONE=1 ELAPSED_SIM=1.200 INITIAL_ERR=0.01760 FINAL_ERR=0.00032 ARM_V=0.00360
DAY4_GRASP_ATTEMPT=1
TRIAL=025 PHASE=CLOSE_SEARCH
TRIAL=025 LEFT_CONTACT=0 RIGHT_CONTACT=0 STALL=0
TRIAL=025 LEFT_CONTACT=1 RIGHT_CONTACT=0 STALL=0
TRIAL=025 PHASE=WAIT_DUAL_CONTACT
TRIAL=025 PHASE=WAIT_STALL
TRIAL=025 LEFT_CONTACT=1 RIGHT_CONTACT=1 STALL=0 GRIPPER_ERROR=0.05941 VELOCITY=0.03845 CLOSURE_M=0.00075
TRIAL=025 LEFT_CONTACT=1 RIGHT_CONTACT=1 STALL=0 GRIPPER_ERROR=0.04717 VELOCITY=0.00693 CLOSURE_M=0.00121
TRIAL=025 LEFT_CONTACT=1 RIGHT_CONTACT=1 STALL=0 GRIPPER_ERROR=0.04254 VELOCITY=0.00484 CLOSURE_M=0.00138
TRIAL=025 LEFT_CONTACT=1 RIGHT_CONTACT=1 STALL=1 GRIPPER_ERROR=0.03860 VELOCITY=0.00440 CLOSURE_M=0.00153
TRIAL=025 PHASE=LIFT_80_MM
TRIAL=025 ACTUAL_LIFT_M=-0.00005 LEFT_CONTACT=1 RIGHT_CONTACT=1
TRIAL=025 ACTUAL_LIFT_M=0.02512 LEFT_CONTACT=1 RIGHT_CONTACT=1
TRIAL=025 ACTUAL_LIFT_M=0.05591 LEFT_CONTACT=1 RIGHT_CONTACT=1
TRIAL=025 PHASE=HOLD
TRIAL=025 HOLD_SIM_SEC=0.000 HOLD_WALL_SEC=0.000 ACTUAL_LIFT_M=0.07422 RELATIVE_SLIP_M=0.00000 LEFT_CONTACT=1 RIGHT_CONTACT=1
TRIAL=025 HOLD_SIM_SEC=0.830 HOLD_WALL_SEC=1.001 ACTUAL_LIFT_M=0.07687 RELATIVE_SLIP_M=0.00025 LEFT_CONTACT=1 RIGHT_CONTACT=1
TRIAL=025 HOLD_SIM_SEC=1.702 HOLD_WALL_SEC=2.001 ACTUAL_LIFT_M=0.07681 RELATIVE_SLIP_M=0.00025 LEFT_CONTACT=1 RIGHT_CONTACT=1
TRIAL=025 HOLD_SIM_SEC=2.574 HOLD_WALL_SEC=3.001 ACTUAL_LIFT_M=0.07674 RELATIVE_SLIP_M=0.00025 LEFT_CONTACT=1 RIGHT_CONTACT=1
TRIAL=025 HOLD_SIM_SEC=3.436 HOLD_WALL_SEC=4.001 ACTUAL_LIFT_M=0.07667 RELATIVE_SLIP_M=0.00025 LEFT_CONTACT=1 RIGHT_CONTACT=1
TRIAL=025 HOLD_SIM_SEC=4.284 HOLD_WALL_SEC=5.001 ACTUAL_LIFT_M=0.07660 RELATIVE_SLIP_M=0.00025 LEFT_CONTACT=1 RIGHT_CONTACT=1
TRIAL=025 PHASE=PLACE_DOWN
TRIAL=025 PHASE=OPEN_GRIPPER
TRIAL=025 PHASE=RETREAT_PREGRASP
TRIAL=025 PHASE=GRASP_SUCCESS
TRIAL=025 DAY5_PLACE_RELEASE=PASS
DAY4_GRASP_RESULT=SUCCESS
DAY4_STEP=1 EPISODE=025 STEP=05 DIST=0.005291 YAW_ERR_DEG=0.025 REQUESTED_MOVE=0.004942 EXECUTED_MOVE=0.004849 ATTEMPT=1 SUCCESS=1 TERMINATED=1 TRUNCATED=0
DAY7_EPISODE=25 LEVEL=L3 VALID=19/50 TECHNICAL=False SUCCESS=True REASON=
DAY4_RESET_GRIPPER=OPEN ANGLE_RAD=1.570000 EFFORT_NM=1.200000
DAY4_RESET_GRIPPER=AFTER_INITIAL_MOVE ANGLE_RAD=1.570000 EFFORT_NM=1.200000
TRIAL=026 VISUAL_CENTER=[0.3259425610303879, -0.017619818449020386, 0.03592349835212603] SURFACE=[0.3259425610303879, -0.017619818449020386, 0.06092349835212603] CONTOUR_DEG=-0.79 AXIS_STD_DEG=0.30 FOOTPRINT=[0.04992876015603542, 0.04992876015603542] CONFIDENCE=0.9670
TRIAL=026 SELECTED_CONTOUR_ORIENTATION=+89.21deg TILT=30.2 LEAN=+1 SYMMETRY=1 IK_FK_POS_ERROR=0.000011m IK_FK_ORIENTATION_ERROR=0.000000rad FINGER_FK_LIFT=0.080000m FINGER_FK_DRIFT=0.000000m JOINT_MOTION=2.999577rad
DAY4_MOTION_DONE=1 ELAPSED_SIM=1.202 INITIAL_ERR=0.01541 FINAL_ERR=0.00043 ARM_V=0.00483
DAY4_STEP=1 EPISODE=026 STEP=01 DIST=0.020438 YAW_ERR_DEG=0.012 REQUESTED_MOVE=0.005002 EXECUTED_MOVE=0.004852 ATTEMPT=0 SUCCESS=0 TERMINATED=0 TRUNCATED=0
DAY4_MOTION_DONE=1 ELAPSED_SIM=1.200 INITIAL_ERR=0.01606 FINAL_ERR=0.00045 ARM_V=0.00499
DAY4_STEP=1 EPISODE=026 STEP=02 DIST=0.015598 YAW_ERR_DEG=0.019 REQUESTED_MOVE=0.004972 EXECUTED_MOVE=0.004828 ATTEMPT=0 SUCCESS=0 TERMINATED=0 TRUNCATED=0
DAY4_MOTION_DONE=1 ELAPSED_SIM=1.200 INITIAL_ERR=0.01635 FINAL_ERR=0.00051 ARM_V=0.00564
DAY4_STEP=1 EPISODE=026 STEP=03 DIST=0.010797 YAW_ERR_DEG=0.024 REQUESTED_MOVE=0.004961 EXECUTED_MOVE=0.004803 ATTEMPT=0 SUCCESS=0 TERMINATED=0 TRUNCATED=0
DAY4_MOTION_DONE=1 ELAPSED_SIM=1.202 INITIAL_ERR=0.01648 FINAL_ERR=0.00041 ARM_V=0.00459
DAY4_GRASP_ATTEMPT=1
TRIAL=026 PHASE=CLOSE_SEARCH
TRIAL=026 LEFT_CONTACT=0 RIGHT_CONTACT=0 STALL=0
TRIAL=026 LEFT_CONTACT=1 RIGHT_CONTACT=0 STALL=0
TRIAL=026 PHASE=WAIT_DUAL_CONTACT
TRIAL=026 PHASE=WAIT_STALL
TRIAL=026 LEFT_CONTACT=1 RIGHT_CONTACT=1 STALL=0 GRIPPER_ERROR=0.06222 VELOCITY=0.10000 CLOSURE_M=0.00050
TRIAL=026 LEFT_CONTACT=1 RIGHT_CONTACT=1 STALL=0 GRIPPER_ERROR=0.04215 VELOCITY=0.00008 CLOSURE_M=0.00108
TRIAL=026 LEFT_CONTACT=1 RIGHT_CONTACT=1 STALL=0 GRIPPER_ERROR=0.03758 VELOCITY=0.00926 CLOSURE_M=0.00122
TRIAL=026 LEFT_CONTACT=1 RIGHT_CONTACT=1 STALL=0 GRIPPER_ERROR=0.03326 VELOCITY=0.00411 CLOSURE_M=0.00135
TRIAL=026 LEFT_CONTACT=1 RIGHT_CONTACT=1 STALL=0 GRIPPER_ERROR=0.02943 VELOCITY=0.00449 CLOSURE_M=0.00146
TRIAL=026 PHASE=LIFT_80_MM
TRIAL=026 ACTUAL_LIFT_M=-0.00002 LEFT_CONTACT=1 RIGHT_CONTACT=1
TRIAL=026 ACTUAL_LIFT_M=0.02344 LEFT_CONTACT=1 RIGHT_CONTACT=1
TRIAL=026 ACTUAL_LIFT_M=0.05296 LEFT_CONTACT=1 RIGHT_CONTACT=1
TRIAL=026 PHASE=HOLD
TRIAL=026 HOLD_SIM_SEC=0.000 HOLD_WALL_SEC=0.000 ACTUAL_LIFT_M=0.06310 RELATIVE_SLIP_M=0.00000 LEFT_CONTACT=1 RIGHT_CONTACT=1
TRIAL=026 HOLD_SIM_SEC=0.852 HOLD_WALL_SEC=1.001 ACTUAL_LIFT_M=0.07383 RELATIVE_SLIP_M=0.00013 LEFT_CONTACT=1 RIGHT_CONTACT=1
TRIAL=026 HOLD_SIM_SEC=1.714 HOLD_WALL_SEC=2.001 ACTUAL_LIFT_M=0.07376 RELATIVE_SLIP_M=0.00013 LEFT_CONTACT=1 RIGHT_CONTACT=1
TRIAL=026 HOLD_SIM_SEC=2.578 HOLD_WALL_SEC=3.001 ACTUAL_LIFT_M=0.07367 RELATIVE_SLIP_M=0.00013 LEFT_CONTACT=1 RIGHT_CONTACT=1
TRIAL=026 HOLD_SIM_SEC=3.446 HOLD_WALL_SEC=4.001 ACTUAL_LIFT_M=0.07358 RELATIVE_SLIP_M=0.00013 LEFT_CONTACT=1 RIGHT_CONTACT=1
TRIAL=026 HOLD_SIM_SEC=4.316 HOLD_WALL_SEC=5.001 ACTUAL_LIFT_M=0.07349 RELATIVE_SLIP_M=0.00013 LEFT_CONTACT=1 RIGHT_CONTACT=1
TRIAL=026 PHASE=PLACE_DOWN
TRIAL=026 PHASE=OPEN_GRIPPER
TRIAL=026 PHASE=RETREAT_PREGRASP
TRIAL=026 PHASE=GRASP_SUCCESS
TRIAL=026 DAY5_PLACE_RELEASE=PASS
DAY4_GRASP_RESULT=SUCCESS
DAY4_STEP=1 EPISODE=026 STEP=04 DIST=0.005974 YAW_ERR_DEG=0.028 REQUESTED_MOVE=0.004954 EXECUTED_MOVE=0.004825 ATTEMPT=1 SUCCESS=1 TERMINATED=1 TRUNCATED=0
DAY7_EPISODE=26 LEVEL=L3 VALID=20/50 TECHNICAL=False SUCCESS=True REASON=
DAY4_RESET_GRIPPER=OPEN ANGLE_RAD=1.570000 EFFORT_NM=1.200000
DAY4_RESET_GRIPPER=AFTER_INITIAL_MOVE ANGLE_RAD=1.570000 EFFORT_NM=1.200000
TRIAL=027 VISUAL_CENTER=[0.297687292098999, 0.019941468839533627, 0.023306715906085712] SURFACE=[0.297687292098999, 0.019941468839533627, 0.048306715906085713] CONTOUR_DEG=0.43 AXIS_STD_DEG=0.40 FOOTPRINT=[0.050416022539138794, 0.050416022539138794] CONFIDENCE=0.9461
TRIAL=027 SELECTED_CONTOUR_ORIENTATION=+90.43deg TILT=15.9 LEAN=+1 SYMMETRY=1 IK_FK_POS_ERROR=0.000006m IK_FK_ORIENTATION_ERROR=0.000000rad FINGER_FK_LIFT=0.080000m FINGER_FK_DRIFT=0.000000m JOINT_MOTION=3.014194rad
DAY4_MOTION_DONE=1 ELAPSED_SIM=1.200 INITIAL_ERR=0.01703 FINAL_ERR=0.00043 ARM_V=0.00481
DAY4_STEP=1 EPISODE=027 STEP=01 DIST=0.020271 YAW_ERR_DEG=0.005 REQUESTED_MOVE=0.005006 EXECUTED_MOVE=0.004873 ATTEMPT=0 SUCCESS=0 TERMINATED=0 TRUNCATED=0
DAY4_MOTION_DONE=1 ELAPSED_SIM=1.202 INITIAL_ERR=0.01745 FINAL_ERR=0.00044 ARM_V=0.00489
DAY4_STEP=1 EPISODE=027 STEP=02 DIST=0.015420 YAW_ERR_DEG=0.011 REQUESTED_MOVE=0.004968 EXECUTED_MOVE=0.004840 ATTEMPT=0 SUCCESS=0 TERMINATED=0 TRUNCATED=0
DAY4_MOTION_DONE=1 ELAPSED_SIM=1.202 INITIAL_ERR=0.01759 FINAL_ERR=0.00044 ARM_V=0.00491
DAY4_STEP=1 EPISODE=027 STEP=03 DIST=0.010580 YAW_ERR_DEG=0.015 REQUESTED_MOVE=0.004956 EXECUTED_MOVE=0.004829 ATTEMPT=0 SUCCESS=0 TERMINATED=0 TRUNCATED=0
DAY4_MOTION_DONE=1 ELAPSED_SIM=1.200 INITIAL_ERR=0.01759 FINAL_ERR=0.00040 ARM_V=0.00443
DAY4_GRASP_ATTEMPT=1
TRIAL=027 PHASE=CLOSE_SEARCH
TRIAL=027 LEFT_CONTACT=0 RIGHT_CONTACT=0 STALL=0
TRIAL=027 LEFT_CONTACT=1 RIGHT_CONTACT=0 STALL=0
TRIAL=027 PHASE=WAIT_DUAL_CONTACT
TRIAL=027 PHASE=WAIT_STALL
TRIAL=027 LEFT_CONTACT=1 RIGHT_CONTACT=1 STALL=0 GRIPPER_ERROR=0.06436 VELOCITY=0.12951 CLOSURE_M=0.00044
TRIAL=027 LEFT_CONTACT=1 RIGHT_CONTACT=1 STALL=0 GRIPPER_ERROR=0.04598 VELOCITY=0.01566 CLOSURE_M=0.00097
TRIAL=027 LEFT_CONTACT=1 RIGHT_CONTACT=1 STALL=0 GRIPPER_ERROR=0.03964 VELOCITY=0.00302 CLOSURE_M=0.00115
TRIAL=027 LEFT_CONTACT=1 RIGHT_CONTACT=1 STALL=0 GRIPPER_ERROR=0.03506 VELOCITY=0.00478 CLOSURE_M=0.00129
TRIAL=027 LEFT_CONTACT=1 RIGHT_CONTACT=1 STALL=0 GRIPPER_ERROR=0.03128 VELOCITY=0.00465 CLOSURE_M=0.00140
TRIAL=027 LEFT_CONTACT=1 RIGHT_CONTACT=1 STALL=1 GRIPPER_ERROR=0.02753 VELOCITY=0.00441 CLOSURE_M=0.00152
TRIAL=027 PHASE=LIFT_80_MM
TRIAL=027 ACTUAL_LIFT_M=-0.00001 LEFT_CONTACT=1 RIGHT_CONTACT=1
TRIAL=027 ACTUAL_LIFT_M=0.02382 LEFT_CONTACT=1 RIGHT_CONTACT=1
TRIAL=027 ACTUAL_LIFT_M=0.05140 LEFT_CONTACT=1 RIGHT_CONTACT=1
TRIAL=027 PHASE=HOLD
TRIAL=027 HOLD_SIM_SEC=0.000 HOLD_WALL_SEC=0.000 ACTUAL_LIFT_M=0.07100 RELATIVE_SLIP_M=0.00000 LEFT_CONTACT=1 RIGHT_CONTACT=1
TRIAL=027 HOLD_SIM_SEC=0.838 HOLD_WALL_SEC=1.001 ACTUAL_LIFT_M=0.07402 RELATIVE_SLIP_M=0.00028 LEFT_CONTACT=1 RIGHT_CONTACT=1
TRIAL=027 HOLD_SIM_SEC=1.684 HOLD_WALL_SEC=2.001 ACTUAL_LIFT_M=0.07396 RELATIVE_SLIP_M=0.00028 LEFT_CONTACT=1 RIGHT_CONTACT=1
TRIAL=027 HOLD_SIM_SEC=2.564 HOLD_WALL_SEC=3.001 ACTUAL_LIFT_M=0.07387 RELATIVE_SLIP_M=0.00028 LEFT_CONTACT=1 RIGHT_CONTACT=1
TRIAL=027 HOLD_SIM_SEC=3.452 HOLD_WALL_SEC=4.001 ACTUAL_LIFT_M=0.07378 RELATIVE_SLIP_M=0.00028 LEFT_CONTACT=1 RIGHT_CONTACT=1
TRIAL=027 HOLD_SIM_SEC=4.310 HOLD_WALL_SEC=5.001 ACTUAL_LIFT_M=0.07369 RELATIVE_SLIP_M=0.00028 LEFT_CONTACT=1 RIGHT_CONTACT=1
TRIAL=027 PHASE=PLACE_DOWN
TRIAL=027 PHASE=OPEN_GRIPPER
TRIAL=027 PHASE=RETREAT_PREGRASP
TRIAL=027 PHASE=GRASP_SUCCESS
TRIAL=027 DAY5_PLACE_RELEASE=PASS
DAY4_GRASP_RESULT=SUCCESS
DAY4_STEP=1 EPISODE=027 STEP=04 DIST=0.005749 YAW_ERR_DEG=0.018 REQUESTED_MOVE=0.004947 EXECUTED_MOVE=0.004833 ATTEMPT=1 SUCCESS=1 TERMINATED=1 TRUNCATED=0
DAY7_EPISODE=27 LEVEL=L3 VALID=21/50 TECHNICAL=False SUCCESS=True REASON=
DAY4_RESET_GRIPPER=OPEN ANGLE_RAD=1.570000 EFFORT_NM=1.200000
DAY4_RESET_GRIPPER=AFTER_INITIAL_MOVE ANGLE_RAD=1.570000 EFFORT_NM=1.200000
DAY7_EPISODE=28 LEVEL=L3 VALID=21/50 TECHNICAL=True SUCCESS=False REASON=TechnicalFailure: Ignition remove:  Service call timed out

DAY4_RESET_GRIPPER=OPEN ANGLE_RAD=1.570000 EFFORT_NM=1.200000
DAY4_RESET_GRIPPER=AFTER_INITIAL_MOVE ANGLE_RAD=1.570000 EFFORT_NM=1.200000
TRIAL=029 VISUAL_CENTER=[0.3104907274246216, 0.013769269804470241, 0.028340408799321017] SURFACE=[0.3104907274246216, 0.013769269804470241, 0.05334040879932102] CONTOUR_DEG=0.68 AXIS_STD_DEG=0.16 FOOTPRINT=[0.04986012354493141, 0.04986012354493141] CONFIDENCE=0.9592
TRIAL=029 SELECTED_CONTOUR_ORIENTATION=+90.68deg TILT=22.1 LEAN=+1 SYMMETRY=1 IK_FK_POS_ERROR=0.000005m IK_FK_ORIENTATION_ERROR=0.000000rad FINGER_FK_LIFT=0.080000m FINGER_FK_DRIFT=0.000000m JOINT_MOTION=2.999977rad
DAY4_MOTION_DONE=1 ELAPSED_SIM=1.202 INITIAL_ERR=0.01636 FINAL_ERR=0.00038 ARM_V=0.00421
DAY4_STEP=1 EPISODE=029 STEP=01 DIST=0.020315 YAW_ERR_DEG=0.005 REQUESTED_MOVE=0.005002 EXECUTED_MOVE=0.004880 ATTEMPT=0 SUCCESS=0 TERMINATED=0 TRUNCATED=0
DAY4_MOTION_DONE=1 ELAPSED_SIM=1.200 INITIAL_ERR=0.01689 FINAL_ERR=0.00043 ARM_V=0.00473
DAY4_STEP=1 EPISODE=029 STEP=02 DIST=0.015476 YAW_ERR_DEG=0.011 REQUESTED_MOVE=0.004970 EXECUTED_MOVE=0.004841 ATTEMPT=0 SUCCESS=0 TERMINATED=1 TRUNCATED=0
DAY7_EPISODE=29 LEVEL=L3 VALID=22/50 TECHNICAL=False SUCCESS=False REASON=
DAY4_RESET_GRIPPER=OPEN ANGLE_RAD=1.570000 EFFORT_NM=1.200000
DAY4_RESET_GRIPPER=AFTER_INITIAL_MOVE ANGLE_RAD=1.570000 EFFORT_NM=1.200000
TRIAL=030 VISUAL_CENTER=[0.3104486018419266, -0.010071955621242523, 0.017685209179641184] SURFACE=[0.3104486018419266, -0.010071955621242523, 0.042685209179641186] CONTOUR_DEG=-0.36 AXIS_STD_DEG=0.30 FOOTPRINT=[0.050895342603325844, 0.050895342603325844] CONFIDENCE=0.9656
TRIAL=030 SELECTED_CONTOUR_ORIENTATION=+89.64deg TILT=21.2 LEAN=+1 SYMMETRY=1 IK_FK_POS_ERROR=0.000003m IK_FK_ORIENTATION_ERROR=0.000000rad FINGER_FK_LIFT=0.080000m FINGER_FK_DRIFT=0.000000m JOINT_MOTION=3.049670rad
DAY4_MOTION_DONE=1 ELAPSED_SIM=1.202 INITIAL_ERR=0.01660 FINAL_ERR=0.00022 ARM_V=0.00249
DAY4_STEP=1 EPISODE=030 STEP=01 DIST=0.020264 YAW_ERR_DEG=0.008 REQUESTED_MOVE=0.005003 EXECUTED_MOVE=0.004928 ATTEMPT=0 SUCCESS=0 TERMINATED=0 TRUNCATED=0
DAY4_MOTION_DONE=1 ELAPSED_SIM=1.200 INITIAL_ERR=0.01716 FINAL_ERR=0.00026 ARM_V=0.00286
DAY4_STEP=1 EPISODE=030 STEP=02 DIST=0.015374 YAW_ERR_DEG=0.014 REQUESTED_MOVE=0.004970 EXECUTED_MOVE=0.004891 ATTEMPT=0 SUCCESS=0 TERMINATED=0 TRUNCATED=0
DAY4_MOTION_DONE=1 ELAPSED_SIM=1.200 INITIAL_ERR=0.01727 FINAL_ERR=0.00026 ARM_V=0.00288
DAY4_STEP=1 EPISODE=030 STEP=03 DIST=0.010494 YAW_ERR_DEG=0.019 REQUESTED_MOVE=0.004958 EXECUTED_MOVE=0.004881 ATTEMPT=0 SUCCESS=0 TERMINATED=0 TRUNCATED=0
DAY4_MOTION_DONE=1 ELAPSED_SIM=1.200 INITIAL_ERR=0.01736 FINAL_ERR=0.00023 ARM_V=0.00260
DAY4_GRASP_ATTEMPT=1
TRIAL=030 PHASE=CLOSE_SEARCH
TRIAL=030 LEFT_CONTACT=0 RIGHT_CONTACT=0 STALL=0
TRIAL=030 LEFT_CONTACT=0 RIGHT_CONTACT=1 STALL=0
TRIAL=030 PHASE=WAIT_DUAL_CONTACT
TRIAL=030 PHASE=WAIT_STALL
TRIAL=030 LEFT_CONTACT=1 RIGHT_CONTACT=1 STALL=0 GRIPPER_ERROR=0.07387 VELOCITY=0.04124 CLOSURE_M=0.00017
TRIAL=030 LEFT_CONTACT=1 RIGHT_CONTACT=1 STALL=0 GRIPPER_ERROR=0.04852 VELOCITY=0.01554 CLOSURE_M=0.00091
TRIAL=030 LEFT_CONTACT=1 RIGHT_CONTACT=1 STALL=0 GRIPPER_ERROR=0.04061 VELOCITY=0.00668 CLOSURE_M=0.00115
TRIAL=030 LEFT_CONTACT=1 RIGHT_CONTACT=1 STALL=0 GRIPPER_ERROR=0.03556 VELOCITY=0.00507 CLOSURE_M=0.00130
TRIAL=030 LEFT_CONTACT=1 RIGHT_CONTACT=1 STALL=0 GRIPPER_ERROR=0.03155 VELOCITY=0.00458 CLOSURE_M=0.00142
TRIAL=030 LEFT_CONTACT=1 RIGHT_CONTACT=1 STALL=1 GRIPPER_ERROR=0.02773 VELOCITY=0.00444 CLOSURE_M=0.00154
TRIAL=030 PHASE=LIFT_80_MM
TRIAL=030 ACTUAL_LIFT_M=-0.00001 LEFT_CONTACT=1 RIGHT_CONTACT=1
TRIAL=030 ACTUAL_LIFT_M=0.02467 LEFT_CONTACT=1 RIGHT_CONTACT=1
TRIAL=030 ACTUAL_LIFT_M=0.05345 LEFT_CONTACT=1 RIGHT_CONTACT=1
TRIAL=030 PHASE=HOLD
TRIAL=030 HOLD_SIM_SEC=0.000 HOLD_WALL_SEC=0.000 ACTUAL_LIFT_M=0.07208 RELATIVE_SLIP_M=0.00000 LEFT_CONTACT=1 RIGHT_CONTACT=1
TRIAL=030 HOLD_SIM_SEC=0.816 HOLD_WALL_SEC=1.000 ACTUAL_LIFT_M=0.07533 RELATIVE_SLIP_M=0.00000 LEFT_CONTACT=1 RIGHT_CONTACT=1
TRIAL=030 HOLD_SIM_SEC=1.510 HOLD_WALL_SEC=2.000 ACTUAL_LIFT_M=0.07528 RELATIVE_SLIP_M=0.00000 LEFT_CONTACT=1 RIGHT_CONTACT=1
TRIAL=030 HOLD_SIM_SEC=2.270 HOLD_WALL_SEC=3.001 ACTUAL_LIFT_M=0.07521 RELATIVE_SLIP_M=0.00000 LEFT_CONTACT=1 RIGHT_CONTACT=1
TRIAL=030 HOLD_SIM_SEC=3.032 HOLD_WALL_SEC=4.001 ACTUAL_LIFT_M=0.07514 RELATIVE_SLIP_M=0.00000 LEFT_CONTACT=1 RIGHT_CONTACT=1
TRIAL=030 HOLD_SIM_SEC=3.752 HOLD_WALL_SEC=5.001 ACTUAL_LIFT_M=0.07508 RELATIVE_SLIP_M=0.00000 LEFT_CONTACT=1 RIGHT_CONTACT=1
TRIAL=030 HOLD_SIM_SEC=4.560 HOLD_WALL_SEC=6.001 ACTUAL_LIFT_M=0.07503 RELATIVE_SLIP_M=0.00000 LEFT_CONTACT=1 RIGHT_CONTACT=1
TRIAL=030 PHASE=PLACE_DOWN
TRIAL=030 PHASE=OPEN_GRIPPER
TRIAL=030 PHASE=RETREAT_PREGRASP
TRIAL=030 PHASE=GRASP_SUCCESS
TRIAL=030 DAY5_PLACE_RELEASE=PASS
DAY4_GRASP_RESULT=SUCCESS
DAY4_STEP=1 EPISODE=030 STEP=04 DIST=0.005616 YAW_ERR_DEG=0.022 REQUESTED_MOVE=0.004951 EXECUTED_MOVE=0.004881 ATTEMPT=1 SUCCESS=1 TERMINATED=1 TRUNCATED=0
DAY7_EPISODE=30 LEVEL=L3 VALID=23/50 TECHNICAL=False SUCCESS=True REASON=
DAY4_RESET_GRIPPER=OPEN ANGLE_RAD=1.570000 EFFORT_NM=1.200000
DAY4_RESET_GRIPPER=AFTER_INITIAL_MOVE ANGLE_RAD=1.570000 EFFORT_NM=1.200000
TRIAL=031 VISUAL_CENTER=[0.3161070942878723, -0.00616905651986599, 0.025048258120232834] SURFACE=[0.3161070942878723, -0.00616905651986599, 0.050048258120232836] CONTOUR_DEG=0.08 AXIS_STD_DEG=0.26 FOOTPRINT=[0.05037265084683895, 0.05037265084683895] CONFIDENCE=0.9661
TRIAL=031 SELECTED_CONTOUR_ORIENTATION=+90.08deg TILT=24.4 LEAN=+1 SYMMETRY=1 IK_FK_POS_ERROR=0.000004m IK_FK_ORIENTATION_ERROR=0.000000rad FINGER_FK_LIFT=0.080000m FINGER_FK_DRIFT=0.000000m JOINT_MOTION=3.023201rad
DAY4_MOTION_DONE=1 ELAPSED_SIM=1.200 INITIAL_ERR=0.01615 FINAL_ERR=0.00056 ARM_V=0.00625
DAY4_STEP=1 EPISODE=031 STEP=01 DIST=0.020404 YAW_ERR_DEG=0.008 REQUESTED_MOVE=0.005005 EXECUTED_MOVE=0.004823 ATTEMPT=0 SUCCESS=0 TERMINATED=0 TRUNCATED=0
DAY4_MOTION_DONE=1 ELAPSED_SIM=1.200 INITIAL_ERR=0.01670 FINAL_ERR=0.00057 ARM_V=0.00637
DAY4_STEP=1 EPISODE=031 STEP=02 DIST=0.015609 YAW_ERR_DEG=0.014 REQUESTED_MOVE=0.004970 EXECUTED_MOVE=0.004796 ATTEMPT=0 SUCCESS=0 TERMINATED=0 TRUNCATED=0
DAY4_MOTION_DONE=1 ELAPSED_SIM=1.202 INITIAL_ERR=0.01688 FINAL_ERR=0.00052 ARM_V=0.00580
DAY4_STEP=1 EPISODE=031 STEP=03 DIST=0.010792 YAW_ERR_DEG=0.019 REQUESTED_MOVE=0.004959 EXECUTED_MOVE=0.004803 ATTEMPT=0 SUCCESS=0 TERMINATED=0 TRUNCATED=0
DAY4_MOTION_DONE=1 ELAPSED_SIM=1.202 INITIAL_ERR=0.01700 FINAL_ERR=0.00053 ARM_V=0.00586
DAY4_GRASP_ATTEMPT=1
TRIAL=031 PHASE=CLOSE_SEARCH
TRIAL=031 LEFT_CONTACT=0 RIGHT_CONTACT=0 STALL=0
TRIAL=031 LEFT_CONTACT=1 RIGHT_CONTACT=0 STALL=0
TRIAL=031 PHASE=WAIT_DUAL_CONTACT
TRIAL=031 PHASE=WAIT_STALL
TRIAL=031 LEFT_CONTACT=1 RIGHT_CONTACT=1 STALL=0 GRIPPER_ERROR=0.05121 VELOCITY=0.10000 CLOSURE_M=0.00085
TRIAL=031 LEFT_CONTACT=1 RIGHT_CONTACT=1 STALL=0 GRIPPER_ERROR=0.04003 VELOCITY=0.00493 CLOSURE_M=0.00119
TRIAL=031 LEFT_CONTACT=1 RIGHT_CONTACT=1 STALL=0 GRIPPER_ERROR=0.03755 VELOCITY=0.00612 CLOSURE_M=0.00126
TRIAL=031 LEFT_CONTACT=1 RIGHT_CONTACT=1 STALL=0 GRIPPER_ERROR=0.03418 VELOCITY=0.00397 CLOSURE_M=0.00137
TRIAL=031 LEFT_CONTACT=1 RIGHT_CONTACT=1 STALL=0 GRIPPER_ERROR=0.03064 VELOCITY=0.00432 CLOSURE_M=0.00148
TRIAL=031 PHASE=LIFT_80_MM
TRIAL=031 ACTUAL_LIFT_M=-0.00002 LEFT_CONTACT=1 RIGHT_CONTACT=1
TRIAL=031 ACTUAL_LIFT_M=0.02257 LEFT_CONTACT=1 RIGHT_CONTACT=1
TRIAL=031 ACTUAL_LIFT_M=0.05247 LEFT_CONTACT=1 RIGHT_CONTACT=1
TRIAL=031 PHASE=HOLD
TRIAL=031 HOLD_SIM_SEC=0.000 HOLD_WALL_SEC=0.000 ACTUAL_LIFT_M=0.07165 RELATIVE_SLIP_M=0.00000 LEFT_CONTACT=1 RIGHT_CONTACT=1
TRIAL=031 HOLD_SIM_SEC=0.832 HOLD_WALL_SEC=1.001 ACTUAL_LIFT_M=0.07474 RELATIVE_SLIP_M=0.00028 LEFT_CONTACT=1 RIGHT_CONTACT=1
TRIAL=031 HOLD_SIM_SEC=1.704 HOLD_WALL_SEC=2.001 ACTUAL_LIFT_M=0.07468 RELATIVE_SLIP_M=0.00028 LEFT_CONTACT=1 RIGHT_CONTACT=1
TRIAL=031 HOLD_SIM_SEC=2.500 HOLD_WALL_SEC=3.001 ACTUAL_LIFT_M=0.07461 RELATIVE_SLIP_M=0.00028 LEFT_CONTACT=1 RIGHT_CONTACT=1
TRIAL=031 HOLD_SIM_SEC=3.350 HOLD_WALL_SEC=4.001 ACTUAL_LIFT_M=0.07454 RELATIVE_SLIP_M=0.00028 LEFT_CONTACT=1 RIGHT_CONTACT=1
TRIAL=031 HOLD_SIM_SEC=4.224 HOLD_WALL_SEC=5.001 ACTUAL_LIFT_M=0.07446 RELATIVE_SLIP_M=0.00028 LEFT_CONTACT=1 RIGHT_CONTACT=1
TRIAL=031 PHASE=PLACE_DOWN
TRIAL=031 PHASE=OPEN_GRIPPER
TRIAL=031 PHASE=RETREAT_PREGRASP
TRIAL=031 PHASE=GRASP_SUCCESS
TRIAL=031 DAY5_PLACE_RELEASE=PASS
DAY4_GRASP_RESULT=SUCCESS
DAY4_STEP=1 EPISODE=031 STEP=04 DIST=0.005999 YAW_ERR_DEG=0.022 REQUESTED_MOVE=0.004951 EXECUTED_MOVE=0.004795 ATTEMPT=1 SUCCESS=1 TERMINATED=1 TRUNCATED=0
DAY7_EPISODE=31 LEVEL=L3 VALID=24/50 TECHNICAL=False SUCCESS=True REASON=
DAY4_RESET_GRIPPER=OPEN ANGLE_RAD=1.570000 EFFORT_NM=1.200000
DAY4_RESET_GRIPPER=AFTER_INITIAL_MOVE ANGLE_RAD=1.570000 EFFORT_NM=1.200000
TRIAL=032 VISUAL_CENTER=[0.2885315716266632, 0.030302416591439396, 0.02659584892026657] SURFACE=[0.2885315716266632, 0.030302416591439396, 0.05159584892026657] CONTOUR_DEG=0.75 AXIS_STD_DEG=0.28 FOOTPRINT=[0.050803542137145996, 0.050803542137145996] CONFIDENCE=0.9404
TRIAL=032 SELECTED_CONTOUR_ORIENTATION=+90.75deg TILT=12.4 LEAN=+1 SYMMETRY=1 IK_FK_POS_ERROR=0.000008m IK_FK_ORIENTATION_ERROR=0.000000rad FINGER_FK_LIFT=0.080000m FINGER_FK_DRIFT=0.000000m JOINT_MOTION=3.004403rad
DAY4_MOTION_DONE=1 ELAPSED_SIM=1.202 INITIAL_ERR=0.01736 FINAL_ERR=0.00029 ARM_V=0.00322
DAY4_STEP=1 EPISODE=032 STEP=01 DIST=0.020212 YAW_ERR_DEG=0.005 REQUESTED_MOVE=0.005013 EXECUTED_MOVE=0.004923 ATTEMPT=0 SUCCESS=0 TERMINATED=0 TRUNCATED=0
DAY4_MOTION_DONE=1 ELAPSED_SIM=1.200 INITIAL_ERR=0.01776 FINAL_ERR=0.00033 ARM_V=0.00365
DAY4_STEP=1 EPISODE=032 STEP=02 DIST=0.015341 YAW_ERR_DEG=0.010 REQUESTED_MOVE=0.004966 EXECUTED_MOVE=0.004872 ATTEMPT=0 SUCCESS=0 TERMINATED=0 TRUNCATED=0
DAY4_MOTION_DONE=1 ELAPSED_SIM=1.202 INITIAL_ERR=0.01779 FINAL_ERR=0.00030 ARM_V=0.00329
DAY4_STEP=1 EPISODE=032 STEP=03 DIST=0.010473 YAW_ERR_DEG=0.015 REQUESTED_MOVE=0.004954 EXECUTED_MOVE=0.004869 ATTEMPT=0 SUCCESS=0 TERMINATED=0 TRUNCATED=0
DAY4_MOTION_DONE=1 ELAPSED_SIM=1.202 INITIAL_ERR=0.01782 FINAL_ERR=0.00030 ARM_V=0.00329
DAY4_GRASP_ATTEMPT=1
TRIAL=032 PHASE=CLOSE_SEARCH
TRIAL=032 LEFT_CONTACT=0 RIGHT_CONTACT=0 STALL=0
TRIAL=032 LEFT_CONTACT=1 RIGHT_CONTACT=0 STALL=0
TRIAL=032 PHASE=WAIT_DUAL_CONTACT
TRIAL=032 PHASE=WAIT_STALL
TRIAL=032 LEFT_CONTACT=1 RIGHT_CONTACT=1 STALL=0 GRIPPER_ERROR=0.06494 VELOCITY=0.04209 CLOSURE_M=0.00042
TRIAL=032 LEFT_CONTACT=1 RIGHT_CONTACT=1 STALL=0 GRIPPER_ERROR=0.04534 VELOCITY=0.00915 CLOSURE_M=0.00097
TRIAL=032 LEFT_CONTACT=1 RIGHT_CONTACT=1 STALL=0 GRIPPER_ERROR=0.03920 VELOCITY=0.00572 CLOSURE_M=0.00115
TRIAL=032 LEFT_CONTACT=1 RIGHT_CONTACT=1 STALL=0 GRIPPER_ERROR=0.03482 VELOCITY=0.00477 CLOSURE_M=0.00128
TRIAL=032 LEFT_CONTACT=1 RIGHT_CONTACT=1 STALL=0 GRIPPER_ERROR=0.03093 VELOCITY=0.00447 CLOSURE_M=0.00139
TRIAL=032 LEFT_CONTACT=1 RIGHT_CONTACT=1 STALL=1 GRIPPER_ERROR=0.02731 VELOCITY=0.00441 CLOSURE_M=0.00150
TRIAL=032 PHASE=LIFT_80_MM
TRIAL=032 ACTUAL_LIFT_M=-0.00002 LEFT_CONTACT=1 RIGHT_CONTACT=1
TRIAL=032 ACTUAL_LIFT_M=0.02519 LEFT_CONTACT=1 RIGHT_CONTACT=1
TRIAL=032 ACTUAL_LIFT_M=0.05373 LEFT_CONTACT=1 RIGHT_CONTACT=1
TRIAL=032 PHASE=HOLD
TRIAL=032 HOLD_SIM_SEC=0.000 HOLD_WALL_SEC=0.000 ACTUAL_LIFT_M=0.07214 RELATIVE_SLIP_M=0.00000 LEFT_CONTACT=1 RIGHT_CONTACT=1
TRIAL=032 HOLD_SIM_SEC=0.814 HOLD_WALL_SEC=1.001 ACTUAL_LIFT_M=0.07474 RELATIVE_SLIP_M=0.00048 LEFT_CONTACT=1 RIGHT_CONTACT=1
TRIAL=032 HOLD_SIM_SEC=1.638 HOLD_WALL_SEC=2.001 ACTUAL_LIFT_M=0.07468 RELATIVE_SLIP_M=0.00048 LEFT_CONTACT=1 RIGHT_CONTACT=1
TRIAL=032 HOLD_SIM_SEC=2.464 HOLD_WALL_SEC=3.001 ACTUAL_LIFT_M=0.07460 RELATIVE_SLIP_M=0.00048 LEFT_CONTACT=1 RIGHT_CONTACT=1
TRIAL=032 HOLD_SIM_SEC=3.322 HOLD_WALL_SEC=4.001 ACTUAL_LIFT_M=0.07451 RELATIVE_SLIP_M=0.00048 LEFT_CONTACT=1 RIGHT_CONTACT=1
TRIAL=032 HOLD_SIM_SEC=4.164 HOLD_WALL_SEC=5.001 ACTUAL_LIFT_M=0.07442 RELATIVE_SLIP_M=0.00048 LEFT_CONTACT=1 RIGHT_CONTACT=1
TRIAL=032 PHASE=PLACE_DOWN
TRIAL=032 PHASE=OPEN_GRIPPER
TRIAL=032 PHASE=RETREAT_PREGRASP
TRIAL=032 PHASE=GRASP_SUCCESS
TRIAL=032 DAY5_PLACE_RELEASE=PASS
DAY4_GRASP_RESULT=SUCCESS
DAY4_STEP=1 EPISODE=032 STEP=04 DIST=0.005615 YAW_ERR_DEG=0.018 REQUESTED_MOVE=0.004945 EXECUTED_MOVE=0.004861 ATTEMPT=1 SUCCESS=1 TERMINATED=1 TRUNCATED=0
DAY7_EPISODE=32 LEVEL=L3 VALID=25/50 TECHNICAL=False SUCCESS=True REASON=
DAY4_RESET_GRIPPER=OPEN ANGLE_RAD=1.570000 EFFORT_NM=1.200000
DAY4_RESET_GRIPPER=AFTER_INITIAL_MOVE ANGLE_RAD=1.570000 EFFORT_NM=1.200000
TRIAL=033 VISUAL_CENTER=[0.30993737280368805, 0.001927196979522705, 0.020358671309293058] SURFACE=[0.30993737280368805, 0.001927196979522705, 0.04535867130929306] CONTOUR_DEG=0.05 AXIS_STD_DEG=0.21 FOOTPRINT=[0.049876218661665916, 0.049876218661665916] CONFIDENCE=0.9637
TRIAL=033 SELECTED_CONTOUR_ORIENTATION=+90.05deg TILT=21.0 LEAN=+1 SYMMETRY=1 IK_FK_POS_ERROR=0.000001m IK_FK_ORIENTATION_ERROR=0.000000rad FINGER_FK_LIFT=0.080000m FINGER_FK_DRIFT=0.000000m JOINT_MOTION=3.031356rad
DAY4_MOTION_DONE=1 ELAPSED_SIM=1.200 INITIAL_ERR=0.01569 FINAL_ERR=0.00042 ARM_V=0.00471
DAY4_STEP=1 EPISODE=033 STEP=01 DIST=0.022412 YAW_ERR_DEG=0.006 REQUESTED_MOVE=0.005030 EXECUTED_MOVE=0.004891 ATTEMPT=0 SUCCESS=0 TERMINATED=0 TRUNCATED=0
DAY4_MOTION_DONE=1 ELAPSED_SIM=1.200 INITIAL_ERR=0.01693 FINAL_ERR=0.00058 ARM_V=0.00648
DAY4_STEP=1 EPISODE=033 STEP=02 DIST=0.017617 YAW_ERR_DEG=0.013 REQUESTED_MOVE=0.004971 EXECUTED_MOVE=0.004797 ATTEMPT=0 SUCCESS=0 TERMINATED=0 TRUNCATED=0
DAY4_MOTION_DONE=1 ELAPSED_SIM=1.200 INITIAL_ERR=0.01703 FINAL_ERR=0.00059 ARM_V=0.00651
DAY4_STEP=1 EPISODE=033 STEP=03 DIST=0.012815 YAW_ERR_DEG=0.018 REQUESTED_MOVE=0.004958 EXECUTED_MOVE=0.004787 ATTEMPT=0 SUCCESS=0 TERMINATED=0 TRUNCATED=0
DAY4_MOTION_DONE=1 ELAPSED_SIM=1.202 INITIAL_ERR=0.01718 FINAL_ERR=0.00053 ARM_V=0.00591
DAY4_STEP=1 EPISODE=033 STEP=04 DIST=0.008021 YAW_ERR_DEG=0.021 REQUESTED_MOVE=0.004950 EXECUTED_MOVE=0.004795 ATTEMPT=0 SUCCESS=0 TERMINATED=0 TRUNCATED=0
DAY4_MOTION_DONE=1 ELAPSED_SIM=1.202 INITIAL_ERR=0.01725 FINAL_ERR=0.00059 ARM_V=0.00659
DAY4_GRASP_ATTEMPT=1
TRIAL=033 PHASE=CLOSE_SEARCH
TRIAL=033 LEFT_CONTACT=0 RIGHT_CONTACT=0 STALL=0
TRIAL=033 LEFT_CONTACT=1 RIGHT_CONTACT=0 STALL=0
TRIAL=033 PHASE=WAIT_DUAL_CONTACT
TRIAL=033 PHASE=WAIT_STALL
TRIAL=033 LEFT_CONTACT=1 RIGHT_CONTACT=1 STALL=0 GRIPPER_ERROR=0.04661 VELOCITY=0.10000 CLOSURE_M=0.00099
TRIAL=033 LEFT_CONTACT=1 RIGHT_CONTACT=1 STALL=0 GRIPPER_ERROR=0.03647 VELOCITY=0.00324 CLOSURE_M=0.00130
TRIAL=033 LEFT_CONTACT=1 RIGHT_CONTACT=1 STALL=0 GRIPPER_ERROR=0.03404 VELOCITY=0.00671 CLOSURE_M=0.00137
TRIAL=033 LEFT_CONTACT=1 RIGHT_CONTACT=1 STALL=0 GRIPPER_ERROR=0.03028 VELOCITY=0.00401 CLOSURE_M=0.00149
TRIAL=033 PHASE=LIFT_80_MM
TRIAL=033 ACTUAL_LIFT_M=-0.00005 LEFT_CONTACT=1 RIGHT_CONTACT=1
TRIAL=033 ACTUAL_LIFT_M=0.02350 LEFT_CONTACT=1 RIGHT_CONTACT=1
TRIAL=033 ACTUAL_LIFT_M=0.05409 LEFT_CONTACT=1 RIGHT_CONTACT=1
TRIAL=033 PHASE=HOLD
TRIAL=033 HOLD_SIM_SEC=0.000 HOLD_WALL_SEC=0.000 ACTUAL_LIFT_M=0.07490 RELATIVE_SLIP_M=0.00000 LEFT_CONTACT=1 RIGHT_CONTACT=1
TRIAL=033 HOLD_SIM_SEC=0.778 HOLD_WALL_SEC=1.001 ACTUAL_LIFT_M=0.07823 RELATIVE_SLIP_M=0.00015 LEFT_CONTACT=1 RIGHT_CONTACT=1
TRIAL=033 HOLD_SIM_SEC=1.654 HOLD_WALL_SEC=2.001 ACTUAL_LIFT_M=0.07818 RELATIVE_SLIP_M=0.00015 LEFT_CONTACT=1 RIGHT_CONTACT=1
TRIAL=033 HOLD_SIM_SEC=2.532 HOLD_WALL_SEC=3.001 ACTUAL_LIFT_M=0.07810 RELATIVE_SLIP_M=0.00015 LEFT_CONTACT=1 RIGHT_CONTACT=1
TRIAL=033 HOLD_SIM_SEC=3.414 HOLD_WALL_SEC=4.001 ACTUAL_LIFT_M=0.07802 RELATIVE_SLIP_M=0.00015 LEFT_CONTACT=1 RIGHT_CONTACT=1
TRIAL=033 HOLD_SIM_SEC=4.264 HOLD_WALL_SEC=5.001 ACTUAL_LIFT_M=0.07795 RELATIVE_SLIP_M=0.00015 LEFT_CONTACT=1 RIGHT_CONTACT=1
TRIAL=033 PHASE=PLACE_DOWN
TRIAL=033 PHASE=OPEN_GRIPPER
TRIAL=033 PHASE=RETREAT_PREGRASP
TRIAL=033 PHASE=GRASP_SUCCESS
TRIAL=033 DAY5_PLACE_RELEASE=PASS
DAY4_GRASP_RESULT=SUCCESS
DAY4_STEP=1 EPISODE=033 STEP=05 DIST=0.003238 YAW_ERR_DEG=0.023 REQUESTED_MOVE=0.004944 EXECUTED_MOVE=0.004773 ATTEMPT=1 SUCCESS=1 TERMINATED=1 TRUNCATED=0
DAY7_EPISODE=33 LEVEL=L3 VALID=26/50 TECHNICAL=False SUCCESS=True REASON=
DAY4_RESET_GRIPPER=OPEN ANGLE_RAD=1.570000 EFFORT_NM=1.200000
DAY4_RESET_GRIPPER=AFTER_INITIAL_MOVE ANGLE_RAD=1.570000 EFFORT_NM=1.200000
TRIAL=034 VISUAL_CENTER=[0.2904544919729233, 0.021718035452067852, 0.028013800509184554] SURFACE=[0.2904544919729233, 0.021718035452067852, 0.053013800509184555] CONTOUR_DEG=0.36 AXIS_STD_DEG=0.17 FOOTPRINT=[0.04933214373886585, 0.04933214373886585] CONFIDENCE=0.9317
TRIAL=034 SELECTED_CONTOUR_ORIENTATION=+90.36deg TILT=13.1 LEAN=+1 SYMMETRY=1 IK_FK_POS_ERROR=0.000006m IK_FK_ORIENTATION_ERROR=0.000000rad FINGER_FK_LIFT=0.080000m FINGER_FK_DRIFT=0.000000m JOINT_MOTION=2.990599rad
DAY4_MOTION_DONE=1 ELAPSED_SIM=1.202 INITIAL_ERR=0.01741 FINAL_ERR=0.00029 ARM_V=0.00323
DAY4_STEP=1 EPISODE=034 STEP=01 DIST=0.020206 YAW_ERR_DEG=0.005 REQUESTED_MOVE=0.004998 EXECUTED_MOVE=0.004911 ATTEMPT=0 SUCCESS=0 TERMINATED=0 TRUNCATED=0
DAY4_MOTION_DONE=1 ELAPSED_SIM=1.200 INITIAL_ERR=0.01767 FINAL_ERR=0.00029 ARM_V=0.00326
DAY4_STEP=1 EPISODE=034 STEP=02 DIST=0.015325 YAW_ERR_DEG=0.012 REQUESTED_MOVE=0.004967 EXECUTED_MOVE=0.004883 ATTEMPT=0 SUCCESS=0 TERMINATED=0 TRUNCATED=0
DAY4_MOTION_DONE=1 ELAPSED_SIM=1.200 INITIAL_ERR=0.01775 FINAL_ERR=0.00029 ARM_V=0.00328
DAY4_STEP=1 EPISODE=034 STEP=03 DIST=0.010456 YAW_ERR_DEG=0.018 REQUESTED_MOVE=0.004954 EXECUTED_MOVE=0.004871 ATTEMPT=0 SUCCESS=0 TERMINATED=0 TRUNCATED=0
DAY4_MOTION_DONE=1 ELAPSED_SIM=1.200 INITIAL_ERR=0.01779 FINAL_ERR=0.00030 ARM_V=0.00328
DAY4_GRASP_ATTEMPT=1
TRIAL=034 PHASE=CLOSE_SEARCH
TRIAL=034 LEFT_CONTACT=0 RIGHT_CONTACT=0 STALL=0
TRIAL=034 LEFT_CONTACT=0 RIGHT_CONTACT=1 STALL=0
TRIAL=034 PHASE=WAIT_DUAL_CONTACT
TRIAL=034 PHASE=WAIT_STALL
TRIAL=034 LEFT_CONTACT=1 RIGHT_CONTACT=1 STALL=0 GRIPPER_ERROR=0.06707 VELOCITY=0.03931 CLOSURE_M=0.00037
TRIAL=034 LEFT_CONTACT=1 RIGHT_CONTACT=1 STALL=0 GRIPPER_ERROR=0.04812 VELOCITY=0.01108 CLOSURE_M=0.00094
TRIAL=034 LEFT_CONTACT=1 RIGHT_CONTACT=1 STALL=0 GRIPPER_ERROR=0.04194 VELOCITY=0.00559 CLOSURE_M=0.00113
TRIAL=034 LEFT_CONTACT=1 RIGHT_CONTACT=1 STALL=0 GRIPPER_ERROR=0.03753 VELOCITY=0.00471 CLOSURE_M=0.00126
TRIAL=034 LEFT_CONTACT=1 RIGHT_CONTACT=1 STALL=0 GRIPPER_ERROR=0.03376 VELOCITY=0.00446 CLOSURE_M=0.00138
TRIAL=034 LEFT_CONTACT=1 RIGHT_CONTACT=1 STALL=0 GRIPPER_ERROR=0.03008 VELOCITY=0.00437 CLOSURE_M=0.00149
TRIAL=034 PHASE=LIFT_80_MM
TRIAL=034 ACTUAL_LIFT_M=-0.00001 LEFT_CONTACT=1 RIGHT_CONTACT=1
TRIAL=034 ACTUAL_LIFT_M=0.02439 LEFT_CONTACT=1 RIGHT_CONTACT=1
TRIAL=034 ACTUAL_LIFT_M=0.05430 LEFT_CONTACT=1 RIGHT_CONTACT=1
TRIAL=034 PHASE=HOLD
TRIAL=034 HOLD_SIM_SEC=0.000 HOLD_WALL_SEC=0.000 ACTUAL_LIFT_M=0.07208 RELATIVE_SLIP_M=0.00000 LEFT_CONTACT=1 RIGHT_CONTACT=1
TRIAL=034 HOLD_SIM_SEC=0.850 HOLD_WALL_SEC=1.001 ACTUAL_LIFT_M=0.07478 RELATIVE_SLIP_M=0.00025 LEFT_CONTACT=1 RIGHT_CONTACT=1
TRIAL=034 HOLD_SIM_SEC=1.754 HOLD_WALL_SEC=2.001 ACTUAL_LIFT_M=0.07471 RELATIVE_SLIP_M=0.00025 LEFT_CONTACT=1 RIGHT_CONTACT=1
TRIAL=034 HOLD_SIM_SEC=2.624 HOLD_WALL_SEC=3.001 ACTUAL_LIFT_M=0.07463 RELATIVE_SLIP_M=0.00025 LEFT_CONTACT=1 RIGHT_CONTACT=1
TRIAL=034 HOLD_SIM_SEC=3.492 HOLD_WALL_SEC=4.001 ACTUAL_LIFT_M=0.07454 RELATIVE_SLIP_M=0.00025 LEFT_CONTACT=1 RIGHT_CONTACT=1
TRIAL=034 HOLD_SIM_SEC=4.386 HOLD_WALL_SEC=5.001 ACTUAL_LIFT_M=0.07444 RELATIVE_SLIP_M=0.00025 LEFT_CONTACT=1 RIGHT_CONTACT=1
TRIAL=034 PHASE=PLACE_DOWN
TRIAL=034 PHASE=OPEN_GRIPPER
TRIAL=034 PHASE=RETREAT_PREGRASP
TRIAL=034 PHASE=GRASP_SUCCESS
TRIAL=034 DAY5_PLACE_RELEASE=PASS
DAY4_GRASP_RESULT=SUCCESS
DAY4_STEP=1 EPISODE=034 STEP=04 DIST=0.005597 YAW_ERR_DEG=0.022 REQUESTED_MOVE=0.004946 EXECUTED_MOVE=0.004862 ATTEMPT=1 SUCCESS=1 TERMINATED=1 TRUNCATED=0
DAY7_EPISODE=34 LEVEL=L3 VALID=27/50 TECHNICAL=False SUCCESS=True REASON=
DAY4_RESET_GRIPPER=OPEN ANGLE_RAD=1.570000 EFFORT_NM=1.200000
DAY4_RESET_GRIPPER=AFTER_INITIAL_MOVE ANGLE_RAD=1.570000 EFFORT_NM=1.200000
TRIAL=035 VISUAL_CENTER=[0.3009509891271591, 4.513934254646301e-05, 0.02751309452107549] SURFACE=[0.3009509891271591, 4.513934254646301e-05, 0.05251309452107549] CONTOUR_DEG=0.19 AXIS_STD_DEG=0.13 FOOTPRINT=[0.050089044496417046, 0.050089044496417046] CONFIDENCE=0.9584
TRIAL=035 SELECTED_CONTOUR_ORIENTATION=+90.19deg TILT=17.5 LEAN=+1 SYMMETRY=1 IK_FK_POS_ERROR=0.000000m IK_FK_ORIENTATION_ERROR=0.000000rad FINGER_FK_LIFT=0.080000m FINGER_FK_DRIFT=0.000000m JOINT_MOTION=2.997178rad
DAY4_MOTION_DONE=1 ELAPSED_SIM=1.202 INITIAL_ERR=0.01689 FINAL_ERR=0.00035 ARM_V=0.00386
DAY4_STEP=1 EPISODE=035 STEP=01 DIST=0.020278 YAW_ERR_DEG=0.008 REQUESTED_MOVE=0.005000 EXECUTED_MOVE=0.004892 ATTEMPT=0 SUCCESS=0 TERMINATED=0 TRUNCATED=0
DAY4_MOTION_DONE=1 ELAPSED_SIM=1.200 INITIAL_ERR=0.01719 FINAL_ERR=0.00035 ARM_V=0.00392
DAY4_STEP=1 EPISODE=035 STEP=02 DIST=0.015405 YAW_ERR_DEG=0.015 REQUESTED_MOVE=0.004970 EXECUTED_MOVE=0.004865 ATTEMPT=0 SUCCESS=0 TERMINATED=0 TRUNCATED=0
DAY4_MOTION_DONE=1 ELAPSED_SIM=1.200 INITIAL_ERR=0.01734 FINAL_ERR=0.00036 ARM_V=0.00395
DAY4_STEP=1 EPISODE=035 STEP=03 DIST=0.010543 YAW_ERR_DEG=0.021 REQUESTED_MOVE=0.004957 EXECUTED_MOVE=0.004853 ATTEMPT=0 SUCCESS=0 TERMINATED=0 TRUNCATED=0
DAY4_MOTION_DONE=1 ELAPSED_SIM=1.200 INITIAL_ERR=0.01740 FINAL_ERR=0.00040 ARM_V=0.00441
DAY4_GRASP_ATTEMPT=1
TRIAL=035 PHASE=CLOSE_SEARCH
TRIAL=035 LEFT_CONTACT=0 RIGHT_CONTACT=0 STALL=0
TRIAL=035 LEFT_CONTACT=1 RIGHT_CONTACT=0 STALL=0
TRIAL=035 PHASE=WAIT_DUAL_CONTACT
TRIAL=035 PHASE=WAIT_STALL
TRIAL=035 LEFT_CONTACT=1 RIGHT_CONTACT=1 STALL=0 GRIPPER_ERROR=0.06546 VELOCITY=0.03808 CLOSURE_M=0.00044
TRIAL=035 LEFT_CONTACT=1 RIGHT_CONTACT=1 STALL=0 GRIPPER_ERROR=0.04652 VELOCITY=0.01047 CLOSURE_M=0.00103
TRIAL=035 LEFT_CONTACT=1 RIGHT_CONTACT=1 STALL=0 GRIPPER_ERROR=0.03989 VELOCITY=0.00613 CLOSURE_M=0.00125
TRIAL=035 LEFT_CONTACT=1 RIGHT_CONTACT=1 STALL=0 GRIPPER_ERROR=0.03538 VELOCITY=0.00487 CLOSURE_M=0.00139
TRIAL=035 LEFT_CONTACT=1 RIGHT_CONTACT=1 STALL=1 GRIPPER_ERROR=0.03149 VELOCITY=0.00447 CLOSURE_M=0.00152
TRIAL=035 PHASE=LIFT_80_MM
TRIAL=035 ACTUAL_LIFT_M=-0.00026 LEFT_CONTACT=1 RIGHT_CONTACT=1
TRIAL=035 ACTUAL_LIFT_M=0.02451 LEFT_CONTACT=1 RIGHT_CONTACT=1
TRIAL=035 ACTUAL_LIFT_M=0.05443 LEFT_CONTACT=1 RIGHT_CONTACT=1
TRIAL=035 PHASE=HOLD
TRIAL=035 HOLD_SIM_SEC=0.000 HOLD_WALL_SEC=0.000 ACTUAL_LIFT_M=0.07156 RELATIVE_SLIP_M=0.00000 LEFT_CONTACT=1 RIGHT_CONTACT=1
TRIAL=035 HOLD_SIM_SEC=0.828 HOLD_WALL_SEC=1.001 ACTUAL_LIFT_M=0.07454 RELATIVE_SLIP_M=0.00028 LEFT_CONTACT=1 RIGHT_CONTACT=1
TRIAL=035 HOLD_SIM_SEC=1.666 HOLD_WALL_SEC=2.001 ACTUAL_LIFT_M=0.07449 RELATIVE_SLIP_M=0.00028 LEFT_CONTACT=1 RIGHT_CONTACT=1
TRIAL=035 HOLD_SIM_SEC=2.522 HOLD_WALL_SEC=3.001 ACTUAL_LIFT_M=0.07441 RELATIVE_SLIP_M=0.00028 LEFT_CONTACT=1 RIGHT_CONTACT=1
TRIAL=035 HOLD_SIM_SEC=3.350 HOLD_WALL_SEC=4.002 ACTUAL_LIFT_M=0.07434 RELATIVE_SLIP_M=0.00028 LEFT_CONTACT=1 RIGHT_CONTACT=1
TRIAL=035 HOLD_SIM_SEC=4.202 HOLD_WALL_SEC=5.002 ACTUAL_LIFT_M=0.07426 RELATIVE_SLIP_M=0.00028 LEFT_CONTACT=1 RIGHT_CONTACT=1
TRIAL=035 PHASE=PLACE_DOWN
TRIAL=035 PHASE=OPEN_GRIPPER
TRIAL=035 PHASE=RETREAT_PREGRASP
TRIAL=035 PHASE=GRASP_SUCCESS
TRIAL=035 DAY5_PLACE_RELEASE=PASS
DAY4_GRASP_RESULT=SUCCESS
DAY4_STEP=1 EPISODE=035 STEP=04 DIST=0.005713 YAW_ERR_DEG=0.025 REQUESTED_MOVE=0.004949 EXECUTED_MOVE=0.004834 ATTEMPT=1 SUCCESS=1 TERMINATED=1 TRUNCATED=0
DAY7_EPISODE=35 LEVEL=L3 VALID=28/50 TECHNICAL=False SUCCESS=True REASON=
DAY4_RESET_GRIPPER=OPEN ANGLE_RAD=1.570000 EFFORT_NM=1.200000
DAY4_RESET_GRIPPER=AFTER_INITIAL_MOVE ANGLE_RAD=1.570000 EFFORT_NM=1.200000
TRIAL=036 VISUAL_CENTER=[0.3052476495504379, -0.03003772732336074, 0.02487661078073366] SURFACE=[0.3052476495504379, -0.03003772732336074, 0.04987661078073366] CONTOUR_DEG=0.11 AXIS_STD_DEG=0.37 FOOTPRINT=[0.05055492743849754, 0.05055492743849754] CONFIDENCE=0.9626
DAY7_EPISODE=36 LEVEL=L3 VALID=28/50 TECHNICAL=True SUCCESS=False REASON=TestFailure: RESET_FAIL: Day4 reset failed after 1 attempts: IK_FAIL: [{"contour_yaw_deg": 0.10565280230980499, "symmetry": 0, "feasible": false, "failure_samples": ["IK_FAIL: no contour-constrained IK at center=[0.3052476495504379, -0.03003772732336074, 0.10987661078073366] axis=0.11; samples=['geometry pos=0.00036 line=0.51989 tilt=30.25', 'geometry pos=0.00036 line=0.52105 tilt=30.34', 'geometry pos=0.00034 line=0.48454 tilt=151.83']"]}, {"contour_yaw_deg": 0.10565280230980499, "symmetry": 1, "feasible": false, "failure_samples": ["IK_FAIL: no contour-constrained IK at center=[0.3052476495504379, -0.03003772732336074, 0.11745236835649125] axis=90.11; samples=['geometry pos=0.00001 line=0.06110 tilt=31.47']"]}, {"contour_yaw_deg": 0.10565280230980499, "symmetry": 2, "feasible": true, "equivalent_to_symmetry": 0}, {"contour_yaw_deg": 0.10565280230980499, "symmetry": 3, "feasible": true, "equivalent_to_symmetry": 1}]
DAY4_RESET_GRIPPER=OPEN ANGLE_RAD=1.570000 EFFORT_NM=1.200000
DAY4_RESET_GRIPPER=AFTER_INITIAL_MOVE ANGLE_RAD=1.570000 EFFORT_NM=1.200000
TRIAL=037 VISUAL_CENTER=[0.3080650120973587, -0.02797721140086651, 0.018353044456375013] SURFACE=[0.3080650120973587, -0.02797721140086651, 0.043353044456375014] CONTOUR_DEG=-0.45 AXIS_STD_DEG=0.12 FOOTPRINT=[0.0498677734285593, 0.0498677734285593] CONFIDENCE=0.9594
TRIAL=037 SELECTED_CONTOUR_ORIENTATION=+89.55deg TILT=20.5 LEAN=+1 SYMMETRY=1 IK_FK_POS_ERROR=0.000011m IK_FK_ORIENTATION_ERROR=0.000000rad FINGER_FK_LIFT=0.080000m FINGER_FK_DRIFT=0.000000m JOINT_MOTION=3.042996rad
DAY4_MOTION_DONE=1 ELAPSED_SIM=1.200 INITIAL_ERR=0.01676 FINAL_ERR=0.00043 ARM_V=0.00473
DAY4_STEP=1 EPISODE=037 STEP=01 DIST=0.020299 YAW_ERR_DEG=0.012 REQUESTED_MOVE=0.004996 EXECUTED_MOVE=0.004864 ATTEMPT=0 SUCCESS=0 TERMINATED=0 TRUNCATED=0
DAY4_MOTION_DONE=1 ELAPSED_SIM=1.200 INITIAL_ERR=0.01710 FINAL_ERR=0.00043 ARM_V=0.00478
DAY4_STEP=1 EPISODE=037 STEP=02 DIST=0.015446 YAW_ERR_DEG=0.020 REQUESTED_MOVE=0.004970 EXECUTED_MOVE=0.004842 ATTEMPT=0 SUCCESS=0 TERMINATED=0 TRUNCATED=0
DAY4_MOTION_DONE=1 ELAPSED_SIM=1.200 INITIAL_ERR=0.01729 FINAL_ERR=0.00043 ARM_V=0.00483
DAY4_STEP=1 EPISODE=037 STEP=03 DIST=0.010617 YAW_ERR_DEG=0.025 REQUESTED_MOVE=0.004958 EXECUTED_MOVE=0.004831 ATTEMPT=0 SUCCESS=0 TERMINATED=0 TRUNCATED=0
DAY4_MOTION_DONE=1 ELAPSED_SIM=1.200 INITIAL_ERR=0.01732 FINAL_ERR=0.00044 ARM_V=0.00484
DAY4_GRASP_ATTEMPT=1
TRIAL=037 PHASE=CLOSE_SEARCH
TRIAL=037 LEFT_CONTACT=0 RIGHT_CONTACT=0 STALL=0
TRIAL=037 LEFT_CONTACT=1 RIGHT_CONTACT=0 STALL=0
TRIAL=037 PHASE=WAIT_DUAL_CONTACT
TRIAL=037 PHASE=WAIT_STALL
TRIAL=037 LEFT_CONTACT=1 RIGHT_CONTACT=1 STALL=0 GRIPPER_ERROR=0.06066 VELOCITY=0.12823 CLOSURE_M=0.00051
TRIAL=037 LEFT_CONTACT=1 RIGHT_CONTACT=1 STALL=0 GRIPPER_ERROR=0.04517 VELOCITY=0.01669 CLOSURE_M=0.00092
TRIAL=037 LEFT_CONTACT=1 RIGHT_CONTACT=1 STALL=0 GRIPPER_ERROR=0.03649 VELOCITY=0.00854 CLOSURE_M=0.00116
TRIAL=037 LEFT_CONTACT=1 RIGHT_CONTACT=1 STALL=0 GRIPPER_ERROR=0.03171 VELOCITY=0.00588 CLOSURE_M=0.00130
TRIAL=037 LEFT_CONTACT=1 RIGHT_CONTACT=1 STALL=0 GRIPPER_ERROR=0.02763 VELOCITY=0.00436 CLOSURE_M=0.00141
TRIAL=037 LEFT_CONTACT=1 RIGHT_CONTACT=1 STALL=1 GRIPPER_ERROR=0.02369 VELOCITY=0.00447 CLOSURE_M=0.00153
TRIAL=037 PHASE=LIFT_80_MM
TRIAL=037 ACTUAL_LIFT_M=-0.00002 LEFT_CONTACT=1 RIGHT_CONTACT=1
TRIAL=037 ACTUAL_LIFT_M=0.02321 LEFT_CONTACT=1 RIGHT_CONTACT=1
TRIAL=037 ACTUAL_LIFT_M=0.05358 LEFT_CONTACT=1 RIGHT_CONTACT=1
TRIAL=037 PHASE=HOLD
TRIAL=037 HOLD_SIM_SEC=0.000 HOLD_WALL_SEC=0.000 ACTUAL_LIFT_M=0.07240 RELATIVE_SLIP_M=0.00000 LEFT_CONTACT=1 RIGHT_CONTACT=1
TRIAL=037 HOLD_SIM_SEC=0.818 HOLD_WALL_SEC=1.001 ACTUAL_LIFT_M=0.07587 RELATIVE_SLIP_M=0.00000 LEFT_CONTACT=1 RIGHT_CONTACT=1
TRIAL=037 HOLD_SIM_SEC=1.708 HOLD_WALL_SEC=2.001 ACTUAL_LIFT_M=0.07579 RELATIVE_SLIP_M=0.00000 LEFT_CONTACT=1 RIGHT_CONTACT=1
TRIAL=037 HOLD_SIM_SEC=2.590 HOLD_WALL_SEC=3.001 ACTUAL_LIFT_M=0.07572 RELATIVE_SLIP_M=0.00000 LEFT_CONTACT=1 RIGHT_CONTACT=1
TRIAL=037 HOLD_SIM_SEC=3.462 HOLD_WALL_SEC=4.001 ACTUAL_LIFT_M=0.07567 RELATIVE_SLIP_M=0.00000 LEFT_CONTACT=1 RIGHT_CONTACT=1
TRIAL=037 HOLD_SIM_SEC=4.296 HOLD_WALL_SEC=5.001 ACTUAL_LIFT_M=0.07563 RELATIVE_SLIP_M=0.00000 LEFT_CONTACT=1 RIGHT_CONTACT=1
TRIAL=037 PHASE=PLACE_DOWN
TRIAL=037 PHASE=OPEN_GRIPPER
TRIAL=037 PHASE=RETREAT_PREGRASP
TRIAL=037 PHASE=GRASP_SUCCESS
TRIAL=037 DAY5_PLACE_RELEASE=PASS
DAY4_GRASP_RESULT=SUCCESS
DAY4_STEP=1 EPISODE=037 STEP=04 DIST=0.005796 YAW_ERR_DEG=0.029 REQUESTED_MOVE=0.004950 EXECUTED_MOVE=0.004824 ATTEMPT=1 SUCCESS=1 TERMINATED=1 TRUNCATED=0
DAY7_EPISODE=37 LEVEL=L3 VALID=29/50 TECHNICAL=False SUCCESS=True REASON=
DAY4_RESET_GRIPPER=OPEN ANGLE_RAD=1.570000 EFFORT_NM=1.200000
DAY4_RESET_GRIPPER=AFTER_INITIAL_MOVE ANGLE_RAD=1.570000 EFFORT_NM=1.200000
TRIAL=038 VISUAL_CENTER=[0.2877289056777954, -0.003215210512280464, 0.0258618697888722] SURFACE=[0.2877289056777954, -0.003215210512280464, 0.0508618697888722] CONTOUR_DEG=-1.64 AXIS_STD_DEG=0.23 FOOTPRINT=[0.04967814311385155, 0.04967814311385155] CONFIDENCE=0.9150
TRIAL=038 SELECTED_CONTOUR_ORIENTATION=+88.36deg TILT=11.3 LEAN=+1 SYMMETRY=1 IK_FK_POS_ERROR=0.000001m IK_FK_ORIENTATION_ERROR=0.000000rad FINGER_FK_LIFT=0.080000m FINGER_FK_DRIFT=0.000000m JOINT_MOTION=2.998819rad
DAY4_MOTION_DONE=1 ELAPSED_SIM=1.200 INITIAL_ERR=0.01762 FINAL_ERR=0.00024 ARM_V=0.00264
DAY4_STEP=1 EPISODE=038 STEP=01 DIST=0.020174 YAW_ERR_DEG=0.007 REQUESTED_MOVE=0.005000 EXECUTED_MOVE=0.004929 ATTEMPT=0 SUCCESS=0 TERMINATED=0 TRUNCATED=0
DAY4_MOTION_DONE=1 ELAPSED_SIM=1.200 INITIAL_ERR=0.01787 FINAL_ERR=0.00027 ARM_V=0.00297
DAY4_STEP=1 EPISODE=038 STEP=02 DIST=0.015277 YAW_ERR_DEG=0.015 REQUESTED_MOVE=0.004967 EXECUTED_MOVE=0.004891 ATTEMPT=0 SUCCESS=0 TERMINATED=0 TRUNCATED=0
DAY4_MOTION_DONE=1 ELAPSED_SIM=1.202 INITIAL_ERR=0.01792 FINAL_ERR=0.00030 ARM_V=0.00331
DAY4_STEP=1 EPISODE=038 STEP=03 DIST=0.010400 YAW_ERR_DEG=0.021 REQUESTED_MOVE=0.004955 EXECUTED_MOVE=0.004871 ATTEMPT=0 SUCCESS=0 TERMINATED=0 TRUNCATED=0
DAY4_MOTION_DONE=1 ELAPSED_SIM=1.200 INITIAL_ERR=0.01793 FINAL_ERR=0.00027 ARM_V=0.00298
DAY4_GRASP_ATTEMPT=1
TRIAL=038 PHASE=CLOSE_SEARCH
TRIAL=038 LEFT_CONTACT=0 RIGHT_CONTACT=0 STALL=0
TRIAL=038 LEFT_CONTACT=0 RIGHT_CONTACT=1 STALL=0
TRIAL=038 PHASE=WAIT_DUAL_CONTACT
TRIAL=038 PHASE=WAIT_STALL
TRIAL=038 LEFT_CONTACT=1 RIGHT_CONTACT=1 STALL=0 GRIPPER_ERROR=0.07400 VELOCITY=0.11662 CLOSURE_M=0.00018
TRIAL=038 LEFT_CONTACT=1 RIGHT_CONTACT=1 STALL=0 GRIPPER_ERROR=0.04974 VELOCITY=0.01093 CLOSURE_M=0.00091
TRIAL=038 LEFT_CONTACT=1 RIGHT_CONTACT=1 STALL=0 GRIPPER_ERROR=0.04132 VELOCITY=0.00726 CLOSURE_M=0.00118
TRIAL=038 LEFT_CONTACT=1 RIGHT_CONTACT=1 STALL=0 GRIPPER_ERROR=0.03638 VELOCITY=0.00522 CLOSURE_M=0.00133
TRIAL=038 LEFT_CONTACT=1 RIGHT_CONTACT=1 STALL=0 GRIPPER_ERROR=0.03235 VELOCITY=0.00461 CLOSURE_M=0.00146
TRIAL=038 PHASE=LIFT_80_MM
TRIAL=038 ACTUAL_LIFT_M=-0.00007 LEFT_CONTACT=1 RIGHT_CONTACT=1
TRIAL=038 ACTUAL_LIFT_M=0.02504 LEFT_CONTACT=1 RIGHT_CONTACT=1
TRIAL=038 ACTUAL_LIFT_M=0.05397 LEFT_CONTACT=1 RIGHT_CONTACT=1
TRIAL=038 PHASE=HOLD
TRIAL=038 HOLD_SIM_SEC=0.000 HOLD_WALL_SEC=0.000 ACTUAL_LIFT_M=0.07089 RELATIVE_SLIP_M=0.00000 LEFT_CONTACT=1 RIGHT_CONTACT=1
TRIAL=038 HOLD_SIM_SEC=0.816 HOLD_WALL_SEC=1.001 ACTUAL_LIFT_M=0.07396 RELATIVE_SLIP_M=0.00000 LEFT_CONTACT=1 RIGHT_CONTACT=1
TRIAL=038 HOLD_SIM_SEC=1.690 HOLD_WALL_SEC=2.001 ACTUAL_LIFT_M=0.07390 RELATIVE_SLIP_M=0.00000 LEFT_CONTACT=1 RIGHT_CONTACT=1
TRIAL=038 HOLD_SIM_SEC=2.560 HOLD_WALL_SEC=3.001 ACTUAL_LIFT_M=0.07382 RELATIVE_SLIP_M=0.00000 LEFT_CONTACT=1 RIGHT_CONTACT=1
TRIAL=038 HOLD_SIM_SEC=3.450 HOLD_WALL_SEC=4.001 ACTUAL_LIFT_M=0.07373 RELATIVE_SLIP_M=0.00000 LEFT_CONTACT=1 RIGHT_CONTACT=1
TRIAL=038 HOLD_SIM_SEC=4.336 HOLD_WALL_SEC=5.002 ACTUAL_LIFT_M=0.07365 RELATIVE_SLIP_M=0.00000 LEFT_CONTACT=1 RIGHT_CONTACT=1
TRIAL=038 PHASE=PLACE_DOWN
TRIAL=038 PHASE=OPEN_GRIPPER
TRIAL=038 PHASE=RETREAT_PREGRASP
TRIAL=038 PHASE=GRASP_SUCCESS
TRIAL=038 DAY5_PLACE_RELEASE=PASS
DAY4_GRASP_RESULT=SUCCESS
DAY4_STEP=1 EPISODE=038 STEP=04 DIST=0.005533 YAW_ERR_DEG=0.025 REQUESTED_MOVE=0.004946 EXECUTED_MOVE=0.004871 ATTEMPT=1 SUCCESS=1 TERMINATED=1 TRUNCATED=0
DAY7_EPISODE=38 LEVEL=L3 VALID=30/50 TECHNICAL=False SUCCESS=True REASON=
DAY4_RESET_GRIPPER=OPEN ANGLE_RAD=1.570000 EFFORT_NM=1.200000
DAY4_RESET_GRIPPER=AFTER_INITIAL_MOVE ANGLE_RAD=1.570000 EFFORT_NM=1.200000
TRIAL=039 VISUAL_CENTER=[0.31404174864292145, 0.019466087396722287, 0.0268896759870536] SURFACE=[0.31404174864292145, 0.019466087396722287, 0.0518896759870536] CONTOUR_DEG=0.78 AXIS_STD_DEG=0.16 FOOTPRINT=[0.050870729610323906, 0.050870729610323906] CONFIDENCE=0.9599
TRIAL=039 SELECTED_CONTOUR_ORIENTATION=+90.78deg TILT=23.9 LEAN=+1 SYMMETRY=1 IK_FK_POS_ERROR=0.000008m IK_FK_ORIENTATION_ERROR=0.000000rad FINGER_FK_LIFT=0.080000m FINGER_FK_DRIFT=0.000000m JOINT_MOTION=3.017223rad
DAY4_MOTION_DONE=1 ELAPSED_SIM=1.200 INITIAL_ERR=0.01626 FINAL_ERR=0.00024 ARM_V=0.00271
DAY4_STEP=1 EPISODE=039 STEP=01 DIST=0.020322 YAW_ERR_DEG=0.002 REQUESTED_MOVE=0.005000 EXECUTED_MOVE=0.004916 ATTEMPT=0 SUCCESS=0 TERMINATED=0 TRUNCATED=0
DAY4_MOTION_DONE=1 ELAPSED_SIM=1.200 INITIAL_ERR=0.01675 FINAL_ERR=0.00031 ARM_V=0.00344
DAY4_STEP=1 EPISODE=039 STEP=02 DIST=0.015451 YAW_ERR_DEG=0.009 REQUESTED_MOVE=0.004971 EXECUTED_MOVE=0.004873 ATTEMPT=0 SUCCESS=0 TERMINATED=0 TRUNCATED=0
DAY4_MOTION_DONE=1 ELAPSED_SIM=1.200 INITIAL_ERR=0.01692 FINAL_ERR=0.00031 ARM_V=0.00347
DAY4_STEP=1 EPISODE=039 STEP=03 DIST=0.010589 YAW_ERR_DEG=0.014 REQUESTED_MOVE=0.004959 EXECUTED_MOVE=0.004863 ATTEMPT=0 SUCCESS=0 TERMINATED=0 TRUNCATED=0
DAY4_MOTION_DONE=1 ELAPSED_SIM=1.200 INITIAL_ERR=0.01703 FINAL_ERR=0.00035 ARM_V=0.00388
DAY4_GRASP_ATTEMPT=1
TRIAL=039 PHASE=CLOSE_SEARCH
TRIAL=039 LEFT_CONTACT=0 RIGHT_CONTACT=0 STALL=0
TRIAL=039 LEFT_CONTACT=0 RIGHT_CONTACT=1 STALL=0
TRIAL=039 PHASE=WAIT_DUAL_CONTACT
TRIAL=039 PHASE=WAIT_STALL
TRIAL=039 LEFT_CONTACT=1 RIGHT_CONTACT=1 STALL=0 GRIPPER_ERROR=0.06340 VELOCITY=0.04094 CLOSURE_M=0.00045
TRIAL=039 LEFT_CONTACT=1 RIGHT_CONTACT=1 STALL=0 GRIPPER_ERROR=0.04613 VELOCITY=0.00975 CLOSURE_M=0.00093
TRIAL=039 LEFT_CONTACT=1 RIGHT_CONTACT=1 STALL=0 GRIPPER_ERROR=0.03978 VELOCITY=0.00580 CLOSURE_M=0.00111
TRIAL=039 LEFT_CONTACT=1 RIGHT_CONTACT=1 STALL=0 GRIPPER_ERROR=0.03545 VELOCITY=0.00484 CLOSURE_M=0.00123
TRIAL=039 LEFT_CONTACT=1 RIGHT_CONTACT=1 STALL=0 GRIPPER_ERROR=0.03151 VELOCITY=0.00453 CLOSURE_M=0.00135
TRIAL=039 LEFT_CONTACT=1 RIGHT_CONTACT=1 STALL=0 GRIPPER_ERROR=0.02777 VELOCITY=0.00436 CLOSURE_M=0.00145
TRIAL=039 PHASE=LIFT_80_MM
TRIAL=039 ACTUAL_LIFT_M=-0.00002 LEFT_CONTACT=1 RIGHT_CONTACT=1
TRIAL=039 ACTUAL_LIFT_M=0.02440 LEFT_CONTACT=1 RIGHT_CONTACT=1
TRIAL=039 ACTUAL_LIFT_M=0.05322 LEFT_CONTACT=1 RIGHT_CONTACT=1
TRIAL=039 PHASE=HOLD
TRIAL=039 HOLD_SIM_SEC=0.000 HOLD_WALL_SEC=0.000 ACTUAL_LIFT_M=0.07073 RELATIVE_SLIP_M=0.00000 LEFT_CONTACT=1 RIGHT_CONTACT=1
TRIAL=039 HOLD_SIM_SEC=0.796 HOLD_WALL_SEC=1.001 ACTUAL_LIFT_M=0.07373 RELATIVE_SLIP_M=0.00028 LEFT_CONTACT=1 RIGHT_CONTACT=1
TRIAL=039 HOLD_SIM_SEC=1.652 HOLD_WALL_SEC=2.001 ACTUAL_LIFT_M=0.07367 RELATIVE_SLIP_M=0.00028 LEFT_CONTACT=1 RIGHT_CONTACT=1
TRIAL=039 HOLD_SIM_SEC=2.502 HOLD_WALL_SEC=3.001 ACTUAL_LIFT_M=0.07359 RELATIVE_SLIP_M=0.00028 LEFT_CONTACT=1 RIGHT_CONTACT=1
TRIAL=039 HOLD_SIM_SEC=3.390 HOLD_WALL_SEC=4.001 ACTUAL_LIFT_M=0.07350 RELATIVE_SLIP_M=0.00028 LEFT_CONTACT=1 RIGHT_CONTACT=1
TRIAL=039 HOLD_SIM_SEC=4.262 HOLD_WALL_SEC=5.002 ACTUAL_LIFT_M=0.07341 RELATIVE_SLIP_M=0.00028 LEFT_CONTACT=1 RIGHT_CONTACT=1
TRIAL=039 PHASE=PLACE_DOWN
TRIAL=039 PHASE=OPEN_GRIPPER
TRIAL=039 PHASE=RETREAT_PREGRASP
TRIAL=039 PHASE=GRASP_SUCCESS
TRIAL=039 DAY5_PLACE_RELEASE=PASS
DAY4_GRASP_RESULT=SUCCESS
DAY4_STEP=1 EPISODE=039 STEP=04 DIST=0.005747 YAW_ERR_DEG=0.018 REQUESTED_MOVE=0.004951 EXECUTED_MOVE=0.004845 ATTEMPT=1 SUCCESS=1 TERMINATED=1 TRUNCATED=0
DAY7_EPISODE=39 LEVEL=L3 VALID=31/50 TECHNICAL=False SUCCESS=True REASON=
DAY4_RESET_GRIPPER=OPEN ANGLE_RAD=1.570000 EFFORT_NM=1.200000
DAY4_RESET_GRIPPER=AFTER_INITIAL_MOVE ANGLE_RAD=1.570000 EFFORT_NM=1.200000
TRIAL=040 VISUAL_CENTER=[0.28490665555000305, 0.028774217411410064, 0.017143664571879928] SURFACE=[0.28490665555000305, 0.028774217411410064, 0.04214366457187993] CONTOUR_DEG=0.31 AXIS_STD_DEG=0.07 FOOTPRINT=[0.05011134222149849, 0.05011134222149849] CONFIDENCE=0.9342
DAY7_EPISODE=40 LEVEL=L3 VALID=31/50 TECHNICAL=True SUCCESS=False REASON=TestFailure: RESET_FAIL: Day4 reset failed after 1 attempts: IK_FAIL: [{"contour_yaw_deg": 0.31332186201966217, "symmetry": 0, "feasible": false, "failure_samples": ["IK_FAIL: no contour-constrained IK at center=[0.28490665555000305, 0.028774217411410064, 0.10214366457187993] axis=0.31; samples=['geometry pos=0.00026 line=0.34876 tilt=20.18', 'geometry pos=0.00026 line=0.34743 tilt=20.09', 'geometry pos=0.00027 line=0.36044 tilt=159.16']"]}, {"contour_yaw_deg": 0.31332186201966217, "symmetry": 1, "feasible": false, "failure_samples": ["COLLISION_PLAN_FAIL: finger/table clearance=0.003973"]}, {"contour_yaw_deg": 0.31332186201966217, "symmetry": 2, "feasible": true, "equivalent_to_symmetry": 0}, {"contour_yaw_deg": 0.31332186201966217, "symmetry": 3, "feasible": true, "equivalent_to_symmetry": 1}]
DAY4_RESET_GRIPPER=OPEN ANGLE_RAD=1.570000 EFFORT_NM=1.200000
DAY4_RESET_GRIPPER=AFTER_INITIAL_MOVE ANGLE_RAD=1.570000 EFFORT_NM=1.200000
TRIAL=041 VISUAL_CENTER=[0.28852227330207825, -0.026669511571526527, 0.03296451298355078] SURFACE=[0.28852227330207825, -0.026669511571526527, 0.05796451298355078] CONTOUR_DEG=-0.15 AXIS_STD_DEG=0.11 FOOTPRINT=[0.04979391023516655, 0.04979391023516655] CONFIDENCE=0.9336
TRIAL=041 SELECTED_CONTOUR_ORIENTATION=+89.85deg TILT=12.9 LEAN=+1 SYMMETRY=1 IK_FK_POS_ERROR=0.000009m IK_FK_ORIENTATION_ERROR=0.000000rad FINGER_FK_LIFT=0.080000m FINGER_FK_DRIFT=0.000000m JOINT_MOTION=2.975369rad
DAY4_MOTION_DONE=1 ELAPSED_SIM=1.202 INITIAL_ERR=0.01731 FINAL_ERR=0.00049 ARM_V=0.00543
DAY4_STEP=1 EPISODE=041 STEP=01 DIST=0.020276 YAW_ERR_DEG=0.011 REQUESTED_MOVE=0.005009 EXECUTED_MOVE=0.004863 ATTEMPT=0 SUCCESS=0 TERMINATED=0 TRUNCATED=0
DAY4_MOTION_DONE=1 ELAPSED_SIM=1.202 INITIAL_ERR=0.01764 FINAL_ERR=0.00049 ARM_V=0.00546
DAY4_STEP=1 EPISODE=041 STEP=02 DIST=0.015451 YAW_ERR_DEG=0.019 REQUESTED_MOVE=0.004968 EXECUTED_MOVE=0.004827 ATTEMPT=0 SUCCESS=0 TERMINATED=0 TRUNCATED=0
DAY4_MOTION_DONE=1 ELAPSED_SIM=1.200 INITIAL_ERR=0.01773 FINAL_ERR=0.00049 ARM_V=0.00550
DAY4_STEP=1 EPISODE=041 STEP=03 DIST=0.010637 YAW_ERR_DEG=0.025 REQUESTED_MOVE=0.004955 EXECUTED_MOVE=0.004815 ATTEMPT=0 SUCCESS=0 TERMINATED=0 TRUNCATED=0
DAY4_MOTION_DONE=1 ELAPSED_SIM=1.200 INITIAL_ERR=0.01772 FINAL_ERR=0.00045 ARM_V=0.00495
DAY4_GRASP_ATTEMPT=1
TRIAL=041 PHASE=CLOSE_SEARCH
TRIAL=041 LEFT_CONTACT=0 RIGHT_CONTACT=0 STALL=0
TRIAL=041 LEFT_CONTACT=1 RIGHT_CONTACT=0 STALL=0
TRIAL=041 PHASE=WAIT_DUAL_CONTACT
TRIAL=041 PHASE=WAIT_STALL
TRIAL=041 LEFT_CONTACT=1 RIGHT_CONTACT=1 STALL=0 GRIPPER_ERROR=0.05446 VELOCITY=0.10000 CLOSURE_M=0.00076
TRIAL=041 LEFT_CONTACT=1 RIGHT_CONTACT=1 STALL=0 GRIPPER_ERROR=0.03535 VELOCITY=0.00382 CLOSURE_M=0.00136
TRIAL=041 LEFT_CONTACT=1 RIGHT_CONTACT=1 STALL=0 GRIPPER_ERROR=0.03217 VELOCITY=0.00878 CLOSURE_M=0.00146
TRIAL=041 PHASE=LIFT_80_MM
TRIAL=041 ACTUAL_LIFT_M=-0.00036 LEFT_CONTACT=1 RIGHT_CONTACT=1
TRIAL=041 ACTUAL_LIFT_M=0.02219 LEFT_CONTACT=1 RIGHT_CONTACT=1
TRIAL=041 ACTUAL_LIFT_M=0.05193 LEFT_CONTACT=1 RIGHT_CONTACT=1
TRIAL=041 PHASE=HOLD
TRIAL=041 HOLD_SIM_SEC=0.000 HOLD_WALL_SEC=0.000 ACTUAL_LIFT_M=0.07106 RELATIVE_SLIP_M=0.00000 LEFT_CONTACT=1 RIGHT_CONTACT=1
TRIAL=041 HOLD_SIM_SEC=0.794 HOLD_WALL_SEC=1.001 ACTUAL_LIFT_M=0.07407 RELATIVE_SLIP_M=0.00000 LEFT_CONTACT=1 RIGHT_CONTACT=1
TRIAL=041 HOLD_SIM_SEC=1.652 HOLD_WALL_SEC=2.001 ACTUAL_LIFT_M=0.07398 RELATIVE_SLIP_M=0.00000 LEFT_CONTACT=1 RIGHT_CONTACT=1
TRIAL=041 HOLD_SIM_SEC=2.528 HOLD_WALL_SEC=3.001 ACTUAL_LIFT_M=0.07390 RELATIVE_SLIP_M=0.00000 LEFT_CONTACT=1 RIGHT_CONTACT=1
TRIAL=041 HOLD_SIM_SEC=3.428 HOLD_WALL_SEC=4.002 ACTUAL_LIFT_M=0.07380 RELATIVE_SLIP_M=0.00000 LEFT_CONTACT=1 RIGHT_CONTACT=1
TRIAL=041 HOLD_SIM_SEC=4.290 HOLD_WALL_SEC=5.002 ACTUAL_LIFT_M=0.07374 RELATIVE_SLIP_M=0.00000 LEFT_CONTACT=1 RIGHT_CONTACT=1
TRIAL=041 PHASE=PLACE_DOWN
TRIAL=041 PHASE=OPEN_GRIPPER
TRIAL=041 PHASE=RETREAT_PREGRASP
TRIAL=041 PHASE=GRASP_SUCCESS
TRIAL=041 DAY5_PLACE_RELEASE=PASS
DAY4_GRASP_RESULT=SUCCESS
DAY4_STEP=1 EPISODE=041 STEP=04 DIST=0.005819 YAW_ERR_DEG=0.030 REQUESTED_MOVE=0.004946 EXECUTED_MOVE=0.004821 ATTEMPT=1 SUCCESS=1 TERMINATED=1 TRUNCATED=0
DAY7_EPISODE=41 LEVEL=L3 VALID=32/50 TECHNICAL=False SUCCESS=True REASON=
DAY4_RESET_GRIPPER=OPEN ANGLE_RAD=1.570000 EFFORT_NM=1.200000
DAY4_RESET_GRIPPER=AFTER_INITIAL_MOVE ANGLE_RAD=1.570000 EFFORT_NM=1.200000
TRIAL=042 VISUAL_CENTER=[0.2922678738832474, 8.94106924533844e-05, 0.022121007469548537] SURFACE=[0.2922678738832474, 8.94106924533844e-05, 0.04712100746954854] CONTOUR_DEG=0.10 AXIS_STD_DEG=0.23 FOOTPRINT=[0.04967071861028671, 0.04967071861028671] CONFIDENCE=0.9253
TRIAL=042 SELECTED_CONTOUR_ORIENTATION=+90.10deg TILT=13.0 LEAN=+1 SYMMETRY=1 IK_FK_POS_ERROR=0.000000m IK_FK_ORIENTATION_ERROR=0.000000rad FINGER_FK_LIFT=0.080000m FINGER_FK_DRIFT=0.000000m JOINT_MOTION=3.066307rad
DAY4_MOTION_DONE=1 ELAPSED_SIM=1.200 INITIAL_ERR=0.01739 FINAL_ERR=0.00075 ARM_V=0.00831
DAY4_STEP=1 EPISODE=042 STEP=01 DIST=0.020309 YAW_ERR_DEG=0.007 REQUESTED_MOVE=0.005004 EXECUTED_MOVE=0.004785 ATTEMPT=0 SUCCESS=0 TERMINATED=0 TRUNCATED=0
DAY4_MOTION_DONE=1 ELAPSED_SIM=1.200 INITIAL_ERR=0.01746 FINAL_ERR=0.00067 ARM_V=0.00743
DAY4_STEP=1 EPISODE=042 STEP=02 DIST=0.015532 YAW_ERR_DEG=0.014 REQUESTED_MOVE=0.004967 EXECUTED_MOVE=0.004778 ATTEMPT=0 SUCCESS=0 TERMINATED=0 TRUNCATED=0
DAY4_MOTION_DONE=1 ELAPSED_SIM=1.200 INITIAL_ERR=0.01761 FINAL_ERR=0.00083 ARM_V=0.00926
DAY4_STEP=1 EPISODE=042 STEP=03 DIST=0.010810 YAW_ERR_DEG=0.019 REQUESTED_MOVE=0.004955 EXECUTED_MOVE=0.004723 ATTEMPT=0 SUCCESS=0 TERMINATED=0 TRUNCATED=0
DAY4_MOTION_DONE=1 ELAPSED_SIM=1.200 INITIAL_ERR=0.01738 FINAL_ERR=0.00082 ARM_V=0.00912
DAY4_STEP=1 EPISODE=042 STEP=04 DIST=0.006095 YAW_ERR_DEG=0.022 REQUESTED_MOVE=0.004947 EXECUTED_MOVE=0.004718 ATTEMPT=0 SUCCESS=0 TERMINATED=0 TRUNCATED=0
DAY4_MOTION_DONE=1 ELAPSED_SIM=1.200 INITIAL_ERR=0.01664 FINAL_ERR=0.00071 ARM_V=0.00789
DAY4_GRASP_ATTEMPT=1
TRIAL=042 PHASE=CLOSE_SEARCH
TRIAL=042 LEFT_CONTACT=0 RIGHT_CONTACT=0 STALL=0
TRIAL=042 LEFT_CONTACT=1 RIGHT_CONTACT=0 STALL=0
TRIAL=042 PHASE=WAIT_DUAL_CONTACT
TRIAL=042 PHASE=WAIT_STALL
TRIAL=042 LEFT_CONTACT=1 RIGHT_CONTACT=1 STALL=0 GRIPPER_ERROR=0.05036 VELOCITY=0.10000 CLOSURE_M=0.00092
TRIAL=042 LEFT_CONTACT=1 RIGHT_CONTACT=1 STALL=0 GRIPPER_ERROR=0.04045 VELOCITY=0.00500 CLOSURE_M=0.00123
TRIAL=042 LEFT_CONTACT=1 RIGHT_CONTACT=1 STALL=0 GRIPPER_ERROR=0.03965 VELOCITY=0.00679 CLOSURE_M=0.00126
TRIAL=042 LEFT_CONTACT=1 RIGHT_CONTACT=1 STALL=0 GRIPPER_ERROR=0.03619 VELOCITY=0.00345 CLOSURE_M=0.00137
TRIAL=042 LEFT_CONTACT=1 RIGHT_CONTACT=1 STALL=0 GRIPPER_ERROR=0.03263 VELOCITY=0.00430 CLOSURE_M=0.00148
TRIAL=042 PHASE=LIFT_80_MM
TRIAL=042 ACTUAL_LIFT_M=0.00003 LEFT_CONTACT=1 RIGHT_CONTACT=1
TRIAL=042 ACTUAL_LIFT_M=0.02312 LEFT_CONTACT=1 RIGHT_CONTACT=1
TRIAL=042 ACTUAL_LIFT_M=0.05195 LEFT_CONTACT=1 RIGHT_CONTACT=1
TRIAL=042 PHASE=HOLD
TRIAL=042 HOLD_SIM_SEC=0.000 HOLD_WALL_SEC=0.000 ACTUAL_LIFT_M=0.07445 RELATIVE_SLIP_M=0.00000 LEFT_CONTACT=1 RIGHT_CONTACT=1
TRIAL=042 HOLD_SIM_SEC=0.816 HOLD_WALL_SEC=1.001 ACTUAL_LIFT_M=0.07744 RELATIVE_SLIP_M=0.00000 LEFT_CONTACT=1 RIGHT_CONTACT=1
TRIAL=042 HOLD_SIM_SEC=1.656 HOLD_WALL_SEC=2.001 ACTUAL_LIFT_M=0.07738 RELATIVE_SLIP_M=0.00000 LEFT_CONTACT=1 RIGHT_CONTACT=1
TRIAL=042 HOLD_SIM_SEC=2.510 HOLD_WALL_SEC=3.002 ACTUAL_LIFT_M=0.07730 RELATIVE_SLIP_M=0.00000 LEFT_CONTACT=1 RIGHT_CONTACT=1
TRIAL=042 HOLD_SIM_SEC=3.394 HOLD_WALL_SEC=4.002 ACTUAL_LIFT_M=0.07722 RELATIVE_SLIP_M=0.00000 LEFT_CONTACT=1 RIGHT_CONTACT=1
TRIAL=042 HOLD_SIM_SEC=4.250 HOLD_WALL_SEC=5.002 ACTUAL_LIFT_M=0.07714 RELATIVE_SLIP_M=0.00000 LEFT_CONTACT=1 RIGHT_CONTACT=1
TRIAL=042 PHASE=PLACE_DOWN
TRIAL=042 PHASE=OPEN_GRIPPER
TRIAL=042 PHASE=RETREAT_PREGRASP
TRIAL=042 PHASE=GRASP_SUCCESS
TRIAL=042 DAY5_PLACE_RELEASE=PASS
DAY4_GRASP_RESULT=SUCCESS
DAY4_STEP=1 EPISODE=042 STEP=05 DIST=0.001357 YAW_ERR_DEG=0.025 REQUESTED_MOVE=0.004940 EXECUTED_MOVE=0.004735 ATTEMPT=1 SUCCESS=1 TERMINATED=1 TRUNCATED=0
DAY7_EPISODE=42 LEVEL=L3 VALID=33/50 TECHNICAL=False SUCCESS=True REASON=
DAY4_RESET_GRIPPER=OPEN ANGLE_RAD=1.570000 EFFORT_NM=1.200000
DAY4_RESET_GRIPPER=AFTER_INITIAL_MOVE ANGLE_RAD=1.570000 EFFORT_NM=1.200000
TRIAL=043 VISUAL_CENTER=[0.31562209129333496, 0.010370331350713968, 0.022308582834777296] SURFACE=[0.31562209129333496, 0.010370331350713968, 0.0473085828347773] CONTOUR_DEG=0.76 AXIS_STD_DEG=0.05 FOOTPRINT=[0.05012943595647812, 0.05012943595647812] CONFIDENCE=0.9681
TRIAL=043 SELECTED_CONTOUR_ORIENTATION=+90.76deg TILT=23.9 LEAN=+1 SYMMETRY=1 IK_FK_POS_ERROR=0.000003m IK_FK_ORIENTATION_ERROR=0.000000rad FINGER_FK_LIFT=0.080000m FINGER_FK_DRIFT=0.000000m JOINT_MOTION=3.033012rad
DAY4_MOTION_DONE=1 ELAPSED_SIM=1.200 INITIAL_ERR=0.01543 FINAL_ERR=0.00040 ARM_V=0.00446
DAY4_STEP=1 EPISODE=043 STEP=01 DIST=0.021215 YAW_ERR_DEG=0.005 REQUESTED_MOVE=0.005012 EXECUTED_MOVE=0.004880 ATTEMPT=0 SUCCESS=0 TERMINATED=0 TRUNCATED=0
DAY4_MOTION_DONE=1 ELAPSED_SIM=1.200 INITIAL_ERR=0.01680 FINAL_ERR=0.00047 ARM_V=0.00521
DAY4_STEP=1 EPISODE=043 STEP=02 DIST=0.016389 YAW_ERR_DEG=0.011 REQUESTED_MOVE=0.004970 EXECUTED_MOVE=0.004828 ATTEMPT=0 SUCCESS=0 TERMINATED=0 TRUNCATED=0
DAY4_MOTION_DONE=1 ELAPSED_SIM=1.202 INITIAL_ERR=0.01698 FINAL_ERR=0.00043 ARM_V=0.00474
DAY4_STEP=1 EPISODE=043 STEP=03 DIST=0.011559 YAW_ERR_DEG=0.015 REQUESTED_MOVE=0.004959 EXECUTED_MOVE=0.004831 ATTEMPT=0 SUCCESS=0 TERMINATED=0 TRUNCATED=0
DAY4_MOTION_DONE=1 ELAPSED_SIM=1.200 INITIAL_ERR=0.01705 FINAL_ERR=0.00048 ARM_V=0.00530
DAY4_STEP=1 EPISODE=043 STEP=04 DIST=0.006737 YAW_ERR_DEG=0.018 REQUESTED_MOVE=0.004951 EXECUTED_MOVE=0.004810 ATTEMPT=0 SUCCESS=0 TERMINATED=0 TRUNCATED=0
DAY4_MOTION_DONE=1 ELAPSED_SIM=1.200 INITIAL_ERR=0.01713 FINAL_ERR=0.00053 ARM_V=0.00591
DAY4_GRASP_ATTEMPT=1
TRIAL=043 PHASE=CLOSE_SEARCH
TRIAL=043 LEFT_CONTACT=0 RIGHT_CONTACT=0 STALL=0
TRIAL=043 LEFT_CONTACT=0 RIGHT_CONTACT=1 STALL=0
TRIAL=043 PHASE=WAIT_DUAL_CONTACT
TRIAL=043 PHASE=WAIT_STALL
TRIAL=043 LEFT_CONTACT=1 RIGHT_CONTACT=1 STALL=0 GRIPPER_ERROR=0.06128 VELOCITY=0.10000 CLOSURE_M=0.00054
TRIAL=043 LEFT_CONTACT=1 RIGHT_CONTACT=1 STALL=0 GRIPPER_ERROR=0.04226 VELOCITY=0.00082 CLOSURE_M=0.00110
TRIAL=043 LEFT_CONTACT=1 RIGHT_CONTACT=1 STALL=0 GRIPPER_ERROR=0.03755 VELOCITY=0.00896 CLOSURE_M=0.00124
TRIAL=043 LEFT_CONTACT=1 RIGHT_CONTACT=1 STALL=0 GRIPPER_ERROR=0.03334 VELOCITY=0.00418 CLOSURE_M=0.00137
TRIAL=043 LEFT_CONTACT=1 RIGHT_CONTACT=1 STALL=0 GRIPPER_ERROR=0.02955 VELOCITY=0.00442 CLOSURE_M=0.00149
TRIAL=043 PHASE=LIFT_80_MM
TRIAL=043 ACTUAL_LIFT_M=-0.00002 LEFT_CONTACT=1 RIGHT_CONTACT=1
TRIAL=043 ACTUAL_LIFT_M=0.02500 LEFT_CONTACT=1 RIGHT_CONTACT=1
TRIAL=043 ACTUAL_LIFT_M=0.05662 LEFT_CONTACT=1 RIGHT_CONTACT=1
TRIAL=043 PHASE=HOLD
TRIAL=043 HOLD_SIM_SEC=0.000 HOLD_WALL_SEC=0.000 ACTUAL_LIFT_M=0.07543 RELATIVE_SLIP_M=0.00000 LEFT_CONTACT=1 RIGHT_CONTACT=1
TRIAL=043 HOLD_SIM_SEC=0.840 HOLD_WALL_SEC=1.001 ACTUAL_LIFT_M=0.07901 RELATIVE_SLIP_M=0.00000 LEFT_CONTACT=1 RIGHT_CONTACT=1
TRIAL=043 HOLD_SIM_SEC=1.726 HOLD_WALL_SEC=2.001 ACTUAL_LIFT_M=0.07895 RELATIVE_SLIP_M=0.00000 LEFT_CONTACT=1 RIGHT_CONTACT=1
TRIAL=043 HOLD_SIM_SEC=2.582 HOLD_WALL_SEC=3.001 ACTUAL_LIFT_M=0.07887 RELATIVE_SLIP_M=0.00000 LEFT_CONTACT=1 RIGHT_CONTACT=1
TRIAL=043 HOLD_SIM_SEC=3.460 HOLD_WALL_SEC=4.002 ACTUAL_LIFT_M=0.07880 RELATIVE_SLIP_M=0.00000 LEFT_CONTACT=1 RIGHT_CONTACT=1
TRIAL=043 HOLD_SIM_SEC=4.334 HOLD_WALL_SEC=5.002 ACTUAL_LIFT_M=0.07872 RELATIVE_SLIP_M=0.00000 LEFT_CONTACT=1 RIGHT_CONTACT=1
TRIAL=043 PHASE=PLACE_DOWN
TRIAL=043 PHASE=OPEN_GRIPPER
TRIAL=043 PHASE=RETREAT_PREGRASP
TRIAL=043 PHASE=GRASP_SUCCESS
TRIAL=043 DAY5_PLACE_RELEASE=PASS
DAY4_GRASP_RESULT=SUCCESS
DAY4_STEP=1 EPISODE=043 STEP=05 DIST=0.001959 YAW_ERR_DEG=0.020 REQUESTED_MOVE=0.004945 EXECUTED_MOVE=0.004789 ATTEMPT=1 SUCCESS=1 TERMINATED=1 TRUNCATED=0
DAY7_EPISODE=43 LEVEL=L3 VALID=34/50 TECHNICAL=False SUCCESS=True REASON=
DAY4_RESET_GRIPPER=OPEN ANGLE_RAD=1.570000 EFFORT_NM=1.200000
DAY4_RESET_GRIPPER=AFTER_INITIAL_MOVE ANGLE_RAD=1.570000 EFFORT_NM=1.200000
TRIAL=044 VISUAL_CENTER=[0.3196384012699127, -0.0044887010008096695, 0.02808431694170014] SURFACE=[0.3196384012699127, -0.0044887010008096695, 0.05308431694170014] CONTOUR_DEG=-0.34 AXIS_STD_DEG=0.28 FOOTPRINT=[0.05005788803100586, 0.05005788803100586] CONFIDENCE=0.9682
TRIAL=044 SELECTED_CONTOUR_ORIENTATION=+89.66deg TILT=26.3 LEAN=+1 SYMMETRY=1 IK_FK_POS_ERROR=0.000002m IK_FK_ORIENTATION_ERROR=0.000000rad FINGER_FK_LIFT=0.080000m FINGER_FK_DRIFT=0.000000m JOINT_MOTION=3.015111rad
DAY4_MOTION_DONE=1 ELAPSED_SIM=1.202 INITIAL_ERR=0.01597 FINAL_ERR=0.00030 ARM_V=0.00329
DAY4_STEP=1 EPISODE=044 STEP=01 DIST=0.020338 YAW_ERR_DEG=0.008 REQUESTED_MOVE=0.005002 EXECUTED_MOVE=0.004901 ATTEMPT=0 SUCCESS=0 TERMINATED=0 TRUNCATED=0
DAY4_MOTION_DONE=1 ELAPSED_SIM=1.200 INITIAL_ERR=0.01656 FINAL_ERR=0.00034 ARM_V=0.00377
DAY4_STEP=1 EPISODE=044 STEP=02 DIST=0.015475 YAW_ERR_DEG=0.014 REQUESTED_MOVE=0.004971 EXECUTED_MOVE=0.004864 ATTEMPT=0 SUCCESS=0 TERMINATED=0 TRUNCATED=0
DAY4_MOTION_DONE=1 ELAPSED_SIM=1.200 INITIAL_ERR=0.01679 FINAL_ERR=0.00031 ARM_V=0.00344
DAY4_STEP=1 EPISODE=044 STEP=03 DIST=0.010612 YAW_ERR_DEG=0.018 REQUESTED_MOVE=0.004960 EXECUTED_MOVE=0.004864 ATTEMPT=0 SUCCESS=0 TERMINATED=0 TRUNCATED=0
DAY4_MOTION_DONE=1 ELAPSED_SIM=1.200 INITIAL_ERR=0.01690 FINAL_ERR=0.00031 ARM_V=0.00346
DAY4_GRASP_ATTEMPT=1
TRIAL=044 PHASE=CLOSE_SEARCH
TRIAL=044 LEFT_CONTACT=0 RIGHT_CONTACT=0 STALL=0
TRIAL=044 LEFT_CONTACT=1 RIGHT_CONTACT=0 STALL=0
TRIAL=044 PHASE=WAIT_DUAL_CONTACT
TRIAL=044 PHASE=WAIT_STALL
TRIAL=044 LEFT_CONTACT=1 RIGHT_CONTACT=1 STALL=0 GRIPPER_ERROR=0.06206 VELOCITY=0.03909 CLOSURE_M=0.00053
TRIAL=044 LEFT_CONTACT=1 RIGHT_CONTACT=1 STALL=0 GRIPPER_ERROR=0.04903 VELOCITY=0.00917 CLOSURE_M=0.00092
TRIAL=044 LEFT_CONTACT=1 RIGHT_CONTACT=1 STALL=0 GRIPPER_ERROR=0.04365 VELOCITY=0.00532 CLOSURE_M=0.00109
TRIAL=044 LEFT_CONTACT=1 RIGHT_CONTACT=1 STALL=0 GRIPPER_ERROR=0.03956 VELOCITY=0.00470 CLOSURE_M=0.00122
TRIAL=044 LEFT_CONTACT=1 RIGHT_CONTACT=1 STALL=0 GRIPPER_ERROR=0.03570 VELOCITY=0.00448 CLOSURE_M=0.00134
TRIAL=044 LEFT_CONTACT=1 RIGHT_CONTACT=1 STALL=0 GRIPPER_ERROR=0.03199 VELOCITY=0.00434 CLOSURE_M=0.00145
TRIAL=044 PHASE=LIFT_80_MM
TRIAL=044 ACTUAL_LIFT_M=-0.00002 LEFT_CONTACT=1 RIGHT_CONTACT=1
TRIAL=044 ACTUAL_LIFT_M=0.02348 LEFT_CONTACT=1 RIGHT_CONTACT=1
TRIAL=044 ACTUAL_LIFT_M=0.05206 LEFT_CONTACT=1 RIGHT_CONTACT=1
TRIAL=044 PHASE=HOLD
TRIAL=044 HOLD_SIM_SEC=0.000 HOLD_WALL_SEC=0.000 ACTUAL_LIFT_M=0.07194 RELATIVE_SLIP_M=0.00000 LEFT_CONTACT=1 RIGHT_CONTACT=1
TRIAL=044 HOLD_SIM_SEC=0.820 HOLD_WALL_SEC=1.001 ACTUAL_LIFT_M=0.07487 RELATIVE_SLIP_M=0.00028 LEFT_CONTACT=1 RIGHT_CONTACT=1
TRIAL=044 HOLD_SIM_SEC=1.680 HOLD_WALL_SEC=2.001 ACTUAL_LIFT_M=0.07482 RELATIVE_SLIP_M=0.00028 LEFT_CONTACT=1 RIGHT_CONTACT=1
TRIAL=044 HOLD_SIM_SEC=2.516 HOLD_WALL_SEC=3.001 ACTUAL_LIFT_M=0.07475 RELATIVE_SLIP_M=0.00028 LEFT_CONTACT=1 RIGHT_CONTACT=1
TRIAL=044 HOLD_SIM_SEC=3.370 HOLD_WALL_SEC=4.001 ACTUAL_LIFT_M=0.07468 RELATIVE_SLIP_M=0.00028 LEFT_CONTACT=1 RIGHT_CONTACT=1
TRIAL=044 HOLD_SIM_SEC=4.196 HOLD_WALL_SEC=5.002 ACTUAL_LIFT_M=0.07461 RELATIVE_SLIP_M=0.00028 LEFT_CONTACT=1 RIGHT_CONTACT=1
TRIAL=044 PHASE=PLACE_DOWN
TRIAL=044 PHASE=OPEN_GRIPPER
TRIAL=044 PHASE=RETREAT_PREGRASP
TRIAL=044 PHASE=GRASP_SUCCESS
TRIAL=044 DAY5_PLACE_RELEASE=PASS
DAY4_GRASP_RESULT=SUCCESS
DAY4_STEP=1 EPISODE=044 STEP=04 DIST=0.005757 YAW_ERR_DEG=0.022 REQUESTED_MOVE=0.004952 EXECUTED_MOVE=0.004857 ATTEMPT=1 SUCCESS=1 TERMINATED=1 TRUNCATED=0
DAY7_EPISODE=44 LEVEL=L3 VALID=35/50 TECHNICAL=False SUCCESS=True REASON=
DAY4_RESET_GRIPPER=OPEN ANGLE_RAD=1.570000 EFFORT_NM=1.200000
DAY4_RESET_GRIPPER=AFTER_INITIAL_MOVE ANGLE_RAD=1.570000 EFFORT_NM=1.200000
TRIAL=045 VISUAL_CENTER=[0.30106760561466217, 0.004415145143866539, 0.02803916844418896] SURFACE=[0.30106760561466217, 0.004415145143866539, 0.05303916844418896] CONTOUR_DEG=0.24 AXIS_STD_DEG=0.10 FOOTPRINT=[0.04988100938498974, 0.04988100938498974] CONFIDENCE=0.9598
TRIAL=045 SELECTED_CONTOUR_ORIENTATION=+90.24deg TILT=17.6 LEAN=+1 SYMMETRY=1 IK_FK_POS_ERROR=0.000001m IK_FK_ORIENTATION_ERROR=0.000000rad FINGER_FK_LIFT=0.080000m FINGER_FK_DRIFT=0.000000m JOINT_MOTION=2.992202rad
DAY4_MOTION_DONE=1 ELAPSED_SIM=1.200 INITIAL_ERR=0.01688 FINAL_ERR=0.00028 ARM_V=0.00313
DAY4_STEP=1 EPISODE=045 STEP=01 DIST=0.020256 YAW_ERR_DEG=0.007 REQUESTED_MOVE=0.005000 EXECUTED_MOVE=0.004911 ATTEMPT=0 SUCCESS=0 TERMINATED=0 TRUNCATED=0
DAY4_MOTION_DONE=1 ELAPSED_SIM=1.200 INITIAL_ERR=0.01722 FINAL_ERR=0.00029 ARM_V=0.00318
DAY4_STEP=1 EPISODE=045 STEP=02 DIST=0.015366 YAW_ERR_DEG=0.014 REQUESTED_MOVE=0.004969 EXECUTED_MOVE=0.004883 ATTEMPT=0 SUCCESS=0 TERMINATED=0 TRUNCATED=0
DAY4_MOTION_DONE=1 ELAPSED_SIM=1.200 INITIAL_ERR=0.01739 FINAL_ERR=0.00029 ARM_V=0.00321
DAY4_STEP=1 EPISODE=045 STEP=03 DIST=0.010496 YAW_ERR_DEG=0.020 REQUESTED_MOVE=0.004957 EXECUTED_MOVE=0.004872 ATTEMPT=0 SUCCESS=0 TERMINATED=0 TRUNCATED=0
DAY4_MOTION_DONE=1 ELAPSED_SIM=1.200 INITIAL_ERR=0.01745 FINAL_ERR=0.00029 ARM_V=0.00322
DAY4_GRASP_ATTEMPT=1
TRIAL=045 PHASE=CLOSE_SEARCH
TRIAL=045 LEFT_CONTACT=0 RIGHT_CONTACT=0 STALL=0
TRIAL=045 LEFT_CONTACT=0 RIGHT_CONTACT=1 STALL=0
TRIAL=045 PHASE=WAIT_DUAL_CONTACT
TRIAL=045 PHASE=WAIT_STALL
TRIAL=045 LEFT_CONTACT=1 RIGHT_CONTACT=1 STALL=0 GRIPPER_ERROR=0.06851 VELOCITY=0.10177 CLOSURE_M=0.00035
TRIAL=045 LEFT_CONTACT=1 RIGHT_CONTACT=1 STALL=0 GRIPPER_ERROR=0.04911 VELOCITY=0.01053 CLOSURE_M=0.00094
TRIAL=045 LEFT_CONTACT=1 RIGHT_CONTACT=1 STALL=0 GRIPPER_ERROR=0.04135 VELOCITY=0.00691 CLOSURE_M=0.00119
TRIAL=045 LEFT_CONTACT=1 RIGHT_CONTACT=1 STALL=0 GRIPPER_ERROR=0.03646 VELOCITY=0.00510 CLOSURE_M=0.00134
TRIAL=045 LEFT_CONTACT=1 RIGHT_CONTACT=1 STALL=0 GRIPPER_ERROR=0.03245 VELOCITY=0.00458 CLOSURE_M=0.00147
TRIAL=045 PHASE=LIFT_80_MM
TRIAL=045 ACTUAL_LIFT_M=-0.00039 LEFT_CONTACT=1 RIGHT_CONTACT=1
TRIAL=045 ACTUAL_LIFT_M=0.02342 LEFT_CONTACT=1 RIGHT_CONTACT=1
TRIAL=045 ACTUAL_LIFT_M=0.05205 LEFT_CONTACT=1 RIGHT_CONTACT=1
TRIAL=045 PHASE=HOLD
TRIAL=045 HOLD_SIM_SEC=0.000 HOLD_WALL_SEC=0.001 ACTUAL_LIFT_M=0.07130 RELATIVE_SLIP_M=0.00000 LEFT_CONTACT=1 RIGHT_CONTACT=1
TRIAL=045 HOLD_SIM_SEC=0.836 HOLD_WALL_SEC=1.001 ACTUAL_LIFT_M=0.07464 RELATIVE_SLIP_M=0.00028 LEFT_CONTACT=1 RIGHT_CONTACT=1
TRIAL=045 HOLD_SIM_SEC=1.672 HOLD_WALL_SEC=2.002 ACTUAL_LIFT_M=0.07458 RELATIVE_SLIP_M=0.00028 LEFT_CONTACT=1 RIGHT_CONTACT=1
TRIAL=045 HOLD_SIM_SEC=2.490 HOLD_WALL_SEC=3.002 ACTUAL_LIFT_M=0.07451 RELATIVE_SLIP_M=0.00028 LEFT_CONTACT=1 RIGHT_CONTACT=1
TRIAL=045 HOLD_SIM_SEC=3.312 HOLD_WALL_SEC=4.002 ACTUAL_LIFT_M=0.07444 RELATIVE_SLIP_M=0.00028 LEFT_CONTACT=1 RIGHT_CONTACT=1
TRIAL=045 HOLD_SIM_SEC=4.140 HOLD_WALL_SEC=5.003 ACTUAL_LIFT_M=0.07436 RELATIVE_SLIP_M=0.00028 LEFT_CONTACT=1 RIGHT_CONTACT=1
TRIAL=045 HOLD_SIM_SEC=4.970 HOLD_WALL_SEC=6.003 ACTUAL_LIFT_M=0.07429 RELATIVE_SLIP_M=0.00028 LEFT_CONTACT=1 RIGHT_CONTACT=1
TRIAL=045 PHASE=PLACE_DOWN
TRIAL=045 PHASE=OPEN_GRIPPER
TRIAL=045 PHASE=RETREAT_PREGRASP
TRIAL=045 PHASE=GRASP_SUCCESS
TRIAL=045 DAY5_PLACE_RELEASE=PASS
DAY4_GRASP_RESULT=SUCCESS
DAY4_STEP=1 EPISODE=045 STEP=04 DIST=0.005635 YAW_ERR_DEG=0.024 REQUESTED_MOVE=0.004948 EXECUTED_MOVE=0.004864 ATTEMPT=1 SUCCESS=1 TERMINATED=1 TRUNCATED=0
DAY7_EPISODE=45 LEVEL=L3 VALID=36/50 TECHNICAL=False SUCCESS=True REASON=
DAY4_RESET_GRIPPER=OPEN ANGLE_RAD=1.570000 EFFORT_NM=1.200000
DAY4_RESET_GRIPPER=AFTER_INITIAL_MOVE ANGLE_RAD=1.570000 EFFORT_NM=1.200000
DAY7_EPISODE=46 LEVEL=L3 VALID=36/50 TECHNICAL=True SUCCESS=False REASON=TechnicalFailure: world SDF readback service failed
DAY4_RESET_GRIPPER=OPEN ANGLE_RAD=1.570000 EFFORT_NM=1.200000
DAY4_RESET_GRIPPER=AFTER_INITIAL_MOVE ANGLE_RAD=1.570000 EFFORT_NM=1.200000
TRIAL=047 VISUAL_CENTER=[0.3286052942276001, 0.001183931715786457, 0.03199566427801214] SURFACE=[0.3286052942276001, 0.001183931715786457, 0.05699566427801214] CONTOUR_DEG=0.17 AXIS_STD_DEG=0.19 FOOTPRINT=[0.050147080793976784, 0.050147080793976784] CONFIDENCE=0.9683
TRIAL=047 SELECTED_CONTOUR_ORIENTATION=+90.17deg TILT=31.0 LEAN=+1 SYMMETRY=1 IK_FK_POS_ERROR=0.000000m IK_FK_ORIENTATION_ERROR=0.000000rad FINGER_FK_LIFT=0.080000m FINGER_FK_DRIFT=0.000000m JOINT_MOTION=3.107660rad
DAY4_MOTION_DONE=1 ELAPSED_SIM=1.200 INITIAL_ERR=0.01545 FINAL_ERR=0.00032 ARM_V=0.00353
DAY4_STEP=1 EPISODE=047 STEP=01 DIST=0.020395 YAW_ERR_DEG=0.006 REQUESTED_MOVE=0.005002 EXECUTED_MOVE=0.004889 ATTEMPT=0 SUCCESS=0 TERMINATED=0 TRUNCATED=0
DAY4_MOTION_DONE=1 ELAPSED_SIM=1.202 INITIAL_ERR=0.01614 FINAL_ERR=0.00030 ARM_V=0.00331
DAY4_STEP=1 EPISODE=047 STEP=02 DIST=0.015522 YAW_ERR_DEG=0.012 REQUESTED_MOVE=0.004972 EXECUTED_MOVE=0.004874 ATTEMPT=0 SUCCESS=0 TERMINATED=0 TRUNCATED=0
DAY4_MOTION_DONE=1 ELAPSED_SIM=1.202 INITIAL_ERR=0.01640 FINAL_ERR=0.00030 ARM_V=0.00337
DAY4_STEP=1 EPISODE=047 STEP=03 DIST=0.010659 YAW_ERR_DEG=0.016 REQUESTED_MOVE=0.004961 EXECUTED_MOVE=0.004865 ATTEMPT=0 SUCCESS=0 TERMINATED=0 TRUNCATED=0
DAY4_MOTION_DONE=1 ELAPSED_SIM=1.200 INITIAL_ERR=0.01654 FINAL_ERR=0.00028 ARM_V=0.00306
DAY4_GRASP_ATTEMPT=1
TRIAL=047 PHASE=CLOSE_SEARCH
TRIAL=047 LEFT_CONTACT=0 RIGHT_CONTACT=0 STALL=0
TRIAL=047 LEFT_CONTACT=1 RIGHT_CONTACT=0 STALL=0
TRIAL=047 PHASE=WAIT_DUAL_CONTACT
TRIAL=047 PHASE=WAIT_STALL
TRIAL=047 LEFT_CONTACT=1 RIGHT_CONTACT=1 STALL=0 GRIPPER_ERROR=0.07205 VELOCITY=0.03720 CLOSURE_M=0.00022
TRIAL=047 LEFT_CONTACT=1 RIGHT_CONTACT=1 STALL=0 GRIPPER_ERROR=0.04810 VELOCITY=0.01605 CLOSURE_M=0.00089
TRIAL=047 LEFT_CONTACT=1 RIGHT_CONTACT=1 STALL=0 GRIPPER_ERROR=0.03953 VELOCITY=0.00715 CLOSURE_M=0.00114
TRIAL=047 LEFT_CONTACT=1 RIGHT_CONTACT=1 STALL=0 GRIPPER_ERROR=0.03445 VELOCITY=0.00528 CLOSURE_M=0.00129
TRIAL=047 LEFT_CONTACT=1 RIGHT_CONTACT=1 STALL=0 GRIPPER_ERROR=0.03022 VELOCITY=0.00467 CLOSURE_M=0.00141
TRIAL=047 LEFT_CONTACT=1 RIGHT_CONTACT=1 STALL=1 GRIPPER_ERROR=0.02634 VELOCITY=0.00450 CLOSURE_M=0.00153
TRIAL=047 PHASE=LIFT_80_MM
TRIAL=047 ACTUAL_LIFT_M=-0.00001 LEFT_CONTACT=1 RIGHT_CONTACT=1
TRIAL=047 ACTUAL_LIFT_M=0.02408 LEFT_CONTACT=1 RIGHT_CONTACT=1
TRIAL=047 ACTUAL_LIFT_M=0.05392 LEFT_CONTACT=1 RIGHT_CONTACT=1
TRIAL=047 PHASE=HOLD
TRIAL=047 HOLD_SIM_SEC=0.000 HOLD_WALL_SEC=0.000 ACTUAL_LIFT_M=0.06417 RELATIVE_SLIP_M=0.00000 LEFT_CONTACT=1 RIGHT_CONTACT=1
TRIAL=047 HOLD_SIM_SEC=0.838 HOLD_WALL_SEC=1.001 ACTUAL_LIFT_M=0.07463 RELATIVE_SLIP_M=0.00071 LEFT_CONTACT=1 RIGHT_CONTACT=1
TRIAL=047 HOLD_SIM_SEC=1.696 HOLD_WALL_SEC=2.001 ACTUAL_LIFT_M=0.07459 RELATIVE_SLIP_M=0.00071 LEFT_CONTACT=1 RIGHT_CONTACT=1
TRIAL=047 HOLD_SIM_SEC=2.550 HOLD_WALL_SEC=3.001 ACTUAL_LIFT_M=0.07453 RELATIVE_SLIP_M=0.00071 LEFT_CONTACT=1 RIGHT_CONTACT=1
TRIAL=047 HOLD_SIM_SEC=3.432 HOLD_WALL_SEC=4.001 ACTUAL_LIFT_M=0.07446 RELATIVE_SLIP_M=0.00071 LEFT_CONTACT=1 RIGHT_CONTACT=1
TRIAL=047 HOLD_SIM_SEC=4.280 HOLD_WALL_SEC=5.002 ACTUAL_LIFT_M=0.07439 RELATIVE_SLIP_M=0.00071 LEFT_CONTACT=1 RIGHT_CONTACT=1
TRIAL=047 PHASE=PLACE_DOWN
TRIAL=047 PHASE=OPEN_GRIPPER
TRIAL=047 PHASE=RETREAT_PREGRASP
TRIAL=047 PHASE=GRASP_SUCCESS
TRIAL=047 DAY5_PLACE_RELEASE=PASS
DAY4_GRASP_RESULT=SUCCESS
DAY4_STEP=1 EPISODE=047 STEP=04 DIST=0.005787 YAW_ERR_DEG=0.020 REQUESTED_MOVE=0.004953 EXECUTED_MOVE=0.004867 ATTEMPT=1 SUCCESS=1 TERMINATED=1 TRUNCATED=0
DAY7_EPISODE=47 LEVEL=L3 VALID=37/50 TECHNICAL=False SUCCESS=True REASON=
DAY4_RESET_GRIPPER=OPEN ANGLE_RAD=1.570000 EFFORT_NM=1.200000
DAY4_RESET_GRIPPER=AFTER_INITIAL_MOVE ANGLE_RAD=1.570000 EFFORT_NM=1.200000
TRIAL=048 VISUAL_CENTER=[0.2739380896091461, 0.03153477777959779, 0.020374354494606887] SURFACE=[0.2739380896091461, 0.03153477777959779, 0.04537435449460689] CONTOUR_DEG=0.13 AXIS_STD_DEG=0.28 FOOTPRINT=[0.05063599534332752, 0.05063599534332752] CONFIDENCE=0.9306
TRIAL=048 SELECTED_CONTOUR_ORIENTATION=+90.13deg TILT=5.2 LEAN=+1 SYMMETRY=1 IK_FK_POS_ERROR=0.000006m IK_FK_ORIENTATION_ERROR=0.000000rad FINGER_FK_LIFT=0.080000m FINGER_FK_DRIFT=0.000000m JOINT_MOTION=3.038407rad
DAY4_MOTION_DONE=1 ELAPSED_SIM=1.200 INITIAL_ERR=0.01832 FINAL_ERR=0.00064 ARM_V=0.00709
DAY4_STEP=1 EPISODE=048 STEP=01 DIST=0.020223 YAW_ERR_DEG=0.006 REQUESTED_MOVE=0.005001 EXECUTED_MOVE=0.004824 ATTEMPT=0 SUCCESS=0 TERMINATED=0 TRUNCATED=0
DAY4_MOTION_DONE=1 ELAPSED_SIM=1.200 INITIAL_ERR=0.01833 FINAL_ERR=0.00070 ARM_V=0.00774
DAY4_STEP=1 EPISODE=048 STEP=02 DIST=0.015429 YAW_ERR_DEG=0.012 REQUESTED_MOVE=0.004965 EXECUTED_MOVE=0.004776 ATTEMPT=0 SUCCESS=0 TERMINATED=0 TRUNCATED=0
DAY4_MOTION_DONE=1 ELAPSED_SIM=1.200 INITIAL_ERR=0.01838 FINAL_ERR=0.00063 ARM_V=0.00698
DAY4_STEP=1 EPISODE=048 STEP=03 DIST=0.010649 YAW_ERR_DEG=0.017 REQUESTED_MOVE=0.004951 EXECUTED_MOVE=0.004782 ATTEMPT=0 SUCCESS=0 TERMINATED=0 TRUNCATED=0
DAY4_MOTION_DONE=1 ELAPSED_SIM=1.200 INITIAL_ERR=0.01824 FINAL_ERR=0.00070 ARM_V=0.00773
DAY4_GRASP_ATTEMPT=1
TRIAL=048 PHASE=CLOSE_SEARCH
TRIAL=048 LEFT_CONTACT=0 RIGHT_CONTACT=0 STALL=0
TRIAL=048 LEFT_CONTACT=1 RIGHT_CONTACT=0 STALL=0
TRIAL=048 PHASE=WAIT_DUAL_CONTACT
TRIAL=048 PHASE=WAIT_STALL
TRIAL=048 LEFT_CONTACT=1 RIGHT_CONTACT=1 STALL=0 GRIPPER_ERROR=0.04488 VELOCITY=0.10000 CLOSURE_M=0.00104
TRIAL=048 LEFT_CONTACT=1 RIGHT_CONTACT=1 STALL=0 GRIPPER_ERROR=0.03673 VELOCITY=0.00360 CLOSURE_M=0.00129
TRIAL=048 LEFT_CONTACT=1 RIGHT_CONTACT=1 STALL=0 GRIPPER_ERROR=0.03548 VELOCITY=0.00416 CLOSURE_M=0.00133
TRIAL=048 LEFT_CONTACT=1 RIGHT_CONTACT=1 STALL=0 GRIPPER_ERROR=0.03237 VELOCITY=0.00405 CLOSURE_M=0.00143
TRIAL=048 LEFT_CONTACT=1 RIGHT_CONTACT=1 STALL=1 GRIPPER_ERROR=0.02876 VELOCITY=0.00414 CLOSURE_M=0.00154
TRIAL=048 PHASE=LIFT_80_MM
TRIAL=048 ACTUAL_LIFT_M=-0.00002 LEFT_CONTACT=1 RIGHT_CONTACT=1
TRIAL=048 ACTUAL_LIFT_M=0.02248 LEFT_CONTACT=1 RIGHT_CONTACT=1
TRIAL=048 ACTUAL_LIFT_M=0.05154 LEFT_CONTACT=1 RIGHT_CONTACT=1
TRIAL=048 PHASE=HOLD
TRIAL=048 HOLD_SIM_SEC=0.000 HOLD_WALL_SEC=0.000 ACTUAL_LIFT_M=0.07321 RELATIVE_SLIP_M=0.00000 LEFT_CONTACT=1 RIGHT_CONTACT=1
TRIAL=048 HOLD_SIM_SEC=0.820 HOLD_WALL_SEC=1.000 ACTUAL_LIFT_M=0.07615 RELATIVE_SLIP_M=0.00000 LEFT_CONTACT=1 RIGHT_CONTACT=1
TRIAL=048 HOLD_SIM_SEC=1.652 HOLD_WALL_SEC=2.001 ACTUAL_LIFT_M=0.07609 RELATIVE_SLIP_M=0.00000 LEFT_CONTACT=1 RIGHT_CONTACT=1
TRIAL=048 HOLD_SIM_SEC=2.504 HOLD_WALL_SEC=3.001 ACTUAL_LIFT_M=0.07600 RELATIVE_SLIP_M=0.00000 LEFT_CONTACT=1 RIGHT_CONTACT=1
TRIAL=048 HOLD_SIM_SEC=3.368 HOLD_WALL_SEC=4.001 ACTUAL_LIFT_M=0.07591 RELATIVE_SLIP_M=0.00000 LEFT_CONTACT=1 RIGHT_CONTACT=1
TRIAL=048 HOLD_SIM_SEC=4.234 HOLD_WALL_SEC=5.001 ACTUAL_LIFT_M=0.07583 RELATIVE_SLIP_M=0.00000 LEFT_CONTACT=1 RIGHT_CONTACT=1
TRIAL=048 PHASE=PLACE_DOWN
TRIAL=048 PHASE=OPEN_GRIPPER
TRIAL=048 PHASE=RETREAT_PREGRASP
TRIAL=048 PHASE=GRASP_SUCCESS
TRIAL=048 DAY5_PLACE_RELEASE=PASS
DAY4_GRASP_RESULT=SUCCESS
DAY4_STEP=1 EPISODE=048 STEP=04 DIST=0.005879 YAW_ERR_DEG=0.020 REQUESTED_MOVE=0.004941 EXECUTED_MOVE=0.004754 ATTEMPT=1 SUCCESS=1 TERMINATED=1 TRUNCATED=0
DAY7_EPISODE=48 LEVEL=L3 VALID=38/50 TECHNICAL=False SUCCESS=True REASON=
DAY4_RESET_GRIPPER=OPEN ANGLE_RAD=1.570000 EFFORT_NM=1.200000
DAY4_RESET_GRIPPER=AFTER_INITIAL_MOVE ANGLE_RAD=1.570000 EFFORT_NM=1.200000
TRIAL=049 VISUAL_CENTER=[0.30324962735176086, 0.019363784871529788, 0.02669814441888671] SURFACE=[0.30324962735176086, 0.019363784871529788, 0.05169814441888671] CONTOUR_DEG=0.42 AXIS_STD_DEG=0.24 FOOTPRINT=[0.05001996457576752, 0.05001996457576752] CONFIDENCE=0.9573
TRIAL=049 SELECTED_CONTOUR_ORIENTATION=+90.42deg TILT=18.7 LEAN=+1 SYMMETRY=1 IK_FK_POS_ERROR=0.000007m IK_FK_ORIENTATION_ERROR=0.000000rad FINGER_FK_LIFT=0.080000m FINGER_FK_DRIFT=0.000000m JOINT_MOTION=3.001620rad
DAY4_MOTION_DONE=1 ELAPSED_SIM=1.200 INITIAL_ERR=0.01667 FINAL_ERR=0.00042 ARM_V=0.00471
DAY4_STEP=1 EPISODE=049 STEP=01 DIST=0.020309 YAW_ERR_DEG=0.004 REQUESTED_MOVE=0.005006 EXECUTED_MOVE=0.004873 ATTEMPT=0 SUCCESS=0 TERMINATED=0 TRUNCATED=0
DAY4_MOTION_DONE=1 ELAPSED_SIM=1.200 INITIAL_ERR=0.01719 FINAL_ERR=0.00048 ARM_V=0.00533
DAY4_STEP=1 EPISODE=049 STEP=02 DIST=0.015484 YAW_ERR_DEG=0.010 REQUESTED_MOVE=0.004968 EXECUTED_MOVE=0.004827 ATTEMPT=0 SUCCESS=0 TERMINATED=0 TRUNCATED=0
DAY4_MOTION_DONE=1 ELAPSED_SIM=1.200 INITIAL_ERR=0.01729 FINAL_ERR=0.00048 ARM_V=0.00536
DAY4_STEP=1 EPISODE=049 STEP=03 DIST=0.010669 YAW_ERR_DEG=0.014 REQUESTED_MOVE=0.004957 EXECUTED_MOVE=0.004816 ATTEMPT=0 SUCCESS=0 TERMINATED=0 TRUNCATED=0
DAY4_MOTION_DONE=1 ELAPSED_SIM=1.200 INITIAL_ERR=0.01740 FINAL_ERR=0.00044 ARM_V=0.00485
DAY4_GRASP_ATTEMPT=1
TRIAL=049 PHASE=CLOSE_SEARCH
TRIAL=049 LEFT_CONTACT=0 RIGHT_CONTACT=0 STALL=0
TRIAL=049 LEFT_CONTACT=0 RIGHT_CONTACT=1 STALL=0
TRIAL=049 PHASE=WAIT_DUAL_CONTACT
TRIAL=049 PHASE=WAIT_STALL
TRIAL=049 LEFT_CONTACT=1 RIGHT_CONTACT=1 STALL=0 GRIPPER_ERROR=0.05932 VELOCITY=0.11726 CLOSURE_M=0.00058
TRIAL=049 LEFT_CONTACT=1 RIGHT_CONTACT=1 STALL=0 GRIPPER_ERROR=0.04269 VELOCITY=0.01535 CLOSURE_M=0.00106
TRIAL=049 LEFT_CONTACT=1 RIGHT_CONTACT=1 STALL=0 GRIPPER_ERROR=0.03736 VELOCITY=0.00705 CLOSURE_M=0.00122
TRIAL=049 LEFT_CONTACT=1 RIGHT_CONTACT=1 STALL=0 GRIPPER_ERROR=0.03305 VELOCITY=0.00508 CLOSURE_M=0.00135
TRIAL=049 LEFT_CONTACT=1 RIGHT_CONTACT=1 STALL=0 GRIPPER_ERROR=0.02916 VELOCITY=0.00438 CLOSURE_M=0.00147
TRIAL=049 PHASE=LIFT_80_MM
TRIAL=049 ACTUAL_LIFT_M=-0.00002 LEFT_CONTACT=1 RIGHT_CONTACT=1
TRIAL=049 ACTUAL_LIFT_M=0.02139 LEFT_CONTACT=1 RIGHT_CONTACT=1
TRIAL=049 ACTUAL_LIFT_M=0.04988 LEFT_CONTACT=1 RIGHT_CONTACT=1
TRIAL=049 PHASE=HOLD
TRIAL=049 HOLD_SIM_SEC=0.000 HOLD_WALL_SEC=0.001 ACTUAL_LIFT_M=0.07175 RELATIVE_SLIP_M=0.00000 LEFT_CONTACT=1 RIGHT_CONTACT=1
TRIAL=049 HOLD_SIM_SEC=0.822 HOLD_WALL_SEC=1.001 ACTUAL_LIFT_M=0.07468 RELATIVE_SLIP_M=0.00028 LEFT_CONTACT=1 RIGHT_CONTACT=1
TRIAL=049 HOLD_SIM_SEC=1.670 HOLD_WALL_SEC=2.001 ACTUAL_LIFT_M=0.07462 RELATIVE_SLIP_M=0.00028 LEFT_CONTACT=1 RIGHT_CONTACT=1
TRIAL=049 HOLD_SIM_SEC=2.526 HOLD_WALL_SEC=3.001 ACTUAL_LIFT_M=0.07454 RELATIVE_SLIP_M=0.00028 LEFT_CONTACT=1 RIGHT_CONTACT=1
TRIAL=049 HOLD_SIM_SEC=3.402 HOLD_WALL_SEC=4.001 ACTUAL_LIFT_M=0.07445 RELATIVE_SLIP_M=0.00028 LEFT_CONTACT=1 RIGHT_CONTACT=1
TRIAL=049 HOLD_SIM_SEC=4.250 HOLD_WALL_SEC=5.002 ACTUAL_LIFT_M=0.07436 RELATIVE_SLIP_M=0.00028 LEFT_CONTACT=1 RIGHT_CONTACT=1
TRIAL=049 PHASE=PLACE_DOWN
TRIAL=049 PHASE=OPEN_GRIPPER
TRIAL=049 PHASE=RETREAT_PREGRASP
TRIAL=049 PHASE=GRASP_SUCCESS
TRIAL=049 DAY5_PLACE_RELEASE=PASS
DAY4_GRASP_RESULT=SUCCESS
DAY4_STEP=1 EPISODE=049 STEP=04 DIST=0.005849 YAW_ERR_DEG=0.017 REQUESTED_MOVE=0.004949 EXECUTED_MOVE=0.004822 ATTEMPT=1 SUCCESS=1 TERMINATED=1 TRUNCATED=0
DAY7_EPISODE=49 LEVEL=L3 VALID=39/50 TECHNICAL=False SUCCESS=True REASON=
DAY4_RESET_GRIPPER=OPEN ANGLE_RAD=1.570000 EFFORT_NM=1.200000
DAY4_RESET_GRIPPER=AFTER_INITIAL_MOVE ANGLE_RAD=1.570000 EFFORT_NM=1.200000
TRIAL=050 VISUAL_CENTER=[0.3071540296077728, -0.03882031107787043, 0.025202953552009626] SURFACE=[0.3071540296077728, -0.03882031107787043, 0.05020295355200963] CONTOUR_DEG=-0.05 AXIS_STD_DEG=0.19 FOOTPRINT=[0.05078708194196224, 0.05078708194196224] CONFIDENCE=0.9634
DAY7_EPISODE=50 LEVEL=L3 VALID=39/50 TECHNICAL=True SUCCESS=False REASON=TestFailure: RESET_FAIL: Day4 reset failed after 1 attempts: IK_FAIL: [{"contour_yaw_deg": -0.05046205700534672, "symmetry": 0, "feasible": false, "failure_samples": ["IK_FAIL: no contour-constrained IK at center=[0.3071540296077728, -0.03882031107787043, 0.11020295355200962] axis=-0.05; samples=['geometry pos=0.00037 line=0.54070 tilt=31.56', 'geometry pos=0.00037 line=0.54213 tilt=31.67', 'geometry pos=0.00035 line=0.50408 tilt=150.60']"]}, {"contour_yaw_deg": -0.05046205700534672, "symmetry": 1, "feasible": false, "failure_samples": ["IK_FAIL: no contour-constrained IK at center=[0.3071540296077728, -0.03882031107787043, 0.11020295355200962] axis=89.95; samples=['geometry pos=0.00002 line=0.07562 tilt=31.27', 'geometry pos=0.00001 line=1.00881 tilt=86.06', 'geometry pos=0.00002 line=0.07137 tilt=149.99']"]}, {"contour_yaw_deg": -0.05046205700534672, "symmetry": 2, "feasible": true, "equivalent_to_symmetry": 0}, {"contour_yaw_deg": -0.05046205700534672, "symmetry": 3, "feasible": true, "equivalent_to_symmetry": 1}]
DAY4_RESET_GRIPPER=OPEN ANGLE_RAD=1.570000 EFFORT_NM=1.200000
DAY4_RESET_GRIPPER=AFTER_INITIAL_MOVE ANGLE_RAD=1.570000 EFFORT_NM=1.200000
DAY7_EPISODE=51 LEVEL=L3 VALID=39/50 TECHNICAL=True SUCCESS=False REASON=TestFailure: RESET_FAIL: Day4 reset failed after 1 attempts: RESET_FAIL: ign set_pose did not return true
DAY4_RESET_GRIPPER=OPEN ANGLE_RAD=1.570000 EFFORT_NM=1.200000
DAY4_RESET_GRIPPER=AFTER_INITIAL_MOVE ANGLE_RAD=1.570000 EFFORT_NM=1.200000
TRIAL=052 VISUAL_CENTER=[0.2894536256790161, -0.001944616436958313, 0.026832444639538773] SURFACE=[0.2894536256790161, -0.001944616436958313, 0.051832444639538774] CONTOUR_DEG=-0.53 AXIS_STD_DEG=0.34 FOOTPRINT=[0.049970027059316635, 0.049970027059316635] CONFIDENCE=0.9467
TRIAL=052 SELECTED_CONTOUR_ORIENTATION=+89.47deg TILT=12.1 LEAN=+1 SYMMETRY=1 IK_FK_POS_ERROR=0.000000m IK_FK_ORIENTATION_ERROR=0.000000rad FINGER_FK_LIFT=0.080000m FINGER_FK_DRIFT=0.000000m JOINT_MOTION=3.011681rad
DAY4_MOTION_DONE=1 ELAPSED_SIM=1.202 INITIAL_ERR=0.01750 FINAL_ERR=0.00029 ARM_V=0.00324
DAY4_STEP=1 EPISODE=052 STEP=01 DIST=0.020196 YAW_ERR_DEG=0.008 REQUESTED_MOVE=0.005001 EXECUTED_MOVE=0.004914 ATTEMPT=0 SUCCESS=0 TERMINATED=0 TRUNCATED=0
DAY4_MOTION_DONE=1 ELAPSED_SIM=1.202 INITIAL_ERR=0.01773 FINAL_ERR=0.00036 ARM_V=0.00405
DAY4_STEP=1 EPISODE=052 STEP=02 DIST=0.015334 YAW_ERR_DEG=0.015 REQUESTED_MOVE=0.004968 EXECUTED_MOVE=0.004864 ATTEMPT=0 SUCCESS=0 TERMINATED=0 TRUNCATED=0
DAY4_MOTION_DONE=1 ELAPSED_SIM=1.200 INITIAL_ERR=0.01776 FINAL_ERR=0.00030 ARM_V=0.00328
DAY4_STEP=1 EPISODE=052 STEP=03 DIST=0.010464 YAW_ERR_DEG=0.022 REQUESTED_MOVE=0.004955 EXECUTED_MOVE=0.004871 ATTEMPT=0 SUCCESS=0 TERMINATED=0 TRUNCATED=0
DAY4_MOTION_DONE=1 ELAPSED_SIM=1.200 INITIAL_ERR=0.01782 FINAL_ERR=0.00033 ARM_V=0.00366
DAY4_GRASP_ATTEMPT=1
TRIAL=052 PHASE=CLOSE_SEARCH
TRIAL=052 LEFT_CONTACT=0 RIGHT_CONTACT=0 STALL=0
TRIAL=052 LEFT_CONTACT=0 RIGHT_CONTACT=1 STALL=0
TRIAL=052 PHASE=WAIT_DUAL_CONTACT
TRIAL=052 PHASE=WAIT_STALL
TRIAL=052 LEFT_CONTACT=1 RIGHT_CONTACT=1 STALL=0 GRIPPER_ERROR=0.06515 VELOCITY=0.04208 CLOSURE_M=0.00045
TRIAL=052 LEFT_CONTACT=1 RIGHT_CONTACT=1 STALL=0 GRIPPER_ERROR=0.04326 VELOCITY=0.01042 CLOSURE_M=0.00113
TRIAL=052 LEFT_CONTACT=1 RIGHT_CONTACT=1 STALL=0 GRIPPER_ERROR=0.03648 VELOCITY=0.00601 CLOSURE_M=0.00135
TRIAL=052 LEFT_CONTACT=1 RIGHT_CONTACT=1 STALL=0 GRIPPER_ERROR=0.03212 VELOCITY=0.00485 CLOSURE_M=0.00149
TRIAL=052 PHASE=LIFT_80_MM
TRIAL=052 ACTUAL_LIFT_M=-0.00015 LEFT_CONTACT=1 RIGHT_CONTACT=1
TRIAL=052 ACTUAL_LIFT_M=0.02406 LEFT_CONTACT=1 RIGHT_CONTACT=1
TRIAL=052 ACTUAL_LIFT_M=0.05310 LEFT_CONTACT=1 RIGHT_CONTACT=1
TRIAL=052 PHASE=HOLD
TRIAL=052 HOLD_SIM_SEC=0.000 HOLD_WALL_SEC=0.000 ACTUAL_LIFT_M=0.07330 RELATIVE_SLIP_M=0.00000 LEFT_CONTACT=1 RIGHT_CONTACT=1
TRIAL=052 HOLD_SIM_SEC=0.848 HOLD_WALL_SEC=1.001 ACTUAL_LIFT_M=0.07593 RELATIVE_SLIP_M=0.00048 LEFT_CONTACT=1 RIGHT_CONTACT=1
TRIAL=052 HOLD_SIM_SEC=1.680 HOLD_WALL_SEC=2.001 ACTUAL_LIFT_M=0.07587 RELATIVE_SLIP_M=0.00048 LEFT_CONTACT=1 RIGHT_CONTACT=1
TRIAL=052 HOLD_SIM_SEC=2.548 HOLD_WALL_SEC=3.001 ACTUAL_LIFT_M=0.07579 RELATIVE_SLIP_M=0.00048 LEFT_CONTACT=1 RIGHT_CONTACT=1
TRIAL=052 HOLD_SIM_SEC=3.402 HOLD_WALL_SEC=4.001 ACTUAL_LIFT_M=0.07571 RELATIVE_SLIP_M=0.00048 LEFT_CONTACT=1 RIGHT_CONTACT=1
TRIAL=052 HOLD_SIM_SEC=4.246 HOLD_WALL_SEC=5.001 ACTUAL_LIFT_M=0.07563 RELATIVE_SLIP_M=0.00048 LEFT_CONTACT=1 RIGHT_CONTACT=1
TRIAL=052 PHASE=PLACE_DOWN
TRIAL=052 PHASE=OPEN_GRIPPER
TRIAL=052 PHASE=RETREAT_PREGRASP
TRIAL=052 PHASE=GRASP_SUCCESS
TRIAL=052 DAY5_PLACE_RELEASE=PASS
DAY4_GRASP_RESULT=SUCCESS
DAY4_STEP=1 EPISODE=052 STEP=04 DIST=0.005614 YAW_ERR_DEG=0.026 REQUESTED_MOVE=0.004946 EXECUTED_MOVE=0.004854 ATTEMPT=1 SUCCESS=1 TERMINATED=1 TRUNCATED=0
DAY7_EPISODE=52 LEVEL=L3 VALID=40/50 TECHNICAL=False SUCCESS=True REASON=
DAY4_RESET_GRIPPER=OPEN ANGLE_RAD=1.570000 EFFORT_NM=1.200000
DAY4_RESET_GRIPPER=AFTER_INITIAL_MOVE ANGLE_RAD=1.570000 EFFORT_NM=1.200000
DAY7_EPISODE=53 LEVEL=L3 VALID=40/50 TECHNICAL=True SUCCESS=False REASON=TestFailure: RESET_FAIL: Day4 reset failed after 1 attempts: RESET_FAIL: ign set_pose did not return true
DAY4_RESET_GRIPPER=OPEN ANGLE_RAD=1.570000 EFFORT_NM=1.200000
DAY4_RESET_GRIPPER=AFTER_INITIAL_MOVE ANGLE_RAD=1.570000 EFFORT_NM=1.200000
TRIAL=054 VISUAL_CENTER=[0.2796275168657303, 0.017439319752156734, 0.021072602601017232] SURFACE=[0.2796275168657303, 0.017439319752156734, 0.04607260260101723] CONTOUR_DEG=0.88 AXIS_STD_DEG=0.71 FOOTPRINT=[0.04993104189634323, 0.04993104189634323] CONFIDENCE=0.9098
TRIAL=054 SELECTED_CONTOUR_ORIENTATION=+90.88deg TILT=7.3 LEAN=+1 SYMMETRY=1 IK_FK_POS_ERROR=0.000002m IK_FK_ORIENTATION_ERROR=0.000000rad FINGER_FK_LIFT=0.080000m FINGER_FK_DRIFT=0.000000m JOINT_MOTION=3.024379rad
DAY4_MOTION_DONE=1 ELAPSED_SIM=1.202 INITIAL_ERR=0.01809 FINAL_ERR=0.00051 ARM_V=0.00567
DAY4_STEP=1 EPISODE=054 STEP=01 DIST=0.020206 YAW_ERR_DEG=0.007 REQUESTED_MOVE=0.005000 EXECUTED_MOVE=0.004856 ATTEMPT=0 SUCCESS=0 TERMINATED=0 TRUNCATED=0
DAY4_MOTION_DONE=1 ELAPSED_SIM=1.200 INITIAL_ERR=0.01812 FINAL_ERR=0.00062 ARM_V=0.00694
DAY4_STEP=1 EPISODE=054 STEP=02 DIST=0.015396 YAW_ERR_DEG=0.013 REQUESTED_MOVE=0.004966 EXECUTED_MOVE=0.004795 ATTEMPT=0 SUCCESS=0 TERMINATED=0 TRUNCATED=0
DAY4_MOTION_DONE=1 ELAPSED_SIM=1.200 INITIAL_ERR=0.01817 FINAL_ERR=0.00056 ARM_V=0.00625
DAY4_STEP=1 EPISODE=054 STEP=03 DIST=0.010599 YAW_ERR_DEG=0.019 REQUESTED_MOVE=0.004952 EXECUTED_MOVE=0.004799 ATTEMPT=0 SUCCESS=0 TERMINATED=0 TRUNCATED=0
DAY4_MOTION_DONE=1 ELAPSED_SIM=1.200 INITIAL_ERR=0.01812 FINAL_ERR=0.00062 ARM_V=0.00693
DAY4_GRASP_ATTEMPT=1
TRIAL=054 PHASE=CLOSE_SEARCH
TRIAL=054 LEFT_CONTACT=0 RIGHT_CONTACT=0 STALL=0
TRIAL=054 LEFT_CONTACT=0 RIGHT_CONTACT=1 STALL=0
TRIAL=054 PHASE=WAIT_DUAL_CONTACT
TRIAL=054 PHASE=WAIT_STALL
TRIAL=054 LEFT_CONTACT=1 RIGHT_CONTACT=1 STALL=0 GRIPPER_ERROR=0.05560 VELOCITY=0.10000 CLOSURE_M=0.00073
TRIAL=054 LEFT_CONTACT=1 RIGHT_CONTACT=1 STALL=0 GRIPPER_ERROR=0.03792 VELOCITY=0.00144 CLOSURE_M=0.00127
TRIAL=054 LEFT_CONTACT=1 RIGHT_CONTACT=1 STALL=0 GRIPPER_ERROR=0.03503 VELOCITY=0.00841 CLOSURE_M=0.00136
TRIAL=054 LEFT_CONTACT=1 RIGHT_CONTACT=1 STALL=0 GRIPPER_ERROR=0.03119 VELOCITY=0.00393 CLOSURE_M=0.00149
TRIAL=054 PHASE=LIFT_80_MM
TRIAL=054 ACTUAL_LIFT_M=-0.00012 LEFT_CONTACT=1 RIGHT_CONTACT=1
TRIAL=054 ACTUAL_LIFT_M=0.02300 LEFT_CONTACT=1 RIGHT_CONTACT=1
TRIAL=054 ACTUAL_LIFT_M=0.05226 LEFT_CONTACT=1 RIGHT_CONTACT=1
TRIAL=054 PHASE=HOLD
TRIAL=054 HOLD_SIM_SEC=0.000 HOLD_WALL_SEC=0.000 ACTUAL_LIFT_M=0.07208 RELATIVE_SLIP_M=0.00000 LEFT_CONTACT=1 RIGHT_CONTACT=1
TRIAL=054 HOLD_SIM_SEC=0.850 HOLD_WALL_SEC=1.001 ACTUAL_LIFT_M=0.07477 RELATIVE_SLIP_M=0.00025 LEFT_CONTACT=1 RIGHT_CONTACT=1
TRIAL=054 HOLD_SIM_SEC=1.684 HOLD_WALL_SEC=2.001 ACTUAL_LIFT_M=0.07470 RELATIVE_SLIP_M=0.00025 LEFT_CONTACT=1 RIGHT_CONTACT=1
TRIAL=054 HOLD_SIM_SEC=2.522 HOLD_WALL_SEC=3.001 ACTUAL_LIFT_M=0.07462 RELATIVE_SLIP_M=0.00025 LEFT_CONTACT=1 RIGHT_CONTACT=1
TRIAL=054 HOLD_SIM_SEC=3.392 HOLD_WALL_SEC=4.001 ACTUAL_LIFT_M=0.07454 RELATIVE_SLIP_M=0.00025 LEFT_CONTACT=1 RIGHT_CONTACT=1
TRIAL=054 HOLD_SIM_SEC=4.242 HOLD_WALL_SEC=5.001 ACTUAL_LIFT_M=0.07445 RELATIVE_SLIP_M=0.00025 LEFT_CONTACT=1 RIGHT_CONTACT=1
TRIAL=054 PHASE=PLACE_DOWN
TRIAL=054 PHASE=OPEN_GRIPPER
TRIAL=054 PHASE=RETREAT_PREGRASP
TRIAL=054 PHASE=GRASP_SUCCESS
TRIAL=054 DAY5_PLACE_RELEASE=PASS
DAY4_GRASP_RESULT=SUCCESS
DAY4_STEP=1 EPISODE=054 STEP=04 DIST=0.005811 YAW_ERR_DEG=0.023 REQUESTED_MOVE=0.004943 EXECUTED_MOVE=0.004774 ATTEMPT=1 SUCCESS=1 TERMINATED=1 TRUNCATED=0
DAY7_EPISODE=54 LEVEL=L3 VALID=41/50 TECHNICAL=False SUCCESS=True REASON=
DAY4_RESET_GRIPPER=OPEN ANGLE_RAD=1.570000 EFFORT_NM=1.200000
DAY4_RESET_GRIPPER=AFTER_INITIAL_MOVE ANGLE_RAD=1.570000 EFFORT_NM=1.200000
DAY7_EPISODE=55 LEVEL=L3 VALID=41/50 TECHNICAL=True SUCCESS=False REASON=TestFailure: RESET_FAIL: Day4 reset failed after 1 attempts: RESET_FAIL: ign set_pose did not return true
DAY4_RESET_GRIPPER=OPEN ANGLE_RAD=1.570000 EFFORT_NM=1.200000
DAY4_RESET_GRIPPER=AFTER_INITIAL_MOVE ANGLE_RAD=1.570000 EFFORT_NM=1.200000
TRIAL=056 VISUAL_CENTER=[0.3048074394464493, -0.027498796524014324, 0.020629227895347546] SURFACE=[0.3048074394464493, -0.027498796524014324, 0.04562922789534755] CONTOUR_DEG=0.05 AXIS_STD_DEG=0.09 FOOTPRINT=[0.049679260700941086, 0.049679260700941086] CONFIDENCE=0.9578
TRIAL=056 SELECTED_CONTOUR_ORIENTATION=+90.05deg TILT=19.2 LEAN=+1 SYMMETRY=1 IK_FK_POS_ERROR=0.000012m IK_FK_ORIENTATION_ERROR=0.000000rad FINGER_FK_LIFT=0.080000m FINGER_FK_DRIFT=0.000000m JOINT_MOTION=3.029229rad
DAY4_MOTION_DONE=1 ELAPSED_SIM=1.200 INITIAL_ERR=0.01677 FINAL_ERR=0.00025 ARM_V=0.00280
DAY4_STEP=1 EPISODE=056 STEP=01 DIST=0.020239 YAW_ERR_DEG=0.012 REQUESTED_MOVE=0.005001 EXECUTED_MOVE=0.004921 ATTEMPT=0 SUCCESS=0 TERMINATED=0 TRUNCATED=0
DAY4_MOTION_DONE=1 ELAPSED_SIM=1.200 INITIAL_ERR=0.01722 FINAL_ERR=0.00026 ARM_V=0.00287
DAY4_STEP=1 EPISODE=056 STEP=02 DIST=0.015349 YAW_ERR_DEG=0.019 REQUESTED_MOVE=0.004969 EXECUTED_MOVE=0.004892 ATTEMPT=0 SUCCESS=0 TERMINATED=0 TRUNCATED=0
DAY4_MOTION_DONE=1 ELAPSED_SIM=1.200 INITIAL_ERR=0.01736 FINAL_ERR=0.00023 ARM_V=0.00260
DAY4_STEP=1 EPISODE=056 STEP=03 DIST=0.010462 YAW_ERR_DEG=0.024 REQUESTED_MOVE=0.004958 EXECUTED_MOVE=0.004888 ATTEMPT=0 SUCCESS=0 TERMINATED=0 TRUNCATED=0
DAY4_MOTION_DONE=1 ELAPSED_SIM=1.200 INITIAL_ERR=0.01743 FINAL_ERR=0.00024 ARM_V=0.00261
DAY4_GRASP_ATTEMPT=1
TRIAL=056 PHASE=CLOSE_SEARCH
TRIAL=056 LEFT_CONTACT=0 RIGHT_CONTACT=0 STALL=0
TRIAL=056 PHASE=WAIT_DUAL_CONTACT
TRIAL=056 LEFT_CONTACT=1 RIGHT_CONTACT=1 STALL=0
TRIAL=056 PHASE=WAIT_STALL
TRIAL=056 LEFT_CONTACT=1 RIGHT_CONTACT=1 STALL=0 GRIPPER_ERROR=0.06687 VELOCITY=0.11062 CLOSURE_M=0.00035
TRIAL=056 LEFT_CONTACT=1 RIGHT_CONTACT=1 STALL=0 GRIPPER_ERROR=0.04516 VELOCITY=0.01298 CLOSURE_M=0.00096
TRIAL=056 LEFT_CONTACT=1 RIGHT_CONTACT=1 STALL=0 GRIPPER_ERROR=0.03691 VELOCITY=0.00714 CLOSURE_M=0.00119
TRIAL=056 LEFT_CONTACT=1 RIGHT_CONTACT=1 STALL=0 GRIPPER_ERROR=0.03176 VELOCITY=0.00524 CLOSURE_M=0.00134
TRIAL=056 LEFT_CONTACT=1 RIGHT_CONTACT=1 STALL=0 GRIPPER_ERROR=0.02765 VELOCITY=0.00466 CLOSURE_M=0.00146
TRIAL=056 PHASE=LIFT_80_MM
TRIAL=056 ACTUAL_LIFT_M=-0.00002 LEFT_CONTACT=1 RIGHT_CONTACT=1
TRIAL=056 ACTUAL_LIFT_M=0.02616 LEFT_CONTACT=1 RIGHT_CONTACT=1
TRIAL=056 ACTUAL_LIFT_M=0.05571 LEFT_CONTACT=1 RIGHT_CONTACT=1
TRIAL=056 PHASE=HOLD
TRIAL=056 HOLD_SIM_SEC=0.000 HOLD_WALL_SEC=0.000 ACTUAL_LIFT_M=0.07054 RELATIVE_SLIP_M=0.00000 LEFT_CONTACT=1 RIGHT_CONTACT=1
TRIAL=056 HOLD_SIM_SEC=0.830 HOLD_WALL_SEC=1.000 ACTUAL_LIFT_M=0.07382 RELATIVE_SLIP_M=0.00000 LEFT_CONTACT=1 RIGHT_CONTACT=1
TRIAL=056 HOLD_SIM_SEC=1.708 HOLD_WALL_SEC=2.001 ACTUAL_LIFT_M=0.07373 RELATIVE_SLIP_M=0.00000 LEFT_CONTACT=1 RIGHT_CONTACT=1
TRIAL=056 HOLD_SIM_SEC=2.554 HOLD_WALL_SEC=3.001 ACTUAL_LIFT_M=0.07365 RELATIVE_SLIP_M=0.00000 LEFT_CONTACT=1 RIGHT_CONTACT=1
TRIAL=056 HOLD_SIM_SEC=3.452 HOLD_WALL_SEC=4.001 ACTUAL_LIFT_M=0.07359 RELATIVE_SLIP_M=0.00000 LEFT_CONTACT=1 RIGHT_CONTACT=1
TRIAL=056 HOLD_SIM_SEC=4.328 HOLD_WALL_SEC=5.001 ACTUAL_LIFT_M=0.07354 RELATIVE_SLIP_M=0.00000 LEFT_CONTACT=1 RIGHT_CONTACT=1
TRIAL=056 PHASE=PLACE_DOWN
TRIAL=056 PHASE=OPEN_GRIPPER
TRIAL=056 PHASE=RETREAT_PREGRASP
TRIAL=056 PHASE=GRASP_SUCCESS
TRIAL=056 DAY5_PLACE_RELEASE=PASS
DAY4_GRASP_RESULT=SUCCESS
DAY4_STEP=1 EPISODE=056 STEP=04 DIST=0.005584 YAW_ERR_DEG=0.027 REQUESTED_MOVE=0.004950 EXECUTED_MOVE=0.004881 ATTEMPT=1 SUCCESS=1 TERMINATED=1 TRUNCATED=0
DAY7_EPISODE=56 LEVEL=L3 VALID=42/50 TECHNICAL=False SUCCESS=True REASON=
DAY4_RESET_GRIPPER=OPEN ANGLE_RAD=1.570000 EFFORT_NM=1.200000
DAY4_RESET_GRIPPER=AFTER_INITIAL_MOVE ANGLE_RAD=1.570000 EFFORT_NM=1.200000
TRIAL=057 VISUAL_CENTER=[0.3102576285600662, 0.003109958954155445, 0.03344242768709793] SURFACE=[0.3102576285600662, 0.003109958954155445, 0.05844242768709793] CONTOUR_DEG=-0.17 AXIS_STD_DEG=0.27 FOOTPRINT=[0.04984205402433872, 0.04984205402433872] CONFIDENCE=0.9582
TRIAL=057 SELECTED_CONTOUR_ORIENTATION=+89.83deg TILT=22.3 LEAN=+1 SYMMETRY=1 IK_FK_POS_ERROR=0.000002m IK_FK_ORIENTATION_ERROR=0.000000rad FINGER_FK_LIFT=0.080000m FINGER_FK_DRIFT=0.000000m JOINT_MOTION=2.978767rad
DAY4_MOTION_DONE=1 ELAPSED_SIM=1.200 INITIAL_ERR=0.01624 FINAL_ERR=0.00051 ARM_V=0.00566
DAY4_STEP=1 EPISODE=057 STEP=01 DIST=0.020384 YAW_ERR_DEG=0.006 REQUESTED_MOVE=0.005004 EXECUTED_MOVE=0.004840 ATTEMPT=0 SUCCESS=0 TERMINATED=0 TRUNCATED=0
DAY4_MOTION_DONE=1 ELAPSED_SIM=1.200 INITIAL_ERR=0.01670 FINAL_ERR=0.00047 ARM_V=0.00518
DAY4_STEP=1 EPISODE=057 STEP=02 DIST=0.015544 YAW_ERR_DEG=0.013 REQUESTED_MOVE=0.004970 EXECUTED_MOVE=0.004828 ATTEMPT=0 SUCCESS=0 TERMINATED=0 TRUNCATED=0
DAY4_MOTION_DONE=1 ELAPSED_SIM=1.202 INITIAL_ERR=0.01690 FINAL_ERR=0.00047 ARM_V=0.00525
DAY4_STEP=1 EPISODE=057 STEP=03 DIST=0.010729 YAW_ERR_DEG=0.018 REQUESTED_MOVE=0.004958 EXECUTED_MOVE=0.004817 ATTEMPT=0 SUCCESS=0 TERMINATED=0 TRUNCATED=0
DAY4_MOTION_DONE=1 ELAPSED_SIM=1.200 INITIAL_ERR=0.01703 FINAL_ERR=0.00053 ARM_V=0.00586
DAY4_GRASP_ATTEMPT=1
TRIAL=057 PHASE=CLOSE_SEARCH
TRIAL=057 LEFT_CONTACT=0 RIGHT_CONTACT=0 STALL=0
TRIAL=057 LEFT_CONTACT=1 RIGHT_CONTACT=0 STALL=0
TRIAL=057 PHASE=WAIT_DUAL_CONTACT
TRIAL=057 PHASE=WAIT_STALL
TRIAL=057 LEFT_CONTACT=1 RIGHT_CONTACT=1 STALL=0 GRIPPER_ERROR=0.05677 VELOCITY=0.10000 CLOSURE_M=0.00069
TRIAL=057 LEFT_CONTACT=1 RIGHT_CONTACT=1 STALL=0 GRIPPER_ERROR=0.04306 VELOCITY=0.00213 CLOSURE_M=0.00111
TRIAL=057 LEFT_CONTACT=1 RIGHT_CONTACT=1 STALL=0 GRIPPER_ERROR=0.03986 VELOCITY=0.00834 CLOSURE_M=0.00121
TRIAL=057 LEFT_CONTACT=1 RIGHT_CONTACT=1 STALL=0 GRIPPER_ERROR=0.03639 VELOCITY=0.00367 CLOSURE_M=0.00131
TRIAL=057 LEFT_CONTACT=1 RIGHT_CONTACT=1 STALL=0 GRIPPER_ERROR=0.03280 VELOCITY=0.00429 CLOSURE_M=0.00143
TRIAL=057 LEFT_CONTACT=1 RIGHT_CONTACT=1 STALL=1 GRIPPER_ERROR=0.02923 VELOCITY=0.00437 CLOSURE_M=0.00154
TRIAL=057 PHASE=LIFT_80_MM
TRIAL=057 ACTUAL_LIFT_M=-0.00001 LEFT_CONTACT=1 RIGHT_CONTACT=1
TRIAL=057 ACTUAL_LIFT_M=0.02263 LEFT_CONTACT=1 RIGHT_CONTACT=1
TRIAL=057 ACTUAL_LIFT_M=0.05258 LEFT_CONTACT=1 RIGHT_CONTACT=1
TRIAL=057 PHASE=HOLD
TRIAL=057 HOLD_SIM_SEC=0.000 HOLD_WALL_SEC=0.000 ACTUAL_LIFT_M=0.07185 RELATIVE_SLIP_M=0.00000 LEFT_CONTACT=1 RIGHT_CONTACT=1
TRIAL=057 HOLD_SIM_SEC=0.844 HOLD_WALL_SEC=1.001 ACTUAL_LIFT_M=0.07492 RELATIVE_SLIP_M=0.00028 LEFT_CONTACT=1 RIGHT_CONTACT=1
TRIAL=057 HOLD_SIM_SEC=1.688 HOLD_WALL_SEC=2.001 ACTUAL_LIFT_M=0.07487 RELATIVE_SLIP_M=0.00028 LEFT_CONTACT=1 RIGHT_CONTACT=1
TRIAL=057 HOLD_SIM_SEC=2.398 HOLD_WALL_SEC=3.001 ACTUAL_LIFT_M=0.07481 RELATIVE_SLIP_M=0.00028 LEFT_CONTACT=1 RIGHT_CONTACT=1
TRIAL=057 HOLD_SIM_SEC=3.120 HOLD_WALL_SEC=4.001 ACTUAL_LIFT_M=0.07474 RELATIVE_SLIP_M=0.00028 LEFT_CONTACT=1 RIGHT_CONTACT=1
TRIAL=057 HOLD_SIM_SEC=3.904 HOLD_WALL_SEC=5.001 ACTUAL_LIFT_M=0.07467 RELATIVE_SLIP_M=0.00028 LEFT_CONTACT=1 RIGHT_CONTACT=1
TRIAL=057 HOLD_SIM_SEC=4.618 HOLD_WALL_SEC=6.002 ACTUAL_LIFT_M=0.07461 RELATIVE_SLIP_M=0.00028 LEFT_CONTACT=1 RIGHT_CONTACT=1
TRIAL=057 PHASE=PLACE_DOWN
TRIAL=057 PHASE=OPEN_GRIPPER
TRIAL=057 PHASE=RETREAT_PREGRASP
TRIAL=057 PHASE=GRASP_SUCCESS
TRIAL=057 DAY5_PLACE_RELEASE=PASS
DAY4_GRASP_RESULT=SUCCESS
DAY4_STEP=1 EPISODE=057 STEP=04 DIST=0.005937 YAW_ERR_DEG=0.022 REQUESTED_MOVE=0.004950 EXECUTED_MOVE=0.004794 ATTEMPT=1 SUCCESS=1 TERMINATED=1 TRUNCATED=0
DAY7_EPISODE=57 LEVEL=L3 VALID=43/50 TECHNICAL=False SUCCESS=True REASON=
DAY4_RESET_GRIPPER=OPEN ANGLE_RAD=1.570000 EFFORT_NM=1.200000
DAY4_RESET_GRIPPER=AFTER_INITIAL_MOVE ANGLE_RAD=1.570000 EFFORT_NM=1.200000
TRIAL=058 VISUAL_CENTER=[0.2965872436761856, -0.027096745470771566, 0.032557341313584585] SURFACE=[0.2965872436761856, -0.027096745470771566, 0.05755734131358459] CONTOUR_DEG=0.59 AXIS_STD_DEG=0.12 FOOTPRINT=[0.050566138699650764, 0.050566138699650764] CONFIDENCE=0.9488
TRIAL=058 SELECTED_CONTOUR_ORIENTATION=+90.59deg TILT=16.5 LEAN=+1 SYMMETRY=1 IK_FK_POS_ERROR=0.000013m IK_FK_ORIENTATION_ERROR=0.000000rad FINGER_FK_LIFT=0.080000m FINGER_FK_DRIFT=0.000000m JOINT_MOTION=2.981179rad
DAY4_MOTION_DONE=1 ELAPSED_SIM=1.200 INITIAL_ERR=0.01678 FINAL_ERR=0.00065 ARM_V=0.00722
DAY4_STEP=1 EPISODE=058 STEP=01 DIST=0.020362 YAW_ERR_DEG=0.012 REQUESTED_MOVE=0.005016 EXECUTED_MOVE=0.004814 ATTEMPT=0 SUCCESS=0 TERMINATED=0 TRUNCATED=0
DAY4_MOTION_DONE=1 ELAPSED_SIM=1.200 INITIAL_ERR=0.01727 FINAL_ERR=0.00048 ARM_V=0.00533
DAY4_STEP=1 EPISODE=058 STEP=02 DIST=0.015537 YAW_ERR_DEG=0.020 REQUESTED_MOVE=0.004969 EXECUTED_MOVE=0.004827 ATTEMPT=0 SUCCESS=0 TERMINATED=0 TRUNCATED=0
DAY4_MOTION_DONE=1 ELAPSED_SIM=1.200 INITIAL_ERR=0.01742 FINAL_ERR=0.00060 ARM_V=0.00665
DAY4_STEP=1 EPISODE=058 STEP=03 DIST=0.010754 YAW_ERR_DEG=0.025 REQUESTED_MOVE=0.004956 EXECUTED_MOVE=0.004783 ATTEMPT=0 SUCCESS=0 TERMINATED=0 TRUNCATED=0
DAY4_MOTION_DONE=1 ELAPSED_SIM=1.200 INITIAL_ERR=0.01745 FINAL_ERR=0.00060 ARM_V=0.00664
DAY4_GRASP_ATTEMPT=1
TRIAL=058 PHASE=CLOSE_SEARCH
TRIAL=058 LEFT_CONTACT=0 RIGHT_CONTACT=0 STALL=0
TRIAL=058 LEFT_CONTACT=0 RIGHT_CONTACT=1 STALL=0
TRIAL=058 PHASE=WAIT_DUAL_CONTACT
TRIAL=058 PHASE=WAIT_STALL
TRIAL=058 LEFT_CONTACT=1 RIGHT_CONTACT=1 STALL=0 GRIPPER_ERROR=0.04276 VELOCITY=0.10000 CLOSURE_M=0.00109
TRIAL=058 LEFT_CONTACT=1 RIGHT_CONTACT=1 STALL=0 GRIPPER_ERROR=0.03816 VELOCITY=0.00385 CLOSURE_M=0.00123
TRIAL=058 LEFT_CONTACT=1 RIGHT_CONTACT=1 STALL=0 GRIPPER_ERROR=0.03675 VELOCITY=0.00426 CLOSURE_M=0.00128
TRIAL=058 LEFT_CONTACT=1 RIGHT_CONTACT=1 STALL=0 GRIPPER_ERROR=0.03352 VELOCITY=0.00388 CLOSURE_M=0.00138
TRIAL=058 LEFT_CONTACT=1 RIGHT_CONTACT=1 STALL=0 GRIPPER_ERROR=0.03015 VELOCITY=0.00424 CLOSURE_M=0.00148
TRIAL=058 PHASE=LIFT_80_MM
TRIAL=058 ACTUAL_LIFT_M=-0.00005 LEFT_CONTACT=1 RIGHT_CONTACT=1
TRIAL=058 ACTUAL_LIFT_M=0.02242 LEFT_CONTACT=1 RIGHT_CONTACT=1
TRIAL=058 ACTUAL_LIFT_M=0.05072 LEFT_CONTACT=1 RIGHT_CONTACT=1
TRIAL=058 PHASE=HOLD
TRIAL=058 HOLD_SIM_SEC=0.000 HOLD_WALL_SEC=0.001 ACTUAL_LIFT_M=0.07113 RELATIVE_SLIP_M=0.00000 LEFT_CONTACT=1 RIGHT_CONTACT=1
TRIAL=058 HOLD_SIM_SEC=0.798 HOLD_WALL_SEC=1.001 ACTUAL_LIFT_M=0.07412 RELATIVE_SLIP_M=0.00028 LEFT_CONTACT=1 RIGHT_CONTACT=1
TRIAL=058 HOLD_SIM_SEC=1.616 HOLD_WALL_SEC=2.001 ACTUAL_LIFT_M=0.07403 RELATIVE_SLIP_M=0.00028 LEFT_CONTACT=1 RIGHT_CONTACT=1
TRIAL=058 HOLD_SIM_SEC=2.450 HOLD_WALL_SEC=3.001 ACTUAL_LIFT_M=0.07393 RELATIVE_SLIP_M=0.00028 LEFT_CONTACT=1 RIGHT_CONTACT=1
TRIAL=058 HOLD_SIM_SEC=3.318 HOLD_WALL_SEC=4.001 ACTUAL_LIFT_M=0.07384 RELATIVE_SLIP_M=0.00028 LEFT_CONTACT=1 RIGHT_CONTACT=1
TRIAL=058 HOLD_SIM_SEC=4.158 HOLD_WALL_SEC=5.001 ACTUAL_LIFT_M=0.07377 RELATIVE_SLIP_M=0.00028 LEFT_CONTACT=1 RIGHT_CONTACT=1
TRIAL=058 HOLD_SIM_SEC=4.978 HOLD_WALL_SEC=6.001 ACTUAL_LIFT_M=0.07371 RELATIVE_SLIP_M=0.00028 LEFT_CONTACT=1 RIGHT_CONTACT=1
TRIAL=058 PHASE=PLACE_DOWN
TRIAL=058 PHASE=OPEN_GRIPPER
TRIAL=058 PHASE=RETREAT_PREGRASP
TRIAL=058 PHASE=GRASP_SUCCESS
TRIAL=058 DAY5_PLACE_RELEASE=PASS
DAY4_GRASP_RESULT=SUCCESS
DAY4_STEP=1 EPISODE=058 STEP=04 DIST=0.005980 YAW_ERR_DEG=0.029 REQUESTED_MOVE=0.004948 EXECUTED_MOVE=0.004777 ATTEMPT=1 SUCCESS=1 TERMINATED=1 TRUNCATED=0
DAY7_EPISODE=58 LEVEL=L3 VALID=44/50 TECHNICAL=False SUCCESS=True REASON=
DAY4_RESET_GRIPPER=OPEN ANGLE_RAD=1.570000 EFFORT_NM=1.200000
DAY4_RESET_GRIPPER=AFTER_INITIAL_MOVE ANGLE_RAD=1.570000 EFFORT_NM=1.200000
TRIAL=059 VISUAL_CENTER=[0.29566285014152527, -0.037443291395902634, 0.025223622669879327] SURFACE=[0.29566285014152527, -0.037443291395902634, 0.05022362266987933] CONTOUR_DEG=-1.38 AXIS_STD_DEG=0.06 FOOTPRINT=[0.05051164887845516, 0.05051164887845516] CONFIDENCE=0.9571
TRIAL=059 SELECTED_CONTOUR_ORIENTATION=+88.62deg TILT=15.9 LEAN=+1 SYMMETRY=1 IK_FK_POS_ERROR=0.000012m IK_FK_ORIENTATION_ERROR=0.000000rad FINGER_FK_LIFT=0.080000m FINGER_FK_DRIFT=0.000000m JOINT_MOTION=3.011005rad
DAY4_MOTION_DONE=1 ELAPSED_SIM=1.200 INITIAL_ERR=0.01696 FINAL_ERR=0.00031 ARM_V=0.00349
DAY4_STEP=1 EPISODE=059 STEP=01 DIST=0.020265 YAW_ERR_DEG=0.012 REQUESTED_MOVE=0.005011 EXECUTED_MOVE=0.004912 ATTEMPT=0 SUCCESS=0 TERMINATED=0 TRUNCATED=0
DAY4_MOTION_DONE=1 ELAPSED_SIM=1.200 INITIAL_ERR=0.01745 FINAL_ERR=0.00044 ARM_V=0.00489
DAY4_STEP=1 EPISODE=059 STEP=02 DIST=0.015427 YAW_ERR_DEG=0.019 REQUESTED_MOVE=0.004968 EXECUTED_MOVE=0.004840 ATTEMPT=0 SUCCESS=0 TERMINATED=0 TRUNCATED=0
DAY4_MOTION_DONE=1 ELAPSED_SIM=1.200 INITIAL_ERR=0.01749 FINAL_ERR=0.00036 ARM_V=0.00397
DAY4_STEP=1 EPISODE=059 STEP=03 DIST=0.010576 YAW_ERR_DEG=0.024 REQUESTED_MOVE=0.004956 EXECUTED_MOVE=0.004853 ATTEMPT=0 SUCCESS=0 TERMINATED=0 TRUNCATED=0
DAY4_MOTION_DONE=1 ELAPSED_SIM=1.202 INITIAL_ERR=0.01758 FINAL_ERR=0.00040 ARM_V=0.00443
DAY4_GRASP_ATTEMPT=1
TRIAL=059 PHASE=CLOSE_SEARCH
TRIAL=059 LEFT_CONTACT=0 RIGHT_CONTACT=0 STALL=0
TRIAL=059 LEFT_CONTACT=1 RIGHT_CONTACT=0 STALL=0
TRIAL=059 PHASE=WAIT_DUAL_CONTACT
TRIAL=059 LEFT_CONTACT=1 RIGHT_CONTACT=1 STALL=0
TRIAL=059 PHASE=WAIT_STALL
TRIAL=059 LEFT_CONTACT=1 RIGHT_CONTACT=1 STALL=0 GRIPPER_ERROR=0.06053 VELOCITY=0.03548 CLOSURE_M=0.00079
TRIAL=059 LEFT_CONTACT=1 RIGHT_CONTACT=1 STALL=0 GRIPPER_ERROR=0.05157 VELOCITY=0.00980 CLOSURE_M=0.00115
TRIAL=059 LEFT_CONTACT=1 RIGHT_CONTACT=1 STALL=0 GRIPPER_ERROR=0.04744 VELOCITY=0.00485 CLOSURE_M=0.00132
TRIAL=059 LEFT_CONTACT=1 RIGHT_CONTACT=1 STALL=1 GRIPPER_ERROR=0.04305 VELOCITY=0.00461 CLOSURE_M=0.00151
TRIAL=059 PHASE=LIFT_80_MM
TRIAL=059 ACTUAL_LIFT_M=-0.00015 LEFT_CONTACT=1 RIGHT_CONTACT=1
TRIAL=059 ACTUAL_LIFT_M=0.02423 LEFT_CONTACT=1 RIGHT_CONTACT=1
TRIAL=059 ACTUAL_LIFT_M=0.05442 LEFT_CONTACT=1 RIGHT_CONTACT=1
TRIAL=059 PHASE=HOLD
TRIAL=059 HOLD_SIM_SEC=0.000 HOLD_WALL_SEC=0.000 ACTUAL_LIFT_M=0.07241 RELATIVE_SLIP_M=0.00000 LEFT_CONTACT=1 RIGHT_CONTACT=1
TRIAL=059 HOLD_SIM_SEC=0.804 HOLD_WALL_SEC=1.001 ACTUAL_LIFT_M=0.07532 RELATIVE_SLIP_M=0.00028 LEFT_CONTACT=1 RIGHT_CONTACT=1
TRIAL=059 HOLD_SIM_SEC=1.662 HOLD_WALL_SEC=2.001 ACTUAL_LIFT_M=0.07525 RELATIVE_SLIP_M=0.00028 LEFT_CONTACT=1 RIGHT_CONTACT=1
TRIAL=059 HOLD_SIM_SEC=2.518 HOLD_WALL_SEC=3.003 ACTUAL_LIFT_M=0.07518 RELATIVE_SLIP_M=0.00028 LEFT_CONTACT=1 RIGHT_CONTACT=1
TRIAL=059 HOLD_SIM_SEC=3.364 HOLD_WALL_SEC=4.003 ACTUAL_LIFT_M=0.07511 RELATIVE_SLIP_M=0.00028 LEFT_CONTACT=1 RIGHT_CONTACT=1
TRIAL=059 HOLD_SIM_SEC=4.174 HOLD_WALL_SEC=5.003 ACTUAL_LIFT_M=0.07504 RELATIVE_SLIP_M=0.00028 LEFT_CONTACT=1 RIGHT_CONTACT=1
TRIAL=059 PHASE=PLACE_DOWN
TRIAL=059 PHASE=OPEN_GRIPPER
TRIAL=059 PHASE=RETREAT_PREGRASP
TRIAL=059 PHASE=GRASP_SUCCESS
TRIAL=059 DAY5_PLACE_RELEASE=PASS
DAY4_GRASP_RESULT=SUCCESS
DAY4_STEP=1 EPISODE=059 STEP=04 DIST=0.005745 YAW_ERR_DEG=0.027 REQUESTED_MOVE=0.004948 EXECUTED_MOVE=0.004833 ATTEMPT=1 SUCCESS=1 TERMINATED=1 TRUNCATED=0
DAY7_EPISODE=59 LEVEL=L3 VALID=45/50 TECHNICAL=False SUCCESS=True REASON=
DAY4_RESET_GRIPPER=OPEN ANGLE_RAD=1.570000 EFFORT_NM=1.200000
DAY4_RESET_GRIPPER=AFTER_INITIAL_MOVE ANGLE_RAD=1.570000 EFFORT_NM=1.200000
TRIAL=060 VISUAL_CENTER=[0.30456535518169403, 0.0025538494810462, 0.031217584147013963] SURFACE=[0.30456535518169403, 0.0025538494810462, 0.056217584147013965] CONTOUR_DEG=0.21 AXIS_STD_DEG=0.23 FOOTPRINT=[0.05056384392082691, 0.05056384392082691] CONFIDENCE=0.9565
TRIAL=060 SELECTED_CONTOUR_ORIENTATION=+90.21deg TILT=19.5 LEAN=+1 SYMMETRY=1 IK_FK_POS_ERROR=0.000001m IK_FK_ORIENTATION_ERROR=0.000000rad FINGER_FK_LIFT=0.080000m FINGER_FK_DRIFT=0.000000m JOINT_MOTION=2.985087rad
DAY4_MOTION_DONE=1 ELAPSED_SIM=1.200 INITIAL_ERR=0.01651 FINAL_ERR=0.00031 ARM_V=0.00340
DAY4_STEP=1 EPISODE=060 STEP=01 DIST=0.020308 YAW_ERR_DEG=0.007 REQUESTED_MOVE=0.005009 EXECUTED_MOVE=0.004909 ATTEMPT=0 SUCCESS=0 TERMINATED=0 TRUNCATED=0
DAY4_MOTION_DONE=1 ELAPSED_SIM=1.200 INITIAL_ERR=0.01704 FINAL_ERR=0.00031 ARM_V=0.00349
DAY4_STEP=1 EPISODE=060 STEP=02 DIST=0.015436 YAW_ERR_DEG=0.014 REQUESTED_MOVE=0.004969 EXECUTED_MOVE=0.004874 ATTEMPT=0 SUCCESS=0 TERMINATED=0 TRUNCATED=0
DAY4_MOTION_DONE=1 ELAPSED_SIM=1.200 INITIAL_ERR=0.01722 FINAL_ERR=0.00039 ARM_V=0.00435
DAY4_STEP=1 EPISODE=060 STEP=03 DIST=0.010596 YAW_ERR_DEG=0.019 REQUESTED_MOVE=0.004957 EXECUTED_MOVE=0.004841 ATTEMPT=0 SUCCESS=0 TERMINATED=0 TRUNCATED=0
DAY4_MOTION_DONE=1 ELAPSED_SIM=1.200 INITIAL_ERR=0.01724 FINAL_ERR=0.00035 ARM_V=0.00392
DAY4_GRASP_ATTEMPT=1
TRIAL=060 PHASE=CLOSE_SEARCH
TRIAL=060 LEFT_CONTACT=0 RIGHT_CONTACT=0 STALL=0
TRIAL=060 LEFT_CONTACT=0 RIGHT_CONTACT=0 STALL=0
TRIAL=060 PHASE=WAIT_DUAL_CONTACT
TRIAL=060 PHASE=WAIT_STALL
TRIAL=060 LEFT_CONTACT=1 RIGHT_CONTACT=1 STALL=0 GRIPPER_ERROR=0.06609 VELOCITY=0.03456 CLOSURE_M=0.00042
TRIAL=060 LEFT_CONTACT=1 RIGHT_CONTACT=1 STALL=0 GRIPPER_ERROR=0.04640 VELOCITY=0.01083 CLOSURE_M=0.00102
TRIAL=060 LEFT_CONTACT=1 RIGHT_CONTACT=1 STALL=0 GRIPPER_ERROR=0.03924 VELOCITY=0.00620 CLOSURE_M=0.00125
TRIAL=060 LEFT_CONTACT=1 RIGHT_CONTACT=1 STALL=0 GRIPPER_ERROR=0.03465 VELOCITY=0.00486 CLOSURE_M=0.00140
TRIAL=060 LEFT_CONTACT=1 RIGHT_CONTACT=1 STALL=1 GRIPPER_ERROR=0.03070 VELOCITY=0.00447 CLOSURE_M=0.00152
TRIAL=060 PHASE=LIFT_80_MM
TRIAL=060 ACTUAL_LIFT_M=-0.00015 LEFT_CONTACT=1 RIGHT_CONTACT=1
TRIAL=060 ACTUAL_LIFT_M=0.02458 LEFT_CONTACT=1 RIGHT_CONTACT=1
TRIAL=060 ACTUAL_LIFT_M=0.05370 LEFT_CONTACT=1 RIGHT_CONTACT=1
TRIAL=060 PHASE=HOLD
TRIAL=060 HOLD_SIM_SEC=0.000 HOLD_WALL_SEC=0.001 ACTUAL_LIFT_M=0.07144 RELATIVE_SLIP_M=0.00000 LEFT_CONTACT=1 RIGHT_CONTACT=1
TRIAL=060 HOLD_SIM_SEC=0.812 HOLD_WALL_SEC=1.001 ACTUAL_LIFT_M=0.07436 RELATIVE_SLIP_M=0.00028 LEFT_CONTACT=1 RIGHT_CONTACT=1
TRIAL=060 HOLD_SIM_SEC=1.654 HOLD_WALL_SEC=2.001 ACTUAL_LIFT_M=0.07430 RELATIVE_SLIP_M=0.00028 LEFT_CONTACT=1 RIGHT_CONTACT=1
TRIAL=060 HOLD_SIM_SEC=2.518 HOLD_WALL_SEC=3.002 ACTUAL_LIFT_M=0.07423 RELATIVE_SLIP_M=0.00028 LEFT_CONTACT=1 RIGHT_CONTACT=1
TRIAL=060 HOLD_SIM_SEC=3.376 HOLD_WALL_SEC=4.002 ACTUAL_LIFT_M=0.07416 RELATIVE_SLIP_M=0.00028 LEFT_CONTACT=1 RIGHT_CONTACT=1
TRIAL=060 HOLD_SIM_SEC=4.258 HOLD_WALL_SEC=5.002 ACTUAL_LIFT_M=0.07408 RELATIVE_SLIP_M=0.00028 LEFT_CONTACT=1 RIGHT_CONTACT=1
TRIAL=060 PHASE=PLACE_DOWN
TRIAL=060 PHASE=OPEN_GRIPPER
TRIAL=060 PHASE=RETREAT_PREGRASP
TRIAL=060 PHASE=GRASP_SUCCESS
TRIAL=060 DAY5_PLACE_RELEASE=PASS
DAY4_GRASP_RESULT=SUCCESS
DAY4_STEP=1 EPISODE=060 STEP=04 DIST=0.005754 YAW_ERR_DEG=0.022 REQUESTED_MOVE=0.004949 EXECUTED_MOVE=0.004845 ATTEMPT=1 SUCCESS=1 TERMINATED=1 TRUNCATED=0
DAY7_EPISODE=60 LEVEL=L3 VALID=46/50 TECHNICAL=False SUCCESS=True REASON=
DAY4_RESET_GRIPPER=OPEN ANGLE_RAD=1.570000 EFFORT_NM=1.200000
DAY4_RESET_GRIPPER=AFTER_INITIAL_MOVE ANGLE_RAD=1.570000 EFFORT_NM=1.200000
TRIAL=061 VISUAL_CENTER=[0.326368510723114, -0.014426612295210361, 0.026127886728016532] SURFACE=[0.326368510723114, -0.014426612295210361, 0.05112788672801653] CONTOUR_DEG=-0.32 AXIS_STD_DEG=0.21 FOOTPRINT=[0.05079353228211403, 0.05079353228211403] CONFIDENCE=0.9658
TRIAL=061 SELECTED_CONTOUR_ORIENTATION=+89.68deg TILT=29.7 LEAN=+1 SYMMETRY=1 IK_FK_POS_ERROR=0.000009m IK_FK_ORIENTATION_ERROR=0.000000rad FINGER_FK_LIFT=0.080000m FINGER_FK_DRIFT=0.000000m JOINT_MOTION=3.044491rad
DAY4_MOTION_DONE=1 ELAPSED_SIM=1.200 INITIAL_ERR=0.01574 FINAL_ERR=0.00044 ARM_V=0.00494
DAY4_STEP=1 EPISODE=061 STEP=01 DIST=0.020421 YAW_ERR_DEG=0.011 REQUESTED_MOVE=0.005001 EXECUTED_MOVE=0.004850 ATTEMPT=0 SUCCESS=0 TERMINATED=0 TRUNCATED=0
DAY4_MOTION_DONE=1 ELAPSED_SIM=1.200 INITIAL_ERR=0.01631 FINAL_ERR=0.00051 ARM_V=0.00564
DAY4_STEP=1 EPISODE=061 STEP=02 DIST=0.015610 YAW_ERR_DEG=0.017 REQUESTED_MOVE=0.004972 EXECUTED_MOVE=0.004812 ATTEMPT=0 SUCCESS=0 TERMINATED=0 TRUNCATED=0
DAY4_MOTION_DONE=1 ELAPSED_SIM=1.202 INITIAL_ERR=0.01661 FINAL_ERR=0.00046 ARM_V=0.00514
DAY4_STEP=1 EPISODE=061 STEP=03 DIST=0.010779 YAW_ERR_DEG=0.022 REQUESTED_MOVE=0.004961 EXECUTED_MOVE=0.004818 ATTEMPT=0 SUCCESS=0 TERMINATED=0 TRUNCATED=0
DAY4_MOTION_DONE=1 ELAPSED_SIM=1.200 INITIAL_ERR=0.01677 FINAL_ERR=0.00058 ARM_V=0.00642
DAY4_GRASP_ATTEMPT=1
TRIAL=061 PHASE=CLOSE_SEARCH
TRIAL=061 LEFT_CONTACT=0 RIGHT_CONTACT=0 STALL=0
TRIAL=061 LEFT_CONTACT=1 RIGHT_CONTACT=0 STALL=0
TRIAL=061 PHASE=WAIT_DUAL_CONTACT
TRIAL=061 PHASE=WAIT_STALL
TRIAL=061 LEFT_CONTACT=1 RIGHT_CONTACT=1 STALL=0 GRIPPER_ERROR=0.05642 VELOCITY=0.10000 CLOSURE_M=0.00063
TRIAL=061 LEFT_CONTACT=1 RIGHT_CONTACT=1 STALL=0 GRIPPER_ERROR=0.03854 VELOCITY=0.00386 CLOSURE_M=0.00113
TRIAL=061 LEFT_CONTACT=1 RIGHT_CONTACT=1 STALL=0 GRIPPER_ERROR=0.03465 VELOCITY=0.00717 CLOSURE_M=0.00124
TRIAL=061 LEFT_CONTACT=1 RIGHT_CONTACT=1 STALL=0 GRIPPER_ERROR=0.03095 VELOCITY=0.00407 CLOSURE_M=0.00134
TRIAL=061 LEFT_CONTACT=1 RIGHT_CONTACT=1 STALL=0 GRIPPER_ERROR=0.02708 VELOCITY=0.00446 CLOSURE_M=0.00146
TRIAL=061 PHASE=LIFT_80_MM
TRIAL=061 ACTUAL_LIFT_M=-0.00002 LEFT_CONTACT=1 RIGHT_CONTACT=1
TRIAL=061 ACTUAL_LIFT_M=0.02243 LEFT_CONTACT=1 RIGHT_CONTACT=1
TRIAL=061 ACTUAL_LIFT_M=0.05151 LEFT_CONTACT=1 RIGHT_CONTACT=1
TRIAL=061 PHASE=HOLD
TRIAL=061 HOLD_SIM_SEC=0.000 HOLD_WALL_SEC=0.000 ACTUAL_LIFT_M=0.06922 RELATIVE_SLIP_M=0.00000 LEFT_CONTACT=1 RIGHT_CONTACT=1
TRIAL=061 HOLD_SIM_SEC=0.838 HOLD_WALL_SEC=1.001 ACTUAL_LIFT_M=0.07441 RELATIVE_SLIP_M=0.00036 LEFT_CONTACT=1 RIGHT_CONTACT=1
TRIAL=061 HOLD_SIM_SEC=1.548 HOLD_WALL_SEC=2.001 ACTUAL_LIFT_M=0.07436 RELATIVE_SLIP_M=0.00036 LEFT_CONTACT=1 RIGHT_CONTACT=1
TRIAL=061 HOLD_SIM_SEC=2.400 HOLD_WALL_SEC=3.001 ACTUAL_LIFT_M=0.07428 RELATIVE_SLIP_M=0.00036 LEFT_CONTACT=1 RIGHT_CONTACT=1
TRIAL=061 HOLD_SIM_SEC=3.248 HOLD_WALL_SEC=4.002 ACTUAL_LIFT_M=0.07421 RELATIVE_SLIP_M=0.00036 LEFT_CONTACT=1 RIGHT_CONTACT=1
TRIAL=061 HOLD_SIM_SEC=4.106 HOLD_WALL_SEC=5.002 ACTUAL_LIFT_M=0.07416 RELATIVE_SLIP_M=0.00036 LEFT_CONTACT=1 RIGHT_CONTACT=1
TRIAL=061 HOLD_SIM_SEC=4.960 HOLD_WALL_SEC=6.002 ACTUAL_LIFT_M=0.07412 RELATIVE_SLIP_M=0.00036 LEFT_CONTACT=1 RIGHT_CONTACT=1
TRIAL=061 PHASE=PLACE_DOWN
TRIAL=061 PHASE=OPEN_GRIPPER
TRIAL=061 PHASE=RETREAT_PREGRASP
TRIAL=061 PHASE=GRASP_SUCCESS
TRIAL=061 DAY5_PLACE_RELEASE=PASS
DAY4_GRASP_RESULT=SUCCESS
DAY4_STEP=1 EPISODE=061 STEP=04 DIST=0.005986 YAW_ERR_DEG=0.025 REQUESTED_MOVE=0.004954 EXECUTED_MOVE=0.004779 ATTEMPT=1 SUCCESS=1 TERMINATED=1 TRUNCATED=0
DAY7_EPISODE=61 LEVEL=L3 VALID=47/50 TECHNICAL=False SUCCESS=True REASON=
DAY4_RESET_GRIPPER=OPEN ANGLE_RAD=1.570000 EFFORT_NM=1.200000
DAY4_RESET_GRIPPER=AFTER_INITIAL_MOVE ANGLE_RAD=1.570000 EFFORT_NM=1.200000
TRIAL=062 VISUAL_CENTER=[0.2817491739988327, -0.02975381910800934, 0.018811340235119607] SURFACE=[0.2817491739988327, -0.02975381910800934, 0.04381134023511961] CONTOUR_DEG=-1.26 AXIS_STD_DEG=0.21 FOOTPRINT=[0.04994688183069229, 0.04994688183069229] CONFIDENCE=0.9236
TRIAL=062 SELECTED_CONTOUR_ORIENTATION=+88.74deg TILT=8.6 LEAN=+1 SYMMETRY=1 IK_FK_POS_ERROR=0.000005m IK_FK_ORIENTATION_ERROR=0.000000rad FINGER_FK_LIFT=0.080000m FINGER_FK_DRIFT=0.000000m JOINT_MOTION=3.034187rad
DAY4_MOTION_DONE=1 ELAPSED_SIM=1.200 INITIAL_ERR=0.01794 FINAL_ERR=0.00027 ARM_V=0.00299
DAY4_STEP=1 EPISODE=062 STEP=01 DIST=0.020143 YAW_ERR_DEG=0.009 REQUESTED_MOVE=0.004999 EXECUTED_MOVE=0.004921 ATTEMPT=0 SUCCESS=0 TERMINATED=0 TRUNCATED=0
DAY4_MOTION_DONE=1 ELAPSED_SIM=1.200 INITIAL_ERR=0.01809 FINAL_ERR=0.00024 ARM_V=0.00271
DAY4_STEP=1 EPISODE=062 STEP=02 DIST=0.015246 YAW_ERR_DEG=0.018 REQUESTED_MOVE=0.004967 EXECUTED_MOVE=0.004899 ATTEMPT=0 SUCCESS=0 TERMINATED=0 TRUNCATED=0
DAY4_MOTION_DONE=1 ELAPSED_SIM=1.200 INITIAL_ERR=0.01811 FINAL_ERR=0.00027 ARM_V=0.00302
DAY4_STEP=1 EPISODE=062 STEP=03 DIST=0.010369 YAW_ERR_DEG=0.024 REQUESTED_MOVE=0.004954 EXECUTED_MOVE=0.004879 ATTEMPT=0 SUCCESS=0 TERMINATED=0 TRUNCATED=0
DAY4_MOTION_DONE=1 ELAPSED_SIM=1.200 INITIAL_ERR=0.01812 FINAL_ERR=0.00024 ARM_V=0.00272
DAY4_GRASP_ATTEMPT=1
TRIAL=062 PHASE=CLOSE_SEARCH
TRIAL=062 LEFT_CONTACT=0 RIGHT_CONTACT=0 STALL=0
TRIAL=062 LEFT_CONTACT=1 RIGHT_CONTACT=0 STALL=0
TRIAL=062 PHASE=WAIT_DUAL_CONTACT
TRIAL=062 PHASE=WAIT_STALL
TRIAL=062 LEFT_CONTACT=1 RIGHT_CONTACT=1 STALL=0 GRIPPER_ERROR=0.06867 VELOCITY=0.04241 CLOSURE_M=0.00032
TRIAL=062 LEFT_CONTACT=1 RIGHT_CONTACT=1 STALL=0 GRIPPER_ERROR=0.04424 VELOCITY=0.01370 CLOSURE_M=0.00104
TRIAL=062 LEFT_CONTACT=1 RIGHT_CONTACT=1 STALL=0 GRIPPER_ERROR=0.03628 VELOCITY=0.00714 CLOSURE_M=0.00129
TRIAL=062 LEFT_CONTACT=1 RIGHT_CONTACT=1 STALL=0 GRIPPER_ERROR=0.03114 VELOCITY=0.00518 CLOSURE_M=0.00144
TRIAL=062 PHASE=LIFT_80_MM
TRIAL=062 ACTUAL_LIFT_M=-0.00002 LEFT_CONTACT=1 RIGHT_CONTACT=1
TRIAL=062 ACTUAL_LIFT_M=0.02476 LEFT_CONTACT=1 RIGHT_CONTACT=1
TRIAL=062 ACTUAL_LIFT_M=0.05258 LEFT_CONTACT=1 RIGHT_CONTACT=1
TRIAL=062 PHASE=HOLD
TRIAL=062 HOLD_SIM_SEC=0.000 HOLD_WALL_SEC=0.000 ACTUAL_LIFT_M=0.07166 RELATIVE_SLIP_M=0.00000 LEFT_CONTACT=1 RIGHT_CONTACT=1
TRIAL=062 HOLD_SIM_SEC=0.830 HOLD_WALL_SEC=1.001 ACTUAL_LIFT_M=0.07459 RELATIVE_SLIP_M=0.00000 LEFT_CONTACT=1 RIGHT_CONTACT=1
TRIAL=062 HOLD_SIM_SEC=1.670 HOLD_WALL_SEC=2.001 ACTUAL_LIFT_M=0.07451 RELATIVE_SLIP_M=0.00000 LEFT_CONTACT=1 RIGHT_CONTACT=1
TRIAL=062 HOLD_SIM_SEC=2.510 HOLD_WALL_SEC=3.001 ACTUAL_LIFT_M=0.07443 RELATIVE_SLIP_M=0.00000 LEFT_CONTACT=1 RIGHT_CONTACT=1
TRIAL=062 HOLD_SIM_SEC=3.350 HOLD_WALL_SEC=4.001 ACTUAL_LIFT_M=0.07436 RELATIVE_SLIP_M=0.00000 LEFT_CONTACT=1 RIGHT_CONTACT=1
TRIAL=062 HOLD_SIM_SEC=4.196 HOLD_WALL_SEC=5.001 ACTUAL_LIFT_M=0.07431 RELATIVE_SLIP_M=0.00000 LEFT_CONTACT=1 RIGHT_CONTACT=1
TRIAL=062 PHASE=PLACE_DOWN
TRIAL=062 PHASE=OPEN_GRIPPER
TRIAL=062 PHASE=RETREAT_PREGRASP
TRIAL=062 PHASE=GRASP_SUCCESS
TRIAL=062 DAY5_PLACE_RELEASE=PASS
DAY4_GRASP_RESULT=SUCCESS
DAY4_STEP=1 EPISODE=062 STEP=04 DIST=0.005495 YAW_ERR_DEG=0.029 REQUESTED_MOVE=0.004945 EXECUTED_MOVE=0.004877 ATTEMPT=1 SUCCESS=1 TERMINATED=1 TRUNCATED=0
DAY7_EPISODE=62 LEVEL=L3 VALID=48/50 TECHNICAL=False SUCCESS=True REASON=
DAY4_RESET_GRIPPER=OPEN ANGLE_RAD=1.570000 EFFORT_NM=1.200000
DAY4_RESET_GRIPPER=AFTER_INITIAL_MOVE ANGLE_RAD=1.570000 EFFORT_NM=1.200000
TRIAL=063 VISUAL_CENTER=[0.3110071122646332, 0.000842805951833725, 0.02813477882747962] SURFACE=[0.3110071122646332, 0.000842805951833725, 0.05313477882747962] CONTOUR_DEG=0.16 AXIS_STD_DEG=0.20 FOOTPRINT=[0.05010508932173252, 0.05010508932173252] CONFIDENCE=0.9615
TRIAL=063 SELECTED_CONTOUR_ORIENTATION=+90.16deg TILT=22.2 LEAN=+1 SYMMETRY=1 IK_FK_POS_ERROR=0.000000m IK_FK_ORIENTATION_ERROR=0.000000rad FINGER_FK_LIFT=0.080000m FINGER_FK_DRIFT=0.000000m JOINT_MOTION=3.150374rad
DAY4_MOTION_DONE=1 ELAPSED_SIM=1.200 INITIAL_ERR=0.01641 FINAL_ERR=0.00042 ARM_V=0.00464
DAY4_STEP=1 EPISODE=063 STEP=01 DIST=0.020345 YAW_ERR_DEG=0.007 REQUESTED_MOVE=0.005000 EXECUTED_MOVE=0.004866 ATTEMPT=0 SUCCESS=0 TERMINATED=0 TRUNCATED=0
DAY4_MOTION_DONE=1 ELAPSED_SIM=1.200 INITIAL_ERR=0.01674 FINAL_ERR=0.00038 ARM_V=0.00424
DAY4_STEP=1 EPISODE=063 STEP=02 DIST=0.015481 YAW_ERR_DEG=0.014 REQUESTED_MOVE=0.004971 EXECUTED_MOVE=0.004854 ATTEMPT=0 SUCCESS=0 TERMINATED=0 TRUNCATED=0
DAY4_MOTION_DONE=1 ELAPSED_SIM=1.200 INITIAL_ERR=0.01698 FINAL_ERR=0.00035 ARM_V=0.00387
DAY4_STEP=1 EPISODE=063 STEP=03 DIST=0.010629 YAW_ERR_DEG=0.020 REQUESTED_MOVE=0.004959 EXECUTED_MOVE=0.004854 ATTEMPT=0 SUCCESS=0 TERMINATED=0 TRUNCATED=0
DAY4_MOTION_DONE=1 ELAPSED_SIM=1.200 INITIAL_ERR=0.01707 FINAL_ERR=0.00028 ARM_V=0.00315
DAY4_GRASP_ATTEMPT=1
TRIAL=063 PHASE=CLOSE_SEARCH
TRIAL=063 LEFT_CONTACT=0 RIGHT_CONTACT=0 STALL=0
TRIAL=063 LEFT_CONTACT=0 RIGHT_CONTACT=1 STALL=0
TRIAL=063 PHASE=WAIT_DUAL_CONTACT
TRIAL=063 PHASE=WAIT_STALL
TRIAL=063 LEFT_CONTACT=1 RIGHT_CONTACT=1 STALL=0 GRIPPER_ERROR=0.06814 VELOCITY=0.11092 CLOSURE_M=0.00034
TRIAL=063 LEFT_CONTACT=1 RIGHT_CONTACT=1 STALL=0 GRIPPER_ERROR=0.04708 VELOCITY=0.00992 CLOSURE_M=0.00097
TRIAL=063 LEFT_CONTACT=1 RIGHT_CONTACT=1 STALL=0 GRIPPER_ERROR=0.03940 VELOCITY=0.00671 CLOSURE_M=0.00120
TRIAL=063 LEFT_CONTACT=1 RIGHT_CONTACT=1 STALL=0 GRIPPER_ERROR=0.03455 VELOCITY=0.00506 CLOSURE_M=0.00135
TRIAL=063 LEFT_CONTACT=1 RIGHT_CONTACT=1 STALL=0 GRIPPER_ERROR=0.03064 VELOCITY=0.00454 CLOSURE_M=0.00147
TRIAL=063 PHASE=LIFT_80_MM
TRIAL=063 ACTUAL_LIFT_M=-0.00001 LEFT_CONTACT=1 RIGHT_CONTACT=1
TRIAL=063 ACTUAL_LIFT_M=0.02511 LEFT_CONTACT=1 RIGHT_CONTACT=1
TRIAL=063 ACTUAL_LIFT_M=0.05450 LEFT_CONTACT=1 RIGHT_CONTACT=1
TRIAL=063 PHASE=HOLD
TRIAL=063 HOLD_SIM_SEC=0.000 HOLD_WALL_SEC=0.001 ACTUAL_LIFT_M=0.07174 RELATIVE_SLIP_M=0.00000 LEFT_CONTACT=1 RIGHT_CONTACT=1
TRIAL=063 HOLD_SIM_SEC=0.802 HOLD_WALL_SEC=1.001 ACTUAL_LIFT_M=0.07515 RELATIVE_SLIP_M=0.00000 LEFT_CONTACT=1 RIGHT_CONTACT=1
TRIAL=063 HOLD_SIM_SEC=1.682 HOLD_WALL_SEC=2.001 ACTUAL_LIFT_M=0.07510 RELATIVE_SLIP_M=0.00000 LEFT_CONTACT=1 RIGHT_CONTACT=1
TRIAL=063 HOLD_SIM_SEC=2.544 HOLD_WALL_SEC=3.001 ACTUAL_LIFT_M=0.07503 RELATIVE_SLIP_M=0.00000 LEFT_CONTACT=1 RIGHT_CONTACT=1
TRIAL=063 HOLD_SIM_SEC=3.420 HOLD_WALL_SEC=4.001 ACTUAL_LIFT_M=0.07496 RELATIVE_SLIP_M=0.00000 LEFT_CONTACT=1 RIGHT_CONTACT=1
TRIAL=063 HOLD_SIM_SEC=4.308 HOLD_WALL_SEC=5.002 ACTUAL_LIFT_M=0.07489 RELATIVE_SLIP_M=0.00000 LEFT_CONTACT=1 RIGHT_CONTACT=1
TRIAL=063 PHASE=PLACE_DOWN
TRIAL=063 PHASE=OPEN_GRIPPER
TRIAL=063 PHASE=RETREAT_PREGRASP
TRIAL=063 PHASE=GRASP_SUCCESS
TRIAL=063 DAY5_PLACE_RELEASE=PASS
DAY4_GRASP_RESULT=SUCCESS
DAY4_STEP=1 EPISODE=063 STEP=04 DIST=0.005767 YAW_ERR_DEG=0.023 REQUESTED_MOVE=0.004951 EXECUTED_MOVE=0.004865 ATTEMPT=1 SUCCESS=1 TERMINATED=1 TRUNCATED=0
DAY7_EPISODE=63 LEVEL=L3 VALID=49/50 TECHNICAL=False SUCCESS=True REASON=
DAY4_RESET_GRIPPER=OPEN ANGLE_RAD=1.570000 EFFORT_NM=1.200000
DAY4_RESET_GRIPPER=AFTER_INITIAL_MOVE ANGLE_RAD=1.570000 EFFORT_NM=1.200000
TRIAL=064 VISUAL_CENTER=[0.28734198212623596, -0.02639630436897278, 0.026708865068112875] SURFACE=[0.28734198212623596, -0.02639630436897278, 0.051708865068112876] CONTOUR_DEG=-1.58 AXIS_STD_DEG=0.20 FOOTPRINT=[0.049825021997094154, 0.049825021997094154] CONFIDENCE=0.9391
TRIAL=064 SELECTED_CONTOUR_ORIENTATION=+88.42deg TILT=11.7 LEAN=+1 SYMMETRY=1 IK_FK_POS_ERROR=0.000005m IK_FK_ORIENTATION_ERROR=0.000000rad FINGER_FK_LIFT=0.080000m FINGER_FK_DRIFT=0.000000m JOINT_MOTION=2.998504rad
DAY4_MOTION_DONE=1 ELAPSED_SIM=1.200 INITIAL_ERR=0.01747 FINAL_ERR=0.00044 ARM_V=0.00493
DAY4_STEP=1 EPISODE=064 STEP=01 DIST=0.020240 YAW_ERR_DEG=0.009 REQUESTED_MOVE=0.005010 EXECUTED_MOVE=0.004878 ATTEMPT=0 SUCCESS=0 TERMINATED=0 TRUNCATED=0
DAY4_MOTION_DONE=1 ELAPSED_SIM=1.200 INITIAL_ERR=0.01776 FINAL_ERR=0.00040 ARM_V=0.00448
DAY4_STEP=1 EPISODE=064 STEP=02 DIST=0.015388 YAW_ERR_DEG=0.017 REQUESTED_MOVE=0.004967 EXECUTED_MOVE=0.004853 ATTEMPT=0 SUCCESS=0 TERMINATED=0 TRUNCATED=0
DAY4_MOTION_DONE=1 ELAPSED_SIM=1.200 INITIAL_ERR=0.01786 FINAL_ERR=0.00041 ARM_V=0.00450
DAY4_STEP=1 EPISODE=064 STEP=03 DIST=0.010549 YAW_ERR_DEG=0.022 REQUESTED_MOVE=0.004954 EXECUTED_MOVE=0.004841 ATTEMPT=0 SUCCESS=0 TERMINATED=0 TRUNCATED=0
DAY4_MOTION_DONE=1 ELAPSED_SIM=1.200 INITIAL_ERR=0.01788 FINAL_ERR=0.00037 ARM_V=0.00406
DAY4_GRASP_ATTEMPT=1
TRIAL=064 PHASE=CLOSE_SEARCH
TRIAL=064 LEFT_CONTACT=0 RIGHT_CONTACT=0 STALL=0
TRIAL=064 LEFT_CONTACT=1 RIGHT_CONTACT=0 STALL=0
TRIAL=064 PHASE=WAIT_DUAL_CONTACT
TRIAL=064 PHASE=WAIT_STALL
TRIAL=064 LEFT_CONTACT=1 RIGHT_CONTACT=1 STALL=0 GRIPPER_ERROR=0.05845 VELOCITY=0.13350 CLOSURE_M=0.00061
TRIAL=064 LEFT_CONTACT=1 RIGHT_CONTACT=1 STALL=0 GRIPPER_ERROR=0.03848 VELOCITY=0.00170 CLOSURE_M=0.00120
TRIAL=064 LEFT_CONTACT=1 RIGHT_CONTACT=1 STALL=0 GRIPPER_ERROR=0.03380 VELOCITY=0.00526 CLOSURE_M=0.00134
TRIAL=064 LEFT_CONTACT=1 RIGHT_CONTACT=1 STALL=0 GRIPPER_ERROR=0.02976 VELOCITY=0.00451 CLOSURE_M=0.00147
TRIAL=064 PHASE=LIFT_80_MM
TRIAL=064 ACTUAL_LIFT_M=-0.00012 LEFT_CONTACT=1 RIGHT_CONTACT=1
TRIAL=064 ACTUAL_LIFT_M=0.02449 LEFT_CONTACT=1 RIGHT_CONTACT=1
TRIAL=064 ACTUAL_LIFT_M=0.05458 LEFT_CONTACT=1 RIGHT_CONTACT=1
TRIAL=064 PHASE=HOLD
TRIAL=064 HOLD_SIM_SEC=0.000 HOLD_WALL_SEC=0.000 ACTUAL_LIFT_M=0.07247 RELATIVE_SLIP_M=0.00000 LEFT_CONTACT=1 RIGHT_CONTACT=1
TRIAL=064 HOLD_SIM_SEC=0.804 HOLD_WALL_SEC=1.001 ACTUAL_LIFT_M=0.07509 RELATIVE_SLIP_M=0.00025 LEFT_CONTACT=1 RIGHT_CONTACT=1
TRIAL=064 HOLD_SIM_SEC=1.674 HOLD_WALL_SEC=2.001 ACTUAL_LIFT_M=0.07501 RELATIVE_SLIP_M=0.00025 LEFT_CONTACT=1 RIGHT_CONTACT=1
TRIAL=064 HOLD_SIM_SEC=2.562 HOLD_WALL_SEC=3.001 ACTUAL_LIFT_M=0.07492 RELATIVE_SLIP_M=0.00025 LEFT_CONTACT=1 RIGHT_CONTACT=1
TRIAL=064 HOLD_SIM_SEC=3.452 HOLD_WALL_SEC=4.001 ACTUAL_LIFT_M=0.07484 RELATIVE_SLIP_M=0.00025 LEFT_CONTACT=1 RIGHT_CONTACT=1
TRIAL=064 HOLD_SIM_SEC=4.346 HOLD_WALL_SEC=5.002 ACTUAL_LIFT_M=0.07478 RELATIVE_SLIP_M=0.00025 LEFT_CONTACT=1 RIGHT_CONTACT=1
TRIAL=064 PHASE=PLACE_DOWN
TRIAL=064 PHASE=OPEN_GRIPPER
TRIAL=064 PHASE=RETREAT_PREGRASP
TRIAL=064 PHASE=GRASP_SUCCESS
TRIAL=064 DAY5_PLACE_RELEASE=PASS
DAY4_GRASP_RESULT=SUCCESS
DAY4_STEP=1 EPISODE=064 STEP=04 DIST=0.005708 YAW_ERR_DEG=0.026 REQUESTED_MOVE=0.004946 EXECUTED_MOVE=0.004844 ATTEMPT=1 SUCCESS=1 TERMINATED=1 TRUNCATED=0
DAY7_EPISODE=64 LEVEL=L3 VALID=50/50 TECHNICAL=False SUCCESS=True REASON=
